time,seconds_elapsed,z,y,x
1749220354642287600,0.01428759765625,-0.863739013671875,-0.195343017578125,0.18890380859375
1749220354652277800,0.02427783203125,-0.9395904541015625,-0.3436737060546875,0.0563507080078125
1749220354662268700,0.0342685546875,-0.908477783203125,-0.5068359375,-0.0165252685546875
1749220354672259600,0.044259521484375,-0.8498992919921875,-0.5703125,-0.0779876708984375
1749220354682250800,0.054250732421875,-0.819244384765625,-0.60076904296875,-0.044403076171875
1749220354692240600,0.06424072265625,-0.764495849609375,-0.5857391357421875,0.0033111572265625
1749220354702231600,0.0742314453125,-0.6915435791015625,-0.524017333984375,0.0102691650390625
1749220354712222500,0.084222412109375,-0.6235809326171875,-0.2645416259765625,0.0255889892578125
1749220354722213600,0.094213623046875,-0.5780181884765625,-0.2360076904296875,-0.108856201171875
1749220354732203800,0.104203857421875,-0.5713958740234375,-0.377197265625,-0.14105224609375
1749220354742194700,0.114194580078125,-0.6162261962890625,-0.5018463134765625,-0.0511322021484375
1749220354752185600,0.124185546875,-0.647003173828125,-0.5737457275390625,0.0539398193359375
1749220354762176500,0.134176513671875,-0.6317901611328125,-0.603179931640625,0.1090240478515625
1749220354772166700,0.144166748046875,-0.7068023681640625,-0.652862548828125,0.1179962158203125
1749220354782157600,0.154157470703125,-0.928741455078125,-0.7543792724609375,0.09820556640625
1749220354792148500,0.1641484375,-0.9629364013671875,-0.788787841796875,0.032684326171875
1749220354802139600,0.1741396484375,-0.73468017578125,-0.644287109375,0.0002593994140625
1749220354812129800,0.1841298828125,-0.6874237060546875,-0.59661865234375,0.0306243896484375
1749220354822120700,0.19412060546875,-0.6688385009765625,-0.6436614990234375,0.0603485107421875
1749220354832111600,0.204111572265625,-0.6605224609375,-0.6791534423828125,-0.0045013427734375
1749220354842102500,0.2141025390625,-0.758148193359375,-0.7666168212890625,-0.10333251953125
1749220354852092700,0.2240927734375,-0.8484649658203125,-0.7799530029296875,0.0045166015625
1749220354862083600,0.23408349609375,-0.8259429931640625,-0.6842498779296875,0.1768646240234375
1749220354872074500,0.244074462890625,-0.7622833251953125,-0.576019287109375,0.334228515625
1749220354882065400,0.2540654296875,-0.7765960693359375,-0.5712890625,0.2857818603515625
1749220354892055800,0.264055908203125,-0.8514404296875,-0.6133880615234375,0.1265106201171875
1749220354902046700,0.274046630859375,-0.8739166259765625,-0.5350799560546875,0.14569091796875
1749220354912037600,0.28403759765625,-0.830474853515625,-0.4481201171875,0.1951751708984375
1749220354922028500,0.294028564453125,-0.868743896484375,-0.4855499267578125,0.1814422607421875
1749220354932018400,0.304018310546875,-0.956024169921875,-0.626953125,0.2356414794921875
1749220354942009600,0.314009521484375,-1.0301055908203125,-0.68499755859375,0.2706146240234375
1749220354952000500,0.32400048828125,-0.9461212158203125,-0.5884246826171875,0.3184051513671875
1749220354961991400,0.333991455078125,-0.827392578125,-0.4988861083984375,0.305999755859375
1749220354971982600,0.343982666015625,-0.7415313720703125,-0.4711151123046875,0.2877655029296875
1749220354981972700,0.35397265625,-0.7829437255859375,-0.511505126953125,0.2992095947265625
1749220354991963600,0.363963623046875,-0.9466094970703125,-0.5755462646484375,0.3122711181640625
1749220355001954600,0.37395458984375,-0.9960174560546875,-0.6117706298828125,0.417388916015625
1749220355011944400,0.3839443359375,-0.923309326171875,-0.5535125732421875,0.506103515625
1749220355021935600,0.393935546875,-0.8422393798828125,-0.468902587890625,0.5007781982421875
1749220355031926500,0.403926513671875,-0.7954864501953125,-0.4420623779296875,0.4708404541015625
1749220355041917400,0.41391748046875,-0.809234619140625,-0.4271697998046875,0.473907470703125
1749220355051907600,0.423907470703125,-0.779022216796875,-0.4373931884765625,0.489654541015625
1749220355061898800,0.433898681640625,-0.837158203125,-0.50567626953125,0.3763580322265625
1749220355071889700,0.4438896484375,-0.98480224609375,-0.47607421875,0.4991455078125
1749220355081880600,0.453880615234375,-0.83843994140625,-0.530853271484375,0.470458984375
1749220355091870500,0.463870361328125,-0.85589599609375,-0.571258544921875,0.48516845703125
1749220355101861600,0.473861572265625,-0.7205352783203125,-0.4185028076171875,0.5319366455078125
1749220355111852500,0.4838525390625,-0.517120361328125,-0.430572509765625,0.4362640380859375
1749220355121843500,0.493843505859375,-0.7184906005859375,-0.4447784423828125,0.6644287109375
1749220355131834600,0.503834716796875,-0.6615753173828125,-0.4492645263671875,0.676239013671875
1749220355141824800,0.51382470703125,-0.7364959716796875,-0.5312652587890625,0.600921630859375
1749220355151815700,0.523815673828125,-0.7467498779296875,-0.526092529296875,0.5995941162109375
1749220355161806600,0.533806640625,-0.6626434326171875,-0.53460693359375,0.6605682373046875
1749220355171796500,0.54379638671875,-0.0675201416015625,-0.436798095703125,0.62237548828125
1749220355181787600,0.55378759765625,-0.4333953857421875,-0.785736083984375,0.473785400390625
1749220355191778600,0.563778564453125,-0.5713653564453125,-0.785308837890625,0.8714752197265625
1749220355201769500,0.57376953125,-0.4646148681640625,-0.4943695068359375,0.9398345947265625
1749220355211759600,0.583759521484375,-0.3395843505859375,-0.2839813232421875,0.6497802734375
1749220355221750800,0.593750732421875,-0.2940521240234375,-0.3719635009765625,0.2871551513671875
1749220355231741700,0.60374169921875,-0.30841064453125,-0.5508270263671875,0.215911865234375
1749220355241732600,0.613732666015625,-0.405059814453125,-0.5419464111328125,0.3302764892578125
1749220355251722500,0.623722412109375,-0.38946533203125,-0.5021514892578125,0.341644287109375
1749220355261713700,0.633713623046875,-0.3539276123046875,-0.5680084228515625,0.3651123046875
1749220355271704600,0.64370458984375,-0.4286346435546875,-0.731475830078125,0.4497833251953125
1749220355281695500,0.653695556640625,-0.6788177490234375,-0.891754150390625,0.565032958984375
1749220355291685600,0.663685546875,-0.7971649169921875,-0.9576263427734375,0.6270751953125
1749220355301676800,0.6736767578125,-0.5843048095703125,-0.9587554931640625,0.6132965087890625
1749220355311670800,0.6836708984375,-0.29931640625,-1.0176544189453125,0.6558837890625
1749220355321661700,0.69366162109375,-0.23699951171875,-0.9688262939453125,0.65606689453125
1749220355331651600,0.703651611328125,-0.2864532470703125,-0.812225341796875,0.5157623291015625
1749220355341642500,0.713642578125,-0.0729827880859375,-0.5411224365234375,0.047271728515625
1749220355351633700,0.723633544921875,-0.256011962890625,-0.576934814453125,-0.123565673828125
1749220355361624800,0.733624755859375,-0.4132843017578125,-0.840606689453125,0.01251220703125
1749220355371614700,0.74361474609375,-0.2501678466796875,-1.0211944580078125,0.3830718994140625
1749220355381605600,0.753605712890625,-0.0510711669921875,-1.06011962890625,0.704620361328125
1749220355391596500,0.763596435546875,0.058990478515625,-0.9384307861328125,0.5852203369140625
1749220355401587700,0.773587646484375,-0.170166015625,-0.8460845947265625,0.407073974609375
1749220355411577600,0.78357763671875,-0.201904296875,-0.8001556396484375,0.31329345703125
1749220355421568500,0.793568603515625,-0.27764892578125,-0.781280517578125,0.160003662109375
1749220355431559700,0.8035595703125,-0.3309326171875,-0.8534393310546875,0.180633544921875
1749220355441550800,0.81355078125,-0.283111572265625,-0.9379425048828125,0.2375335693359375
1749220355451540700,0.823540771484375,-0.199249267578125,-0.9831085205078125,0.3394775390625
1749220355461531600,0.83353173828125,-0.0534210205078125,-0.974365234375,0.5112762451171875
1749220355471522600,0.8435224609375,-0.020050048828125,-0.958648681640625,0.7729339599609375
1749220355481513700,0.853513671875,0.050750732421875,-0.991668701171875,0.9104766845703125
1749220355491503600,0.863503662109375,0.0548095703125,-1.009796142578125,0.913543701171875
1749220355501494500,0.87349462890625,0.0566864013671875,-0.90643310546875,0.8582305908203125
1749220355511485700,0.883485595703125,-0.0666961669921875,-0.9539642333984375,0.70989990234375
1749220355521476900,0.893476806640625,-0.1232147216796875,-1.01397705078125,0.55841064453125
1749220355531467800,0.9034677734375,-0.1247100830078125,-0.965667724609375,0.547454833984375
1749220355541457700,0.913457763671875,-0.2645721435546875,-0.9646453857421875,0.3643798828125
1749220355551448600,0.923448486328125,0.0076446533203125,-0.731170654296875,0.293304443359375
1749220355561439700,0.933439697265625,-0.2795257568359375,-0.6953582763671875,0.3398284912109375
1749220355571429600,0.9434296875,-0.5096435546875,-1.066162109375,0.431915283203125
1749220355581420500,0.953420654296875,-0.4737396240234375,-1.294921875,0.441619873046875
1749220355591411700,0.96341162109375,-0.1579132080078125,-1.3766326904296875,0.509521484375
1749220355601403000,0.97340283203125,0.070159912109375,-1.137725830078125,0.5628509521484375
1749220355611393800,0.983393798828125,-0.133026123046875,-0.988677978515625,0.5956268310546875
1749220355621383700,0.9933837890625,-0.089385986328125,-0.94317626953125,0.580841064453125
1749220355631374600,1.00337451171875,0.0462493896484375,-0.926300048828125,0.5207977294921875
1749220355641365800,1.01336572265625,0.164642333984375,-0.89508056640625,0.506591796875
1749220355651356700,1.023356689453125,0.2935638427734375,-0.8751068115234375,0.483612060546875
1749220355661346600,1.0333466796875,0.327911376953125,-0.811187744140625,0.45050048828125
1749220355671337700,1.043337646484375,0.24285888671875,-0.64154052734375,0.36163330078125
1749220355681329000,1.053328857421875,0.10479736328125,-0.6390228271484375,0.109466552734375
1749220355691319800,1.06331982421875,0.0595703125,-0.7765655517578125,0.0893096923828125
1749220355701309700,1.073309814453125,0.07220458984375,-0.8518524169921875,0.1134490966796875
1749220355711300600,1.083300537109375,0.0294952392578125,-0.9126434326171875,0.15081787109375
1749220355721291800,1.093291748046875,-0.233673095703125,-0.9232940673828125,0.3592529296875
1749220355731282700,1.10328271484375,-0.68817138671875,-0.9311065673828125,0.4969329833984375
1749220355741272600,1.1132724609375,0.1472930908203125,-0.95025634765625,-0.005828857421875
1749220355751263700,1.123263671875,0.100677490234375,-1.1137542724609375,-0.410797119140625
1749220355761255000,1.1332548828125,-0.0625152587890625,-1.0648956298828125,-0.422271728515625
1749220355771245800,1.143245849609375,0.000213623046875,-1.0049591064453125,-0.333770751953125
1749220355781235700,1.153235595703125,0.04998779296875,-0.9242706298828125,-0.1010894775390625
1749220355791226600,1.1632265625,0.0997161865234375,-0.8775787353515625,0.1595458984375
1749220355801217500,1.173217529296875,0.1454315185546875,-0.828582763671875,0.322845458984375
1749220355811208700,1.183208740234375,0.1934661865234375,-0.7815093994140625,0.4260101318359375
1749220355821198600,1.193198486328125,0.208953857421875,-0.881927490234375,0.5163116455078125
1749220355831189800,1.203189697265625,0.2855682373046875,-1.076080322265625,0.548187255859375
1749220355841180700,1.2131806640625,0.102081298828125,-1.2701568603515625,0.59588623046875
1749220355851171800,1.223171875,0.2454833984375,-1.2467498779296875,0.5542144775390625
1749220355861161700,1.23316162109375,0.0799560546875,-1.068389892578125,0.4792022705078125
1749220355871152600,1.243152587890625,-0.040618896484375,-1.06451416015625,0.4749603271484375
1749220355881143600,1.2531435546875,0.0647125244140625,-1.1500244140625,0.5589447021484375
1749220355891134700,1.263134765625,0.155426025390625,-1.08050537109375,0.5662078857421875
1749220355901124600,1.27312451171875,0.127105712890625,-0.9550323486328125,0.4874725341796875
1749220355911115500,1.283115478515625,0.0314788818359375,-0.9383697509765625,0.3821868896484375
1749220355921106700,1.293106689453125,0.0439453125,-0.948577880859375,0.277557373046875
1749220355931097900,1.303097900390625,0.03759765625,-0.951873779296875,0.163970947265625
1749220355941087700,1.313087646484375,-0.0174713134765625,-0.7093658447265625,-0.0252227783203125
1749220355951078700,1.32307861328125,-0.084442138671875,-0.664031982421875,0.0345001220703125
1749220355961069600,1.333069580078125,0.0018157958984375,-0.7492218017578125,0.04071044921875
1749220355971060700,1.343060791015625,-0.101806640625,-0.9760284423828125,-0.0453033447265625
1749220355981050600,1.353050537109375,-0.0088958740234375,-1.293212890625,-0.121124267578125
1749220355991041500,1.36304150390625,0.0675811767578125,-1.3596954345703125,-0.36383056640625
1749220356001032700,1.37303271484375,-0.06195068359375,-1.123443603515625,-0.3989105224609375
1749220356011024000,1.38302392578125,-0.064788818359375,-0.853179931640625,-0.088623046875
1749220356021013800,1.393013671875,-0.0650177001953125,-0.7675323486328125,0.089813232421875
1749220356031004700,1.403004638671875,-0.03533935546875,-0.930328369140625,0.1026611328125
1749220356040995600,1.41299560546875,0.1777191162109375,-1.0346527099609375,0.0442047119140625
1749220356050986800,1.42298681640625,0.0691375732421875,-0.9397735595703125,0.0324249267578125
1749220356060976600,1.4329765625,-0.16754150390625,-0.8754119873046875,0.0645751953125
1749220356070967600,1.442967529296875,-0.107269287109375,-0.94940185546875,0.083953857421875
1749220356080958700,1.452958740234375,-0.058349609375,-1.0988616943359375,0.1347503662109375
1749220356090950000,1.462949951171875,-0.038818359375,-1.116424560546875,0.1865081787109375
1749220356100939800,1.472939697265625,-0.039093017578125,-1.1013336181640625,0.1942138671875
1749220356110930700,1.4829306640625,-0.0177764892578125,-1.0014495849609375,0.1344757080078125
1749220356120921600,1.492921630859375,-0.07574462890625,-0.82012939453125,0.0908966064453125
1749220356130912800,1.502912841796875,-0.1101531982421875,-0.8037567138671875,0.0506744384765625
1749220356140902700,1.512902587890625,-0.058135986328125,-0.9653167724609375,0.02618408203125
1749220356150893600,1.5228935546875,0.08856201171875,-1.175201416015625,0.029998779296875
1749220356160884700,1.532884765625,-0.016876220703125,-1.03192138671875,0.05938720703125
1749220356170876000,1.5428759765625,-0.111968994140625,-0.85430908203125,0.065948486328125
1749220356180865800,1.55286572265625,-0.0735931396484375,-0.8584442138671875,0.0706634521484375
1749220356190856700,1.562856689453125,-0.0225677490234375,-0.8641204833984375,0.08795166015625
1749220356200847600,1.57284765625,-0.025848388671875,-0.8861083984375,0.089630126953125
1749220356210838500,1.582838623046875,-0.03662109375,-0.92535400390625,0.1173095703125
1749220356220828700,1.59282861328125,-0.018035888671875,-1.017242431640625,0.20135498046875
1749220356230819600,1.602819580078125,-0.0277099609375,-1.124786376953125,0.1797332763671875
1749220356240810800,1.612810791015625,-0.0500946044921875,-1.160614013671875,0.1226806640625
1749220356250801700,1.6228017578125,-0.0605926513671875,-1.112457275390625,0.1301116943359375
1749220356260791800,1.632791748046875,-0.1024627685546875,-1.028228759765625,0.16168212890625
1749220356270782700,1.64278271484375,-0.113067626953125,-0.9861602783203125,0.181365966796875
1749220356280773600,1.652773681640625,-0.0329132080078125,-0.886505126953125,0.12408447265625
1749220356290764500,1.6627646484375,-0.1031036376953125,-0.99761962890625,0.1898345947265625
1749220356300755700,1.672755615234375,-0.08050537109375,-1.1209564208984375,0.209381103515625
1749220356310742000,1.682741943359375,-0.0063323974609375,-1.0975799560546875,0.156402587890625
1749220356320733200,1.692733154296875,-0.0479278564453125,-1.016876220703125,0.059295654296875
1749220356330724400,1.702724365234375,-0.0298004150390625,-0.872100830078125,0.031280517578125
1749220356340715300,1.71271533203125,-0.0200042724609375,-0.7733154296875,-0.004791259765625
1749220356350705200,1.722705078125,0.0829010009765625,-0.7496337890625,0.08050537109375
1749220356360696300,1.7326962890625,-0.3381195068359375,-1.138916015625,0.299072265625
1749220356370687200,1.742687255859375,0.01873779296875,-1.243621826171875,0.1924896240234375
1749220356380678100,1.75267822265625,0.1958160400390625,-0.9758148193359375,-0.0178680419921875
1749220356390668000,1.76266796875,-0.3046722412109375,-0.994476318359375,0.077362060546875
1749220356400659200,1.7726591796875,-0.0965728759765625,-1.195709228515625,0.1683197021484375
1749220356410650400,1.782650390625,0.0301666259765625,-1.1770172119140625,0.052215576171875
1749220356420641300,1.792641357421875,0.0362396240234375,-0.8148040771484375,-0.001312255859375
1749220356430631200,1.802631103515625,-0.0185546875,-0.583282470703125,0.0776519775390625
1749220356440622300,1.812622314453125,-0.2516937255859375,-1.019256591796875,0.2850189208984375
1749220356450613200,1.82261328125,0.127166748046875,-1.2187042236328125,0.1712799072265625
1749220356460604200,1.832604248046875,0.025634765625,-1.06878662109375,-0.012908935546875
1749220356470594000,1.842593994140625,-0.207305908203125,-1.13232421875,0.1077728271484375
1749220356480585200,1.852585205078125,0.0702667236328125,-1.1385650634765625,0.0522003173828125
1749220356490576400,1.862576416015625,-0.0178680419921875,-0.9605712890625,-0.104217529296875
1749220356500567300,1.8725673828125,0.0712432861328125,-0.73785400390625,-0.10595703125
1749220356510557200,1.88255712890625,-0.0436248779296875,-0.4423370361328125,-0.1394195556640625
1749220356520548400,1.89254833984375,-0.15850830078125,-0.887786865234375,0.089813232421875
1749220356530539300,1.902539306640625,0.038909912109375,-1.2891387939453125,0.052001953125
1749220356540530200,1.9125302734375,-0.04119873046875,-1.363372802734375,0.0505828857421875
1749220356550520000,1.92252001953125,-0.0263824462890625,-1.17535400390625,0.0540924072265625
1749220356560511200,1.93251123046875,-0.0374298095703125,-0.911346435546875,0.0494842529296875
1749220356570502400,1.94250244140625,-0.038116455078125,-0.9310302734375,0.1942291259765625
1749220356580493300,1.952493408203125,-0.0077972412109375,-0.978607177734375,0.110992431640625
1749220356590483200,1.962483154296875,0.126220703125,-0.94708251953125,-0.024658203125
1749220356600474400,1.972474365234375,0.0700225830078125,-0.7874908447265625,-0.0854644775390625
1749220356610465300,1.98246533203125,-0.304443359375,-0.9775390625,0.179351806640625
1749220356620456200,1.992456298828125,0.1344757080078125,-1.062469482421875,0.145782470703125
1749220356630446000,2.002446044921875,0.04669189453125,-0.7518768310546875,-0.1266937255859375
1749220356640437200,2.012437255859375,-0.279541015625,-0.8295745849609375,0.114227294921875
1749220356650428400,2.022428466796875,-0.0356292724609375,-1.51519775390625,0.25604248046875
1749220356660419300,2.03241943359375,-0.1087799072265625,-1.49945068359375,-0.00042724609375
1749220356670410200,2.04241015625,-0.0520782470703125,-0.92938232421875,-0.048431396484375
1749220356680400400,2.052400390625,-0.115447998046875,-0.8051605224609375,0.14739990234375
1749220356690391300,2.062391357421875,-0.056365966796875,-0.9047088623046875,0.193115234375
1749220356700382200,2.07238232421875,-0.0717620849609375,-0.92059326171875,0.079864501953125
1749220356710373000,2.082373046875,-0.07122802734375,-0.867706298828125,0.0175628662109375
1749220356720363300,2.09236328125,-0.069244384765625,-0.7406463623046875,0.050933837890625
1749220356730354400,2.1023544921875,-0.12042236328125,-1.1030731201171875,0.0332489013671875
1749220356740345300,2.112345458984375,-0.0543365478515625,-1.3136138916015625,-0.0644989013671875
1749220356750336300,2.122336181640625,-0.039306640625,-1.073822021484375,-0.1318206787109375
1749220356760326100,2.132326171875,-0.106964111328125,-0.95556640625,0.001312255859375
1749220356770317300,2.1423173828125,-0.0771026611328125,-0.99542236328125,0.1039276123046875
1749220356780308200,2.15230810546875,-0.0883331298828125,-1.13665771484375,0.10137939453125
1749220356790299100,2.162299072265625,-0.0191802978515625,-1.033721923828125,-0.0414886474609375
1749220356800289300,2.172289306640625,-0.0888214111328125,-0.797088623046875,-0.0408172607421875
1749220356810280400,2.182280517578125,-0.049163818359375,-0.9378814697265625,0.09124755859375
1749220356820271400,2.192271240234375,-0.0707244873046875,-1.0655364990234375,0.0047149658203125
1749220356830262300,2.20226220703125,-0.0680694580078125,-1.002410888671875,0.052978515625
1749220356840252200,2.212252197265625,0.0626068115234375,-0.8941650390625,0.0868072509765625
1749220356850243300,2.222243408203125,-0.2292633056640625,-0.9588775634765625,0.0330810546875
1749220356860234200,2.232234130859375,0.0594329833984375,-0.98809814453125,0.0987701416015625
1749220356870225200,2.24222509765625,-0.1410064697265625,-0.93475341796875,-0.13848876953125
1749220356880216300,2.25221630859375,-0.053619384765625,-1.0864715576171875,0.1092681884765625
1749220356890206500,2.26220654296875,-0.0708465576171875,-1.1141815185546875,0.100616455078125
1749220356900197400,2.272197265625,-0.1044464111328125,-1.1064453125,0.125244140625
1749220356910188300,2.282188232421875,-0.0707244873046875,-1.0361785888671875,0.1516265869140625
1749220356920179500,2.292179443359375,-0.119049072265625,-0.946685791015625,0.1885528564453125
1749220356930169300,2.30216943359375,-0.038848876953125,-0.9319610595703125,0.1316986083984375
1749220356940160300,2.31216015625,-0.0267791748046875,-1.0318756103515625,0.140106201171875
1749220356950151200,2.322151123046875,-0.031005859375,-0.977386474609375,0.105438232421875
1749220356960142300,2.332142333984375,-0.023040771484375,-0.9647674560546875,0.150482177734375
1749220356970132200,2.34213232421875,-0.0648956298828125,-1.017822265625,0.2312774658203125
1749220356980123400,2.352123291015625,0.0626068115234375,-0.78057861328125,0.03826904296875
1749220356990114300,2.3621142578125,-0.192352294921875,-0.8598785400390625,0.2097015380859375
1749220357000105200,2.372105224609375,0.035003662109375,-1.225555419921875,0.3400726318359375
1749220357010095400,2.382095458984375,-0.0313873291015625,-0.9757232666015625,-0.0714263916015625
1749220357020086300,2.392086181640625,-0.0659332275390625,-0.9763336181640625,0.0427093505859375
1749220357030077200,2.4020771484375,-0.0216064453125,-1.1877288818359375,0.1879730224609375
1749220357040068000,2.412068115234375,-0.0301513671875,-1.2135467529296875,0.1759185791015625
1749220357050058200,2.422058349609375,-0.0540008544921875,-1.0487823486328125,0.07525634765625
1749220357060049400,2.43204931640625,-0.0951690673828125,-0.803436279296875,-0.0743255615234375
1749220357070040300,2.442040283203125,-0.016754150390625,-0.847015380859375,-0.002593994140625
1749220357080031200,2.45203125,0.0824127197265625,-1.2952728271484375,0.01019287109375
1749220357090022400,2.4620224609375,-0.0641632080078125,-0.774444580078125,-0.3331146240234375
1749220357100012300,2.47201220703125,0.0025482177734375,-0.605621337890625,-0.17626953125
1749220357110003200,2.482003173828125,-0.073455810546875,-0.548919677734375,-0.1271209716796875
1749220357119994000,2.491994140625,-0.05859375,-1.0383453369140625,0.1082305908203125
1749220357129985300,2.5019853515625,0.0021209716796875,-1.44110107421875,-0.050384521484375
1749220357139975400,2.511975341796875,-0.09869384765625,-0.7489013671875,-0.1540374755859375
1749220357149966300,2.52196630859375,-0.074676513671875,-0.996185302734375,0.0612945556640625
1749220357159957200,2.531957275390625,-0.0052947998046875,-1.36663818359375,0.1068878173828125
1749220357169948400,2.541948486328125,-0.0425872802734375,-0.9506072998046875,0.068817138671875
1749220357179938300,2.551938232421875,-0.0106048583984375,-1.1265411376953125,0.17584228515625
1749220357189929200,2.56192919921875,0.042327880859375,-1.0404815673828125,0.068450927734375
1749220357199920000,2.571920166015625,-0.002838134765625,-0.9428863525390625,-0.0324249267578125
1749220357209911300,2.581911376953125,-0.053070068359375,-0.84600830078125,-0.0101470947265625
1749220357219901400,2.5919013671875,-0.091064453125,-1.0265350341796875,0.1914825439453125
1749220357229892400,2.601892333984375,-0.0825347900390625,-1.25469970703125,0.2007904052734375
1749220357239883300,2.61188330078125,-0.10791015625,-1.04644775390625,0.175048828125
1749220357249874400,2.62187451171875,-0.048675537109375,-0.8955535888671875,0.2294921875
1749220357259864300,2.6318642578125,-0.0260162353515625,-0.975189208984375,0.070281982421875
1749220357269855200,2.641855224609375,-0.0265960693359375,-1.0032806396484375,-0.0298614501953125
1749220357279846100,2.65184619140625,-0.029937744140625,-1.0067901611328125,0.0273284912109375
1749220357289837300,2.66183740234375,-0.0507965087890625,-1.0130157470703125,0.0782623291015625
1749220357299827500,2.671827392578125,-0.05975341796875,-0.986572265625,0.1262054443359375
1749220357309818400,2.681818359375,-0.0690460205078125,-0.9491729736328125,0.1298065185546875
1749220357319809800,2.691809814453125,-0.08367919921875,-1.0067596435546875,0.098968505859375
1749220357329800700,2.70180078125,-0.112548828125,-1.0311431884765625,0.063079833984375
1749220357339790600,2.71179052734375,-0.0733489990234375,-0.8834075927734375,0.092010498046875
1749220357349781500,2.721781494140625,-0.0712738037109375,-1.024383544921875,-0.0491485595703125
1749220357359772700,2.731772705078125,-0.070709228515625,-0.983367919921875,-0.00677490234375
1749220357369763600,2.741763671875,-0.076324462890625,-0.98394775390625,0.00018310546875
1749220357379754500,2.75175439453125,-0.0864715576171875,-0.95806884765625,0.05462646484375
1749220357389744600,2.76174462890625,-0.0799713134765625,-1.028106689453125,0.108642578125
1749220357399735800,2.77173583984375,-0.0904998779296875,-1.0771026611328125,0.142333984375
1749220357409726700,2.781726806640625,-0.091583251953125,-1.0936279296875,0.115631103515625
1749220357419717600,2.791717529296875,-0.0618438720703125,-1.1015167236328125,0.0528106689453125
1749220357429707500,2.80170751953125,-0.0402679443359375,-0.9933013916015625,0.066070556640625
1749220357439698700,2.81169873046875,-0.0523681640625,-1.07781982421875,-0.02984619140625
1749220357449689600,2.821689697265625,-0.075439453125,-1.0333709716796875,-0.0380859375
1749220357459680500,2.831680419921875,-0.041778564453125,-1.021942138671875,-0.0771636962890625
1749220357469670700,2.841670654296875,-0.120086669921875,-0.9905548095703125,-0.01971435546875
1749220357479661800,2.851661865234375,0.01458740234375,-0.9109344482421875,0.0598297119140625
1749220357489652700,2.86165283203125,-0.0712738037109375,-0.9268035888671875,-0.0505218505859375
1749220357499643600,2.8716435546875,-0.0940704345703125,-0.9665374755859375,0.013580322265625
1749220357509633500,2.881633544921875,0.150299072265625,-0.9870147705078125,0.0705413818359375
1749220357519624700,2.891624755859375,-0.0971527099609375,-0.9532623291015625,-0.1454010009765625
1749220357529615600,2.90161572265625,-0.0730133056640625,-0.8765869140625,0.06396484375
1749220357539606500,2.9116064453125,-0.0183868408203125,-1.1539154052734375,0.10064697265625
1749220357549596700,2.9215966796875,0.173553466796875,-1.021270751953125,0.1183929443359375
1749220357559587800,2.931587890625,-0.209197998046875,-0.8387603759765625,-0.1395416259765625
1749220357569578800,2.941578857421875,-0.0777587890625,-0.892333984375,0.052154541015625
1749220357579569700,2.951569580078125,0.0340118408203125,-1.0355987548828125,0.1204681396484375
1749220357589560800,2.961560791015625,-0.173492431640625,-1.3253936767578125,0.036224365234375
1749220357599550700,2.97155078125,-0.26873779296875,-1.398284912109375,0.1234283447265625
1749220357609541600,2.981541748046875,-0.7774505615234375,-0.944580078125,0.096588134765625
1749220357619532500,2.991532470703125,1.9459381103515625,-0.610015869140625,-0.2088775634765625
1749220357629523500,3.0015234375,-0.1014251708984375,-0.8920135498046875,-0.005035400390625
1749220357639513900,3.011513916015625,-0.086944580078125,-1.0195159912109375,-0.078094482421875
1749220357649504800,3.0215048828125,0.306488037109375,-0.9075469970703125,0.0476226806640625
1749220357659495700,3.03149560546875,-0.0692901611328125,-1.0529327392578125,0.0523529052734375
1749220357669486600,3.041486572265625,-0.0864105224609375,-1.104034423828125,0.07269287109375
1749220357679476700,3.051476806640625,-0.027923583984375,-0.99884033203125,0.060943603515625
1749220357689467600,3.061467529296875,-0.1139373779296875,-0.9422760009765625,0.05987548828125
1749220357699458600,3.07145849609375,-0.1492156982421875,-0.967010498046875,0.08203125
1749220357709449500,3.081449462890625,-0.0886077880859375,-1.0072479248046875,0.0357513427734375
1749220357719440000,3.09143994140625,0.004730224609375,-1.0149993896484375,0.009552001953125
1749220357729430800,3.1014306640625,0.06146240234375,-1.00347900390625,-0.000274658203125
1749220357739421700,3.111421630859375,0.0680084228515625,-1.00250244140625,-0.005462646484375
1749220357749412600,3.12141259765625,0.064300537109375,-1.0093841552734375,-0.001678466796875
1749220357759402500,3.131402587890625,0.0330352783203125,-1.008392333984375,0.009765625
1749220357769393700,3.1413935546875,-0.004058837890625,-1.0011444091796875,0.0275115966796875
1749220357779384600,3.151384521484375,-0.029754638671875,-0.9978790283203125,0.039520263671875
1749220357789375500,3.16137548828125,-0.036407470703125,-1.0000762939453125,0.04595947265625
1749220357799366700,3.17136669921875,-0.0211029052734375,-1.00115966796875,0.04345703125
1749220357809356800,3.181356689453125,0.0027923583984375,-1.00164794921875,0.0365447998046875
1749220357819347700,3.19134765625,0.022064208984375,-1.004241943359375,0.030242919921875
1749220357829338600,3.201338623046875,0.028350830078125,-1.0052947998046875,0.0265045166015625
1749220357839329800,3.211329833984375,0.021240234375,-1.0055389404296875,0.0242462158203125
1749220357849319700,3.221319580078125,0.0038604736328125,-1.0015106201171875,0.0252532958984375
1749220357859310600,3.231310546875,-0.008636474609375,-0.998016357421875,0.0277557373046875
1749220357869301500,3.241301513671875,-0.0080108642578125,-0.9990997314453125,0.0255279541015625
1749220357879292700,3.251292724609375,0.001007080078125,-1.0000457763671875,0.0258941650390625
1749220357889282800,3.26128271484375,0.013458251953125,-1.001953125,0.02667236328125
1749220357899273700,3.271273681640625,0.0332183837890625,-0.98736572265625,0.0249481201171875
1749220357909264600,3.2812646484375,0.0439300537109375,-0.984405517578125,0.00775146484375
1749220357919255800,3.291255859375,0.03863525390625,-1.00469970703125,0.008087158203125
1749220357929245700,3.30124560546875,0.0199432373046875,-1.0066070556640625,0.0121002197265625
1749220357939236600,3.311236572265625,0.0032806396484375,-1.007843017578125,0.02227783203125
1749220357949227500,3.3212275390625,-0.003662109375,-1.0003204345703125,0.0396728515625
1749220357959218700,3.33121875,-0.011505126953125,-0.99737548828125,0.0526885986328125
1749220357969208800,3.341208740234375,-0.0020751953125,-1.0106201171875,0.055755615234375
1749220357979199700,3.35119970703125,0.018310546875,-1.0000152587890625,0.0525970458984375
1749220357989190700,3.361190673828125,-0.0110626220703125,-1.0095672607421875,0.01055908203125
1749220357999181800,3.371181884765625,-0.089599609375,-1.0366668701171875,0.059844970703125
1749220358009172700,3.3811728515625,-0.11163330078125,-1.0458984375,0.092376708984375
1749220358019162600,3.39116259765625,-0.042877197265625,-1.0194091796875,0.0688323974609375
1749220358029153500,3.401153564453125,0.081787109375,-0.9630584716796875,0.057037353515625
1749220358039144400,3.41114453125,0.046142578125,-0.9960784912109375,-0.0346527099609375
1749220358049135600,3.421135498046875,0.0697479248046875,-1.06982421875,-0.0734710693359375
1749220358059125800,3.431125732421875,0.0346221923828125,-0.983612060546875,-0.0291595458984375
1749220358069116700,3.44111669921875,-0.01605224609375,-0.935699462890625,-0.0203857421875
1749220358079107600,3.451107666015625,-0.0199737548828125,-0.9617156982421875,0.0324249267578125
1749220358089098800,3.4610986328125,-0.0312042236328125,-1.022430419921875,0.0650634765625
1749220358099088600,3.471088623046875,-0.008148193359375,-1.0507965087890625,0.094085693359375
1749220358109079600,3.48107958984375,0.0229339599609375,-1.008880615234375,0.095001220703125
1749220358119070500,3.491070556640625,0.0224456787109375,-0.939605712890625,0.09552001953125
1749220358129061600,3.5010615234375,-0.023681640625,-0.963470458984375,0.1082611083984375
1749220358139051800,3.5110517578125,-0.0113067626953125,-1.0105743408203125,0.096466064453125
1749220358149042700,3.521042724609375,0.0301971435546875,-1.0075531005859375,0.048858642578125
1749220358159033600,3.53103369140625,0.0566864013671875,-0.997711181640625,-0.009429931640625
1749220358169024800,3.541024658203125,0.0501861572265625,-1.0013275146484375,-0.0409393310546875
1749220358179014700,3.5510146484375,0.0271453857421875,-1.03973388671875,-0.036956787109375
1749220358189005600,3.561005615234375,0.0059356689453125,-0.999420166015625,-0.0117950439453125
1749220358198996500,3.57099658203125,0.0091400146484375,-0.9459381103515625,-0.003814697265625
1749220358208987600,3.580987548828125,0.014129638671875,-0.980255126953125,0.0201416015625
1749220358218978600,3.590978515625,0.0003509521484375,-1.023956298828125,0.0431671142578125
1749220358228968700,3.60096875,-0.0053253173828125,-0.9986419677734375,0.063873291015625
1749220358238959600,3.610959716796875,0.00579833984375,-0.96112060546875,0.043060302734375
1749220358248950800,3.62095068359375,0.047515869140625,-0.9980010986328125,0.0113372802734375
1749220358258941700,3.630941650390625,0.041748046875,-1.0662384033203125,0.025177001953125
1749220358268931600,3.640931640625,-0.026153564453125,-1.0428924560546875,0.044158935546875
1749220358278922500,3.650922607421875,-0.0427093505859375,-0.9905853271484375,0.0493927001953125
1749220358288913700,3.66091357421875,-0.0126800537109375,-0.988861083984375,0.062591552734375
1749220358298904600,3.670904541015625,0.027923583984375,-1.00146484375,0.0707550048828125
1749220358308894700,3.680894775390625,0.0451202392578125,-1.031402587890625,0.058258056640625
1749220358318889200,3.69088916015625,-0.0078277587890625,-1.016876220703125,0.1297760009765625
1749220358328880400,3.70088037109375,-0.0106353759765625,-1.02130126953125,0.110107421875
1749220358338871300,3.710871337890625,0.001678466796875,-1.03741455078125,0.0918121337890625
1749220358348861200,3.720861083984375,-0.0003814697265625,-1.00579833984375,0.0482025146484375
1749220358358852000,3.73085205078125,-0.0096435546875,-0.960205078125,0.0190582275390625
1749220358368843300,3.74084326171875,0.0224609375,-1.0005645751953125,0.005645751953125
1749220358378834200,3.750834228515625,0.04608154296875,-1.0306854248046875,0.008758544921875
1749220358388825000,3.7608251953125,0.0431671142578125,-0.9927978515625,-0.0066375732421875
1749220358398815200,3.770815185546875,0.06884765625,-0.9971160888671875,-0.0662078857421875
1749220358408806400,3.780806396484375,0.0892181396484375,-1.03631591796875,-0.101165771484375
1749220358418797300,3.79079736328125,0.06402587890625,-0.9741973876953125,-0.0653228759765625
1749220358428788200,3.800788330078125,-0.0047454833984375,-0.9738006591796875,-0.0651702880859375
1749220358438778000,3.810778076171875,0.01800537109375,-1.00335693359375,-0.031402587890625
1749220358448769300,3.820769287109375,0.04400634765625,-1.0120697021484375,-0.01580810546875
1749220358458760200,3.83076025390625,0.0762481689453125,-1.0150604248046875,0.0066070556640625
1749220358468751000,3.840751220703125,0.0595550537109375,-1.048614501953125,0.0909423828125
1749220358478741200,3.8507412109375,-0.0035552978515625,-1.019866943359375,0.162689208984375
1749220358488732400,3.860732421875,-0.113922119140625,-0.8981475830078125,0.1779327392578125
1749220358498723300,3.870723388671875,0.0972137451171875,-0.9617462158203125,0.29638671875
1749220358508714200,3.88071435546875,0.097259521484375,-1.061614990234375,0.0591583251953125
1749220358518704000,3.8907041015625,-0.1808013916015625,-0.899871826171875,-0.0161895751953125
1749220358528695300,3.9006953125,-0.13665771484375,-0.9276580810546875,-0.00360107421875
1749220358538686200,3.910686279296875,-0.101165771484375,-1.0240325927734375,-0.0020294189453125
1749220358548677000,3.920677001953125,-0.0447998046875,-0.98223876953125,0.0253753662109375
1749220358558668300,3.930668212890625,-0.0066680908203125,-0.9561309814453125,0.0555267333984375
1749220358568658400,3.940658447265625,0.0478515625,-1.036773681640625,0.115966796875
1749220358578649300,3.9506494140625,0.092254638671875,-1.1056060791015625,0.1566162109375
1749220358588640300,3.96064013671875,0.1107940673828125,-1.09100341796875,0.1176605224609375
1749220358598631200,3.970631103515625,0.1156768798828125,-1.045135498046875,0.02593994140625
1749220358608621300,3.980621337890625,0.148895263671875,-1.0416717529296875,-0.03009033203125
1749220358618612200,3.9906123046875,0.1297760009765625,-1.0645294189453125,-0.09210205078125
1749220358628603100,4.00060302734375,0.09033203125,-0.981658935546875,-0.124664306640625
1749220358638594000,4.010593994140625,0.075164794921875,-0.9020538330078125,-0.1781463623046875
1749220358648584400,4.02058447265625,0.09844970703125,-0.88604736328125,-0.1862945556640625
1749220358658575400,4.030575439453125,0.0603179931640625,-0.9881591796875,-0.1383056640625
1749220358668566300,4.040566162109375,-0.0119781494140625,-1.1049957275390625,-0.0142822265625
1749220358678557200,4.05055712890625,-0.1369781494140625,-1.06524658203125,0.11688232421875
1749220358688547300,4.06054736328125,-0.0371246337890625,-0.9679107666015625,0.2414703369140625
1749220358698538200,4.070538330078125,-0.037322998046875,-0.94989013671875,0.2661895751953125
1749220358708529200,4.080529052734375,0.0135345458984375,-0.96759033203125,0.28094482421875
1749220358718520000,4.09052001953125,0.0626068115234375,-1.006378173828125,0.25799560546875
1749220358728510200,4.10051025390625,0.0748291015625,-1.0502777099609375,0.2141876220703125
1749220358738501400,4.11050146484375,0.0363616943359375,-1.065948486328125,0.14227294921875
1749220358748492300,4.1204921875,0.0401763916015625,-1.0553131103515625,0.0630035400390625
1749220358758483200,4.130483154296875,-0.018524169921875,-1.0225677490234375,0.0153350830078125
1749220358768473000,4.14047314453125,-0.009552001953125,-1.001373291015625,-0.01104736328125
1749220358778464300,4.15046435546875,-0.040557861328125,-0.98248291015625,-0.0075225830078125
1749220358788455200,4.160455078125,-0.0471038818359375,-0.94842529296875,0.001739501953125
1749220358798446000,4.170446044921875,-0.020599365234375,-0.9180450439453125,0.0169830322265625
1749220358808437200,4.180437255859375,0.01458740234375,-0.923828125,0.006195068359375
1749220358818427400,4.190427490234375,0.0285491943359375,-0.96490478515625,-0.0070343017578125
1749220358828418300,4.200418212890625,0.012603759765625,-1.0233612060546875,-0.0185546875
1749220358838409200,4.2104091796875,0.00445556640625,-1.0390167236328125,-0.011871337890625
1749220358848400400,4.220400390625,0.0036468505859375,-1.0171051025390625,0.015838623046875
1749220358858390300,4.230390380859375,0.0234375,-1.0072479248046875,0.0234832763671875
1749220358868381200,4.240381103515625,0.0211181640625,-1.008209228515625,0.0560150146484375
1749220358878372000,4.2503720703125,0.0011444091796875,-1.01788330078125,0.087738037109375
1749220358888363300,4.26036328125,0.0129852294921875,-1.035186767578125,0.079803466796875
1749220358898353400,4.270353515625,0.0450592041015625,-1.044464111328125,0.0681915283203125
1749220358908344300,4.28034423828125,0.051971435546875,-1.0525970458984375,0.063507080078125
1749220358918335200,4.290335205078125,0.04229736328125,-1.0510406494140625,0.06988525390625
1749220358928326400,4.300326416015625,0.0529327392578125,-1.0496063232421875,0.0491790771484375
1749220358938317300,4.3103173828125,0.0733642578125,-1.0318756103515625,0.038238525390625
1749220358948307200,4.32030712890625,0.0618896484375,-1.025848388671875,0.0106048583984375
1749220358958298000,4.330298095703125,0.0627288818359375,-1.047760009765625,-0.0186614990234375
1749220358968289300,4.340289306640625,0.07373046875,-1.0944366455078125,-0.0345001220703125
1749220358978280200,4.3502802734375,0.0454254150390625,-1.126129150390625,-0.01104736328125
1749220358988270300,4.360270263671875,0.066986083984375,-1.0778656005859375,0.050811767578125
1749220358998261200,4.37026123046875,0.10235595703125,-0.9950408935546875,0.055419921875
1749220359008252200,4.380252197265625,0.129974365234375,-0.9200592041015625,0.0901336669921875
1749220359018243300,4.390243408203125,0.1025543212890625,-0.911224365234375,0.153076171875
1749220359028233200,4.400233154296875,0.0506744384765625,-0.9085845947265625,0.12506103515625
1749220359038224100,4.41022412109375,0.0322723388671875,-0.9520416259765625,0.06719970703125
1749220359048215000,4.420215087890625,0.056610107421875,-0.984954833984375,0.0746917724609375
1749220359058206200,4.430206298828125,0.0388031005859375,-1.0242156982421875,0.0800628662109375
1749220359068196400,4.4401962890625,0.022491455078125,-1.0439300537109375,0.063720703125
1749220359078187300,4.450187255859375,0.022125244140625,-1.002197265625,0.0761260986328125
1749220359088178200,4.46017822265625,0.03509521484375,-0.9540863037109375,0.035858154296875
1749220359098169300,4.47016943359375,0.0105133056640625,-0.9100799560546875,0.04217529296875
1749220359108159200,4.4801591796875,-0.0203857421875,-0.9402923583984375,0.076324462890625
1749220359118150100,4.490150146484375,-0.0319976806640625,-1.070556640625,0.02593994140625
1749220359128141000,4.50014111328125,-0.0216217041015625,-1.0688018798828125,0.038421630859375
1749220359138132200,4.51013232421875,-0.0005340576171875,-0.958892822265625,0.05596923828125
1749220359148123400,4.520123291015625,-0.017547607421875,-0.9051971435546875,0.06732177734375
1749220359158113300,4.53011328125,-0.0166168212890625,-0.9312286376953125,0.0468902587890625
1749220359168104200,4.540104248046875,0.001434326171875,-0.970733642578125,-0.0091094970703125
1749220359178095400,4.550095458984375,-0.0069427490234375,-0.98077392578125,-0.0301361083984375
1749220359188086300,4.560086181640625,-0.0242156982421875,-0.9498443603515625,-0.0299224853515625
1749220359198076200,4.570076171875,-0.012939453125,-0.978363037109375,-0.0343170166015625
1749220359208067000,4.580067138671875,-0.0104827880859375,-0.971893310546875,0.010406494140625
1749220359218058200,4.590058349609375,-0.0013427734375,-0.973358154296875,0.032958984375
1749220359228049200,4.600049072265625,0.0051116943359375,-0.9498443603515625,0.0549163818359375
1749220359238039300,4.610039306640625,0.020660400390625,-0.9029998779296875,0.0547943115234375
1749220359248030200,4.6200302734375,0.01666259765625,-0.8717041015625,0.04473876953125
1749220359258021400,4.630021484375,-0.0128021240234375,-0.8365478515625,0.0403900146484375
1749220359268012300,4.64001220703125,-0.0283355712890625,-0.8282318115234375,0.0478057861328125
1749220359278002200,4.650002197265625,-0.04901123046875,-0.86566162109375,0.05413818359375
1749220359287993000,4.6599931640625,-0.0801849365234375,-0.891265869140625,0.1091766357421875
1749220359297984300,4.669984375,-0.1251373291015625,-0.9908599853515625,0.1950225830078125
1749220359307975200,4.67997509765625,-0.07196044921875,-1.1112823486328125,0.211395263671875
1749220359317962000,4.6899619140625,-0.0652923583984375,-1.159271240234375,0.14251708984375
1749220359327953200,4.699953125,-0.0594329833984375,-1.090301513671875,0.0683135986328125
1749220359337944000,4.709944091796875,-0.05029296875,-0.975616455078125,0.0222015380859375
1749220359347935000,4.71993505859375,-0.064056396484375,-0.898834228515625,0.087310791015625
1749220359357926100,4.729926025390625,-0.0755462646484375,-1.0096588134765625,0.0866241455078125
1749220359367916000,4.739916015625,-0.0586090087890625,-1.2481842041015625,0.0560455322265625
1749220359377907000,4.749906982421875,-0.0173187255859375,-1.2571258544921875,-0.0247039794921875
1749220359387897900,4.75989794921875,-0.0232086181640625,-1.0640869140625,-0.062255859375
1749220359397889000,4.769888916015625,-0.0218505859375,-0.901214599609375,-0.074920654296875
1749220359407879200,4.779879150390625,-0.0229339599609375,-0.925048828125,-0.149688720703125
1749220359417870000,4.7898701171875,-0.0442657470703125,-0.972076416015625,-0.1597900390625
1749220359427861000,4.799861083984375,-0.1348876953125,-0.9794921875,0.052093505859375
1749220359437852200,4.80985205078125,-0.069671630859375,-1.0466156005859375,0.1834259033203125
1749220359447842000,4.819842041015625,0.0023651123046875,-1.092041015625,0.111602783203125
1749220359457833000,4.8298330078125,0.0726776123046875,-1.1214752197265625,0.1290130615234375
1749220359467823900,4.839823974609375,0.0994415283203125,-1.039642333984375,0.1237030029296875
1749220359477815000,4.84981494140625,0.0477752685546875,-1.0032501220703125,0.023406982421875
1749220359487805200,4.85980517578125,0.027801513671875,-1.0218658447265625,0.00103759765625
1749220359497796000,4.869796142578125,0.029815673828125,-1.04901123046875,-0.086334228515625
1749220359507787000,4.879787109375,0.03350830078125,-1.0339813232421875,-0.113250732421875
1749220359517778200,4.889778076171875,-0.0121612548828125,-1.0053253173828125,0.0170440673828125
1749220359527768000,4.89976806640625,0.0254058837890625,-1.034515380859375,0.0377349853515625
1749220359537759000,4.909759033203125,0.015777587890625,-0.9779052734375,0.1369781494140625
1749220359547750000,4.91975,-0.0221710205078125,-0.9677886962890625,0.185089111328125
1749220359557741000,4.929740966796875,0.0316619873046875,-1.012939453125,0.154296875
1749220359567732000,4.93973193359375,0.04571533203125,-1.042449951171875,0.0692138671875
1749220359577722000,4.94972216796875,0.0137939453125,-0.9862823486328125,0.0489044189453125
1749220359587713000,4.959713134765625,-0.0194854736328125,-0.9070892333984375,0.0363922119140625
1749220359597704000,4.969703857421875,-0.017059326171875,-0.9318695068359375,0.0215911865234375
1749220359607695000,4.979695068359375,0.0123138427734375,-1.0051727294921875,0.032623291015625
1749220359617685000,4.98968505859375,0.06842041015625,-1.076324462890625,-0.0077972412109375
1749220359627676000,4.999676025390625,0.0741729736328125,-1.0562286376953125,-0.01483154296875
1749220359637666800,5.009666748046875,-0.0314788818359375,-0.9916534423828125,0.0519866943359375
1749220359647658000,5.019657958984375,-0.013214111328125,-0.9892578125,0.0581207275390625
1749220359657648000,5.029648193359375,0.0135955810546875,-0.9950408935546875,0.04315185546875
1749220359667639000,5.03963916015625,-0.0170440673828125,-0.98809814453125,0.05413818359375
1749220359677630000,5.0496298828125,0.0577545166015625,-1.03704833984375,0.0285186767578125
1749220359687621000,5.05962109375,0.0852508544921875,-1.0992889404296875,-0.0805206298828125
1749220359697611000,5.069611083984375,-0.0198822021484375,-1.0404510498046875,-0.0149688720703125
1749220359707602000,5.079601806640625,0.0285186767578125,-1.011871337890625,0.02288818359375
1749220359717592800,5.0895927734375,0.04754638671875,-1.0688018798828125,-0.0018768310546875
1749220359727584000,5.099583984375,0.013702392578125,-1.0985565185546875,0.0055389404296875
1749220359737574100,5.10957421875,-0.005340576171875,-1.0709686279296875,0.0313262939453125
1749220359747565000,5.11956494140625,0.01025390625,-1.0183868408203125,0.0836944580078125
1749220359757556000,5.129555908203125,0.002349853515625,-0.984954833984375,0.1048736572265625
1749220359767547100,5.139547119140625,-0.006591796875,-0.9720001220703125,0.119781494140625
1749220359777537000,5.149537109375,0.0064697265625,-0.9837493896484375,0.1053009033203125
1749220359787528000,5.15952783203125,-0.0192413330078125,-1.019866943359375,0.08819580078125
1749220359797518800,5.169518798828125,-0.0312957763671875,-1.0583648681640625,0.0736083984375
1749220359807510000,5.179510009765625,-0.02313232421875,-1.0626373291015625,0.04644775390625
1749220359817500200,5.189500244140625,-0.0330810546875,-1.0389404296875,0.0207061767578125
1749220359827491000,5.199490966796875,-0.0746002197265625,-0.98846435546875,0.0403594970703125
1749220359837482000,5.20948193359375,-0.053863525390625,-0.9551239013671875,0.0526580810546875
1749220359847473200,5.21947314453125,-0.097991943359375,-0.9536590576171875,0.0665130615234375
1749220359857464000,5.229464111328125,-0.087249755859375,-0.9979400634765625,0.07586669921875
1749220359867454000,5.239453857421875,-0.0988311767578125,-1.038116455078125,0.0648651123046875
1749220359877444900,5.24944482421875,-0.0819091796875,-1.0391998291015625,0.0413665771484375
1749220359887436000,5.25943603515625,-0.09979248046875,-0.9913482666015625,0.015289306640625
1749220359897427200,5.26942724609375,-0.107696533203125,-0.920745849609375,-0.0003662109375
1749220359907417000,5.2794169921875,-0.1147918701171875,-0.8614654541015625,-0.0071563720703125
1749220359917408000,5.289407958984375,-0.1128387451171875,-0.844482421875,0.0106658935546875
1749220359927399200,5.299399169921875,-0.1060333251953125,-0.896484375,0.024383544921875
1749220359937390000,5.30939013671875,-0.0930633544921875,-0.9665374755859375,0.035003662109375
1749220359947380000,5.3193798828125,-0.0836334228515625,-0.995361328125,0.0385284423828125
1749220359957371000,5.329370849609375,-0.064971923828125,-0.99835205078125,0.0337982177734375
1749220359967362000,5.339362060546875,-0.058563232421875,-0.977264404296875,0.022979736328125
1749220359977353200,5.349353271484375,-0.0538330078125,-0.950347900390625,0.0050811767578125
1749220359987343000,5.359343017578125,-0.04632568359375,-0.9573822021484375,-0.0181427001953125
1749220359997334000,5.369333984375,-0.048828125,-0.9819183349609375,-0.019683837890625
1749220360007325000,5.379324951171875,-0.051300048828125,-0.9843292236328125,0.000274658203125
1749220360017316000,5.389316162109375,-0.0422821044921875,-0.9900054931640625,0.0265350341796875
1749220360027306000,5.399305908203125,-0.0426177978515625,-0.97772216796875,0.05255126953125
1749220360037297000,5.409296875,-0.02734375,-1.0197906494140625,0.0213165283203125
1749220360047288000,5.4192880859375,-0.0544586181640625,-1.0589447021484375,0.004852294921875
1749220360057279200,5.429279296875,-0.0076141357421875,-1.1010284423828125,0.0064239501953125
1749220360067270100,5.439270263671875,0.0186920166015625,-1.0638885498046875,-0.0020599365234375
1749220360077260000,5.449260009765625,-0.00457763671875,-1.0160064697265625,-0.036865234375
1749220360087251000,5.4592509765625,-0.03289794921875,-1.0171356201171875,0.0098114013671875
1749220360097242000,5.4692421875,0.0103759765625,-1.07177734375,0.001220703125
1749220360107233000,5.47923291015625,0.058258056640625,-1.06646728515625,0.003692626953125
1749220360117223000,5.489222900390625,0.0880126953125,-1.0073394775390625,0.02191162109375
1749220360127214000,5.499214111328125,0.1038818359375,-0.97967529296875,0.00640869140625
1749220360137205200,5.509205322265625,0.0916900634765625,-0.9899444580078125,0.0123138427734375
1749220360147196200,5.519196044921875,0.1142730712890625,-0.9980316162109375,0.0343170166015625
1749220360157186000,5.52918603515625,0.156951904296875,-1.0276031494140625,0.041595458984375
1749220360167177000,5.539177001953125,0.1803436279296875,-0.982452392578125,0.069091796875
1749220360177168100,5.549168212890625,0.2210845947265625,-0.9510040283203125,0.079193115234375
1749220360187159000,5.559158935546875,0.2593994140625,-0.9528350830078125,0.0672149658203125
1749220360197149000,5.56914892578125,0.25335693359375,-0.920013427734375,0.0866546630859375
1749220360207140000,5.57914013671875,0.2196807861328125,-0.8580780029296875,0.1396942138671875
1749220360217131300,5.58913134765625,0.3044586181640625,-1.026092529296875,0.093597412109375
1749220360227122200,5.5991220703125,0.2321319580078125,-1.041259765625,0.141082763671875
1749220360237112000,5.609112060546875,0.214263916015625,-0.9464874267578125,0.1933441162109375
1749220360247103000,5.61910302734375,0.1856689453125,-0.9271240234375,0.1748046875
1749220360257094100,5.62909423828125,0.14312744140625,-0.9170684814453125,0.176361083984375
1749220360267085000,5.6390849609375,0.11077880859375,-0.93536376953125,0.1794586181640625
1749220360277076000,5.649075927734375,0.1015777587890625,-0.9550018310546875,0.1493988037109375
1749220360287065900,5.65906591796875,0.0872039794921875,-0.97027587890625,0.1210174560546875
1749220360297057000,5.66905712890625,0.07366943359375,-0.9932403564453125,0.083740234375
1749220360307048200,5.679048095703125,0.053863525390625,-1.0005645751953125,0.01702880859375
1749220360317039000,5.6890390625,0.0332183837890625,-0.957977294921875,-0.03839111328125
1749220360327029000,5.699029052734375,0.0205535888671875,-0.8991241455078125,-0.0730743408203125
1749220360337020000,5.70902001953125,0.0093994140625,-0.8737945556640625,-0.0970916748046875
1749220360347010800,5.7190107421875,-0.014556884765625,-0.8899078369140625,-0.090240478515625
1749220360357002000,5.729001953125,-0.060943603515625,-0.931060791015625,-0.0554656982421875
1749220360366992000,5.738991943359375,-0.089508056640625,-0.9989471435546875,0.00274658203125
1749220360376983000,5.748983154296875,-0.1113739013671875,-1.0552978515625,0.0695648193359375
1749220360386974000,5.758973876953125,-0.117401123046875,-1.1138458251953125,0.1193695068359375
1749220360396965000,5.768965087890625,-0.1167449951171875,-1.1451568603515625,0.14630126953125
1749220360406955000,5.778955078125,-0.0921173095703125,-1.1202392578125,0.1413421630859375
1749220360416946000,5.78894580078125,-0.08203125,-1.0617218017578125,0.0826568603515625
1749220360426936800,5.798936767578125,-0.1042938232421875,-0.9984283447265625,0.03863525390625
1749220360436928000,5.808927978515625,-0.11505126953125,-0.9593048095703125,0.0604705810546875
1749220360446918000,5.81891796875,-0.0418853759765625,-0.975799560546875,0.0767822265625
1749220360456909000,5.828908935546875,0.0571441650390625,-1.06304931640625,-0.0313262939453125
1749220360466900000,5.83889990234375,0.0550689697265625,-1.1370391845703125,-0.17578125
1749220360476891100,5.84889111328125,0.0254974365234375,-1.100341796875,-0.1780853271484375
1749220360486882000,5.858882080078125,-0.0033721923828125,-1.003692626953125,-0.0847625732421875
1749220360496872000,5.868871826171875,-0.0201568603515625,-0.9608001708984375,0.0221099853515625
1749220360506862800,5.87886279296875,-0.0250244140625,-1.0000152587890625,0.076263427734375
1749220360516853800,5.888853759765625,0.0009765625,-1.0413665771484375,0.1549835205078125
1749220360526845000,5.898844970703125,0.0097198486328125,-1.0507049560546875,0.1516265869140625
1749220360536835000,5.9088349609375,-0.0034942626953125,-1.022308349609375,0.1105499267578125
1749220360546826000,5.918825927734375,-0.0122528076171875,-0.99664306640625,0.090484619140625
1749220360556817000,5.92881689453125,-0.01416015625,-0.977813720703125,0.0662384033203125
1749220360566808000,5.93880810546875,-0.0089569091796875,-0.9709930419921875,0.051605224609375
1749220360576798000,5.9487978515625,-0.01422119140625,-0.9733428955078125,0.0417022705078125
1749220360586788900,5.958788818359375,0.00506591796875,-0.9841766357421875,0.03070068359375
1749220360596779800,5.96877978515625,0.019287109375,-0.9959259033203125,-0.008758544921875
1749220360606771000,5.97877099609375,-0.000457763671875,-1.02301025390625,-0.04254150390625
1749220360616761000,5.988760986328125,0.0003662109375,-1.031280517578125,-0.0344085693359375
1749220360626752000,5.998751953125,0.0043182373046875,-1.0175933837890625,-0.0410919189453125
1749220360636743000,6.008742919921875,-0.0167236328125,-0.9942169189453125,0.001556396484375
1749220360646734000,6.018734130859375,-0.02154541015625,-0.994384765625,0.0682525634765625
1749220360656724000,6.028723876953125,-0.03302001953125,-1.0199432373046875,0.08184814453125
1749220360666715000,6.03871484375,-0.0348663330078125,-1.0187225341796875,0.1075592041015625
1749220360676705800,6.048705810546875,-0.017669677734375,-0.9958038330078125,0.080474853515625
1749220360686697000,6.058697021484375,0.0005035400390625,-0.969482421875,0.0586700439453125
1749220360696687000,6.06868701171875,0.00067138671875,-0.9858551025390625,0.0339813232421875
1749220360706678000,6.078677978515625,-0.0059356689453125,-1.018463134765625,-0.0055999755859375
1749220360716669000,6.0886689453125,0.0081939697265625,-1.019683837890625,-0.006805419921875
1749220360726660000,6.09866015625,0.0201416015625,-1.0013885498046875,0.0133819580078125
1749220360736651000,6.108651123046875,0.0104827880859375,-0.996002197265625,0.0290069580078125
1749220360746641000,6.118640869140625,0.002471923828125,-1.00140380859375,0.04449462890625
1749220360756631800,6.1286318359375,0.004150390625,-1.00494384765625,0.0543365478515625
1749220360766623000,6.138623046875,0.005096435546875,-1.0047607421875,0.0606842041015625
1749220360776614000,6.14861376953125,0.0049285888671875,-1.004669189453125,0.0625457763671875
1749220360786604000,6.15860400390625,0.0049591064453125,-1.00408935546875,0.056854248046875
1749220360796595000,6.168594970703125,0.00823974609375,-1.0020904541015625,0.04693603515625
1749220360806586000,6.178586181640625,0.00689697265625,-1.0027923583984375,0.0369415283203125
1749220360816577000,6.188576904296875,0.0024261474609375,-1.0010986328125,0.035491943359375
1749220360826567000,6.19856689453125,0.00164794921875,-1.0001983642578125,0.039520263671875
1749220360836557800,6.208557861328125,0.00164794921875,-0.99884033203125,0.042633056640625
1749220360846549000,6.218549072265625,0.001129150390625,-0.9977264404296875,0.04376220703125
1749220360856540000,6.228539794921875,0.000030517578125,-1.0001678466796875,0.0460205078125
1749220360866530000,6.238530029296875,0.000579833984375,-1.004119873046875,0.048553466796875
1749220360876521000,6.24852099609375,0.0045013427734375,-1.004730224609375,0.0479278564453125
1749220360886512000,6.25851220703125,0.0045166015625,-1.000579833984375,0.0424957275390625
1749220360896503000,6.2685029296875,0.0065155029296875,-0.9980621337890625,0.033935546875
1749220360906493000,6.278492919921875,0.00640869140625,-1.0001678466796875,0.023590087890625
1749220360916483800,6.28848388671875,0.00579833984375,-1.002197265625,0.0181121826171875
1749220360926474800,6.298474853515625,0.005767822265625,-1.0007476806640625,0.019256591796875
1749220360936466000,6.3084658203125,0.0049591064453125,-0.9987030029296875,0.0229339599609375
1749220360946456800,6.318456787109375,0.004974365234375,-0.99847412109375,0.0286407470703125
1749220360956447000,6.328447021484375,0.0050201416015625,-1.0003662109375,0.029815673828125
1749220360966438000,6.33843798828125,0.0072174072265625,-1.0038299560546875,0.032745361328125
1749220360976429000,6.348428955078125,0.0072174072265625,-1.006561279296875,0.03485107421875
1749220360986420000,6.358419921875,0.0062103271484375,-1.00299072265625,0.034149169921875
1749220360996409900,6.368409912109375,0.0019683837890625,-0.9993133544921875,0.0363311767578125
1749220361006400800,6.37840087890625,-0.0022735595703125,-1.0046539306640625,0.0358734130859375
1749220361016392000,6.388391845703125,-0.005523681640625,-1.007568359375,0.02716064453125
1749220361026382800,6.3983828125,-0.0057373046875,-1.0014495849609375,0.0224609375
1749220361036373000,6.408373046875,0.000885009765625,-1.0030670166015625,0.0168304443359375
1749220361046364000,6.418364013671875,0.0082244873046875,-1.0069122314453125,0.0125579833984375
1749220361056355000,6.42835498046875,0.010589599609375,-1.0094757080078125,0.016021728515625
1749220361066346000,6.438345947265625,0.0105743408203125,-1.006744384765625,0.0138397216796875
1749220361076335900,6.4483359375,0.009124755859375,-1.00762939453125,-0.0011444091796875
1749220361086326800,6.458326904296875,0.0262298583984375,-1.0139617919921875,-0.0247650146484375
1749220361096318000,6.46831787109375,0.029937744140625,-1.016021728515625,-0.0522613525390625
1749220361106308900,6.478308837890625,0.0272674560546875,-1.01043701171875,-0.0589141845703125
1749220361116299800,6.4882998046875,0.027130126953125,-1.003265380859375,-0.0543365478515625
1749220361126290000,6.4982900390625,0.0290374755859375,-1.0053863525390625,-0.0388031005859375
1749220361136281000,6.508281005859375,0.03997802734375,-1.013946533203125,-0.002349853515625
1749220361146272000,6.51827197265625,0.0298919677734375,-1.02288818359375,0.0359039306640625
1749220361156263000,6.528262939453125,0.0106201171875,-1.0214385986328125,0.0495758056640625
1749220361166252800,6.538252685546875,0.043853759765625,-1.0007476806640625,0.03387451171875
1749220361176244000,6.548243896484375,0.087738037109375,-0.9833984375,0.0424957275390625
1749220361186235000,6.55823486328125,0.082489013671875,-1.003326416015625,0.062835693359375
1749220361196225800,6.568225830078125,0.06005859375,-1.040283203125,0.067474365234375
1749220361206216000,6.5782158203125,0.0673675537109375,-1.0278472900390625,0.0592498779296875
1749220361216207000,6.58820703125,0.133087158203125,-0.9732666015625,0.0605926513671875
1749220361226198000,6.598197998046875,0.2142791748046875,-0.938140869140625,0.001129150390625
1749220361236189000,6.60818896484375,0.2199554443359375,-0.957733154296875,-0.1128997802734375
1749220361246178800,6.6181787109375,0.1985626220703125,-1.00848388671875,-0.225006103515625
1749220361256170000,6.628169921875,0.2378692626953125,-1.0037689208984375,-0.3336639404296875
1749220361266161000,6.638160888671875,0.254241943359375,-0.96966552734375,-0.3702392578125
1749220361276151800,6.64815185546875,0.326385498046875,-0.9438323974609375,-0.336822509765625
1749220361286142000,6.658141845703125,0.307220458984375,-0.93292236328125,-0.270660400390625
1749220361296133000,6.668133056640625,0.2449493408203125,-0.9585113525390625,-0.1780853271484375
1749220361306124000,6.6781240234375,0.2109375,-0.985382080078125,-0.0790252685546875
1749220361316114400,6.688114501953125,0.2437896728515625,-0.9560394287109375,0.0124664306640625
1749220361326105600,6.698105712890625,0.2256927490234375,-0.922515869140625,0.053741455078125
1749220361336095500,6.708095458984375,0.209686279296875,-0.9426422119140625,0.0625
1749220361346086400,6.71808642578125,0.1470489501953125,-0.967010498046875,0.048583984375
1749220361356077300,6.728077392578125,0.1420745849609375,-0.9576416015625,0.073455810546875
1749220361366068500,6.738068359375,0.1417694091796875,-0.9351348876953125,0.107940673828125
1749220361376058600,6.74805859375,0.12945556640625,-0.92620849609375,0.146697998046875
1749220361386049500,6.758049560546875,0.0887451171875,-0.9342803955078125,0.20745849609375
1749220361396040400,6.76804052734375,0.005767822265625,-0.96746826171875,0.2565460205078125
1749220361406031600,6.778031494140625,0.00592041015625,-1.0346221923828125,0.3166961669921875
1749220361416021500,6.788021484375,0.18115234375,-1.079254150390625,0.2748260498046875
1749220361426012400,6.798012451171875,0.114593505859375,-1.0724029541015625,0.134613037109375
1749220361436003300,6.80800341796875,-0.0070648193359375,-1.1080169677734375,0.5201873779296875
1749220361445994500,6.817994384765625,0.366973876953125,-1.15948486328125,0.90667724609375
1749220361455984600,6.827984619140625,0.1513214111328125,-0.907562255859375,0.5861358642578125
1749220361465975600,6.8379755859375,0.318634033203125,-0.8174285888671875,0.3116607666015625
1749220361475966500,6.847966552734375,0.41180419921875,-1.0252532958984375,0.3164215087890625
1749220361485957600,6.85795751953125,0.243408203125,-1.0576934814453125,0.147186279296875
1749220361495947500,6.867947509765625,0.5189666748046875,-1.016387939453125,0.0481719970703125
1749220361505938400,6.8779384765625,0.5237884521484375,-1.0288848876953125,0.0454559326171875
1749220361515929300,6.887929443359375,0.387786865234375,-1.00872802734375,0.0225677490234375
1749220361525920500,6.89792041015625,0.4109039306640625,-0.97027587890625,-0.0009307861328125
1749220361535911700,6.90791162109375,0.409271240234375,-0.951934814453125,-0.041015625
1749220361545901600,6.917901611328125,0.424591064453125,-0.963836669921875,-0.0901641845703125
1749220361555892500,6.927892578125,0.4343719482421875,-0.961181640625,-0.1200103759765625
1749220361565883400,6.93788330078125,0.4354400634765625,-0.9444732666015625,-0.116302490234375
1749220361575874600,6.94787451171875,0.4225616455078125,-0.941925048828125,-0.1140594482421875
1749220361585864400,6.957864501953125,0.397705078125,-0.9501800537109375,-0.101654052734375
1749220361595855400,6.96785546875,0.36553955078125,-0.9568023681640625,-0.0759735107421875
1749220361605846500,6.977846435546875,0.328765869140625,-0.9563751220703125,-0.0663909912109375
1749220361615837700,6.987837646484375,0.2996368408203125,-0.9571990966796875,-0.089874267578125
1749220361625827600,6.99782763671875,0.260162353515625,-0.96185302734375,-0.1259002685546875
1749220361635818500,7.007818603515625,0.2043609619140625,-0.9512786865234375,-0.1373443603515625
1749220361645809400,7.017809326171875,0.1826934814453125,-0.9383392333984375,-0.107025146484375
1749220361655800600,7.027800537109375,0.121490478515625,-0.960540771484375,-0.05426025390625
1749220361665790500,7.03779052734375,0.0863800048828125,-1.0060272216796875,-0.0159454345703125
1749220361675781400,7.047781494140625,0.057098388671875,-1.015838623046875,-0.0236053466796875
1749220361685772500,7.0577724609375,0.00543212890625,-0.9899444580078125,-0.0516815185546875
1749220361695763700,7.067763671875,-0.0231170654296875,-0.9630584716796875,-0.116607666015625
1749220361705753600,7.077753662109375,-0.0337982177734375,-0.9517974853515625,-0.1887664794921875
1749220361715744500,7.08774462890625,-0.0162506103515625,-0.961669921875,-0.2415924072265625
1749220361725735400,7.0977353515625,0.0044403076171875,-0.9590606689453125,-0.27020263671875
1749220361735726600,7.1077265625,0.029327392578125,-0.9425201416015625,-0.25640869140625
1749220361745717500,7.117717529296875,0.0587615966796875,-0.96343994140625,-0.2294769287109375
1749220361755707400,7.127707275390625,0.105712890625,-0.999908447265625,-0.1826629638671875
1749220361765698600,7.137698486328125,0.166290283203125,-1.021148681640625,-0.1216583251953125
1749220361775689700,7.147689697265625,0.198455810546875,-1.035186767578125,-0.07110595703125
1749220361785680600,7.1576806640625,0.21661376953125,-1.0253448486328125,-0.0514984130859375
1749220361795670500,7.16767041015625,0.208160400390625,-0.9980621337890625,-0.060302734375
1749220361805661400,7.177661376953125,0.1986846923828125,-0.9825897216796875,-0.100738525390625
1749220361815652600,7.187652587890625,0.197174072265625,-0.9734039306640625,-0.159423828125
1749220361825643500,7.1976435546875,0.204254150390625,-0.96044921875,-0.207000732421875
1749220361835633400,7.20763330078125,0.2083892822265625,-0.9558868408203125,-0.2389984130859375
1749220361845624300,7.217624267578125,0.2055816650390625,-0.9619903564453125,-0.2349853515625
1749220361855615500,7.227615478515625,0.201629638671875,-0.971893310546875,-0.1939849853515625
1749220361865606700,7.237606689453125,0.1988067626953125,-0.983917236328125,-0.1370697021484375
1749220361875597600,7.24759765625,0.194793701171875,-0.9894256591796875,-0.0879974365234375
1749220361885587500,7.25758740234375,0.1829071044921875,-0.978912353515625,-0.0733184814453125
1749220361895578600,7.26757861328125,0.1786041259765625,-0.963623046875,-0.0801239013671875
1749220361905569500,7.277569580078125,0.186614990234375,-0.962860107421875,-0.1053924560546875
1749220361915560400,7.287560546875,0.2038726806640625,-0.9788818359375,-0.1488494873046875
1749220361925550300,7.29755029296875,0.21722412109375,-0.9774932861328125,-0.1713409423828125
1749220361935541500,7.30754150390625,0.22174072265625,-0.9673004150390625,-0.1731719970703125
1749220361945532700,7.31753271484375,0.219085693359375,-0.9716796875,-0.169647216796875
1749220361955523600,7.327523681640625,0.2121734619140625,-0.98291015625,-0.154388427734375
1749220361965513500,7.337513427734375,0.1988677978515625,-0.991241455078125,-0.134124755859375
1749220361975504400,7.34750439453125,0.17608642578125,-0.98651123046875,-0.115509033203125
1749220361985495600,7.35749560546875,0.1537628173828125,-0.986480712890625,-0.1062469482421875
1749220361995486500,7.367486572265625,0.137908935546875,-0.9950103759765625,-0.110107421875
1749220362005476400,7.377476318359375,0.15557861328125,-0.9896087646484375,-0.134552001953125
1749220362015467500,7.387467529296875,0.17333984375,-0.97503662109375,-0.176239013671875
1749220362025458700,7.397458740234375,0.1745452880859375,-0.9636383056640625,-0.1941070556640625
1749220362035449600,7.40744970703125,0.1754913330078125,-0.970245361328125,-0.194854736328125
1749220362045440500,7.4174404296875,0.1815338134765625,-0.9745025634765625,-0.193939208984375
1749220362055430400,7.427430419921875,0.188079833984375,-0.966552734375,-0.184356689453125
1749220362065421600,7.437421630859375,0.18328857421875,-0.970367431640625,-0.1898345947265625
1749220362075412500,7.44741259765625,0.17529296875,-0.9753265380859375,-0.2053375244140625
1749220362085403400,7.4574033203125,0.147064208984375,-0.95648193359375,-0.173187255859375
1749220362095393500,7.4673935546875,0.07135009765625,-0.944549560546875,-0.101898193359375
1749220362105384700,7.477384765625,0.0448455810546875,-0.9466705322265625,0.0341949462890625
1749220362115375600,7.487375732421875,0.0286102294921875,-0.98382568359375,0.0313568115234375
1749220362125366500,7.497366455078125,0.110870361328125,-0.9946441650390625,-0.173675537109375
1749220362135356400,7.5073564453125,0.1656951904296875,-0.9304656982421875,-0.335906982421875
1749220362145347600,7.51734765625,0.1321258544921875,-0.912322998046875,-0.3604278564453125
1749220362155338500,7.52733837890625,0.1177825927734375,-0.989013671875,-0.4322509765625
1749220362165329400,7.537329345703125,0.0990447998046875,-0.9838104248046875,-0.388336181640625
1749220362175320600,7.547320556640625,0.0839385986328125,-0.954559326171875,-0.2032623291015625
1749220362185310700,7.557310791015625,0.02545166015625,-0.9956207275390625,-0.1362152099609375
1749220362195301600,7.567301513671875,-0.05743408203125,-1.0437774658203125,-0.1550140380859375
1749220362205292500,7.57729248046875,0.0360870361328125,-1.094512939453125,-0.217987060546875
1749220362215283500,7.587283447265625,0.169677734375,-1.24346923828125,-0.2991180419921875
1749220362225273600,7.597273681640625,0.207916259765625,-1.41851806640625,-0.1589508056640625
1749220362235264500,7.607264404296875,0.31268310546875,-1.411834716796875,0.0729217529296875
1749220362245255400,7.61725537109375,0.5106658935546875,-1.1650390625,0.04620361328125
1749220362255246300,7.627246337890625,0.494842529296875,-1.0355377197265625,-0.0747833251953125
1749220362265236700,7.63723681640625,0.3242950439453125,-1.1184234619140625,-0.1156463623046875
1749220362275227600,7.6472275390625,0.2822265625,-1.1143035888671875,-0.0609130859375
1749220362285218600,7.657218505859375,0.4683990478515625,-0.8219757080078125,-0.0864410400390625
1749220362295209500,7.66720947265625,0.545074462890625,-0.6590118408203125,-0.1848602294921875
1749220362305199600,7.67719970703125,0.71197509765625,-0.71746826171875,-0.1817779541015625
1749220362315190500,7.6871904296875,0.7899169921875,-0.79620361328125,-0.09686279296875
1749220362325185000,7.69718505859375,0.725189208984375,-0.7226104736328125,-0.0189971923828125
1749220362335176000,7.707176025390625,0.5285491943359375,-0.63226318359375,0.0238800048828125
1749220362345166800,7.717166748046875,0.370941162109375,-0.6675262451171875,-0.0991058349609375
1749220362355157000,7.727156982421875,0.30426025390625,-0.7228851318359375,-0.260498046875
1749220362365148200,7.737148193359375,0.3602752685546875,-0.7481536865234375,-0.1873931884765625
1749220362375139000,7.74713916015625,0.332061767578125,-0.774078369140625,-0.139312744140625
1749220362385130000,7.7571298828125,0.200714111328125,-0.8020477294921875,-0.1574249267578125
1749220362395119900,7.767119873046875,0.0723419189453125,-0.829498291015625,-0.073333740234375
1749220362405111000,7.777111083984375,0.131683349609375,-0.839263916015625,0.056060791015625
1749220362415102000,7.78710205078125,0.1776123046875,-0.844329833984375,0.1003570556640625
1749220362425092900,7.7970927734375,0.369140625,-0.84381103515625,0.1595458984375
1749220362435083000,7.8070830078125,0.3069000244140625,-0.868621826171875,0.26617431640625
1749220362445074200,7.81707421875,0.3562164306640625,-0.9110565185546875,0.2545318603515625
1749220362455065000,7.827065185546875,0.6707611083984375,-0.9551239013671875,-0.207000732421875
1749220362465056000,7.837055908203125,1.019317626953125,-1.025482177734375,-0.9282989501953125
1749220362475046000,7.8470458984375,0.5406646728515625,-1.231353759765625,-1.1153411865234375
1749220362485037000,7.857037109375,-0.6840362548828125,-1.5070648193359375,-0.46881103515625
1749220362495028000,7.867028076171875,-0.36279296875,-1.331817626953125,-0.1032257080078125
1749220362505019000,7.877018798828125,-0.05364990234375,-0.8414306640625,-0.5527191162109375
1749220362515010000,7.887010009765625,0.356536865234375,-0.5887908935546875,-0.37225341796875
1749220362525000200,7.897000244140625,0.4289703369140625,-0.7495574951171875,0.2114410400390625
1749220362534991000,7.9069912109375,-0.1049041748046875,-1.2019195556640625,0.539794921875
1749220362544982000,7.91698193359375,-0.2663116455078125,-1.3353729248046875,0.4700469970703125
1749220362554973200,7.92697314453125,-0.113555908203125,-0.9904632568359375,0.321441650390625
1749220362564963000,7.936963134765625,0.0068511962890625,-0.8102569580078125,0.2004852294921875
1749220362574954000,7.9469541015625,0.015106201171875,-0.9577789306640625,-0.00726318359375
1749220362584945000,7.95694482421875,-0.0191650390625,-1.06646728515625,-0.188140869140625
1749220362594935800,7.966935791015625,0.0317230224609375,-1.01629638671875,-0.30914306640625
1749220362604926200,7.97692626953125,0.1083221435546875,-0.943939208984375,-0.4187469482421875
1749220362614917000,7.986917236328125,0.1688995361328125,-0.9264678955078125,-0.4652099609375
1749220362624908000,7.996907958984375,0.17742919921875,-0.9422607421875,-0.418212890625
1749220362634899000,8.00689892578125,0.140533447265625,-0.9837493896484375,-0.3462677001953125
1749220362644890000,8.01689013671875,0.1194915771484375,-1.018157958984375,-0.2493743896484375
1749220362654880000,8.0268798828125,0.1556243896484375,-1.02532958984375,-0.1297607421875
1749220362664871000,8.036870849609375,0.1583404541015625,-1.0232391357421875,-0.0154266357421875
1749220362674861800,8.04686181640625,0.13018798828125,-1.0075836181640625,0.104400634765625
1749220362684853000,8.05685302734375,0.1606903076171875,-0.9855804443359375,0.154052734375
1749220362694843100,8.066843017578124,0.17926025390625,-0.97802734375,0.0876617431640625
1749220362704834000,8.076833984375,0.193389892578125,-0.9853363037109375,0.00079345703125
1749220362714825000,8.086824951171875,0.2195587158203125,-0.99859619140625,-0.0799560546875
1749220362724816100,8.096816162109375,0.2383575439453125,-1.0015716552734375,-0.1481170654296875
1749220362734806000,8.106805908203125,0.2430267333984375,-0.990478515625,-0.1744232177734375
1749220362744797000,8.116796875,0.24334716796875,-0.981201171875,-0.1546783447265625
1749220362754787800,8.126787841796874,0.2348785400390625,-0.98681640625,-0.119720458984375
1749220362764779000,8.136779052734376,0.23040771484375,-0.9955596923828125,-0.06488037109375
1749220362774769200,8.14676904296875,0.242431640625,-0.9950714111328125,-0.0261993408203125
1749220362784760000,8.156760009765625,0.2574462890625,-0.9906768798828125,-0.0284881591796875
1749220362794751000,8.1667509765625,0.2614898681640625,-0.9877471923828125,-0.04437255859375
1749220362804742100,8.1767421875,0.25860595703125,-0.9885711669921875,-0.083251953125
1749220362814733000,8.186733154296874,0.244354248046875,-0.9911041259765625,-0.1361083984375
1749220362824723000,8.196722900390625,0.2268829345703125,-0.9834747314453125,-0.1555633544921875
1749220362834713900,8.2067138671875,0.2200164794921875,-0.972564697265625,-0.1472930908203125
1749220362844705000,8.216705078125,0.216888427734375,-0.9787750244140625,-0.1342315673828125
1749220362854696000,8.226696044921875,0.230682373046875,-0.9995574951171875,-0.1196746826171875
1749220362864686000,8.23668603515625,0.23699951171875,-1.006805419921875,-0.09588623046875
1749220362874677000,8.246677001953126,0.237884521484375,-0.9971771240234375,-0.0774078369140625
1749220362884668200,8.256668212890625,0.2258148193359375,-0.9965972900390625,-0.077117919921875
1749220362894659000,8.2666591796875,0.1908721923828125,-0.997711181640625,-0.09515380859375
1749220362904649000,8.27664892578125,0.16192626953125,-0.9877166748046875,-0.126220703125
1749220362914640000,8.286639892578124,0.1260528564453125,-0.9691009521484375,-0.170806884765625
1749220362924631000,8.296631103515624,0.0896453857421875,-0.9600067138671875,-0.2005157470703125
1749220362934622000,8.3066220703125,0.0685882568359375,-0.9646453857421875,-0.199859619140625
1749220362944612900,8.31661279296875,0.05841064453125,-0.9752655029296875,-0.18572998046875
1749220362954603000,8.32660302734375,0.0495758056640625,-0.9793243408203125,-0.1724853515625
1749220362964594200,8.33659423828125,0.050384521484375,-0.973419189453125,-0.1571044921875
1749220362974585000,8.346585205078124,0.06005859375,-0.96453857421875,-0.146453857421875
1749220362984576000,8.356575927734376,0.0829010009765625,-0.9704742431640625,-0.14508056640625
1749220362994566000,8.36656591796875,0.1278839111328125,-0.97894287109375,-0.146820068359375
1749220363004556800,8.376556884765625,0.1570892333984375,-0.9761199951171875,-0.134368896484375
1749220363014548000,8.3865478515625,0.174346923828125,-1.002716064453125,-0.1411285400390625
1749220363024539000,8.396538818359375,0.183319091796875,-1.0415191650390625,-0.2008056640625
1749220363034529000,8.406529052734374,0.1699676513671875,-1.0202789306640625,-0.229644775390625
1749220363044520000,8.41652001953125,0.1277923583984375,-0.976776123046875,-0.2185516357421875
1749220363054511000,8.426510986328125,0.098724365234375,-0.9236907958984375,-0.1328125
1749220363064502000,8.436501953125,0.1144866943359375,-0.9190826416015625,-0.05035400390625
1749220363074493000,8.446492919921875,0.1568756103515625,-1.0049591064453125,-0.0474853515625
1749220363084482800,8.45648291015625,0.1598052978515625,-1.054046630859375,-0.093994140625
1749220363094474000,8.466473876953126,0.1494140625,-1.00537109375,-0.1381378173828125
1749220363104465000,8.47646484375,0.1524810791015625,-0.946014404296875,-0.1577606201171875
1749220363114456000,8.4864560546875,0.1651458740234375,-0.9507293701171875,-0.168121337890625
1749220363124446000,8.496446044921875,0.1767425537109375,-0.9824981689453125,-0.1588287353515625
1749220363134437000,8.50643701171875,0.1796875,-0.984100341796875,-0.128143310546875
1749220363144428000,8.516427978515624,0.176483154296875,-0.9730072021484375,-0.093658447265625
1749220363154419000,8.5264189453125,0.18902587890625,-0.9876708984375,-0.0788116455078125
1749220363164408800,8.536408935546875,0.199920654296875,-1.0048370361328125,-0.0885467529296875
1749220363174400000,8.54639990234375,0.19671630859375,-1.0030670166015625,-0.1097869873046875
1749220363184391000,8.556390869140625,0.179229736328125,-0.99224853515625,-0.1375274658203125
1749220363194382000,8.566382080078125,0.161712646484375,-0.979949951171875,-0.158599853515625
1749220363204372000,8.5763720703125,0.1528167724609375,-0.9764862060546875,-0.161834716796875
1749220363214363100,8.586363037109376,0.1552734375,-0.9848480224609375,-0.153228759765625
1749220363224354000,8.59635400390625,0.15435791015625,-0.9893035888671875,-0.1329498291015625
1749220363234345000,8.606344970703125,0.1464385986328125,-0.98956298828125,-0.1154022216796875
1749220363244335900,8.6163359375,0.142974853515625,-0.989044189453125,-0.1063995361328125
1749220363254326000,8.626325927734374,0.14984130859375,-0.9807891845703125,-0.1044769287109375
1749220363264317000,8.63631689453125,0.1578521728515625,-0.9798431396484375,-0.11346435546875
1749220363274307800,8.646307861328125,0.1658782958984375,-0.9852294921875,-0.12066650390625
1749220363284299000,8.656299072265625,0.17535400390625,-0.988006591796875,-0.1211090087890625
1749220363294289200,8.6662890625,0.1809844970703125,-0.986328125,-0.12164306640625
1749220363304280000,8.676280029296874,0.175537109375,-0.9835357666015625,-0.1214141845703125
1749220363314271000,8.68627099609375,0.170196533203125,-0.986846923828125,-0.1182861328125
1749220363324258600,8.696258544921875,0.1627044677734375,-0.9894561767578125,-0.119232177734375
1749220363334248400,8.70624853515625,0.1537628173828125,-0.98809814453125,-0.11883544921875
1749220363344239400,8.7162392578125,0.154937744140625,-0.9869537353515625,-0.124969482421875
1749220363354230500,8.72623046875,0.1577606201171875,-0.9805755615234375,-0.13128662109375
1749220363364221700,8.7362216796875,0.1619873046875,-0.9796905517578125,-0.1386871337890625
1749220363374212600,8.746212646484375,0.162689208984375,-0.985198974609375,-0.1402587890625
1749220363384202500,8.756202392578125,0.168212890625,-0.984527587890625,-0.1314697265625
1749220363394193400,8.766193359375,0.17474365234375,-0.9841461181640625,-0.121185302734375
1749220363404184600,8.7761845703125,0.1782989501953125,-0.990264892578125,-0.1081390380859375
1749220363414175500,8.786175537109376,0.1780853271484375,-0.995819091796875,-0.0998077392578125
1749220363424165400,8.796165283203125,0.17083740234375,-0.9906463623046875,-0.1034698486328125
1749220363434156500,8.806156494140625,0.1595916748046875,-0.98419189453125,-0.1090545654296875
1749220363444147700,8.816147705078125,0.1571197509765625,-0.985260009765625,-0.11614990234375
1749220363454138600,8.826138671875,0.1568756103515625,-0.9874267578125,-0.116363525390625
1749220363464128500,8.83612841796875,0.15106201171875,-0.9900665283203125,-0.1166229248046875
1749220363474119400,8.846119384765625,0.138397216796875,-0.989898681640625,-0.1187591552734375
1749220363484110600,8.856110595703125,0.127685546875,-0.9853363037109375,-0.121551513671875
1749220363494101500,8.8661015625,0.123931884765625,-0.982421875,-0.1266326904296875
1749220363504092400,8.876092529296875,0.1273040771484375,-0.9816741943359375,-0.1344757080078125
1749220363514082300,8.886082275390624,0.12823486328125,-0.982513427734375,-0.136016845703125
1749220363524073700,8.89607373046875,0.1324462890625,-0.9819793701171875,-0.129547119140625
1749220363534064600,8.906064697265625,0.13775634765625,-0.9839630126953125,-0.1204833984375
1749220363544055600,8.9160556640625,0.14453125,-0.9877777099609375,-0.1107025146484375
1749220363554045400,8.92604541015625,0.1544952392578125,-0.9882354736328125,-0.1056976318359375
1749220363564036600,8.93603662109375,0.1634521484375,-0.9870452880859375,-0.10052490234375
1749220363574027500,8.946027587890624,0.16864013671875,-0.9895477294921875,-0.0976715087890625
1749220363584018400,8.956018310546876,0.1666107177734375,-0.9918365478515625,-0.098785400390625
1749220363594008300,8.96600830078125,0.1666107177734375,-0.987030029296875,-0.0971832275390625
1749220363603999500,8.97599951171875,0.1614532470703125,-0.9862823486328125,-0.1030731201171875
1749220363613990700,8.98599072265625,0.1563568115234375,-0.98809814453125,-0.1143798828125
1749220363623981600,8.995981689453124,0.1531982421875,-0.9864654541015625,-0.11993408203125
1749220363633972500,9.005972412109376,0.1524505615234375,-0.98419189453125,-0.1190338134765625
1749220363643962600,9.015962646484375,0.150787353515625,-0.9874267578125,-0.114227294921875
1749220363653953500,9.02595361328125,0.1484222412109375,-0.9910736083984375,-0.1086578369140625
1749220363663944400,9.0359443359375,0.1450347900390625,-0.98651123046875,-0.0974578857421875
1749220363673935400,9.045935302734375,0.144866943359375,-0.9857025146484375,-0.09088134765625
1749220363683925500,9.055925537109376,0.1441650390625,-0.9911346435546875,-0.091949462890625
1749220363693916700,9.065916748046876,0.144927978515625,-0.9898681640625,-0.0974578857421875
1749220363703907600,9.075907470703125,0.1466217041015625,-0.98687744140625,-0.106781005859375
1749220363713898500,9.0858984375,0.149169921875,-0.9893951416015625,-0.115264892578125
1749220363723888400,9.095888427734375,0.1513824462890625,-0.9895782470703125,-0.1143951416015625
1749220363733879600,9.105879638671874,0.152862548828125,-0.988433837890625,-0.10455322265625
1749220363743870500,9.115870361328126,0.14984130859375,-0.988739013671875,-0.093780517578125
1749220363753861400,9.125861328125,0.1493988037109375,-0.9905853271484375,-0.0893402099609375
1749220363763852500,9.1358525390625,0.1476287841796875,-0.9903564453125,-0.0891571044921875
1749220363773842700,9.1458427734375,0.145904541015625,-0.98828125,-0.093719482421875
1749220363783833600,9.15583349609375,0.145111083984375,-0.9890899658203125,-0.100433349609375
1749220363793824500,9.165824462890624,0.1445465087890625,-0.99053955078125,-0.109710693359375
1749220363803815700,9.175815673828126,0.144439697265625,-0.9907989501953125,-0.1168060302734375
1749220363813805600,9.1858056640625,0.147674560546875,-0.9869537353515625,-0.1157989501953125
1749220363823796500,9.19579638671875,0.1494598388671875,-0.9883575439453125,-0.1102752685546875
1749220363833787400,9.205787353515625,0.1505279541015625,-0.9998321533203125,-0.105377197265625
1749220363843778600,9.215778564453124,0.146209716796875,-1.0073394775390625,-0.0965728759765625
1749220363853768700,9.225768798828126,0.14111328125,-0.9920654296875,-0.0967254638671875
1749220363863759600,9.235759521484376,0.1131744384765625,-0.9786224365234375,-0.1171722412109375
1749220363873750500,9.24575048828125,0.0212554931640625,-1.0021514892578125,-0.1527099609375
1749220363883741700,9.25574169921875,-0.1633758544921875,-1.0103607177734375,-0.2056884765625
1749220363893731600,9.265731689453125,-0.1703033447265625,-0.9268798828125,-0.1952667236328125
1749220363903722500,9.275722412109374,0.068359375,-0.8287200927734375,-0.1274871826171875
1749220363913713400,9.28571337890625,0.138427734375,-0.8891754150390625,-0.13690185546875
1749220363923704600,9.29570458984375,0.0825958251953125,-1.0371856689453125,-0.2134246826171875
1749220363933695500,9.305695556640625,-0.117340087890625,-1.0531158447265625,-0.1633453369140625
1749220363943685600,9.315685546875,-0.1488189697265625,-0.97357177734375,-0.047515869140625
1749220363953676500,9.325676513671874,-0.026580810546875,-0.9516143798828125,0.005462646484375
1749220363963667500,9.33566748046875,0.137664794921875,-0.9769134521484375,-0.0211639404296875
1749220363973658600,9.34565869140625,0.2649383544921875,-0.9783782958984375,-0.04998779296875
1749220363983648500,9.3556484375,0.4211578369140625,-0.9063262939453125,-0.0682525634765625
1749220363993639400,9.365639404296875,0.59423828125,-0.8230743408203125,-0.0350189208984375
1749220364003630300,9.37563037109375,0.6995697021484375,-0.8257293701171875,0.0601348876953125
1749220364013621500,9.38562158203125,0.6518402099609375,-0.9047393798828125,0.2105865478515625
1749220364023612400,9.3956123046875,0.51263427734375,-0.9853515625,0.3245697021484375
1749220364033602600,9.4056025390625,0.3101959228515625,-1.0502777099609375,0.2846221923828125
1749220364043593500,9.415593505859375,0.2564544677734375,-1.1010284423828125,0.0965118408203125
1749220364053584600,9.425584716796875,0.34234619140625,-1.0219573974609375,-0.0398101806640625
1749220364063575600,9.435575439453125,0.4181671142578125,-0.924163818359375,-0.042999267578125
1749220364073565400,9.4455654296875,0.4261627197265625,-0.9545135498046875,-0.019439697265625
1749220364083556400,9.455556396484376,0.3367767333984375,-1.0226287841796875,0.016448974609375
1749220364093547500,9.465547607421875,0.27886962890625,-1.01593017578125,0.060821533203125
1749220364103538400,9.475538330078125,0.30450439453125,-0.9555206298828125,0.0597991943359375
1749220364113528600,9.485528564453125,0.345428466796875,-0.9165496826171875,0.0070648193359375
1749220364123519500,9.49551953125,0.3321075439453125,-0.930389404296875,-0.0797882080078125
1749220364133510700,9.5055107421875,0.3091888427734375,-0.949920654296875,-0.19744873046875
1749220364143501600,9.51550146484375,0.2314453125,-0.9545135498046875,-0.3006591796875
1749220364153491500,9.525491455078125,0.266357421875,-0.91168212890625,-0.319366455078125
1749220364163482400,9.535482421875,0.235504150390625,-0.845306396484375,-0.273345947265625
1749220364173473500,9.5454736328125,0.0995025634765625,-0.858123779296875,-0.2146148681640625
1749220364183464400,9.55546435546875,0.072418212890625,-0.9572296142578125,-0.1320953369140625
1749220364193455400,9.565455322265626,0.1332244873046875,-1.067779541015625,-0.0381927490234375
1749220364203445500,9.575445556640625,0.2967987060546875,-1.0837554931640625,-0.0350494384765625
1749220364213436700,9.585436767578125,0.3515625,-0.9654998779296875,-0.16278076171875
1749220364223427600,9.595427490234375,0.20391845703125,-0.87799072265625,-0.233306884765625
1749220364233418500,9.60541845703125,0.23602294921875,-0.93267822265625,-0.28558349609375
1749220364243408400,9.615408447265626,0.3549652099609375,-0.956329345703125,-0.3532867431640625
1749220364253399600,9.625399658203126,0.4909210205078125,-0.914581298828125,-0.304107666015625
1749220364263390500,9.635390380859375,0.47100830078125,-0.9098052978515625,-0.18536376953125
1749220364273381400,9.64538134765625,0.48638916015625,-0.9507293701171875,-0.098876953125
1749220364283371500,9.65537158203125,0.5284271240234375,-0.9544525146484375,0.0089263916015625
1749220364293362700,9.66536279296875,0.554840087890625,-0.93975830078125,0.1089935302734375
1749220364303353600,9.675353515625,0.525238037109375,-0.9522247314453125,0.1804351806640625
1749220364313344500,9.685344482421876,0.43109130859375,-0.97900390625,0.1994476318359375
1749220364323335200,9.695335205078125,0.3987274169921875,-0.970184326171875,0.16961669921875
1749220364333325000,9.705324951171875,0.412750244140625,-0.933502197265625,0.084686279296875
1749220364343316200,9.715316162109374,0.429351806640625,-0.9245147705078125,-0.0320892333984375
1749220364353307100,9.72530712890625,0.424224853515625,-0.9412841796875,-0.11614990234375
1749220364363298300,9.73529833984375,0.3912200927734375,-0.9508819580078125,-0.155853271484375
1749220364373288200,9.7452880859375,0.35986328125,-0.950592041015625,-0.1637420654296875
1749220364383279400,9.755279296875,0.356414794921875,-0.954498291015625,-0.140350341796875
1749220364393270300,9.765270263671875,0.371124267578125,-0.9510498046875,-0.0820770263671875
1749220364403261200,9.77526123046875,0.35986328125,-0.9514312744140625,-0.017791748046875
1749220364413251000,9.7852509765625,0.295562744140625,-0.96478271484375,0.01953125
1749220364423242200,9.7952421875,0.2462310791015625,-0.969818115234375,0.013763427734375
1749220364433233200,9.805233154296875,0.245208740234375,-0.9471588134765625,-0.0392608642578125
1749220364443224000,9.81522412109375,0.28338623046875,-0.927032470703125,-0.1158905029296875
1749220364453215500,9.825215576171875,0.3416748046875,-0.94866943359375,-0.17352294921875
1749220364463205400,9.835205322265624,0.336151123046875,-0.9728240966796875,-0.1912994384765625
1749220364473196300,9.8451962890625,0.3152313232421875,-0.986907958984375,-0.17315673828125
1749220364483187200,9.855187255859375,0.283843994140625,-1.0587158203125,-0.1368255615234375
1749220364493178400,9.865178466796875,0.378082275390625,-1.1057891845703125,-0.120513916015625
1749220364503168300,9.875168212890625,0.3914642333984375,-1.0213623046875,-0.0652313232421875
1749220364513159200,9.8851591796875,0.3518218994140625,-1.0217437744140625,-0.037933349609375
1749220364523150000,9.895150146484376,0.2699127197265625,-1.18182373046875,-0.07342529296875
1749220364533141200,9.905141357421876,0.2871246337890625,-1.2573394775390625,-0.044464111328125
1749220364543131400,9.91513134765625,0.256805419921875,-1.10552978515625,-0.0169219970703125
1749220364553122300,9.925122314453125,0.176361083984375,-1.007415771484375,-0.0504608154296875
1749220364563113200,9.93511328125,0.1528472900390625,-1.0723114013671875,-0.1318359375
1749220364573104000,9.945104248046874,0.2140350341796875,-1.1432342529296875,-0.2132415771484375
1749220364583095300,9.95509521484375,0.2120513916015625,-1.0962677001953125,-0.1324005126953125
1749220364593085200,9.965085205078125,0.11724853515625,-1.169677734375,-0.0963287353515625
1749220364603076000,9.975076171875,0.157012939453125,-1.250640869140625,-0.1516876220703125
1749220364613067300,9.9850673828125,0.120361328125,-1.2403411865234375,-0.1357879638671875
1749220364623058400,9.995058349609375,0.0450286865234375,-1.406005859375,-0.2386627197265625
1749220364633048300,10.00504833984375,0.017730712890625,-1.538299560546875,-0.352569580078125
1749220364643039200,10.015039306640626,0.07720947265625,-1.530181884765625,-0.412109375
1749220364653030100,10.025030029296875,0.0253753662109375,-1.439788818359375,-0.236846923828125
1749220364663021300,10.035021240234375,-0.0448150634765625,-1.4750823974609375,-0.0396728515625
1749220364673011200,10.04501123046875,0.04840087890625,-1.5168914794921875,0.0980987548828125
1749220364683002000,10.055002197265624,0.0005645751953125,-1.520660400390625,0.1609649658203125
1749220364692993300,10.0649931640625,-0.062530517578125,-1.6001129150390625,0.1548614501953125
1749220364702984400,10.074984375,0.2241973876953125,-1.56695556640625,0.023681640625
1749220364712974300,10.084974365234375,0.3828277587890625,-1.53515625,-0.063323974609375
1749220364722965200,10.09496533203125,-0.0222930908203125,-1.7512969970703125,-0.1990203857421875
1749220364732956200,10.1049560546875,-0.3002471923828125,-1.6664276123046875,-0.380218505859375
1749220364742947300,10.114947265625,-0.4654541015625,-1.3834381103515625,-0.4542388916015625
1749220364752938200,10.124938232421876,-0.1274261474609375,-1.2188873291015625,-0.50177001953125
1749220364762928000,10.13492822265625,0.23236083984375,-1.0839385986328125,-0.59613037109375
1749220364772919300,10.144919189453125,0.75506591796875,-0.80450439453125,-0.298095703125
1749220364782910500,10.154910400390625,1.04864501953125,-0.5814208984375,-0.1497955322265625
1749220364792901400,10.1649013671875,1.3320770263671875,-0.4760894775390625,-0.35076904296875
1749220364802891300,10.174891357421876,1.05377197265625,-0.618865966796875,-0.423675537109375
1749220364812882200,10.184882080078125,0.72491455078125,-0.8609466552734375,-0.13201904296875
1749220364822873300,10.194873291015625,0.44366455078125,-0.9530029296875,0.19439697265625
1749220364832864300,10.2048642578125,-0.02508544921875,-0.7779541015625,0.2254638671875
1749220364842854100,10.214854248046874,-0.3551788330078125,-0.53857421875,0.11932373046875
1749220364852845300,10.22484521484375,-0.15673828125,-0.338348388671875,0.0526275634765625
1749220364862836500,10.23483642578125,0.2113800048828125,-0.3265228271484375,0.080047607421875
1749220364872827400,10.244827392578125,0.4956817626953125,-0.532745361328125,0.03338623046875
1749220364882818300,10.254818359375,0.656646728515625,-0.7438507080078125,-0.0737762451171875
1749220364892808200,10.26480810546875,0.599334716796875,-0.7758941650390625,-0.07696533203125
1749220364902799400,10.27479931640625,0.4275970458984375,-0.686614990234375,0.0126800537109375
1749220364912790300,10.284790283203124,0.251220703125,-0.646026611328125,0.1077423095703125
1749220364922781200,10.29478125,0.1580963134765625,-0.701568603515625,0.1512603759765625
1749220364932771300,10.304771240234375,0.20599365234375,-0.794219970703125,0.1576080322265625
1749220364942762500,10.314762451171875,0.353729248046875,-0.88238525390625,0.1423797607421875
1749220364952753400,10.32475341796875,0.4661102294921875,-0.9221649169921875,0.112457275390625
1749220364962744300,10.334744384765624,0.5276947021484375,-0.923126220703125,0.093902587890625
1749220364972734200,10.344734130859376,0.553253173828125,-0.944671630859375,0.09033203125
1749220364982725000,10.35472509765625,0.5519561767578125,-0.9940185546875,0.0865631103515625
1749220364992716300,10.36471630859375,0.5673065185546875,-1.066650390625,0.10125732421875
1749220365002707200,10.374707275390625,0.58843994140625,-1.16497802734375,0.1287994384765625
1749220365012698000,10.384697998046875,0.6146392822265625,-1.290008544921875,0.1663055419921875
1749220365022688300,10.394688232421874,0.683197021484375,-1.4284820556640625,0.1887664794921875
1749220365032679400,10.404679443359376,0.78314208984375,-1.5142059326171875,0.20758056640625
1749220365042670300,10.41467041015625,0.848541259765625,-1.49786376953125,0.2295684814453125
1749220365052661200,10.4246611328125,0.8202362060546875,-1.3505706787109375,0.253936767578125
1749220365062651100,10.434651123046875,0.6550750732421875,-1.2096099853515625,0.197509765625
1749220365072642300,10.444642333984374,0.69158935546875,-1.23309326171875,0.0786590576171875
1749220365082633200,10.45463330078125,0.964447021484375,-1.38531494140625,0.013763427734375
1749220365092624100,10.4646240234375,1.2307586669921875,-1.484405517578125,0.0034942626953125
1749220365102614300,10.4746142578125,1.26904296875,-1.4160308837890625,-0.1145172119140625
1749220365112605400,10.48460546875,1.1186370849609375,-1.194915771484375,-0.271270751953125
1749220365122596400,10.494596435546875,0.9771270751953125,-0.8896484375,-0.273345947265625
1749220365132587300,10.504587158203124,0.796722412109375,-0.6572418212890625,-0.06793212890625
1749220365142577200,10.5145771484375,0.829010009765625,-0.4145660400390625,0.266998291015625
1749220365152568300,10.524568359375,0.50653076171875,-0.0746917724609375,0.5273284912109375
1749220365162559200,10.534559326171875,0.50360107421875,0.0984344482421875,0.411468505859375
1749220365172550100,10.544550048828125,0.536224365234375,-0.1640777587890625,0.147216796875
1749220365182541300,10.554541259765625,0.770233154296875,-0.679840087890625,-0.0679931640625
1749220365192531500,10.564531494140626,1.1599273681640625,-0.950286865234375,-0.116180419921875
1749220365202522400,10.5745224609375,1.3106842041015625,-0.79486083984375,-0.1357574462890625
1749220365212513300,10.58451318359375,0.6198577880859375,-0.8989715576171875,-0.3015289306640625
1749220365222504200,10.594504150390625,-1.58416748046875,-2.4979095458984375,-1.300201416015625
1749220365232494300,10.604494384765625,0.39410400390625,-3.671539306640625,-2.3597412109375
1749220365242485200,10.6144853515625,1.505615234375,-1.3792724609375,0.321258544921875
1749220365252476200,10.62447607421875,1.967193603515625,0.03302001953125,1.6846923828125
1749220365262467000,10.634467041015625,0.80908203125,-0.1172943115234375,-0.130523681640625
1749220365272457500,10.64445751953125,0.866912841796875,-0.4528656005859375,-0.2978668212890625
1749220365282448400,10.654448486328125,0.730377197265625,-1.170806884765625,0.7791595458984375
1749220365292439300,10.664439208984374,0.5305023193359375,-1.775909423828125,1.3282012939453125
1749220365302430200,10.67443017578125,1.0002899169921875,-1.4332427978515625,0.985687255859375
1749220365312421400,10.68442138671875,1.208587646484375,-0.9953460693359375,0.753143310546875
1749220365322415000,10.6944150390625,0.75537109375,-0.9209747314453125,0.348052978515625
1749220365332406000,10.704406005859376,0.13818359375,-0.9189300537109375,-0.0224456787109375
1749220365342397200,10.714397216796876,0.00103759765625,-0.9389801025390625,-0.405792236328125
1749220365352388000,10.72438818359375,0.403839111328125,-1.0201263427734375,-0.57879638671875
1749220365362378200,10.734378173828125,0.5752410888671875,-1.0101470947265625,-0.472991943359375
1749220365372369200,10.744369140625,0.42706298828125,-0.9387664794921875,-0.3648834228515625
1749220365382360300,10.7543603515625,0.1431427001953125,-0.940460205078125,-0.439178466796875
1749220365392351200,10.764351318359376,0.114349365234375,-0.9403839111328125,-0.5033416748046875
1749220365402341000,10.774341064453125,0.2396697998046875,-0.8989715576171875,-0.3930816650390625
1749220365412332000,10.78433203125,0.410797119140625,-0.9111785888671875,-0.167327880859375
1749220365422323200,10.7943232421875,0.2720489501953125,-1.0069122314453125,0.0339508056640625
1749220365432314000,10.804314208984374,0.1859283447265625,-1.1002197265625,0.1718902587890625
1749220365442304300,10.81430419921875,0.216217041015625,-1.079986572265625,0.2829742431640625
1749220365452295200,10.824295166015625,0.0932159423828125,-0.995574951171875,0.435150146484375
1749220365462286300,10.834286376953125,-0.00225830078125,-0.9661712646484375,0.4575653076171875
1749220365472277200,10.84427734375,0.087066650390625,-1.0063934326171875,0.2505340576171875
1749220365482268200,10.85426806640625,0.1167755126953125,-1.0277862548828125,0.041900634765625
1749220365492258000,10.864258056640624,0.150787353515625,-1.0390777587890625,-0.1141510009765625
1749220365502249200,10.874249267578126,0.2098846435546875,-1.063323974609375,-0.3032379150390625
1749220365512240000,10.884240234375,0.2557830810546875,-1.015533447265625,-0.437957763671875
1749220365522231000,10.89423095703125,0.283050537109375,-0.9228363037109375,-0.361541748046875
1749220365532221200,10.90422119140625,0.3109588623046875,-0.91015625,-0.253173828125
1749220365542212400,10.91421240234375,0.31939697265625,-0.9722747802734375,-0.1888885498046875
1749220365552203300,10.924203369140624,0.281219482421875,-1.07379150390625,-0.0750579833984375
1749220365562194200,10.934194091796876,0.275665283203125,-1.162109375,0.060943603515625
1749220365572184000,10.94418408203125,0.29345703125,-1.099700927734375,0.2588348388671875
1749220365582175000,10.954175048828125,0.267181396484375,-1.01348876953125,0.2562255859375
1749220365592166100,10.964166259765625,0.2532806396484375,-1.0279541015625,0.12884521484375
1749220365602157000,10.974156982421874,0.222564697265625,-1.0803680419921875,0.0632476806640625
1749220365612147200,10.984147216796876,0.251861572265625,-1.097747802734375,0.046234130859375
1749220365622138000,10.99413818359375,0.138580322265625,-1.067047119140625,0.0623626708984375
1749220365632129300,11.00412939453125,0.13861083984375,-1.0682525634765625,0.0310211181640625
1749220365642120200,11.0141201171875,0.104888916015625,-1.004486083984375,0.02301025390625
1749220365652111000,11.024111083984375,0.0150909423828125,-0.9706878662109375,0.0796966552734375
1749220365662101000,11.03410107421875,-0.031219482421875,-1.036224365234375,-0.0153045654296875
1749220365672092200,11.044092041015626,0.0309295654296875,-1.0749664306640625,-0.1505889892578125
1749220365682083000,11.0540830078125,0.1901702880859375,-1.0902099609375,-0.2164154052734375
1749220365692074000,11.064073974609375,0.3773345947265625,-1.082611083984375,-0.2534027099609375
1749220365702064000,11.074064208984375,0.5103607177734375,-1.1004638671875,-0.220489501953125
1749220365712055300,11.08405517578125,0.574432373046875,-1.2074737548828125,-0.1924591064453125
1749220365722046200,11.094046142578126,0.51904296875,-1.290771484375,-0.151336669921875
1749220365732037000,11.104037109375,0.3485565185546875,-1.282928466796875,-0.0847930908203125
1749220365742027000,11.114027099609375,0.213348388671875,-1.2459716796875,-0.1423187255859375
1749220365752018200,11.12401806640625,0.1283416748046875,-1.2380523681640625,-0.174407958984375
1749220365762009000,11.134009033203125,0.111602783203125,-1.3495635986328125,-0.1376800537109375
1749220365772000000,11.144,0.1377410888671875,-1.788909912109375,-0.1584930419921875
1749220365781991200,11.1539912109375,0.199127197265625,-2.224456787109375,-0.338348388671875
1749220365791981300,11.163981201171875,0.2879638671875,-2.018402099609375,-0.46307373046875
1749220365801972200,11.17397216796875,0.352630615234375,-1.6211090087890625,-0.3416290283203125
1749220365811963100,11.183963134765625,0.089111328125,-1.7821044921875,-0.2227325439453125
1749220365821954300,11.193954345703125,-0.2374114990234375,-1.66717529296875,-0.2647705078125
1749220365831944200,11.203944091796876,-0.2625579833984375,-1.275115966796875,-0.109710693359375
1749220365841935000,11.21393505859375,0.219970703125,-1.01641845703125,0.0287628173828125
1749220365851926000,11.223926025390625,0.467681884765625,-0.8519744873046875,-0.2300872802734375
1749220365861917000,11.2339169921875,0.6085357666015625,-0.9468994140625,-0.2611236572265625
1749220365871907300,11.2439072265625,0.9971466064453125,-0.95257568359375,-0.08770751953125
1749220365881898200,11.253898193359374,1.4599609375,-0.63006591796875,-0.1394805908203125
1749220365891889200,11.26388916015625,1.2520751953125,-0.5512237548828125,-0.2344970703125
1749220365901880000,11.273880126953125,0.9315338134765625,-0.835357666015625,-0.16717529296875
1749220365911870200,11.2838701171875,0.7880401611328125,-0.989044189453125,0.05279541015625
1749220365921861000,11.293861083984375,0.455169677734375,-0.7767181396484375,0.157012939453125
1749220365931852000,11.30385205078125,0.031036376953125,-0.5377655029296875,0.1343231201171875
1749220365941843000,11.313843017578124,-0.0979461669921875,-0.408721923828125,0.102691650390625
1749220365951834000,11.323834228515626,0.1704559326171875,-0.3546600341796875,0.07080078125
1749220365961824300,11.33382421875,0.4856414794921875,-0.434814453125,0.0435791015625
1749220365971815200,11.343815185546875,0.6746368408203125,-0.5629119873046875,0.0075225830078125
1749220365981806000,11.35380615234375,0.6195831298828125,-0.577239990234375,0.006683349609375
1749220365991797200,11.36379736328125,0.399261474609375,-0.4857330322265625,0.0428924560546875
1749220366001787100,11.373787109375,0.193023681640625,-0.4195556640625,0.0817718505859375
1749220366011778000,11.383778076171875,0.14788818359375,-0.4234619140625,0.1061248779296875
1749220366021769000,11.39376904296875,0.2989959716796875,-0.487396240234375,0.1183624267578125
1749220366031760100,11.403760009765625,0.5082244873046875,-0.5727996826171875,0.1225128173828125
1749220366041750300,11.413750244140624,0.6382598876953125,-0.6281280517578125,0.1125335693359375
1749220366051741200,11.4237412109375,0.6602630615234375,-0.6485137939453125,0.11248779296875
1749220366061732000,11.433732177734376,0.574951171875,-0.6707305908203125,0.1312255859375
1749220366071723300,11.44372314453125,0.4824371337890625,-0.6975250244140625,0.149993896484375
1749220366081713200,11.453713134765625,0.4440155029296875,-0.7395782470703125,0.1576080322265625
1749220366091704000,11.4637041015625,0.4958343505859375,-0.818084716796875,0.171295166015625
1749220366101695000,11.473695068359374,0.5942840576171875,-0.9329071044921875,0.173797607421875
1749220366111686100,11.48368603515625,0.7140960693359375,-1.043670654296875,0.1292724609375
1749220366121677000,11.493677001953126,0.7895050048828125,-1.107666015625,0.068328857421875
1749220366131667200,11.503667236328125,0.8217010498046875,-1.135284423828125,0.0031585693359375
1749220366141658000,11.513658203125,0.8150177001953125,-1.1859893798828125,-0.0420989990234375
1749220366151649300,11.523649169921875,0.81524658203125,-1.2828521728515625,-0.08392333984375
1749220366161640200,11.53364013671875,0.877349853515625,-1.3985595703125,-0.1395111083984375
1749220366171630000,11.543630126953126,0.96246337890625,-1.440826416015625,-0.1720733642578125
1749220366181621000,11.55362109375,1.0436859130859375,-1.373687744140625,-0.1625518798828125
1749220366191612200,11.563612060546875,1.041351318359375,-1.28363037109375,-0.1267852783203125
1749220366201603000,11.57360302734375,1.0603179931640625,-1.1968994140625,-0.025970458984375
1749220366211593200,11.58359326171875,1.1444244384765625,-1.080413818359375,0.082244873046875
1749220366221584100,11.593584228515626,1.0655670166015625,-0.967376708984375,0.1626129150390625
1749220366231575300,11.6035751953125,0.896453857421875,-0.85595703125,0.2227630615234375
1749220366241566200,11.613566162109375,0.7245330810546875,-0.752349853515625,0.1434173583984375
1749220366251557000,11.62355712890625,0.5756988525390625,-0.6455841064453125,0.004180908203125
1749220366261547000,11.633547119140625,0.71337890625,-0.573394775390625,-0.088348388671875
1749220366271538000,11.643537841796874,0.7832794189453125,-0.6002044677734375,-0.2587890625
1749220366281529000,11.653529052734376,0.769683837890625,-0.656097412109375,-0.42401123046875
1749220366291520000,11.66352001953125,0.8592987060546875,-0.6131744384765625,-0.4100341796875
1749220366301510100,11.67351025390625,0.7528839111328125,-0.69464111328125,-0.3067626953125
1749220366311501000,11.6835009765625,0.276763916015625,-1.2165985107421875,-0.515838623046875
1749220366321488400,11.69348828125,-0.036163330078125,-1.881439208984375,-1.10528564453125
1749220366331479300,11.703479248046875,0.2840728759765625,-2.21759033203125,0.053924560546875
1749220366341469400,11.713469482421875,1.3550567626953125,-1.1857147216796875,1.15887451171875
1749220366351460400,11.72346044921875,0.51019287109375,-0.629364013671875,0.124114990234375
1749220366361451300,11.733451171875,1.132354736328125,-0.6049652099609375,-0.0323944091796875
1749220366371442400,11.7434423828125,0.7119140625,-0.9759979248046875,0.332122802734375
1749220366381432600,11.7534326171875,0.52313232421875,-1.457122802734375,0.814361572265625
1749220366391423500,11.763423583984375,0.602783203125,-1.410247802734375,0.744964599609375
1749220366401414400,11.773414306640625,1.0181732177734375,-0.9643707275390625,0.1665191650390625
1749220366411405300,11.7834052734375,0.653564453125,-0.8182830810546875,-0.0833892822265625
1749220366421395500,11.7933955078125,0.6687469482421875,-0.9105682373046875,-0.0377197265625
1749220366431386400,11.803386474609376,0.2252349853515625,-1.0603179931640625,-0.26190185546875
1749220366441377300,11.813377197265625,0.1966400146484375,-1.0103302001953125,-0.1866455078125
1749220366451368400,11.823368408203125,0.2996673583984375,-0.9940643310546875,0.100616455078125
1749220366461359600,11.833359619140625,0.460784912109375,-1.055267333984375,0.1169281005859375
1749220366471349500,11.843349609375,0.43743896484375,-1.08380126953125,-0.07147216796875
1749220366481340400,11.85334033203125,0.315673828125,-1.0554962158203125,-0.110595703125
1749220366491331300,11.863331298828125,0.184417724609375,-1.0198516845703125,-0.05023193359375
1749220366501322500,11.873322509765625,0.0819854736328125,-1.01031494140625,-0.04150390625
1749220366511312400,11.8833125,0.1029510498046875,-0.9987640380859375,-0.0419921875
1749220366521303300,11.89330322265625,0.1189422607421875,-0.9945526123046875,-0.019439697265625
1749220366531294500,11.90329443359375,0.1236724853515625,-0.9922637939453125,0.02398681640625
1749220366541285600,11.91328564453125,0.1570587158203125,-1.0341949462890625,0.0025482177734375
1749220366551275500,11.923275634765625,0.2791290283203125,-1.0806427001953125,-0.034881591796875
1749220366561266400,11.933266357421875,0.3272552490234375,-1.0300445556640625,-0.0574188232421875
1749220366571257300,11.94325732421875,0.3029632568359375,-0.970062255859375,-0.11444091796875
1749220366581248500,11.95324853515625,0.28082275390625,-0.9913330078125,-0.1535186767578125
1749220366591238400,11.96323828125,0.261077880859375,-1.0120697021484375,-0.150054931640625
1749220366601229300,11.973229248046875,0.2189483642578125,-0.9896392822265625,-0.1298980712890625
1749220366611220500,11.983220458984375,0.1716766357421875,-1.03912353515625,-0.1432342529296875
1749220366621211600,11.993211669921875,0.283050537109375,-1.0955047607421875,-0.0816497802734375
1749220366631202600,12.00320263671875,0.332763671875,-1.020782470703125,0.0186920166015625
1749220366641192400,12.0131923828125,0.3592987060546875,-0.973968505859375,0.050048828125
1749220366651183400,12.023183349609376,0.342498779296875,-1.0167694091796875,0.110137939453125
1749220366661174500,12.033174560546875,0.30816650390625,-1.0706787109375,0.1491241455078125
1749220366671165400,12.04316552734375,0.3369903564453125,-1.06866455078125,0.1412811279296875
1749220366681155300,12.0531552734375,0.31756591796875,-1.0258026123046875,0.1320648193359375
1749220366691146500,12.063146484375,0.337310791015625,-1.0154266357421875,0.08880615234375
1749220366701137700,12.0731376953125,0.30682373046875,-1.0063323974609375,-0.02557373046875
1749220366711128600,12.083128662109376,0.2613525390625,-1.0223846435546875,-0.1279754638671875
1749220366721118500,12.093118408203125,0.31854248046875,-1.050628662109375,-0.23284912109375
1749220366731109400,12.103109375,0.3099822998046875,-1.042388916015625,-0.306640625
1749220366741100300,12.113100341796875,0.2566986083984375,-1.0292510986328125,-0.2818145751953125
1749220366751091500,12.123091552734374,0.1367950439453125,-1.0368804931640625,-0.2266387939453125
1749220366761081300,12.133081298828126,0.011444091796875,-1.0305023193359375,-0.178863525390625
1749220366771072500,12.143072509765625,-0.012664794921875,-1.040130615234375,-0.167327880859375
1749220366781063400,12.1530634765625,0.0474700927734375,-1.08447265625,-0.2008514404296875
1749220366791054600,12.1630546875,0.021087646484375,-1.05804443359375,-0.230621337890625
1749220366801044500,12.17304443359375,-0.015533447265625,-0.98480224609375,-0.2132568359375
1749220366811035400,12.183035400390626,0.0128326416015625,-0.994171142578125,-0.1441192626953125
1749220366821026300,12.1930263671875,0.105224609375,-1.093994140625,-0.0597991943359375
1749220366831017500,12.203017578125,0.1633453369140625,-1.150726318359375,0.0445098876953125
1749220366841007400,12.21300732421875,0.1414794921875,-1.1585235595703125,0.1549224853515625
1749220366850998500,12.22299853515625,0.0788421630859375,-1.1839141845703125,0.228302001953125
1749220366860989400,12.232989501953124,-0.0041046142578125,-1.271759033203125,0.255218505859375
1749220366870980600,12.242980712890626,-0.0379791259765625,-1.35284423828125,0.2671051025390625
1749220366880971500,12.252971435546876,-0.0291748046875,-1.4338836669921875,0.2984619140625
1749220366890961400,12.26296142578125,0.0262298583984375,-1.6641082763671875,0.147613525390625
1749220366900952300,12.272952392578125,0.3062744140625,-1.848052978515625,-0.1876068115234375
1749220366910943500,12.282943603515625,0.30535888671875,-1.930572509765625,-0.4382476806640625
1749220366920934400,12.292934326171874,0.3838348388671875,-1.74884033203125,-0.7430267333984375
1749220366930924300,12.30292431640625,0.0350494384765625,-1.6161651611328125,-0.749420166015625
1749220366940915500,12.31291552734375,-0.158233642578125,-1.472808837890625,-0.67437744140625
1749220366950906600,12.32290673828125,-0.13665771484375,-1.27471923828125,-0.6615447998046875
1749220366960897500,12.3328974609375,0.3413848876953125,-0.95513916015625,-0.2321319580078125
1749220366970887400,12.342887451171874,0.284332275390625,-0.865631103515625,-0.0428466796875
1749220366980878300,12.35287841796875,0.166412353515625,-1.263214111328125,-0.357635498046875
1749220366990869500,12.362869384765625,0.98236083984375,-1.24603271484375,-0.331390380859375
1749220367000860400,12.3728603515625,1.18634033203125,-0.75909423828125,-0.1789703369140625
1749220367010850300,12.382850341796875,1.099700927734375,-0.667510986328125,-0.2324371337890625
1749220367020841500,12.392841552734374,1.059417724609375,-0.88226318359375,-0.266326904296875
1749220367030832600,12.40283251953125,0.915191650390625,-0.8405914306640625,-0.1802520751953125
1749220367040823600,12.412823486328126,0.68505859375,-0.6002655029296875,-0.0724639892578125
1749220367050813400,12.4228134765625,0.3987884521484375,-0.4755706787109375,0.029327392578125
1749220367060804400,12.432804443359375,0.1865081787109375,-0.4557037353515625,0.102081298828125
1749220367070795500,12.44279541015625,0.1110687255859375,-0.4354248046875,0.1262969970703125
1749220367080786400,12.452786376953124,0.15313720703125,-0.401702880859375,0.11004638671875
1749220367090777300,12.46277734375,0.2615203857421875,-0.430511474609375,0.046630859375
1749220367100767500,12.472767578125,0.373870849609375,-0.5208740234375,-0.0489654541015625
1749220367110758400,12.48275830078125,0.4371337890625,-0.5912628173828125,-0.1393280029296875
1749220367120749600,12.49274951171875,0.44091796875,-0.573211669921875,-0.18621826171875
1749220367130740500,12.502740478515625,0.4747772216796875,-0.48760986328125,-0.1774444580078125
1749220367140730400,12.51273046875,0.525970458984375,-0.4499664306640625,-0.1445465087890625
1749220367150721300,12.52272119140625,0.5509796142578125,-0.5206451416015625,-0.1045989990234375
1749220367160712400,12.53271240234375,0.5505218505859375,-0.6358489990234375,-0.0526123046875
1749220367170703400,12.542703369140625,0.508026123046875,-0.7191619873046875,0.016632080078125
1749220367180693500,12.552693603515625,0.432281494140625,-0.75726318359375,0.08642578125
1749220367190684400,12.562684326171874,0.392486572265625,-0.7765045166015625,0.1329498291015625
1749220367200675600,12.572675537109374,0.423370361328125,-0.815460205078125,0.1443023681640625
1749220367210666500,12.58266650390625,0.5345458984375,-0.90673828125,0.1277008056640625
1749220367220656400,12.592656494140625,0.762603759765625,-1.0216827392578125,0.11138916015625
1749220367230647300,12.602647216796875,0.8698272705078125,-1.10784912109375,0.0953826904296875
1749220367240638500,12.612638427734375,0.710052490234375,-1.2765350341796875,0.055206298828125
1749220367250629400,12.62262939453125,0.949859619140625,-1.3684234619140625,0.10791015625
1749220367260619500,12.63261962890625,0.604522705078125,-1.347015380859375,0.05108642578125
1749220367270610400,12.6426103515625,0.659515380859375,-1.381072998046875,-0.0984039306640625
1749220367280601600,12.6526015625,0.8656158447265625,-1.416473388671875,-0.127838134765625
1749220367290592500,12.662592529296875,0.956817626953125,-1.433868408203125,-0.108917236328125
1749220367300583400,12.67258349609375,1.291748046875,-1.423004150390625,-0.0399627685546875
1749220367310573300,12.6825732421875,1.261322021484375,-1.45440673828125,-0.111724853515625
1749220367320565000,12.69256494140625,1.1110382080078125,-1.40643310546875,-0.091156005859375
1749220367330556000,12.702555908203125,1.011871337890625,-1.191925048828125,0.0293426513671875
1749220367340547000,12.712547119140625,0.7234039306640625,-0.9367218017578125,0.304962158203125
1749220367350537000,12.722536865234375,0.6563262939453125,-0.70977783203125,0.4325714111328125
1749220367360528000,12.73252783203125,0.6037750244140625,-0.288055419921875,0.2836151123046875
1749220367370519000,12.74251904296875,0.5619964599609375,0.1952667236328125,0.221466064453125
1749220367380510200,12.75251025390625,0.60699462890625,0.22100830078125,0.0704345703125
1749220367390500000,12.7625,0.6388702392578125,-0.2872161865234375,-0.2960968017578125
1749220367400491000,12.772490966796875,0.41314697265625,-1.01806640625,-0.5333404541015625
1749220367410482000,12.78248193359375,0.472320556640625,-1.8095855712890625,-0.91741943359375
1749220367420473000,12.79247314453125,1.260345458984375,-2.1017913818359375,-1.673187255859375
1749220367430463000,12.802462890625,0.3709259033203125,-1.725250244140625,-0.66064453125
1749220367440454000,12.812453857421875,1.4275054931640625,-1.2558746337890625,2.118255615234375
1749220367450445000,12.822445068359375,0.7681121826171875,-1.0922698974609375,1.1749114990234375
1749220367460436200,12.832436279296875,0.87158203125,-0.9307861328125,-0.1720123291015625
1749220367470426000,12.842426025390624,1.6165924072265625,-0.8818511962890625,0.63165283203125
1749220367480417000,12.8524169921875,1.4293365478515625,-0.8950347900390625,0.9636993408203125
1749220367490408000,12.862407958984376,1.1830902099609375,-1.0760345458984375,0.7429046630859375
1749220367500399000,12.872399169921875,1.1549835205078125,-1.1202850341796875,0.582794189453125
1749220367510389000,12.882388916015625,0.6069183349609375,-1.1102294921875,0.0914306640625
1749220367520380000,12.8923798828125,0.501129150390625,-1.05523681640625,-0.1699371337890625
1749220367530371000,12.90237109375,0.5740203857421875,-0.9425201416015625,-0.172882080078125
1749220367540362200,12.9123623046875,0.391876220703125,-0.93426513671875,-0.2889556884765625
1749220367550352100,12.92235205078125,0.368560791015625,-0.998748779296875,-0.2616424560546875
1749220367560343000,12.932343017578125,0.3794097900390625,-1.078857421875,-0.110595703125
1749220367570334000,12.942333984375,0.37091064453125,-1.141143798828125,-0.1568145751953125
1749220367580324900,12.952324951171875,0.2432708740234375,-1.090087890625,-0.261322021484375
1749220367590316000,12.96231591796875,0.1186370849609375,-0.977294921875,-0.212677001953125
1749220367600306000,12.972305908203126,-0.018218994140625,-0.927978515625,-0.163818359375
1749220367610297000,12.982297119140625,-0.0280303955078125,-0.960205078125,-0.1930084228515625
1749220367620288000,12.9922880859375,0.1439056396484375,-1.02423095703125,-0.1635589599609375
1749220367630279200,13.002279052734375,0.248748779296875,-1.0166473388671875,-0.1162109375
1749220367640269000,13.01226904296875,0.208831787109375,-0.96502685546875,-0.1413726806640625
1749220367650260000,13.022260009765626,0.1810760498046875,-0.9565277099609375,-0.209381103515625
1749220367660251000,13.0322509765625,0.1890411376953125,-0.9841156005859375,-0.226898193359375
1749220367670242000,13.042241943359375,0.1236572265625,-1.0183258056640625,-0.158416748046875
1749220367680232000,13.05223193359375,0.08819580078125,-1.141845703125,-0.093048095703125
1749220367690223000,13.06222314453125,0.1700897216796875,-1.209716796875,0.0524139404296875
1749220367700214000,13.072214111328124,0.2003021240234375,-1.0845947265625,0.11859130859375
1749220367710205200,13.082205078125,0.21197509765625,-0.96429443359375,0.07635498046875
1749220367720195000,13.092195068359375,0.237945556640625,-0.943634033203125,0.04058837890625
1749220367730186000,13.10218603515625,0.257293701171875,-0.9781341552734375,-0.0557403564453125
1749220367740177000,13.112177001953125,0.242919921875,-1.0035400390625,-0.219268798828125
1749220367750168000,13.12216796875,0.31573486328125,-0.9614715576171875,-0.25970458984375
1749220367760158000,13.132157958984376,0.2917633056640625,-0.9673614501953125,-0.1275787353515625
1749220367770149000,13.142149169921876,0.39166259765625,-1.012847900390625,-0.1360626220703125
1749220367780140000,13.15214013671875,0.41021728515625,-0.9451904296875,-0.140106201171875
1749220367790131200,13.162131103515625,0.3961334228515625,-0.9657745361328125,-0.016204833984375
1749220367800121000,13.17212109375,0.3641204833984375,-1.075775146484375,0.0019073486328125
1749220367810112000,13.182112060546874,0.3115081787109375,-1.0898284912109375,-0.004302978515625
1749220367820103000,13.19210302734375,0.3336639404296875,-1.0612030029296875,0.0108642578125
1749220367830094000,13.202093994140625,0.3282012939453125,-1.0526123046875,-0.0077362060546875
1749220367840085000,13.2120849609375,0.312652587890625,-1.0438079833984375,-0.066497802734375
1749220367850075000,13.222074951171875,0.216033935546875,-1.0611419677734375,-0.0996246337890625
1749220367860066000,13.232066162109374,0.1366119384765625,-1.127532958984375,-0.1302642822265625
1749220367870057200,13.24205712890625,0.0840606689453125,-1.1389312744140625,-0.1323699951171875
1749220367880048000,13.252048095703126,-0.0010833740234375,-1.1400604248046875,-0.0817718505859375
1749220367890038000,13.2620380859375,-0.060516357421875,-1.1924285888671875,-0.0507049560546875
1749220367900029000,13.27202880859375,-0.045989990234375,-1.214935302734375,0.00433349609375
1749220367910020000,13.28202001953125,-0.08026123046875,-1.2707977294921875,0.0309600830078125
1749220367920011000,13.292010986328124,-0.1284332275390625,-1.386444091796875,0.0462188720703125
1749220367930001000,13.3020009765625,-0.08245849609375,-1.40069580078125,0.17669677734375
1749220367939992000,13.311991943359375,0.0341949462890625,-1.5676116943359375,0.2587890625
1749220367949983200,13.321983154296875,0.2734375,-2.0090789794921875,0.036712646484375
1749220367959974100,13.33197412109375,0.559661865234375,-2.2961578369140625,-0.4398956298828125
1749220367969964000,13.341964111328124,0.2902069091796875,-2.112030029296875,-0.3927154541015625
1749220367979955000,13.351954833984376,-0.0848846435546875,-1.762176513671875,-0.294342041015625
1749220367989945900,13.36194580078125,-0.429412841796875,-1.648895263671875,-0.625823974609375
1749220367999937000,13.37193701171875,-0.2716217041015625,-1.3810577392578125,-0.5638580322265625
1749220368009927000,13.381927001953125,0.147216796875,-1.0316009521484375,-0.5337677001953125
1749220368019918000,13.39191796875,0.478607177734375,-1.084808349609375,-0.45947265625
1749220368029909000,13.401908935546874,0.7961883544921875,-1.1907806396484375,-0.2697601318359375
1749220368039900200,13.411900146484374,1.57708740234375,-0.7935028076171875,-0.3661041259765625
1749220368049890000,13.42189013671875,1.628448486328125,-0.4598846435546875,-0.349853515625
1749220368059881000,13.431880859375,1.230316162109375,-0.66290283203125,-0.216217041015625
1749220368069871900,13.441871826171875,1.038299560546875,-0.975067138671875,0.1033782958984375
1749220368079863000,13.451863037109375,0.683319091796875,-0.8723907470703125,0.283294677734375
1749220368089853000,13.46185302734375,0.1951904296875,-0.5723876953125,0.29132080078125
1749220368099844000,13.471843994140626,-0.1945343017578125,-0.4249725341796875,0.2669830322265625
1749220368109835000,13.4818349609375,-0.2339019775390625,-0.3239593505859375,0.1584625244140625
1749220368119826200,13.491826171875,0.105010986328125,-0.272857666015625,0.0367889404296875
1749220368129817000,13.501817138671875,0.4146728515625,-0.38592529296875,-0.0543212890625
1749220368139807000,13.511806884765624,0.658660888671875,-0.5544586181640625,-0.1568450927734375
1749220368149798000,13.5217978515625,0.724456787109375,-0.5509796142578125,-0.200531005859375
1749220368159789000,13.5317890625,0.596405029296875,-0.3999786376953125,-0.156585693359375
1749220368169780000,13.541780029296875,0.4629058837890625,-0.333709716796875,-0.077850341796875
1749220368179770000,13.55177001953125,0.40130615234375,-0.4161834716796875,0.0315399169921875
1749220368189761000,13.561760986328125,0.372528076171875,-0.5474090576171875,0.1486358642578125
1749220368199752200,13.571752197265624,0.3476104736328125,-0.6394195556640625,0.2230224609375
1749220368209743000,13.5817431640625,0.3325347900390625,-0.672943115234375,0.238983154296875
1749220368219733000,13.59173291015625,0.3279571533203125,-0.6826171875,0.2212982177734375
1749220368229724000,13.601723876953125,0.3609466552734375,-0.7085418701171875,0.1962432861328125
1749220368239715000,13.611715087890625,0.46295166015625,-0.770263671875,0.1575164794921875
1749220368249706000,13.6217060546875,0.6352386474609375,-0.874786376953125,0.1132049560546875
1749220368259696000,13.631696044921876,0.7805633544921875,-1.0069427490234375,0.0843658447265625
1749220368269687000,13.64168701171875,0.8296966552734375,-1.112152099609375,0.0821380615234375
1749220368279678200,13.65167822265625,0.8252105712890625,-1.1300201416015625,0.0824737548828125
1749220368289669000,13.661669189453125,0.744415283203125,-1.10302734375,0.039581298828125
1749220368299659000,13.671658935546875,0.7190704345703125,-1.1106414794921875,-0.030914306640625
1749220368309650000,13.68164990234375,0.8360443115234375,-1.20697021484375,-0.0989837646484375
1749220368319641000,13.69164111328125,1.0060272216796875,-1.3973388671875,-0.1353912353515625
1749220368329631000,13.701630859375,1.142364501953125,-1.548004150390625,-0.11114501953125
1749220368339620900,13.711620849609375,1.1179351806640625,-1.5720367431640625,-0.017547607421875
1749220368349611800,13.72161181640625,1.0129547119140625,-1.550872802734375,0.1168212890625
1749220368359602700,13.731602783203124,1.0636749267578125,-1.43145751953125,0.249481201171875
1749220368369593900,13.74159375,1.074737548828125,-1.2202911376953125,0.312744140625
1749220368379583700,13.751583740234375,0.99249267578125,-0.9676361083984375,0.3838653564453125
1749220368389574700,13.76157470703125,1.102264404296875,-0.7182159423828125,0.202301025390625
1749220368399565800,13.77156591796875,0.76910400390625,-0.3746337890625,-0.0165252685546875
1749220368409557000,13.781556884765624,0.5897674560546875,-0.0264434814453125,0.0677947998046875
1749220368419547000,13.791546875,0.5406951904296875,0.0259552001953125,-0.014862060546875
1749220368429537800,13.801537841796875,0.5566864013671875,-0.2965240478515625,-0.3120574951171875
1749220368439528700,13.81152880859375,0.5247802734375,-0.7564697265625,-0.4418182373046875
1749220368449519900,13.821519775390625,0.2118682861328125,-1.46661376953125,-0.476409912109375
1749220368459509800,13.831509765625,0.7274932861328125,-2.1223602294921875,-1.1078948974609375
1749220368469500700,13.841500732421874,0.72100830078125,-1.925537109375,-1.1460723876953125
1749220368479491600,13.85149169921875,0.78167724609375,-1.2982025146484375,0.4513702392578125
1749220368489482800,13.861482666015625,1.3663177490234375,-0.97235107421875,1.58538818359375
1749220368499474000,13.871473876953125,0.945098876953125,-0.899261474609375,0.5336761474609375
1749220368509463800,13.8814638671875,1.1586761474609375,-1.1110687255859375,0.843353271484375
1749220368519454700,13.891454833984374,1.3808746337890625,-1.0874786376953125,1.220489501953125
1749220368529446000,13.90144580078125,0.9115142822265625,-0.9440460205078125,0.8735809326171875
1749220368539436800,13.911436767578126,0.7597808837890625,-0.9991607666015625,0.8868255615234375
1749220368549426700,13.9214267578125,0.1147308349609375,-0.93023681640625,0.28564453125
1749220368559417600,13.93141748046875,0.3282928466796875,-0.878265380859375,-0.2188720703125
1749220368569408800,13.94140869140625,0.8209991455078125,-0.8681182861328125,-0.2754669189453125
1749220368579400000,13.95139990234375,0.743255615234375,-1.07275390625,-0.4490814208984375
1749220368589389800,13.961389892578126,0.6959075927734375,-1.2375030517578125,-0.757476806640625
1749220368599380700,13.971380615234375,0.4892120361328125,-0.9134368896484375,-0.68658447265625
1749220368609372000,13.981371826171875,0.4451904296875,-0.7131195068359375,-0.60699462890625
1749220368619362800,13.99136279296875,0.5484466552734375,-0.847259521484375,-0.6006927490234375
1749220368629352700,14.001352783203124,0.4664306640625,-1.0608062744140625,-0.34625244140625
1749220368639343600,14.011343505859376,0.240142822265625,-1.2643890380859375,0.044189453125
1749220368649334800,14.021334716796876,0.108154296875,-1.2625732421875,0.3621368408203125
1749220368659326000,14.031325927734375,0.0387420654296875,-0.9655914306640625,0.3946685791015625
1749220368669315800,14.04131591796875,0.1602783203125,-0.763763427734375,0.3522491455078125
1749220368679306800,14.051306640625,0.3473052978515625,-0.863739013671875,0.242431640625
1749220368689298000,14.0612978515625,0.322967529296875,-1.113067626953125,0.01141357421875
1749220368699288800,14.071288818359376,0.2308197021484375,-1.2788238525390625,-0.270416259765625
1749220368709278700,14.08127880859375,0.19189453125,-1.21478271484375,-0.34381103515625
1749220368719269600,14.09126953125,0.219696044921875,-0.9801177978515625,-0.2124481201171875
1749220368729260800,14.1012607421875,0.20361328125,-0.930389404296875,-0.232421875
1749220368739252000,14.111251953125,0.1829986572265625,-1.0746917724609375,-0.165618896484375
1749220368749243000,14.121242919921874,0.2568206787109375,-1.1125946044921875,0.052734375
1749220368759232800,14.131232666015626,0.22418212890625,-0.989654541015625,0.162078857421875
1749220368769223700,14.1412236328125,0.152252197265625,-0.905792236328125,0.2159576416015625
1749220368779214800,14.15121484375,0.2215728759765625,-0.950439453125,0.1756744384765625
1749220368789204700,14.161204833984375,0.2481536865234375,-0.970703125,0.062103271484375
1749220368799195600,14.171195556640624,0.3156890869140625,-0.9388427734375,-0.0176849365234375
1749220368809186800,14.181186767578126,0.370513916015625,-0.934722900390625,-0.1076202392578125
1749220368819178000,14.191177978515626,0.3677825927734375,-0.9373016357421875,-0.1709442138671875
1749220368829167900,14.20116796875,0.375091552734375,-0.94720458984375,-0.2056121826171875
1749220368839158800,14.21115869140625,0.3746795654296875,-0.9701995849609375,-0.2041168212890625
1749220368849149700,14.221149658203124,0.32489013671875,-1.003753662109375,-0.1479339599609375
1749220368859140900,14.231140869140624,0.27911376953125,-1.0380401611328125,-0.10516357421875
1749220368869131800,14.2411318359375,0.2488555908203125,-1.041717529296875,-0.05426025390625
1749220368879121700,14.25112158203125,0.2172698974609375,-1.0303497314453125,-0.0052490234375
1749220368889112800,14.26111279296875,0.206085205078125,-1.0303802490234375,-0.029266357421875
1749220368899104000,14.27110400390625,0.19671630859375,-1.0482635498046875,-0.0849609375
1749220368909095000,14.281094970703125,0.144256591796875,-1.0693206787109375,-0.129974365234375
1749220368919084800,14.291084716796876,0.115936279296875,-1.1111297607421875,-0.1883392333984375
1749220368929075700,14.30107568359375,0.08355712890625,-1.136871337890625,-0.1701202392578125
1749220368939067000,14.31106689453125,0.069488525390625,-1.1654052734375,-0.1213531494140625
1749220368949057800,14.321057861328125,0.077667236328125,-1.219757080078125,-0.071533203125
1749220368959047700,14.331047607421874,0.0348358154296875,-1.3036041259765625,-0.003631591796875
1749220368969038800,14.341038818359374,-0.00677490234375,-1.378753662109375,0.0226593017578125
1749220368979030000,14.351030029296876,-0.0432281494140625,-1.484466552734375,0.074005126953125
1749220368989021000,14.36102099609375,-0.0908966064453125,-1.7861480712890625,0.0378265380859375
1749220368999010800,14.3710107421875,-0.0780792236328125,-2.1433868408203125,-0.1174163818359375
1749220369009001700,14.381001708984375,-0.05230712890625,-2.19091796875,-0.321441650390625
1749220369018993000,14.390992919921874,0.20440673828125,-1.6520233154296875,-0.3798370361328125
1749220369028983800,14.40098388671875,0.1595458984375,-1.573822021484375,-0.2082672119140625
1749220369038973700,14.4109736328125,-0.120452880859375,-1.7428131103515625,-0.21307373046875
1749220369048964900,14.42096484375,-0.333465576171875,-1.5569610595703125,-0.3762969970703125
1749220369058956000,14.4309560546875,-0.2415771484375,-1.3369598388671875,-0.3686676025390625
1749220369068947000,14.440947021484375,0.078277587890625,-1.0376434326171875,-0.3766937255859375
1749220369078936800,14.450936767578124,0.4886932373046875,-0.9655303955078125,-0.2297821044921875
1749220369088927700,14.460927734375,0.508575439453125,-1.114501953125,-0.0632171630859375
1749220369098919000,14.4709189453125,1.0387725830078125,-1.0058441162109375,-0.427764892578125
1749220369108909800,14.480909912109375,1.5509185791015625,-0.591339111328125,-0.5066375732421875
1749220369118900700,14.490900634765625,1.303863525390625,-0.6144256591796875,-0.4204559326171875
1749220369128891000,14.500890869140624,1.1382293701171875,-0.8868560791015625,-0.1414337158203125
1749220369138881800,14.5108818359375,0.793731689453125,-0.9329986572265625,0.1154327392578125
1749220369148873000,14.520873046875,0.3097686767578125,-0.7076873779296875,0.18096923828125
1749220369158864000,14.53086376953125,-0.0825653076171875,-0.5521240234375,0.239776611328125
1749220369168853800,14.540853759765625,-0.1932525634765625,-0.4761810302734375,0.25091552734375
1749220369178844700,14.5508447265625,0.017791748046875,-0.397186279296875,0.17425537109375
1749220369188835800,14.5608359375,0.2827911376953125,-0.4057464599609375,0.1142730712890625
1749220369198826800,14.57082666015625,0.5099334716796875,-0.5251617431640625,0.0610809326171875
1749220369208816600,14.580816650390625,0.59716796875,-0.6085205078125,0.006103515625
1749220369218807800,14.590807861328125,0.541412353515625,-0.5601348876953125,-0.0308685302734375
1749220369228799000,14.600799072265625,0.49969482421875,-0.45941162109375,-0.0224456787109375
1749220369238790000,14.610789794921875,0.4643707275390625,-0.4476776123046875,0.029632568359375
1749220369248779800,14.62077978515625,0.434539794921875,-0.542816162109375,0.0839385986328125
1749220369258770700,14.630770751953126,0.464202880859375,-0.630889892578125,0.1317901611328125
1749220369268761900,14.640761962890625,0.4838714599609375,-0.663482666015625,0.1716766357421875
1749220369278752800,14.650752685546875,0.47900390625,-0.69573974609375,0.193572998046875
1749220369288742700,14.66074267578125,0.4982757568359375,-0.75030517578125,0.197174072265625
1749220369298733800,14.67073388671875,0.560150146484375,-0.8196258544921875,0.1943206787109375
1749220369308725000,14.68072509765625,0.73675537109375,-0.8768310546875,0.185577392578125
1749220369318716000,14.6907158203125,0.8544769287109375,-0.92425537109375,0.206451416015625
1749220369328705800,14.700705810546875,0.865875244140625,-0.973114013671875,0.20184326171875
1749220369338696700,14.71069677734375,0.7675628662109375,-1.01312255859375,0.148468017578125
1749220369348688000,14.72068798828125,0.72088623046875,-1.1006927490234375,0.064361572265625
1749220369358678800,14.7306787109375,0.825347900390625,-1.3133697509765625,0.004913330078125
1749220369368668700,14.740668701171876,0.9601287841796875,-1.578887939453125,-0.0550994873046875
1749220369378659800,14.750659912109375,1.0955352783203125,-1.685150146484375,-0.08868408203125
1749220369388651000,14.760651123046875,1.1766204833984375,-1.5840606689453125,-0.061920166015625
1749220369398642000,14.770641845703125,1.1357574462890625,-1.5022430419921875,-0.027496337890625
1749220369408631800,14.7806318359375,1.0859375,-1.45538330078125,0.032928466796875
1749220369418622700,14.790622802734376,1.0735015869140625,-1.3014984130859375,0.040618896484375
1749220369428614000,14.80061376953125,1.1086273193359375,-1.0620574951171875,0.03424072265625
1749220369438604800,14.810604736328125,0.86322021484375,-0.8486175537109375,0.2887420654296875
1749220369448595700,14.820595703125,0.6856231689453125,-0.6718902587890625,0.4052581787109375
1749220369458585900,14.8305859375,0.41583251953125,-0.3914337158203125,0.275146484375
1749220369468577000,14.840576904296874,0.4762420654296875,-0.1078033447265625,0.133880615234375
1749220369478568000,14.85056787109375,0.6348876953125,-0.122314453125,-0.0992889404296875
1749220369488558800,14.860558837890625,0.743560791015625,-0.40625,-0.3544769287109375
1749220369498548700,14.870548828125,1.0212249755859375,-0.6331939697265625,-0.4120941162109375
1749220369508540000,14.880539794921875,1.1932830810546875,-0.6232147216796875,-0.1936187744140625
1749220369518530800,14.89053076171875,1.0915069580078125,-0.59423828125,0.0840301513671875
1749220369528521700,14.900521728515624,-0.1187286376953125,-1.4610137939453125,-0.004608154296875
1749220369538512000,14.910511962890626,-0.7423858642578125,-2.941009521484375,-1.0561370849609375
1749220369548502800,14.920502685546875,-0.35198974609375,-3.2283172607421875,-0.8974761962890625
1749220369558494000,14.930493896484375,1.6768951416015625,-1.03594970703125,1.5155487060546875
1749220369568484900,14.94048486328125,1.2943267822265625,-0.0178985595703125,0.698699951171875
1749220369578474800,14.950474853515624,0.845855712890625,-0.0368804931640625,-0.353790283203125
1749220369588465700,14.960465576171876,0.7977142333984375,-0.3013916015625,0.0391845703125
1749220369598456800,14.970456787109375,0.6813507080078125,-1.096923828125,0.7494964599609375
1749220369608447700,14.98044775390625,0.6442718505859375,-1.9625244140625,0.891082763671875
1749220369618438000,14.99043798828125,1.10125732421875,-1.6691131591796875,0.7547607421875
1749220369628428800,15.0004287109375,1.0954132080078125,-0.94525146484375,0.4753265380859375
1749220369638420000,15.010419921875,0.6758270263671875,-0.6935882568359375,0.10919189453125
1749220369648411000,15.020410888671876,0.16229248046875,-0.7588043212890625,-0.307403564453125
1749220369658400800,15.03040087890625,0.0550079345703125,-0.979888916015625,-0.533111572265625
1749220369668391700,15.0403916015625,0.196075439453125,-1.095306396484375,-0.308258056640625
1749220369678382800,15.0503828125,0.3866119384765625,-1.007354736328125,0.0987396240234375
1749220369688373800,15.060373779296874,0.5214385986328125,-1.004852294921875,0.049072265625
1749220369698364000,15.070364013671876,0.4140472412109375,-1.1136627197265625,-0.3603057861328125
1749220369708354800,15.080354736328125,0.413665771484375,-1.08050537109375,-0.4427947998046875
1749220369718346000,15.090345947265625,0.386962890625,-0.9528350830078125,-0.15106201171875
1749220369728337000,15.1003369140625,0.2674102783203125,-0.96087646484375,0.0045928955078125
1749220369738327800,15.110327880859375,0.1326141357421875,-1.0610198974609375,-0.0418548583984375
1749220369748317700,15.120317626953126,0.122528076171875,-1.126434326171875,-0.0036468505859375
1749220369758308900,15.130308837890626,0.2660980224609375,-1.0550384521484375,0.11029052734375
1749220369768299800,15.1402998046875,0.2975006103515625,-0.9240264892578125,0.1017913818359375
1749220369778290700,15.150290771484375,0.3942108154296875,-0.907379150390625,0.0210113525390625
1749220369788280800,15.16028076171875,0.3716583251953125,-0.962615966796875,-0.059783935546875
1749220369798272000,15.17027197265625,0.29644775390625,-1.013702392578125,-0.1374969482421875
1749220369808263000,15.180262939453126,0.2839202880859375,-1.033966064453125,-0.207244873046875
1749220369818253800,15.19025390625,0.2557220458984375,-0.9187774658203125,-0.1374664306640625
1749220369828243700,15.20024365234375,0.1938629150390625,-0.8822479248046875,-0.0237274169921875
1749220369838235000,15.21023486328125,0.2211151123046875,-0.9952545166015625,-0.0760650634765625
1749220369848225800,15.220225830078125,0.2494964599609375,-1.0560150146484375,-0.1538238525390625
1749220369858216700,15.230216796875,0.3050994873046875,-1.0272369384765625,-0.13671875
1749220369868206800,15.240206787109376,0.3007354736328125,-0.9996490478515625,-0.0977020263671875
1749220369878198000,15.250197998046875,0.279510498046875,-0.9891357421875,-0.067779541015625
1749220369888189000,15.26018896484375,0.267547607421875,-0.998565673828125,-0.0165863037109375
1749220369898179800,15.270179931640625,0.2236480712890625,-1.0006103515625,0.037017822265625
1749220369908169700,15.280169677734374,0.2132415771484375,-1.011383056640625,0.0289306640625
1749220369918161000,15.290160888671876,0.2299652099609375,-1.028289794921875,-0.02789306640625
1749220369928151800,15.30015185546875,0.2130126953125,-1.055999755859375,-0.11962890625
1749220369938142700,15.310142822265625,0.2243499755859375,-1.08203125,-0.1883392333984375
1749220369948132900,15.3201328125,0.2387237548828125,-1.0205841064453125,-0.1407623291015625
1749220369958123800,15.330123779296875,0.2259063720703125,-1.0089874267578125,-0.1054534912109375
1749220369968115000,15.340114990234374,0.2212066650390625,-1.0606689453125,-0.102813720703125
1749220369978105900,15.35010595703125,0.2674713134765625,-1.052947998046875,-0.079193115234375
1749220369988096800,15.3600966796875,0.2664642333984375,-1.0640411376953125,-0.07666015625
1749220369998086700,15.370086669921875,0.1800384521484375,-1.147674560546875,-0.09381103515625
1749220370008077800,15.380077880859375,0.1450042724609375,-1.19158935546875,-0.1151580810546875
1749220370018068700,15.39006884765625,0.102325439453125,-1.2034454345703125,-0.0926971435546875
1749220370028059600,15.4000595703125,0.1492156982421875,-1.2447052001953125,-0.043792724609375
1749220370038049800,15.4100498046875,0.20562744140625,-1.2630767822265625,0.0172271728515625
1749220370048041000,15.420041015625,0.166961669921875,-1.252349853515625,0.0894012451171875
1749220370058031900,15.430031982421875,0.077178955078125,-1.29925537109375,0.1590118408203125
1749220370068022800,15.440022705078125,0.0227508544921875,-1.356048583984375,0.2268218994140625
1749220370078012700,15.4500126953125,-0.0120697021484375,-1.4116058349609375,0.2881317138671875
1749220370088003800,15.46000390625,-0.029052734375,-1.511932373046875,0.2997894287109375
1749220370097994800,15.469994873046875,-0.033447265625,-1.6736602783203125,0.22955322265625
1749220370107985700,15.479985595703125,0.117401123046875,-1.795074462890625,0.0451202392578125
1749220370117975800,15.489975830078125,0.053070068359375,-2.1029815673828125,-0.301849365234375
1749220370127967000,15.499967041015625,0.035125732421875,-2.32647705078125,-1.063690185546875
1749220370137958000,15.5099580078125,-0.01092529296875,-1.7524566650390625,-1.1620941162109375
1749220370147948800,15.51994873046875,-0.05487060546875,-1.203643798828125,-0.7894134521484375
1749220370157938700,15.529938720703125,0.102294921875,-0.9843292236328125,-0.6248931884765625
1749220370167929900,15.539929931640625,0.41943359375,-0.7258758544921875,-0.1715850830078125
1749220370177920800,15.549920654296875,0.0584259033203125,-0.8836517333984375,-0.0831756591796875
1749220370187911700,15.55991162109375,0.29754638671875,-1.192108154296875,-0.238739013671875
1749220370197901800,15.56990185546875,1.254547119140625,-0.925140380859375,-0.1115875244140625
1749220370207893000,15.57989306640625,1.3225860595703125,-0.56866455078125,0.00244140625
1749220370217884000,15.5898837890625,1.19091796875,-0.714599609375,-0.0086517333984375
1749220370227874800,15.599874755859375,1.058746337890625,-1.0129852294921875,-0.0834197998046875
1749220370237864700,15.60986474609375,0.7576904296875,-0.9043121337890625,-0.1250457763671875
1749220370247855900,15.61985595703125,0.437103271484375,-0.5901947021484375,-0.1187286376953125
1749220370257846800,15.6298466796875,0.0944366455078125,-0.4152069091796875,-0.06549072265625
1749220370267837700,15.639837646484375,-0.178680419921875,-0.3710784912109375,-0.098297119140625
1749220370277828600,15.64982861328125,-0.01080322265625,-0.4000244140625,-0.218292236328125
1749220370287819000,15.659819091796875,0.35443115234375,-0.51007080078125,-0.24481201171875
1749220370297810000,15.669809814453124,0.679718017578125,-0.626953125,-0.2046661376953125
1749220370307800800,15.67980078125,0.8031158447265625,-0.630218505859375,-0.1878204345703125
1749220370317791700,15.689791748046876,0.7473602294921875,-0.518218994140625,-0.1533355712890625
1749220370327782100,15.6997822265625,0.5618896484375,-0.44964599609375,-0.1133880615234375
1749220370337773300,15.709773193359375,0.398651123046875,-0.4755096435546875,-0.0602874755859375
1749220370347764200,15.71976416015625,0.386322021484375,-0.5415496826171875,0.0181884765625
1749220370357755100,15.729755126953124,0.44134521484375,-0.6226806640625,0.060394287109375
1749220370367745300,15.739745361328126,0.496826171875,-0.6937408447265625,0.06982421875
1749220370377736400,15.749736328125,0.5383453369140625,-0.730743408203125,0.0750732421875
1749220370387727400,15.759727294921875,0.5482025146484375,-0.7386474609375,0.082733154296875
1749220370397718300,15.76971826171875,0.588653564453125,-0.76641845703125,0.0977325439453125
1749220370407708200,15.779708251953124,0.6887664794921875,-0.8579254150390625,0.1278839111328125
1749220370417699300,15.78969921875,0.7798919677734375,-0.9989471435546875,0.1657562255859375
1749220370427690200,15.799690185546876,0.7780303955078125,-1.11962890625,0.184539794921875
1749220370437681200,15.80968115234375,0.7397003173828125,-1.1605682373046875,0.1467437744140625
1749220370447671300,15.81967138671875,0.7270660400390625,-1.1502227783203125,0.0531463623046875
1749220370457662500,15.829662353515625,0.8217010498046875,-1.1728515625,-0.0276641845703125
1749220370467653400,15.8396533203125,0.9279022216796875,-1.3121185302734375,-0.13201904296875
1749220370477644300,15.849644287109374,1.135833740234375,-1.4789886474609375,-0.1954498291015625
1749220370487634200,15.85963427734375,1.199798583984375,-1.475128173828125,-0.21875
1749220370497625300,15.869625244140625,1.0363006591796875,-1.3532257080078125,-0.24127197265625
1749220370507616300,15.8796162109375,0.8303070068359375,-1.2738037109375,-0.15216064453125
1749220370517607200,15.889607177734375,0.7880401611328125,-1.1845550537109375,-0.0120849609375
1749220370527597300,15.899597412109374,0.9180908203125,-1.0565643310546875,0.0803985595703125
1749220370537588500,15.90958837890625,0.8353118896484375,-0.9609527587890625,0.3045806884765625
1749220370547579400,15.919579345703125,0.84075927734375,-0.840301513671875,0.4313507080078125
1749220370557570300,15.9295703125,0.6503143310546875,-0.5952911376953125,0.2875823974609375
1749220370567561200,15.939561279296875,0.5368194580078125,-0.3067169189453125,0.17926025390625
1749220370577551400,15.94955126953125,0.6124267578125,-0.22784423828125,0.0579681396484375
1749220370587542300,15.959542236328126,0.692230224609375,-0.432525634765625,-0.2239837646484375
1749220370597533200,15.969533203125,0.7812042236328125,-0.7025299072265625,-0.43402099609375
1749220370607524000,15.979524169921875,0.9288482666015625,-0.7817230224609375,-0.3890380859375
1749220370617514500,15.989514404296875,0.973480224609375,-0.6404571533203125,-0.195220947265625
1749220370627505400,15.99950537109375,0.316925048828125,-0.9643402099609375,-0.190887451171875
1749220370637496300,16.009496337890624,0.1044158935546875,-1.9679107666015625,-0.877166748046875
1749220370647487200,16.0194873046875,0.37786865234375,-2.5998687744140625,-1.525726318359375
1749220370657477000,16.02947705078125,0.9929656982421875,-1.6168365478515625,-0.2484588623046875
1749220370667468300,16.03946826171875,1.1340484619140625,-0.5447540283203125,1.5516357421875
1749220370677459200,16.049459228515627,0.590911865234375,-0.539398193359375,0.7407989501953125
1749220370687450000,16.0594501953125,0.759979248046875,-0.7314453125,0.1471710205078125
1749220370697440300,16.069440185546874,1.29327392578125,-1.0428466796875,0.780029296875
1749220370707431400,16.079431396484374,0.8110504150390625,-1.4821624755859375,1.3791351318359375
1749220370717422300,16.08942236328125,0.705841064453125,-1.432830810546875,1.2400054931640625
1749220370727413200,16.099413330078125,1.0404510498046875,-0.9874114990234375,0.5498199462890625
1749220370737403100,16.109403076171876,0.81976318359375,-0.7893524169921875,0.12823486328125
1749220370747394300,16.119394287109376,0.6943817138671875,-0.9002838134765625,-0.0677947998046875
1749220370757385200,16.12938525390625,0.36199951171875,-1.1457977294921875,-0.520721435546875
1749220370767376100,16.139376220703124,0.189056396484375,-1.1052703857421875,-0.76861572265625
1749220370777366300,16.1493662109375,0.2798919677734375,-0.758880615234375,-0.5141448974609375
1749220370787357400,16.159357421875,0.3590087890625,-0.73101806640625,-0.335296630859375
1749220370797348400,16.169348388671875,0.3922271728515625,-1.006134033203125,-0.4144439697265625
1749220370807339300,16.17933935546875,0.2864837646484375,-1.154815673828125,-0.3887939453125
1749220370817329200,16.1893291015625,0.2121429443359375,-1.12298583984375,-0.109039306640625
1749220370827320300,16.1993203125,0.1170806884765625,-1.0518646240234375,0.1329345703125
1749220370837311200,16.209311279296877,0.0093536376953125,-1.0019989013671875,0.1651611328125
1749220370847302100,16.21930224609375,-0.0067901611328125,-0.9639892578125,0.126861572265625
1749220370857293300,16.229293212890624,0.0682830810546875,-0.9748382568359375,0.084564208984375
1749220370867283500,16.239283447265624,0.222625732421875,-1.03643798828125,0.0203704833984375
1749220370877274400,16.2492744140625,0.3205718994140625,-1.035247802734375,-0.0417938232421875
1749220370887265300,16.259265380859375,0.2460174560546875,-1.0036163330078125,-0.113189697265625
1749220370897256400,16.26925634765625,0.2310333251953125,-0.9952392578125,-0.245147705078125
1749220370907246300,16.279246337890626,0.2184600830078125,-0.96624755859375,-0.3105621337890625
1749220370917237200,16.2892373046875,0.1821136474609375,-0.9486083984375,-0.2321624755859375
1749220370927228200,16.299228271484374,0.118377685546875,-1.0204315185546875,-0.1424560546875
1749220370937219000,16.309218994140625,0.147857666015625,-1.102874755859375,-0.079498291015625
1749220370947209500,16.31920947265625,0.180572509765625,-1.0807647705078125,0.0197601318359375
1749220370957200400,16.329200439453125,0.1993560791015625,-0.9874420166015625,0.0330352783203125
1749220370967191300,16.33919140625,0.2110748291015625,-0.965850830078125,0.0045928955078125
1749220370977182200,16.34918212890625,0.23779296875,-1.0140533447265625,0.011810302734375
1749220370987172400,16.35917236328125,0.251434326171875,-1.0406951904296875,0.003631591796875
1749220370997163300,16.369163330078123,0.2685394287109375,-1.023681640625,-0.0144195556640625
1749220371007154200,16.379154296875,0.353912353515625,-0.9689178466796875,-0.0308380126953125
1749220371017145000,16.38914501953125,0.3717498779296875,-0.9248046875,-0.0996551513671875
1749220371027135500,16.399135498046874,0.3239593505859375,-0.965087890625,-0.0982208251953125
1749220371037126400,16.40912646484375,0.329071044921875,-1.0084228515625,-0.126800537109375
1749220371047117300,16.419117431640625,0.2896270751953125,-1.0064697265625,-0.1565093994140625
1749220371057108200,16.429108154296873,0.2922821044921875,-1.0458526611328125,-0.1294097900390625
1749220371067098000,16.43909814453125,0.2953948974609375,-1.0605621337890625,-0.1080169677734375
1749220371077089300,16.44908935546875,0.233795166015625,-1.035614013671875,-0.07904052734375
1749220371087080200,16.459080078125,0.23541259765625,-1.0595855712890625,-0.0546875
1749220371097071000,16.469071044921876,0.299041748046875,-1.120269775390625,-0.063385009765625
1749220371107061200,16.479061279296875,0.2370452880859375,-1.173126220703125,-0.04217529296875
1749220371117052400,16.489052490234375,0.2088470458984375,-1.21759033203125,-0.012664794921875
1749220371127043300,16.499043212890626,0.229400634765625,-1.22674560546875,0.0367889404296875
1749220371137034200,16.5090341796875,0.1705169677734375,-1.28900146484375,0.073516845703125
1749220371147025400,16.519025390625,0.109771728515625,-1.330078125,0.104400634765625
1749220371157015300,16.529015380859374,0.028076171875,-1.3704071044921875,0.2099151611328125
1749220371167006200,16.539006103515625,-0.0545806884765625,-1.635955810546875,0.22625732421875
1749220371176997000,16.5489970703125,-0.1256561279296875,-1.949493408203125,0.0671844482421875
1749220371186988300,16.55898828125,0.001434326171875,-1.9497222900390625,-0.0590362548828125
1749220371196978400,16.568978515625,0.2153472900390625,-1.81805419921875,-0.160247802734375
1749220371206969300,16.57896923828125,0.2494354248046875,-1.815399169921875,-0.5102996826171875
1749220371216960300,16.588960205078124,0.27886962890625,-1.9252471923828125,-0.8551025390625
1749220371226951400,16.598951416015623,0.1709747314453125,-1.6357879638671875,-0.6257171630859375
1749220371236941300,16.60894140625,0.109466552734375,-1.298004150390625,-0.5540008544921875
1749220371246932200,16.61893212890625,0.3805084228515625,-1.0027313232421875,-0.2081146240234375
1749220371256923100,16.628923095703126,0.3112945556640625,-0.856231689453125,0.1835784912109375
1749220371266914300,16.638914306640626,-0.0817718505859375,-1.146240234375,-0.129302978515625
1749220371276904400,16.648904541015625,0.701141357421875,-1.1827239990234375,-0.2449798583984375
1749220371286895400,16.658895263671877,1.3318023681640625,-0.6484527587890625,-0.02642822265625
1749220371296886300,16.66888623046875,1.296600341796875,-0.413909912109375,0.0891876220703125
1749220371306877400,16.67887744140625,1.21575927734375,-0.7207489013671875,0.013336181640625
1749220371316867300,16.688867431640624,1.0851287841796875,-0.9208221435546875,-0.0773468017578125
1749220371326857700,16.698857666015623,0.7952728271484375,-0.6787567138671875,-0.0305023193359375
1749220371336849000,16.708848876953127,0.4462738037109375,-0.450103759765625,0.0398712158203125
1749220371346839800,16.71883984375,0.0416717529296875,-0.3842315673828125,0.0382080078125
1749220371356830000,16.728829833984374,-0.2341156005859375,-0.3806304931640625,-0.0757598876953125
1749220371366820900,16.73882080078125,-0.043548583984375,-0.363922119140625,-0.2095947265625
1749220371376812000,16.74881201171875,0.287933349609375,-0.3979644775390625,-0.2279052734375
1749220371386803000,16.758802978515625,0.5843505859375,-0.5008392333984375,-0.226806640625
1749220371396793900,16.7687939453125,0.69207763671875,-0.5618438720703125,-0.248443603515625
1749220371406783700,16.77878369140625,0.5995330810546875,-0.5091552734375,-0.1988983154296875
1749220371416775000,16.78877490234375,0.50445556640625,-0.4455718994140625,-0.067230224609375
1749220371426765800,16.798765869140624,0.4380340576171875,-0.4684600830078125,0.0863800048828125
1749220371436756700,16.8087568359375,0.3685302734375,-0.556427001953125,0.1939697265625
1749220371446747000,16.818746826171875,0.3292083740234375,-0.653656005859375,0.2296600341796875
1749220371456738000,16.828738037109375,0.3404998779296875,-0.727325439453125,0.2512664794921875
1749220371466729000,16.83872900390625,0.3871917724609375,-0.7638092041015625,0.2796783447265625
1749220371476719900,16.848719970703126,0.438140869140625,-0.77557373046875,0.271820068359375
1749220371486709800,16.858709716796874,0.542816162109375,-0.81884765625,0.218231201171875
1749220371496700700,16.86870068359375,0.661895751953125,-0.932586669921875,0.163787841796875
1749220371506691800,16.87869189453125,0.726470947265625,-1.072235107421875,0.1381378173828125
1749220371516682800,16.888682861328125,0.773162841796875,-1.1942596435546875,0.1157989501953125
1749220371526673000,16.8986728515625,0.81329345703125,-1.2921142578125,0.0671844482421875
1749220371536663800,16.908663818359376,0.85723876953125,-1.405242919921875,-0.0351409912109375
1749220371546655000,16.918655029296875,0.99017333984375,-1.5174102783203125,-0.1357879638671875
1749220371556646000,16.92864599609375,1.17626953125,-1.526611328125,-0.1136474609375
1749220371566635800,16.9386357421875,1.1923675537109375,-1.451171875,-0.066986083984375
1749220371576626700,16.948626708984374,0.98016357421875,-1.4629974365234375,-0.1264801025390625
1749220371586617900,16.958617919921874,0.838134765625,-1.4698028564453125,-0.066650390625
1749220371596608800,16.96860888671875,0.7118377685546875,-1.3729400634765625,0.008514404296875
1749220371606599700,16.978599609375,0.8807525634765625,-1.153472900390625,0.1123046875
1749220371616589800,16.98858984375,0.854217529296875,-0.9686737060546875,0.3286895751953125
1749220371626581000,16.9985810546875,0.77532958984375,-0.73291015625,0.5241851806640625
1749220371636572000,17.008572021484376,0.33203125,-0.21514892578125,0.5421905517578125
1749220371646562800,17.018562744140624,0.2134246826171875,0.2625579833984375,0.318359375
1749220371656552700,17.028552734375,0.35491943359375,0.106292724609375,-0.0563812255859375
1749220371666543900,17.0385439453125,0.527923583984375,-0.5814056396484375,-0.4288787841796875
1749220371676534800,17.04853466796875,0.95684814453125,-1.1572418212890625,-0.598419189453125
1749220371686525700,17.058525634765626,1.251556396484375,-0.984344482421875,-0.34637451171875
1749220371696515800,17.068515869140626,1.190155029296875,-0.4058990478515625,0.010833740234375
1749220371706507000,17.078507080078126,0.8189239501953125,-0.3679656982421875,0.069305419921875
1749220371716498000,17.088497802734373,0.0469970703125,-1.2500762939453125,-0.054595947265625
1749220371726488800,17.09848876953125,-0.1112518310546875,-2.818359375,-0.87493896484375
1749220371736478700,17.108478759765624,0.1826629638671875,-3.1665191650390625,-1.24102783203125
1749220371746470000,17.118469970703124,1.1713409423828125,-1.2553253173828125,0.5566253662109375
1749220371756460800,17.128460693359376,0.9817657470703125,-0.180206298828125,1.5116729736328125
1749220371766451700,17.13845166015625,0.662750244140625,-0.279571533203125,0.267852783203125
1749220371776441900,17.14844189453125,0.9331512451171875,-0.6746063232421875,0.01776123046875
1749220371786433000,17.15843310546875,0.9801483154296875,-1.3087310791015625,0.8556365966796875
1749220371796424000,17.168423828125,0.7594146728515625,-1.7308807373046875,0.94842529296875
1749220371806414800,17.178414794921874,0.6462860107421875,-1.270660400390625,0.2173919677734375
1749220371816404700,17.18840478515625,1.016448974609375,-0.8143310546875,0.3014678955078125
1749220371826396000,17.19839599609375,0.8599395751953125,-0.81439208984375,0.166900634765625
1749220371836386800,17.20838671875,0.4463348388671875,-0.9120941162109375,-0.34423828125
1749220371846377700,17.218377685546876,0.219757080078125,-0.931488037109375,-0.5688629150390625
1749220371856367900,17.228367919921876,0.2063751220703125,-0.873992919921875,-0.3513031005859375
1749220371866359000,17.238359130859376,0.417633056640625,-0.920074462890625,0.0004425048828125
1749220371876350000,17.248349853515624,0.583526611328125,-1.0772552490234375,0.234405517578125
1749220371886340900,17.2583408203125,0.3882904052734375,-1.1959228515625,0.2182769775390625
1749220371896331800,17.268331787109375,0.2149810791015625,-1.24066162109375,0.066375732421875
1749220371906321700,17.27832177734375,0.2288360595703125,-1.0757293701171875,0.0944061279296875
1749220371916312800,17.288312744140626,0.208984375,-0.8900146484375,0.12579345703125
1749220371926303700,17.2983037109375,0.136016845703125,-0.8786773681640625,-0.015899658203125
1749220371936295000,17.308294921875,0.106201171875,-0.9874725341796875,-0.2045745849609375
1749220371946284800,17.318284912109377,0.151702880859375,-1.0961761474609375,-0.2596893310546875
1749220371956276000,17.32827587890625,0.3458099365234375,-1.09130859375,-0.2321319580078125
1749220371966267000,17.338266845703124,0.41558837890625,-0.974273681640625,-0.2067413330078125
1749220371976257800,17.3482578125,0.3651580810546875,-0.919586181640625,-0.1622314453125
1749220371986247700,17.35824755859375,0.3169708251953125,-0.985687255859375,-0.1065826416015625
1749220371996238800,17.36823876953125,0.2904052734375,-1.0339202880859375,-0.0650482177734375
1749220372006229800,17.378229736328127,0.240875244140625,-1.0556640625,-0.0052947998046875
1749220372016221000,17.388220947265626,0.21417236328125,-1.11553955078125,0.0572052001953125
1749220372026210800,17.3982109375,0.256927490234375,-1.12750244140625,0.117645263671875
1749220372036202000,17.408201904296874,0.3135986328125,-1.032379150390625,0.0866241455078125
1749220372046193000,17.41819287109375,0.2756500244140625,-0.94573974609375,-0.001556396484375
1749220372056183800,17.428183837890625,0.29229736328125,-0.94000244140625,-0.06561279296875
1749220372066173700,17.438173583984376,0.32830810546875,-0.9554901123046875,-0.1364898681640625
1749220372076164900,17.448164794921876,0.2988433837890625,-0.9546051025390625,-0.18695068359375
1749220372086155800,17.45815576171875,0.266998291015625,-0.9637451171875,-0.1956024169921875
1749220372096147000,17.46814697265625,0.25048828125,-0.9755096435546875,-0.2072906494140625
1749220372106136800,17.47813671875,0.221221923828125,-1.005218505859375,-0.2452850341796875
1749220372116128000,17.4881279296875,0.304443359375,-1.0123748779296875,-0.2385406494140625
1749220372126119000,17.498118896484375,0.285430908203125,-0.92559814453125,-0.1785888671875
1749220372136109800,17.50810986328125,0.259735107421875,-0.9028167724609375,-0.1027679443359375
1749220372146101000,17.51810107421875,0.2332305908203125,-0.9707794189453125,-0.0703277587890625
1749220372156091000,17.5280908203125,0.2136383056640625,-1.0247802734375,-0.058349609375
1749220372166081800,17.538081787109373,0.1622314453125,-1.021636962890625,-0.07275390625
1749220372176073000,17.548072998046877,0.135223388671875,-1.0004119873046875,-0.0951690673828125
1749220372186064000,17.55806396484375,0.1367645263671875,-1.02081298828125,-0.121826171875
1749220372196054000,17.568053955078124,0.1572723388671875,-1.0709991455078125,-0.1522674560546875
1749220372206045000,17.578044921875,0.176605224609375,-1.1051788330078125,-0.166473388671875
1749220372216035800,17.588035888671875,0.139617919921875,-1.1460113525390625,-0.114166259765625
1749220372226026800,17.59802685546875,0.1178131103515625,-1.1910247802734375,0.0046234130859375
1749220372236017000,17.608016845703126,0.1276397705078125,-1.205535888671875,0.115570068359375
1749220372246007800,17.6180078125,0.119476318359375,-1.2781982421875,0.141510009765625
1749220372255999000,17.6279990234375,0.050689697265625,-1.3370819091796875,0.1924591064453125
1749220372265990000,17.637989990234374,-0.0569305419921875,-1.342987060546875,0.2630462646484375
1749220372275980000,17.64797998046875,-0.1369781494140625,-1.434173583984375,0.3052825927734375
1749220372285971000,17.657970947265625,-0.182708740234375,-1.74761962890625,0.265716552734375
1749220372295961900,17.6679619140625,-0.13397216796875,-1.976531982421875,0.1228179931640625
1749220372305952800,17.677952880859376,0.05718994140625,-1.91668701171875,0.036285400390625
1749220372315942700,17.687942626953124,0.2422332763671875,-1.7298736572265625,-0.1622772216796875
1749220372325934800,17.697934814453124,0.1480255126953125,-1.71746826171875,-0.37603759765625
1749220372335925800,17.70792578125,0.17779541015625,-1.8929443359375,-0.8329010009765625
1749220372345917000,17.7179169921875,-0.0635833740234375,-1.6361541748046875,-0.7313995361328125
1749220372355907800,17.727907958984375,-0.137298583984375,-1.3105621337890625,-0.7164306640625
1749220372365898000,17.73789794921875,0.200775146484375,-1.0356903076171875,-0.5399169921875
1749220372375889000,17.747888916015626,0.399871826171875,-0.840850830078125,-0.06646728515625
1749220372385880000,17.757880126953125,-0.061614990234375,-1.1323394775390625,-0.2263031005859375
1749220372395871000,17.76787109375,0.5650634765625,-1.272735595703125,-0.394378662109375
1749220372405860900,17.77786083984375,1.4223785400390625,-0.7094879150390625,-0.196380615234375
1749220372415851800,17.787851806640624,1.2975616455078125,-0.3614501953125,-0.01873779296875
1749220372425843000,17.797843017578124,1.19561767578125,-0.605682373046875,-0.0000457763671875
1749220372435833900,17.807833740234376,1.072113037109375,-0.85260009765625,-0.003753662109375
1749220372445824000,17.817823974609375,0.8175811767578125,-0.6777191162109375,0.05499267578125
1749220372455815000,17.82781494140625,0.5207061767578125,-0.43829345703125,0.174102783203125
1749220372465805800,17.837805908203126,0.1605377197265625,-0.344573974609375,0.246246337890625
1749220372475797000,17.847796875,-0.0850982666015625,-0.31610107421875,0.153350830078125
1749220372485787000,17.857786865234374,-0.016876220703125,-0.2701263427734375,0.0101776123046875
1749220372495777800,17.86777783203125,0.1911468505859375,-0.300201416015625,-0.05792236328125
1749220372505768700,17.877768798828125,0.4443359375,-0.4698944091796875,-0.1378326416015625
1749220372515759900,17.887759765625,0.6192169189453125,-0.62939453125,-0.256591796875
1749220372525750000,17.89775,0.646209716796875,-0.6059722900390625,-0.294586181640625
1749220372535741000,17.907740966796876,0.5566558837890625,-0.4456634521484375,-0.2415313720703125
1749220372545731800,17.91773193359375,0.462890625,-0.38861083984375,-0.15960693359375
1749220372555723000,17.927722900390624,0.425140380859375,-0.5121612548828125,-0.0796661376953125
1749220372565714000,17.9377138671875,0.4310302734375,-0.6981964111328125,0.0128326416015625
1749220372575703800,17.947703857421875,0.48870849609375,-0.8395843505859375,0.1302032470703125
1749220372585694700,17.95769482421875,0.501556396484375,-0.8924407958984375,0.222412109375
1749220372595686000,17.967685791015626,0.50927734375,-0.8932647705078125,0.28192138671875
1749220372605676800,17.9776767578125,0.5916595458984375,-0.902740478515625,0.32806396484375
1749220372615667000,17.9876669921875,0.6725311279296875,-0.953765869140625,0.3121490478515625
1749220372625657900,17.997657958984377,0.725311279296875,-1.04559326171875,0.240997314453125
1749220372635649000,18.00764892578125,0.7175750732421875,-1.133636474609375,0.150604248046875
1749220372645640000,18.017639892578124,0.7176666259765625,-1.2142791748046875,0.059600830078125
1749220372655629800,18.0276298828125,0.7748870849609375,-1.30596923828125,0.0068206787109375
1749220372665620700,18.037620849609375,0.8627471923828125,-1.4028167724609375,-0.0499725341796875
1749220372675612000,18.04761181640625,1.0109100341796875,-1.471771240234375,-0.0925750732421875
1749220372685602800,18.057602783203127,1.1438140869140625,-1.4697723388671875,-0.069549560546875
1749220372695593000,18.067593017578126,1.117401123046875,-1.4240264892578125,-0.0330810546875
1749220372705583900,18.077583984375,0.9584503173828125,-1.3762664794921875,-0.0050048828125
1749220372715575000,18.087574951171874,0.810821533203125,-1.28253173828125,0.01806640625
1749220372725566000,18.09756591796875,0.836822509765625,-1.077606201171875,0.013214111328125
1749220372735555800,18.107555908203125,0.7476959228515625,-0.8909149169921875,0.133544921875
1749220372745546800,18.117546630859376,0.7456207275390625,-0.751800537109375,0.3694305419921875
1749220372755538000,18.127537841796876,0.5203399658203125,-0.5428466796875,0.470672607421875
1749220372765528800,18.13752880859375,0.3635101318359375,-0.2520904541015625,0.450286865234375
1749220372775519700,18.147519775390624,0.4315643310546875,-0.1433868408203125,0.26458740234375
1749220372785510000,18.157510009765623,0.4812774658203125,-0.4272308349609375,-0.018585205078125
1749220372795501000,18.1675009765625,0.5898284912109375,-0.79901123046875,-0.245208740234375
1749220372805492000,18.177491943359374,0.8714752197265625,-0.8764495849609375,-0.3040924072265625
1749220372815483000,18.18748291015625,1.0344085693359375,-0.6492767333984375,-0.2006988525390625
1749220372825472800,18.19747265625,0.6788787841796875,-0.6111297607421875,-0.162506103515625
1749220372835464000,18.2074638671875,-0.2807769775390625,-1.4586944580078125,-0.4059906005859375
1749220372845454800,18.217454833984377,0.1873626708984375,-2.4367218017578125,-1.085601806640625
1749220372855445800,18.22744580078125,0.332977294921875,-2.059906005859375,-0.986663818359375
1749220372865436000,18.237435791015624,1.17132568359375,-0.8544921875,0.420257568359375
1749220372875426800,18.2474267578125,0.9978485107421875,-0.4301300048828125,1.1080474853515625
1749220372885418000,18.25741796875,1.053985595703125,-0.6733856201171875,0.3091888427734375
1749220372895409000,18.267408935546875,1.7150115966796875,-1.1661376953125,-0.1739044189453125
1749220372905398800,18.277398681640626,0.9139862060546875,-1.8013153076171875,0.073944091796875
1749220372915389700,18.2873896484375,1.631011962890625,-1.545806884765625,1.162200927734375
1749220372925380900,18.297380859375,0.4534759521484375,-1.0350799560546875,1.083648681640625
1749220372935371800,18.307371826171874,0.1265411376953125,-0.6399688720703125,0.526611328125
1749220372945362000,18.31736181640625,0.24627685546875,-0.5415191650390625,0.2570343017578125
1749220372955352800,18.327352783203125,0.4275665283203125,-0.8397369384765625,0.1908721923828125
1749220372965344000,18.337343994140625,0.67742919921875,-1.2671356201171875,0.170989990234375
1749220372975335000,18.3473349609375,0.5630340576171875,-1.4085540771484375,-0.0174407958984375
1749220372985324800,18.35732470703125,0.350616455078125,-1.12115478515625,-0.1769866943359375
1749220372995315700,18.367315673828124,0.228668212890625,-0.8595123291015625,-0.22503662109375
1749220373005307000,18.377306884765623,0.30926513671875,-0.8482666015625,-0.3376922607421875
1749220373015297800,18.3872978515625,0.451507568359375,-0.9548797607421875,-0.44940185546875
1749220373025288700,18.397288818359375,0.297088623046875,-1.0299224853515625,-0.4004364013671875
1749220373035278800,18.40727880859375,0.1247100830078125,-1.0214996337890625,-0.180633544921875
1749220373045270000,18.41727001953125,0.0575103759765625,-1.003692626953125,-0.0250701904296875
1749220373055261000,18.427260986328125,0.0293426513671875,-0.993804931640625,-0.00836181640625
1749220373065251800,18.437251953125,0.177032470703125,-0.9900360107421875,0.0302886962890625
1749220373075241700,18.44724169921875,0.2692718505859375,-0.9906158447265625,0.063385009765625
1749220373085233000,18.45723291015625,0.2060089111328125,-1.0460357666015625,-0.0026092529296875
1749220373095223800,18.467223876953124,0.1294708251953125,-1.11248779296875,-0.0865936279296875
1749220373105214700,18.477214599609376,0.1031341552734375,-1.0375213623046875,-0.090118408203125
1749220373115204900,18.487204833984375,0.192626953125,-0.952056884765625,-0.0855560302734375
1749220373125196000,18.497196044921875,0.2109222412109375,-1.0637359619140625,-0.1243743896484375
1749220373135187000,18.50718701171875,0.1970062255859375,-1.253875732421875,-0.093902587890625
1749220373145177900,18.517177734375,0.2400054931640625,-1.1633453369140625,0.020843505859375
1749220373155167700,18.527167724609374,0.2842254638671875,-0.969635009765625,0.0468292236328125
1749220373165159000,18.537158935546874,0.2797088623046875,-0.982666015625,-0.000396728515625
1749220373175149800,18.54714990234375,0.285400390625,-1.08306884765625,-0.02392578125
1749220373185140700,18.557140625,0.348541259765625,-1.02301025390625,-0.00946044921875
1749220373195132000,18.5671318359375,0.268524169921875,-0.932647705078125,0.0348052978515625
1749220373205122000,18.5771220703125,0.310089111328125,-0.982574462890625,-0.023468017578125
1749220373215113000,18.587113037109376,0.33392333984375,-1.012969970703125,-0.037567138671875
1749220373225104000,18.597103759765623,0.3377838134765625,-0.9970550537109375,0.0226287841796875
1749220373235094800,18.6070947265625,0.320709228515625,-0.948699951171875,-0.0090789794921875
1749220373245085000,18.6170849609375,0.2860565185546875,-0.897491455078125,-0.0748291015625
1749220373255075800,18.627075927734374,0.260986328125,-0.918609619140625,-0.1410369873046875
1749220373265066800,18.637066650390626,0.2028350830078125,-0.942718505859375,-0.2275238037109375
1749220373275058000,18.647057861328125,0.18170166015625,-0.9646148681640625,-0.2757568359375
1749220373285047800,18.6570478515625,0.1913909912109375,-1.0001220703125,-0.2694549560546875
1749220373295039000,18.6670390625,0.1522674560546875,-1.04144287109375,-0.2392578125
1749220373305030000,18.67702978515625,0.14825439453125,-1.0504913330078125,-0.18023681640625
1749220373315020800,18.687020751953124,0.1211700439453125,-0.9810333251953125,-0.0623779296875
1749220373325010700,18.6970107421875,0.036834716796875,-0.9944305419921875,0.03497314453125
1749220373335000800,18.707000732421875,0.0278778076171875,-1.085052490234375,0.088653564453125
1749220373344991700,18.71699169921875,0.053558349609375,-1.1217041015625,0.13543701171875
1749220373354983000,18.72698291015625,0.0592193603515625,-1.15692138671875,0.1639862060546875
1749220373364972800,18.736972900390626,0.1094970703125,-1.2494659423828125,0.1937408447265625
1749220373374963700,18.746963623046874,0.15289306640625,-1.4216766357421875,0.2449188232421875
1749220373384954600,18.75695458984375,0.1441192626953125,-1.6795196533203125,0.2506866455078125
1749220373394945800,18.76694580078125,0.259063720703125,-1.885650634765625,0.1343994140625
1749220373404936700,18.776936767578125,0.2796783447265625,-1.865997314453125,-0.1007080078125
1749220373414926800,18.7869267578125,0.428863525390625,-1.5073699951171875,-0.1837005615234375
1749220373424917800,18.796917724609376,0.3678436279296875,-1.4522247314453125,-0.2161102294921875
1749220373434909000,18.806908935546875,0.2061309814453125,-1.789703369140625,-0.5599365234375
1749220373444899800,18.81689990234375,0.0763397216796875,-1.6851959228515625,-0.5966949462890625
1749220373454889700,18.8268896484375,0.03448486328125,-1.302337646484375,-0.46209716796875
1749220373464880600,18.836880615234374,0.201080322265625,-1.166656494140625,-0.4276123046875
1749220373474871800,18.846871826171874,0.63433837890625,-0.9553070068359375,-0.1454925537109375
1749220373484862700,18.85686279296875,0.6368560791015625,-0.8386077880859375,-0.0229644775390625
1749220373494852900,18.866852783203125,0.5704193115234375,-0.9873809814453125,-0.0755767822265625
1749220373504843800,18.87684375,1.011932373046875,-0.8544769287109375,0.024078369140625
1749220373514834700,18.886834716796876,1.1467742919921875,-0.4457855224609375,0.1107025146484375
1749220373524825900,18.896825927734376,0.9100494384765625,-0.3017730712890625,0.1013946533203125
1749220373534816800,18.906816650390624,0.7875213623046875,-0.506866455078125,0.1307525634765625
1749220373544806700,18.916806640625,0.7083282470703125,-0.6681671142578125,0.1290130615234375
1749220373554797600,18.926797607421875,0.5337066650390625,-0.5562896728515625,0.1055908203125
1749220373564788700,18.936788818359375,0.35211181640625,-0.4207305908203125,0.0941619873046875
1749220373574779600,18.946779541015626,0.1829681396484375,-0.3901824951171875,0.0348358154296875
1749220373584769800,18.956769775390626,0.1599273681640625,-0.3945159912109375,-0.08941650390625
1749220373594760700,18.9667607421875,0.246978759765625,-0.3922271728515625,-0.201446533203125
1749220373604752000,18.976751953125,0.3849945068359375,-0.409210205078125,-0.2421722412109375
1749220373614742800,18.98674267578125,0.582916259765625,-0.4445343017578125,-0.2249908447265625
1749220373624732700,18.996732666015625,0.6308746337890625,-0.4812774658203125,-0.1708831787109375
1749220373634723600,19.0067236328125,0.5305328369140625,-0.5231475830078125,-0.0803375244140625
1749220373644714800,19.01671484375,0.46356201171875,-0.570220947265625,0.057098388671875
1749220373654705700,19.02670556640625,0.4066009521484375,-0.5991058349609375,0.1932220458984375
1749220373664695800,19.03669580078125,0.347503662109375,-0.6065216064453125,0.25799560546875
1749220373674686700,19.046686767578127,0.3795013427734375,-0.62408447265625,0.2787322998046875
1749220373684678000,19.056677978515626,0.4610137939453125,-0.6552886962890625,0.2989044189453125
1749220373694668800,19.066668701171874,0.502593994140625,-0.6959991455078125,0.2981719970703125
1749220373704658700,19.07665869140625,0.5398101806640625,-0.7440185546875,0.2542724609375
1749220373714649600,19.086649658203125,0.5649871826171875,-0.781524658203125,0.17767333984375
1749220373724640800,19.096640869140625,0.599822998046875,-0.8211517333984375,0.12005615234375
1749220373734631700,19.106631591796877,0.6555633544921875,-0.894378662109375,0.0828704833984375
1749220373744622600,19.11662255859375,0.7258453369140625,-1.034393310546875,0.04364013671875
1749220373754612700,19.12661279296875,0.7909088134765625,-1.200653076171875,0.012420654296875
1749220373764604000,19.13660400390625,0.8532867431640625,-1.2920074462890625,-0.002899169921875
1749220373774594800,19.1465947265625,0.909393310546875,-1.277801513671875,-0.01409912109375
1749220373784585700,19.156585693359375,0.938232421875,-1.2406768798828125,-0.0362091064453125
1749220373794575600,19.16657568359375,0.977813720703125,-1.244842529296875,-0.0193939208984375
1749220373804566800,19.17656689453125,0.9820098876953125,-1.31060791015625,0.0440826416015625
1749220373814557700,19.1865576171875,0.8815460205078125,-1.390869140625,0.111419677734375
1749220373824548600,19.196548583984374,0.78424072265625,-1.3723602294921875,0.1873321533203125
1749220373834538800,19.206538818359373,0.63262939453125,-1.26483154296875,0.21746826171875
1749220373844530000,19.216530029296877,0.6517181396484375,-1.1248779296875,0.188995361328125
1749220373854520800,19.226520751953124,0.649139404296875,-0.9826812744140625,0.2256622314453125
1749220373864511700,19.23651171875,0.658416748046875,-0.8153839111328125,0.4307708740234375
1749220373874502700,19.246502685546876,0.516510009765625,-0.602508544921875,0.4688568115234375
1749220373884492800,19.256492919921875,0.3694305419921875,-0.35223388671875,0.4025726318359375
1749220373894483700,19.266483642578127,0.4310302734375,-0.1942901611328125,0.2846527099609375
1749220373904474600,19.276474609375,0.4393463134765625,-0.3105621337890625,0.0879058837890625
1749220373914465800,19.2864658203125,0.4483184814453125,-0.631500244140625,-0.052886962890625
1749220373924455700,19.29645556640625,0.1715240478515625,-1.1903228759765625,-0.1147918701171875
1749220373934446800,19.30644677734375,0.7230072021484375,-1.5143585205078125,-0.52838134765625
1749220373944437800,19.316437744140625,0.2118682861328125,-1.8095245361328125,-0.8644866943359375
1749220373954428700,19.3264287109375,1.1675567626953125,-1.5537109375,-0.48590087890625
1749220373964418600,19.33641845703125,-0.320831298828125,-1.1641082763671875,0.11810302734375
1749220373974409700,19.34640966796875,0.522674560546875,-0.958251953125,1.1475067138671875
1749220373984400600,19.356400634765624,0.418853759765625,-0.9424285888671875,0.522430419921875
1749220373994391600,19.3663916015625,1.2920684814453125,-0.9391021728515625,0.1268157958984375
1749220374004381700,19.376381591796875,1.2091217041015625,-1.149688720703125,0.51324462890625
1749220374014372900,19.386372802734375,0.6827392578125,-1.40533447265625,0.5858612060546875
1749220374024363800,19.39636376953125,0.4675140380859375,-1.2606048583984375,0.4551849365234375
1749220374034354700,19.406354736328126,-0.0635528564453125,-0.8976593017578125,0.021087646484375
1749220374044344600,19.416344482421874,0.0469970703125,-0.6657562255859375,-0.3227386474609375
1749220374054335700,19.426335693359373,0.4229736328125,-0.777496337890625,-0.4799041748046875
1749220374064326700,19.43632666015625,0.5225830078125,-1.0109710693359375,-0.5333709716796875
1749220374074317600,19.446317626953125,0.3351593017578125,-1.0831298828125,-0.3115997314453125
1749220374084308700,19.456308837890624,0.2427978515625,-1.0618133544921875,-0.1710205078125
1749220374094299000,19.466298828125,0.2645263671875,-1.00384521484375,-0.15771484375
1749220374104289800,19.476289794921875,0.4049835205078125,-0.9552764892578125,-0.0250396728515625
1749220374114280700,19.48628076171875,0.429107666015625,-1.0064544677734375,0.1338958740234375
1749220374124271900,19.49627197265625,0.1740264892578125,-1.1043548583984375,0.223297119140625
1749220374134261800,19.50626171875,-0.0439910888671875,-1.1153564453125,0.22332763671875
1749220374144252700,19.516252685546874,-0.0653533935546875,-1.0121612548828125,0.1289520263671875
1749220374154243600,19.52624365234375,0.0290069580078125,-0.9076385498046875,0.0758819580078125
1749220374164234800,19.53623486328125,0.196533203125,-0.9412994384765625,0.0375518798828125
1749220374174225000,19.546224853515625,0.3285064697265625,-1.0937652587890625,-0.1122589111328125
1749220374184215800,19.5562158203125,0.3959808349609375,-1.1014862060546875,-0.2342376708984375
1749220374194206700,19.566206787109376,0.3661041259765625,-0.9484100341796875,-0.2018280029296875
1749220374204197600,19.57619775390625,0.3826904296875,-0.8988189697265625,-0.14276123046875
1749220374214188800,19.586188720703124,0.3714141845703125,-0.985260009765625,-0.0583648681640625
1749220374224178700,19.5961787109375,0.3269195556640625,-1.100799560546875,0.07501220703125
1749220374234169600,19.606169677734375,0.31610107421875,-1.1519775390625,0.124359130859375
1749220374244160800,19.616160888671875,0.232574462890625,-1.155975341796875,0.07574462890625
1749220374254152000,19.62615185546875,0.2181396484375,-1.0972747802734375,0.066619873046875
1749220374264141800,19.636141845703126,0.2347564697265625,-0.9664459228515625,0.0680389404296875
1749220374274132700,19.6461328125,0.247039794921875,-0.9384307861328125,0.0196685791015625
1749220374284123600,19.65612353515625,0.2962799072265625,-1.0077362060546875,-0.039642333984375
1749220374294114800,19.66611474609375,0.3507537841796875,-1.00469970703125,-0.0399169921875
1749220374304104700,19.676104736328124,0.3131256103515625,-0.9761810302734375,-0.0059967041015625
1749220374314095600,19.686095703125,0.2810821533203125,-1.02392578125,-0.0469207763671875
1749220374324086800,19.696086669921876,0.281646728515625,-1.003265380859375,-0.11724853515625
1749220374334081500,19.70608154296875,0.2901458740234375,-0.938201904296875,-0.1017303466796875
1749220374344071700,19.71607177734375,0.298828125,-0.9698638916015625,-0.1481170654296875
1749220374354062600,19.7260625,0.3154754638671875,-0.9903564453125,-0.179534912109375
1749220374364053800,19.7360537109375,0.30584716796875,-0.8973846435546875,-0.105224609375
1749220374374044700,19.746044677734375,0.278411865234375,-0.8407135009765625,-0.071380615234375
1749220374384035600,19.75603564453125,0.2693328857421875,-0.855255126953125,-0.0935516357421875
1749220374394025500,19.766025390625,0.28875732421875,-0.825927734375,-0.1190643310546875
1749220374404016600,19.7760166015625,0.306610107421875,-0.7745208740234375,-0.1784515380859375
1749220374414007600,19.786007568359373,0.306060791015625,-0.7993011474609375,-0.250579833984375
1749220374423998700,19.795998779296873,0.28759765625,-0.887664794921875,-0.2781829833984375
1749220374433988600,19.805988525390624,0.2723388671875,-0.9691619873046875,-0.2657623291015625
1749220374443979800,19.815979736328124,0.3008270263671875,-0.9904937744140625,-0.1962127685546875
1749220374453970700,19.825970703125,0.318695068359375,-0.97808837890625,-0.0731048583984375
1749220374463961600,19.835961669921875,0.2791900634765625,-0.9907379150390625,0.05841064453125
1749220374473951500,19.845951416015627,0.269989013671875,-1.0308380126953125,0.1341705322265625
1749220374483942700,19.855942626953127,0.3023834228515625,-1.044586181640625,0.1655120849609375
1749220374493933600,19.86593359375,0.3304595947265625,-1.0522613525390625,0.16156005859375
1749220374503924700,19.8759248046875,0.322509765625,-1.087554931640625,0.133636474609375
1749220374513914600,19.88591455078125,0.2878875732421875,-1.117401123046875,0.1335296630859375
1749220374523905500,19.895905517578125,0.2815093994140625,-1.1358184814453125,0.159027099609375
1749220374533896700,19.905896728515625,0.29901123046875,-1.191375732421875,0.202056884765625
1749220374543887600,19.9158876953125,0.29559326171875,-1.433837890625,0.1694488525390625
1749220374553878500,19.92587841796875,0.310333251953125,-1.7269134521484375,0.0512542724609375
1749220374563868400,19.935868408203124,0.40655517578125,-1.566558837890625,0.02496337890625
1749220374573859600,19.945859619140624,0.387969970703125,-1.3348846435546875,0.085968017578125
1749220374583850500,19.9558505859375,0.2645111083984375,-1.4310302734375,0.0989990234375
1749220374593841700,19.965841552734375,0.2752532958984375,-1.4049224853515625,0.02392578125
1749220374603831600,19.97583154296875,0.637908935546875,-1.1832733154296875,-0.23675537109375
1749220374613822700,19.98582275390625,0.8551788330078125,-1.2680816650390625,-0.560455322265625
1749220374623813600,19.995813720703126,0.57708740234375,-1.3258514404296875,-0.3446197509765625
1749220374633804500,20.005804443359374,0.578582763671875,-0.973724365234375,-0.26434326171875
1749220374643794400,20.01579443359375,0.497802734375,-0.8002166748046875,-0.5369720458984375
1749220374653785600,20.02578564453125,0.3554229736328125,-0.7864837646484375,-0.476043701171875
1749220374663776500,20.035776611328124,0.5739288330078125,-0.69580078125,-0.2308807373046875
1749220374673767700,20.045767578125,0.6577911376953125,-0.504302978515625,-0.1847991943359375
1749220374683757600,20.055757568359375,0.7366485595703125,-0.3810577392578125,-0.1555633544921875
1749220374693748700,20.065748779296875,0.8466796875,-0.3368377685546875,0.0456390380859375
1749220374703739600,20.07573974609375,0.93670654296875,-0.2995147705078125,0.2179412841796875
1749220374713730600,20.08573046875,1.00933837890625,-0.29193115234375,0.193145751953125
1749220374723720400,20.095720458984374,0.768402099609375,-0.3611907958984375,0.0669708251953125
1749220374733711600,20.105711669921874,0.5326690673828125,-0.5242462158203125,0.034515380859375
1749220374743702500,20.11570263671875,0.3140106201171875,-0.5794219970703125,0.0567474365234375
1749220374753693700,20.125693603515625,0.117523193359375,-0.46844482421875,0.0193023681640625
1749220374763684900,20.135684814453125,0.0598297119140625,-0.334075927734375,-0.0532073974609375
1749220374773674800,20.1456748046875,0.1737823486328125,-0.302490234375,-0.1073150634765625
1749220374783665700,20.155665771484376,0.367919921875,-0.4121856689453125,-0.179229736328125
1749220374793656600,20.165656494140624,0.5582275390625,-0.5709991455078125,-0.241058349609375
1749220374803647500,20.1756474609375,0.66815185546875,-0.633697509765625,-0.2017669677734375
1749220374813637600,20.1856376953125,0.628265380859375,-0.61083984375,-0.0892181396484375
1749220374823628500,20.195628662109375,0.5556488037109375,-0.6235504150390625,0.0475311279296875
1749220374833619700,20.20561962890625,0.53009033203125,-0.6844024658203125,0.2081756591796875
1749220374843610600,20.215610595703126,0.544403076171875,-0.7332305908203125,0.3639068603515625
1749220374853600800,20.225600830078125,0.525054931640625,-0.7537841796875,0.4444580078125
1749220374863591700,20.235591796875,0.4897918701171875,-0.7734222412109375,0.4571990966796875
1749220374873582600,20.24558251953125,0.4630279541015625,-0.79681396484375,0.4489288330078125
1749220374883573500,20.255573486328124,0.4098052978515625,-0.8107452392578125,0.414825439453125
1749220374893563600,20.265563720703124,0.4087066650390625,-0.8419342041015625,0.3580474853515625
1749220374903554600,20.275554443359376,0.459381103515625,-0.927978515625,0.28509521484375
1749220374913545700,20.285545654296875,0.5350494384765625,-1.04364013671875,0.2089385986328125
1749220374923536600,20.29553662109375,0.5961456298828125,-1.1319122314453125,0.1508941650390625
1749220374933527800,20.30552783203125,0.6223602294921875,-1.1792449951171875,0.121002197265625
1749220374943517700,20.315517578125,0.6247406005859375,-1.20526123046875,0.0834503173828125
1749220374953508600,20.325508544921874,0.6400909423828125,-1.224456787109375,0.01190185546875
1749220374963499500,20.33549951171875,0.659088134765625,-1.229217529296875,-0.062957763671875
1749220374973490700,20.34549072265625,0.669342041015625,-1.1992645263671875,-0.0818328857421875
1749220374983480600,20.35548046875,0.658233642578125,-1.1511688232421875,-0.01904296875
1749220374993471700,20.3654716796875,0.5592193603515625,-1.1310272216796875,0.078125
1749220375003462700,20.375462646484376,0.466827392578125,-1.1352386474609375,0.2016143798828125
1749220375013453800,20.385453857421876,0.4147491455078125,-1.1215972900390625,0.3460693359375
1749220375023443700,20.395443603515623,0.363311767578125,-1.07269287109375,0.4551239013671875
1749220375033434600,20.4054345703125,0.3477020263671875,-0.9993896484375,0.5046844482421875
1749220375043425500,20.415425537109375,0.3711395263671875,-0.9081573486328125,0.50738525390625
1749220375053416700,20.425416748046874,0.373779296875,-0.8262481689453125,0.461181640625
1749220375063406600,20.435406494140626,0.37799072265625,-0.77215576171875,0.360931396484375
1749220375073397800,20.445397705078125,0.3784332275390625,-0.72479248046875,0.2223052978515625
1749220375083388700,20.455388671875,0.4053802490234375,-0.677032470703125,0.0817718505859375
1749220375093379800,20.4653798828125,0.389373779296875,-0.645904541015625,-0.015289306640625
1749220375103369700,20.47536962890625,0.286895751953125,-0.6570892333984375,-0.0600738525390625
1749220375113360600,20.485360595703124,-0.0750885009765625,-0.92791748046875,-0.070587158203125
1749220375123351600,20.4953515625,-0.117767333984375,-1.1636199951171875,-0.19110107421875
1749220375133342700,20.5053427734375,0.2809906005859375,-1.1273345947265625,-0.2700042724609375
1749220375143333600,20.515333740234375,1.337249755859375,-1.21917724609375,-0.435028076171875
1749220375153323800,20.52532373046875,0.7887420654296875,-1.4916839599609375,-1.141204833984375
1749220375163314700,20.535314697265626,-0.02978515625,-1.5022735595703125,-0.368194580078125
1749220375173305900,20.545305908203126,-0.44757080078125,-1.4127960205078125,0.8522186279296875
1749220375183296800,20.555296875,-0.434844970703125,-1.0806427001953125,1.2415924072265625
1749220375193286700,20.56528662109375,0.171783447265625,-0.821533203125,1.0074310302734375
1749220375203277600,20.575277587890625,0.7536773681640625,-0.8917083740234375,0.9424591064453125
1749220375213268500,20.5852685546875,0.4889068603515625,-1.1579742431640625,0.5485687255859375
1749220375223259600,20.595259765625,0.1006927490234375,-1.2447967529296875,0.1601715087890625
1749220375233249800,20.605249755859376,-0.01959228515625,-1.0547027587890625,-0.1220550537109375
1749220375243240700,20.61524072265625,0.161956787109375,-0.9580535888671875,-0.4703521728515625
1749220375253231600,20.625231689453123,0.4384918212890625,-0.933258056640625,-0.6670989990234375
1749220375263222800,20.635222900390627,0.50341796875,-0.833251953125,-0.518096923828125
1749220375273212700,20.645212646484374,0.3153839111328125,-0.850982666015625,-0.3030548095703125
1749220375283203600,20.65520361328125,0.2349395751953125,-1.0077056884765625,-0.0605621337890625
1749220375293194500,20.665194580078126,0.261444091796875,-1.11090087890625,0.0853118896484375
1749220375303185700,20.675185546875,0.3849029541015625,-1.122467041015625,0.0486907958984375
1749220375313175600,20.685175537109377,0.3317718505859375,-1.076324462890625,0.0068817138671875
1749220375323166700,20.695166748046876,0.1230926513671875,-1.0148773193359375,-0.0767822265625
1749220375333155000,20.705155029296876,-0.0216827392578125,-0.951019287109375,-0.2313079833984375
1749220375343146000,20.71514599609375,0.0373077392578125,-0.92132568359375,-0.3270721435546875
1749220375353137000,20.725136962890623,0.1309967041015625,-0.9330596923828125,-0.307037353515625
1749220375363127000,20.735126953125,0.152252197265625,-0.9511260986328125,-0.26953125
1749220375373118200,20.7451181640625,0.097808837890625,-0.9669342041015625,-0.2598724365234375
1749220375383109000,20.755109130859374,0.036712646484375,-0.967010498046875,-0.2254486083984375
1749220375393100000,20.76510009765625,0.0561981201171875,-0.9732666015625,-0.174285888671875
1749220375403090000,20.77508984375,0.0969696044921875,-0.9943389892578125,-0.124237060546875
1749220375413080800,20.785080810546877,0.1210479736328125,-1.00830078125,-0.0654296875
1749220375423072000,20.795072021484376,0.1092681884765625,-1.0089874267578125,-0.0130767822265625
1749220375433063000,20.80506298828125,0.0789031982421875,-0.9936065673828125,0.016326904296875
1749220375443053000,20.815052978515624,0.070343017578125,-0.979217529296875,0.018280029296875
1749220375453044000,20.8250439453125,0.07135009765625,-0.984649658203125,-0.018585205078125
1749220375463035100,20.83503515625,0.0959320068359375,-0.998077392578125,-0.0784759521484375
1749220375473026000,20.845026123046875,0.1248626708984375,-1.0006866455078125,-0.1408233642578125
1749220375483016000,20.855015869140626,0.1484832763671875,-0.995208740234375,-0.1716766357421875
1749220375493006800,20.8650068359375,0.1612091064453125,-0.99163818359375,-0.165496826171875
1749220375502998000,20.874998046875,0.15472412109375,-0.990386962890625,-0.1386566162109375
1749220375512989000,20.884989013671873,0.1466064453125,-0.9937744140625,-0.098052978515625
1749220375522980000,20.89497998046875,0.1345367431640625,-0.9916534423828125,-0.061492919921875
1749220375532970000,20.904969970703124,0.15960693359375,-0.9959716796875,-0.0589447021484375
1749220375542961200,20.914961181640624,0.1846771240234375,-0.997894287109375,-0.08917236328125
1749220375552952000,20.9249521484375,0.182281494140625,-0.995635986328125,-0.12310791015625
1749220375562943000,20.93494287109375,0.1863555908203125,-1.0023345947265625,-0.1546173095703125
1749220375572932900,20.944932861328127,0.19110107421875,-0.9876251220703125,-0.1752166748046875
1749220375582924000,20.954924072265626,0.18328857421875,-0.9683685302734375,-0.1760406494140625
1749220375592915000,20.9649150390625,0.175384521484375,-0.9807586669921875,-0.163909912109375
1749220375602906000,20.974906005859374,0.1750030517578125,-0.994720458984375,-0.140838623046875
1749220375612896000,20.98489599609375,0.168609619140625,-0.9949798583984375,-0.1120452880859375
1749220375622887200,20.99488720703125,0.159637451171875,-0.997833251953125,-0.07525634765625
1749220375632878000,21.004878173828125,0.151824951171875,-1.0022430419921875,-0.0370025634765625
1749220375642869000,21.014868896484376,0.1356048583984375,-1.0037384033203125,-0.0182952880859375
1749220375652859000,21.02485888671875,0.1524505615234375,-1.0013275146484375,-0.0164337158203125
1749220375662850000,21.03485009765625,0.160308837890625,-0.9908905029296875,-0.01812744140625
1749220375672841000,21.044841064453124,0.150390625,-0.9921722412109375,-0.00946044921875
1749220375682832100,21.05483203125,0.1654052734375,-1.01416015625,-0.022918701171875
1749220375692822000,21.064822021484375,0.1672210693359375,-1.0281982421875,-0.0682220458984375
1749220375702813200,21.074813232421874,0.1881103515625,-1.0191192626953125,-0.111785888671875
1749220375712804000,21.08480419921875,0.20654296875,-0.994140625,-0.1296844482421875
1749220375722795000,21.094794921875,0.1919097900390625,-0.9749298095703125,-0.1226348876953125
1749220375732786000,21.104785888671874,0.1463470458984375,-0.9933624267578125,-0.1013336181640625
1749220375742776000,21.114776123046877,0.118377685546875,-1.0208740234375,-0.0654144287109375
1749220375752767000,21.12476708984375,0.1035308837890625,-1.01025390625,-0.02471923828125
1749220375762758100,21.134758056640624,0.105224609375,-0.9847564697265625,0.020538330078125
1749220375772749000,21.1447490234375,0.1178436279296875,-0.9976654052734375,0.0254058837890625
1749220375782739200,21.1547392578125,0.0985565185546875,-1.018157958984375,0.0070953369140625
1749220375792730000,21.164730224609375,0.0598297119140625,-1.020172119140625,-0.0141143798828125
1749220375802721000,21.174720947265627,0.087677001953125,-1.0136566162109375,-0.0811309814453125
1749220375812712000,21.1847119140625,0.1408843994140625,-0.9957733154296875,-0.134033203125
1749220375822701800,21.194701904296874,0.1406097412109375,-0.9967803955078125,-0.1329498291015625
1749220375832693000,21.20469287109375,0.1358795166015625,-1.0161590576171875,-0.1359100341796875
1749220375842684000,21.214683837890625,0.1096954345703125,-0.9885101318359375,-0.124542236328125
1749220375852675000,21.224675048828125,0.0854949951171875,-0.9550628662109375,-0.1037445068359375
1749220375862665000,21.2346650390625,0.0911407470703125,-0.9593963623046875,-0.083038330078125
1749220375872656100,21.24465625,0.0812225341796875,-0.9711761474609375,-0.0237579345703125
1749220375882647000,21.25464697265625,0.072357177734375,-0.989044189453125,0.0535736083984375
1749220375892638000,21.264637939453124,0.084136962890625,-1.0073699951171875,0.1068572998046875
1749220375902627800,21.2746279296875,0.0711517333984375,-1.0137481689453125,0.123077392578125
1749220375912619000,21.284618896484375,0.079833984375,-1.02862548828125,0.0845489501953125
1749220375922610000,21.29460986328125,0.0633697509765625,-1.0190887451171875,0.0110321044921875
1749220375932601000,21.30460107421875,0.0746917724609375,-0.99224853515625,-0.0819244384765625
1749220375942592300,21.31459228515625,0.1140289306640625,-0.9854736328125,-0.158721923828125
1749220375952582100,21.32458203125,0.121795654296875,-0.97857666015625,-0.16766357421875
1749220375962573000,21.334572998046873,0.1005859375,-0.9845733642578125,-0.1505279541015625
1749220375972564000,21.34456396484375,0.085601806640625,-0.9892425537109375,-0.116363525390625
1749220375982555100,21.35455517578125,0.0711669921875,-0.979217529296875,-0.0591278076171875
1749220375992545000,21.364544921875,0.0644989013671875,-0.9847869873046875,-0.0329132080078125
1749220376002536000,21.374535888671875,0.0822906494140625,-0.9907989501953125,-0.0347137451171875
1749220376012527000,21.384527099609375,0.0821685791015625,-0.975921630859375,-0.0368499755859375
1749220376022518300,21.394518310546875,0.0793304443359375,-0.9650421142578125,-0.0498809814453125
1749220376032508200,21.404508056640626,0.0832977294921875,-0.96209716796875,-0.0542144775390625
1749220376042499000,21.4144990234375,0.0784912109375,-0.9732208251953125,-0.0459136962890625
1749220376052490000,21.424489990234374,0.0844879150390625,-1.0074615478515625,-0.0578155517578125
1749220376062481200,21.434481201171874,0.1119384765625,-1.0175323486328125,-0.069091796875
1749220376072471000,21.444470947265625,0.13458251953125,-0.988006591796875,-0.0426483154296875
1749220376082462000,21.4544619140625,0.150787353515625,-0.9686126708984375,-0.0085601806640625
1749220376092453000,21.464453125,0.16375732421875,-0.9769134521484375,0.016998291015625
1749220376102444000,21.474444091796876,0.1730499267578125,-0.9964752197265625,0.0348968505859375
1749220376112434200,21.48443408203125,0.1599578857421875,-0.997283935546875,0.031036376953125
1749220376122425000,21.494425048828123,0.11785888671875,-0.9804840087890625,0.0242462158203125
1749220376132416000,21.504416015625,0.071044921875,-0.981903076171875,0.0025482177734375
1749220376142407000,21.514406982421875,0.0281219482421875,-0.9837646484375,-0.0186004638671875
1749220376152397000,21.52439697265625,-0.0267333984375,-0.992919921875,-0.03857421875
1749220376162388000,21.534387939453126,-0.00048828125,-1.0437469482421875,-0.0696258544921875
1749220376172379100,21.544379150390625,-0.011688232421875,-1.058868408203125,-0.0823974609375
1749220376182370000,21.5543701171875,-0.014862060546875,-1.0386810302734375,-0.03399658203125
1749220376192360200,21.564360107421876,0.0057373046875,-1.02874755859375,0.0032806396484375
1749220376202351000,21.57435107421875,0.0234527587890625,-1.0035552978515625,0.0657958984375
1749220376212342000,21.584342041015624,0.0333709716796875,-0.9969024658203125,0.1302490234375
1749220376222333000,21.5943330078125,0.03155517578125,-1.022125244140625,0.1546783447265625
1749220376232324000,21.604323974609375,0.0298919677734375,-1.0421600341796875,0.1431427001953125
1749220376242314000,21.61431396484375,0.0403900146484375,-1.050445556640625,0.0873870849609375
1749220376252305200,21.62430517578125,0.039947509765625,-1.037109375,0.0360870361328125
1749220376262296000,21.634296142578126,0.039215087890625,-1.0229339599609375,0.0126495361328125
1749220376272287200,21.644287353515626,0.02862548828125,-1.01531982421875,-0.0040740966796875
1749220376282277000,21.654277099609374,0.021881103515625,-0.9979248046875,-0.0012664794921875
1749220376292268000,21.66426806640625,-0.002532958984375,-0.989044189453125,0.0029449462890625
1749220376302259000,21.674259033203125,-0.0223541259765625,-1.002685546875,0.0144805908203125
1749220376312250000,21.68425,-0.0396575927734375,-1.01287841796875,0.0203857421875
1749220376322240000,21.694239990234376,-0.060333251953125,-0.9964447021484375,0.04107666015625
1749220376332230700,21.704230712890624,-0.071136474609375,-0.967193603515625,0.0533599853515625
1749220376342221800,21.714221923828124,-0.02545166015625,-0.96148681640625,0.040985107421875
1749220376352212700,21.724212646484375,0.0105438232421875,-0.9642486572265625,0.092498779296875
1749220376362202600,21.73420263671875,0.009063720703125,-0.9676361083984375,0.229217529296875
1749220376372193500,21.744193603515626,-0.0289306640625,-0.9812164306640625,0.337310791015625
1749220376382184700,21.754184814453126,-0.02862548828125,-0.983795166015625,0.3781890869140625
1749220376392175600,21.764175537109374,-0.04296875,-0.9997711181640625,0.3326416015625
1749220376402165800,21.774165771484373,0.0289764404296875,-0.9922943115234375,0.3675079345703125
1749220376412156700,21.78415673828125,0.0872955322265625,-1.000579833984375,0.318634033203125
1749220376422147800,21.79414794921875,0.083770751953125,-1.0242919921875,0.2221221923828125
1749220376432138800,21.804138671875,0.072052001953125,-1.029022216796875,0.1204071044921875
1749220376442129700,21.814129638671876,0.0626678466796875,-1.0191192626953125,-0.0207672119140625
1749220376452119600,21.82411962890625,0.089447021484375,-1.0187225341796875,-0.162078857421875
1749220376462110500,21.8341103515625,0.09210205078125,-1.0122833251953125,-0.2535400390625
1749220376472101600,21.8441015625,0.082733154296875,-0.980224609375,-0.275360107421875
1749220376482092500,21.854092529296874,0.0154876708984375,-0.9662628173828125,-0.255767822265625
1749220376492082700,21.864082763671874,-0.048614501953125,-0.986907958984375,-0.16229248046875
1749220376502073600,21.874073486328125,-0.0698394775390625,-1.01104736328125,-0.0334320068359375
1749220376512064800,21.884064697265625,-0.11138916015625,-1.024169921875,0.091522216796875
1749220376522055700,21.8940556640625,-0.1064910888671875,-1.0174102783203125,0.216278076171875
1749220376532045600,21.904045654296876,-0.0175323486328125,-0.978790283203125,0.2809906005859375
1749220376542036500,21.914036376953124,0.046356201171875,-0.9296112060546875,0.275421142578125
1749220376552027600,21.924027587890624,0.0906982421875,-0.907623291015625,0.2592620849609375
1749220376562018600,21.9340185546875,0.1035919189453125,-0.9334564208984375,0.195556640625
1749220376572008700,21.9440087890625,0.0779876708984375,-0.96356201171875,0.0972900390625
1749220376581999600,21.95399951171875,0.043365478515625,-0.993896484375,0.0073699951171875
1749220376591990800,21.96399072265625,0.05963134765625,-1.0093231201171875,-0.03936767578125
1749220376601981700,21.973981689453126,0.0891876220703125,-0.999298095703125,-0.1020965576171875
1749220376611971600,21.9839716796875,0.090484619140625,-0.9978790283203125,-0.162567138671875
1749220376621962500,21.99396240234375,0.0816650390625,-1.0111541748046875,-0.1403045654296875
1749220376631953700,22.00395361328125,0.0572967529296875,-1.022186279296875,-0.0772552490234375
1749220376641944600,22.013944580078125,0.030426025390625,-1.0229034423828125,-0.0281524658203125
1749220376651934700,22.023934814453124,0.0082855224609375,-1.0175933837890625,0.028167724609375
1749220376661925600,22.033925537109376,-0.022979736328125,-1.0311737060546875,0.1261138916015625
1749220376671916800,22.043916748046875,-0.0159912109375,-1.0135498046875,0.1891937255859375
1749220376681907700,22.05390771484375,-0.0364532470703125,-0.9782257080078125,0.1585235595703125
1749220376691897600,22.063897705078126,-0.0552978515625,-0.97747802734375,0.196563720703125
1749220376701888500,22.073888427734374,-0.04986572265625,-0.998931884765625,0.2571563720703125
1749220376711879700,22.083879638671874,-0.066070556640625,-0.9803466796875,0.2484893798828125
1749220376721870600,22.09387060546875,-0.08575439453125,-0.9914093017578125,0.2434539794921875
1749220376731860700,22.10386083984375,-0.0835723876953125,-1.0087890625,0.1983642578125
1749220376741851600,22.1138515625,-0.0724334716796875,-1.015350341796875,0.1241302490234375
1749220376751842800,22.1238427734375,-0.06243896484375,-0.9994964599609375,0.0614166259765625
1749220376761833700,22.133833740234376,-0.0602569580078125,-0.9847564697265625,0.0010528564453125
1749220376771824600,22.14382470703125,-0.0477294921875,-0.982421875,-0.03076171875
1749220376781814500,22.153814453125,-0.02239990234375,-1.001708984375,-0.0211944580078125
1749220376791805700,22.1638056640625,-0.0022735595703125,-1.022857666015625,0.0016326904296875
1749220376801796600,22.173796630859375,-0.0080108642578125,-1.0199432373046875,0.0187530517578125
1749220376811787500,22.18378759765625,-0.0255584716796875,-0.9980621337890625,0.0424346923828125
1749220376821777700,22.193777587890626,-0.0308837890625,-0.9916229248046875,0.0616912841796875
1749220376831768600,22.2037685546875,-0.0232391357421875,-1.0095367431640625,0.0684661865234375
1749220376841759700,22.213759765625,-0.0174560546875,-1.025146484375,0.0733184814453125
1749220376851750700,22.223750732421873,-0.0218353271484375,-1.016448974609375,0.076019287109375
1749220376861740500,22.233740478515625,-0.0103759765625,-0.99749755859375,0.07867431640625
1749220376871731500,22.2437314453125,0.090118408203125,-1.0084381103515625,0.1056976318359375
1749220376881722600,22.25372265625,-0.0913848876953125,-1.0344696044921875,0.09326171875
1749220376891713500,22.263713623046876,-0.0336151123046875,-0.9745025634765625,0.101104736328125
1749220376901703700,22.27370361328125,-0.0246734619140625,-0.9635467529296875,0.063232421875
1749220376911694600,22.283694580078127,0.0161895751953125,-0.9842529296875,0.073883056640625
1749220376921685800,22.293685791015626,0.0054168701171875,-1.0029754638671875,0.0780029296875
1749220376931676700,22.3036767578125,-0.0637664794921875,-1.00738525390625,0.0567474365234375
1749220376941666600,22.31366650390625,-0.0571136474609375,-1.0023651123046875,0.0714263916015625
1749220376951657500,22.323657470703125,-0.0466461181640625,-1.0489044189453125,0.090606689453125
1749220376961648600,22.333648681640625,-0.063812255859375,-1.0405731201171875,0.1158905029296875
1749220376971639600,22.3436396484375,-0.0688018798828125,-0.99951171875,0.107879638671875
1749220376981629700,22.353629638671876,-0.0672149658203125,-1.0119781494140625,0.08270263671875
1749220376991620600,22.36362060546875,-0.07708740234375,-1.0161590576171875,0.0608673095703125
1749220377001611800,22.37361181640625,-0.09051513671875,-0.9962158203125,0.0392608642578125
1749220377011602700,22.383602783203123,-0.0800323486328125,-1.0186309814453125,0.05316162109375
1749220377021593600,22.393593505859375,-0.064727783203125,-1.0474395751953125,0.0604705810546875
1749220377031583500,22.40358349609375,-0.0370635986328125,-1.0634002685546875,0.055206298828125
1749220377041574700,22.41357470703125,-0.0074005126953125,-1.0518951416015625,0.06292724609375
1749220377051565600,22.423565673828126,0.005279541015625,-0.996185302734375,0.0496673583984375
1749220377061556500,22.433556396484374,0.010955810546875,-0.962738037109375,0.068756103515625
1749220377071546600,22.443546630859377,0.012451171875,-1.0053863525390625,0.0979461669921875
1749220377081537800,22.453537841796877,0.004486083984375,-1.0319976806640625,0.0698394775390625
1749220377091528700,22.46352880859375,0.0149993896484375,-1.0287628173828125,0.038726806640625
1749220377101519600,22.47351953125,0.010650634765625,-1.0452423095703125,0.0457000732421875
1749220377111509500,22.483509521484375,0.000640869140625,-1.049041748046875,0.0202484130859375
1749220377121500700,22.493500732421875,-0.0102691650390625,-0.9954376220703125,0.0244903564453125
1749220377131491600,22.50349169921875,-0.014862060546875,-0.96514892578125,0.069488525390625
1749220377141482500,22.513482421875,-0.014007568359375,-0.992156982421875,0.078704833984375
1749220377151472600,22.52347265625,-0.0194091796875,-1.020965576171875,0.0610504150390625
1749220377161463800,22.5334638671875,-0.0215301513671875,-1.0092926025390625,0.0434417724609375
1749220377171454700,22.543454833984374,-0.016571044921875,-0.9600830078125,0.04620361328125
1749220377181445600,22.553445556640625,-0.013946533203125,-0.9232940673828125,0.045440673828125
1749220377191435500,22.563435546875,-0.0300445556640625,-0.923553466796875,0.0425567626953125
1749220377201426700,22.5734267578125,-0.0284271240234375,-0.9653472900390625,0.0318145751953125
1749220377211417600,22.58341748046875,-0.0162811279296875,-0.9739837646484375,0.0211181640625
1749220377221408500,22.593408447265624,-0.033203125,-0.9763946533203125,0.0062713623046875
1749220377231398700,22.603398681640623,-0.02496337890625,-1.00421142578125,0.00244140625
1749220377241389600,22.6133896484375,0.0001068115234375,-1.0039825439453125,0.0201568603515625
1749220377251380700,22.623380615234375,0.0059967041015625,-0.974822998046875,0.02410888671875
1749220377261371600,22.63337158203125,0.0086822509765625,-0.962432861328125,0.0196380615234375
1749220377271361500,22.643361572265626,0.01177978515625,-1.0090789794921875,0.075958251953125
1749220377281352400,22.6533525390625,-0.0077362060546875,-1.0523529052734375,0.0658111572265625
1749220377291343600,22.663343505859373,-0.0115814208984375,-1.074981689453125,0.027252197265625
1749220377301334500,22.67333447265625,-0.03033447265625,-1.143096923828125,0.154693603515625
1749220377311324700,22.68332470703125,-0.0149688720703125,-1.047210693359375,-0.00006103515625
1749220377321315600,22.693315673828124,-0.022003173828125,-0.9608154296875,-0.041168212890625
1749220377331306800,22.703306640625,-0.0612030029296875,-1.0105743408203125,0.0557403564453125
1749220377341297400,22.71329736328125,-0.053192138671875,-1.1473236083984375,0.1473846435546875
1749220377351287600,22.72328759765625,0.0114288330078125,-0.837615966796875,-0.0456390380859375
1749220377361278500,22.733278564453126,-0.0510406494140625,-0.789947509765625,-0.0787353515625
1749220377371269400,22.743269287109374,-0.0442352294921875,-0.95294189453125,0.06549072265625
1749220377381260300,22.75326025390625,-0.046478271484375,-0.999053955078125,0.03314208984375
1749220377391250700,22.763250732421874,-0.070098876953125,-1.0307769775390625,-0.0264129638671875
1749220377401241600,22.77324169921875,-0.03759765625,-1.013580322265625,-0.0023956298828125
1749220377411232500,22.783232421875,-0.0250244140625,-0.9595184326171875,0.0184783935546875
1749220377421223400,22.793223388671876,-0.0357208251953125,-0.9834136962890625,0.0320587158203125
1749220377431214600,22.803214599609376,-0.0412445068359375,-1.03253173828125,0.0276031494140625
1749220377441204500,22.81320458984375,-0.0452880859375,-1.04473876953125,0.026153564453125
1749220377451195400,22.8231953125,-0.0420074462890625,-1.0544281005859375,0.042327880859375
1749220377461186300,22.833186279296875,-0.0267791748046875,-1.033447265625,0.04071044921875
1749220377471177500,22.843177490234375,-0.0263214111328125,-1.0424346923828125,0.03033447265625
1749220377481167600,22.853167724609374,-0.021728515625,-1.0600128173828125,0.0337677001953125
1749220377491158500,22.863158447265626,0.0093994140625,-1.0147552490234375,0.064239501953125
1749220377501149400,22.8731494140625,0.0135650634765625,-0.94720458984375,0.050048828125
1749220377511140600,22.883140625,-0.0968017578125,-1.12335205078125,-0.0438690185546875
1749220377521130500,22.893130615234377,0.10504150390625,-1.0714569091796875,0.1853485107421875
1749220377531121400,22.903121337890624,-0.07000732421875,-0.95074462890625,0.24267578125
1749220377541112300,22.9131123046875,0.0155181884765625,-0.829010009765625,-0.1157684326171875
1749220377551103500,22.923103515625,-0.0626068115234375,-0.9383697509765625,-0.0630950927734375
1749220377561093600,22.93309375,0.0044097900390625,-1.1774139404296875,0.05499267578125
1749220377571084500,22.94308447265625,0.047149658203125,-0.9927520751953125,0.068267822265625
1749220377581075500,22.953075439453126,-0.0210113525390625,-0.86590576171875,-0.0888671875
1749220377591066600,22.963066650390626,0.0012054443359375,-0.8832244873046875,-0.0975494384765625
1749220377601056500,22.973056396484374,-0.0974578857421875,-1.0794830322265625,-0.0614471435546875
1749220377611047400,22.98304736328125,0.0034027099609375,-0.9178009033203125,0.0268402099609375
1749220377621038300,22.993038330078125,-0.045440673828125,-0.9136199951171875,-0.0839996337890625
1749220377631029500,23.003029541015625,-0.0416412353515625,-1.0192718505859375,-0.1037750244140625
1749220377641019600,23.01301953125,-0.009765625,-1.0159912109375,-0.143951416015625
1749220377651010600,23.023010498046876,0.0011749267578125,-1.0311126708984375,-0.134307861328125
1749220377661001500,23.03300146484375,0.0235595703125,-1.02056884765625,-0.0981597900390625
1749220377670992600,23.04299267578125,-0.020904541015625,-1.013885498046875,-0.123992919921875
1749220377680982500,23.052982421875,-0.053070068359375,-1.0133209228515625,-0.186309814453125
1749220377690973400,23.062973388671875,-0.054351806640625,-1.032928466796875,-0.18603515625
1749220377700964400,23.07296435546875,-0.1958160400390625,-1.144561767578125,-0.306793212890625
1749220377710955500,23.08295556640625,0.00006103515625,-1.1094818115234375,-0.224212646484375
1749220377720945700,23.092945556640625,0.0878448486328125,-0.91021728515625,-0.052215576171875
1749220377730936600,23.1029365234375,0.060302734375,-0.973876953125,-0.1909942626953125
1749220377740927500,23.112927490234377,0.3112335205078125,-1.530548095703125,0.169525146484375
1749220377750918400,23.12291845703125,0.3633880615234375,-2.889617919921875,1.1781768798828125
1749220377760908500,23.132908447265624,-0.185455322265625,-2.05499267578125,0.6631622314453125
1749220377770899500,23.1428994140625,0.09478759765625,-1.96044921875,0.2747344970703125
1749220377780890400,23.152890380859375,0.371246337890625,-2.3962554931640625,0.0733489990234375
1749220377790881300,23.16288134765625,0.058135986328125,-2.604522705078125,-0.23175048828125
1749220377800871700,23.17287158203125,-0.1448516845703125,-2.545989990234375,-0.4298095703125
1749220377810862600,23.182862548828126,0.2027740478515625,-2.1490936279296875,-0.4935302734375
1749220377820853500,23.192853515625,0.46112060546875,-1.6934967041015625,-0.5283203125
1749220377830844400,23.202844482421874,0.5321807861328125,-1.3491668701171875,-0.369598388671875
1749220377840834600,23.21283447265625,0.546722412109375,-1.1324310302734375,-0.1660919189453125
1749220377850825500,23.222825439453125,0.5251007080078125,-0.9080047607421875,0.0837860107421875
1749220377860816400,23.23281640625,0.251251220703125,-0.6226959228515625,0.364715576171875
1749220377870807300,23.242807373046876,-0.3688507080078125,-0.332183837890625,0.611663818359375
1749220377880798500,23.252798583984376,-0.487396240234375,-0.238037109375,0.6484375
1749220377890788600,23.26278857421875,-0.173980712890625,-0.2143096923828125,0.5721435546875
1749220377900779500,23.272779541015623,0.07830810546875,-0.171844482421875,0.48455810546875
1749220377910770400,23.2827705078125,0.1281585693359375,-0.1619110107421875,0.3829803466796875
1749220377920761600,23.29276171875,0.0560302734375,-0.2197723388671875,0.2547607421875
1749220377930751500,23.30275146484375,-0.043212890625,-0.3392181396484375,0.1435394287109375
1749220377940742400,23.312742431640626,-0.1305999755859375,-0.5900115966796875,0.0595855712890625
1749220377950733300,23.3227333984375,-0.0924072265625,-0.84619140625,-0.0179595947265625
1749220377960724500,23.332724365234377,-0.0247039794921875,-0.911590576171875,-0.0493011474609375
1749220377970714600,23.342714599609376,-0.0300140380859375,-0.766143798828125,-0.0070953369140625
1749220377980705500,23.35270556640625,-0.072052001953125,-0.537384033203125,0.099334716796875
1749220377990696400,23.362696533203124,-0.1121063232421875,-0.3498382568359375,0.214569091796875
1749220378000687600,23.3726875,-0.1585693359375,-0.25030517578125,0.2884674072265625
1749220378010677500,23.382677490234375,-0.215423583984375,-0.27618408203125,0.3175811767578125
1749220378020668400,23.39266845703125,-0.2606353759765625,-0.4113006591796875,0.330780029296875
1749220378030659300,23.402659423828126,-0.2510223388671875,-0.6025238037109375,0.3341217041015625
1749220378040650500,23.412650390625,-0.2429046630859375,-0.7127532958984375,0.348297119140625
1749220378050640600,23.422640625,-0.2247314453125,-0.6864013671875,0.3497314453125
1749220378060631600,23.432631591796873,-0.2419586181640625,-0.583740234375,0.3582305908203125
1749220378070622500,23.44262255859375,-0.2329864501953125,-0.4913330078125,0.3572845458984375
1749220378080613600,23.452613525390625,-0.2109222412109375,-0.4438629150390625,0.37347412109375
1749220378090603500,23.462603515625,-0.2158050537109375,-0.47735595703125,0.383941650390625
1749220378100594400,23.472594482421876,-0.2271728515625,-0.7167510986328125,0.3430938720703125
1749220378110585300,23.48258544921875,-0.25897216796875,-0.949371337890625,0.26922607421875
1749220378120576500,23.492576416015623,-0.06634521484375,-0.8605194091796875,0.264129638671875
1749220378130566700,23.502566650390627,0.016632080078125,-0.847930908203125,0.3046112060546875
1749220378140557600,23.5125576171875,-0.0611114501953125,-0.8274688720703125,0.3249053955078125
1749220378150548500,23.522548583984374,-0.0498504638671875,-0.6887664794921875,0.3550872802734375
1749220378160539400,23.532539306640626,-0.043243408203125,-0.6977081298828125,0.337310791015625
1749220378170529500,23.542529541015625,-0.0052032470703125,-0.7811737060546875,0.3009490966796875
1749220378180520400,23.5525205078125,-0.044464111328125,-0.6778564453125,0.3564605712890625
1749220378190511400,23.562511474609376,-0.1643524169921875,-0.8875579833984375,0.379150390625
1749220378200502300,23.572502197265624,-0.0331573486328125,-1.13153076171875,0.327545166015625
1749220378210493400,23.582493408203124,0.085052490234375,-1.0798187255859375,0.2699737548828125
1749220378220483600,23.592483642578124,-0.024810791015625,-0.9359283447265625,0.2570037841796875
1749220378230474500,23.602474609375,-0.1072998046875,-0.7718048095703125,0.3101654052734375
1749220378240465400,23.61246533203125,-0.122314453125,-0.758453369140625,0.3419036865234375
1749220378250455600,23.62245556640625,-0.414154052734375,-0.670166015625,0.403564453125
1749220378260446500,23.632446533203126,-1.122039794921875,-0.83868408203125,0.361541748046875
1749220378270437400,23.642437255859374,-0.1016693115234375,-0.9755096435546875,0.8191070556640625
1749220378280428300,23.65242822265625,-0.2980499267578125,-0.9898223876953125,0.838470458984375
1749220378290419500,23.66241943359375,-0.6297454833984375,-1.0339508056640625,0.5593414306640625
1749220378300409600,23.67240966796875,-0.770294189453125,-0.9132843017578125,0.5001983642578125
1749220378310400500,23.682400390625,-0.877349853515625,-0.7945098876953125,0.542205810546875
1749220378320391400,23.692391357421876,-0.8812408447265625,-0.76336669921875,0.5073089599609375
1749220378330382600,23.702382568359376,-0.77685546875,-0.768280029296875,0.5002593994140625
1749220378340372000,23.7123720703125,-0.7128143310546875,-0.7312774658203125,0.53509521484375
1749220378350363000,23.72236279296875,-0.626556396484375,-0.7406463623046875,0.564910888671875
1749220378360354000,23.73235400390625,-0.52569580078125,-0.7440338134765625,0.593414306640625
1749220378370345000,23.742344970703126,-0.5044097900390625,-0.7203521728515625,0.5896453857421875
1749220378380334800,23.7523349609375,-0.4556121826171875,-0.757537841796875,0.5170745849609375
1749220378390325800,23.76232568359375,-0.4538421630859375,-0.8056793212890625,0.3700408935546875
1749220378400317000,23.77231689453125,-0.5371246337890625,-0.804779052734375,0.2857818603515625
1749220378410307800,23.782307861328125,-0.5919036865234375,-0.7766876220703125,0.24365234375
1749220378420298000,23.792298095703124,-0.60540771484375,-0.7419281005859375,0.263946533203125
1749220378430289000,23.802288818359376,-0.6485443115234375,-0.704071044921875,0.3230133056640625
1749220378440280000,23.812280029296875,-0.6787872314453125,-0.6557769775390625,0.407318115234375
1749220378450271000,23.82227099609375,-0.676177978515625,-0.64117431640625,0.4683837890625
1749220378460260900,23.8322607421875,-0.689910888671875,-0.6424713134765625,0.4953460693359375
1749220378470251800,23.842251708984374,-0.715087890625,-0.6386871337890625,0.489471435546875
1749220378480243000,23.852242919921874,-0.7283935546875,-0.658233642578125,0.445556640625
1749220378490233900,23.86223388671875,-0.738861083984375,-0.6714324951171875,0.3691864013671875
1749220378500224000,23.87222412109375,-0.764678955078125,-0.661865234375,0.3031005859375
1749220378510215000,23.88221484375,-0.76568603515625,-0.653472900390625,0.2844085693359375
1749220378520206000,23.8922060546875,-0.7650146484375,-0.65313720703125,0.2783050537109375
1749220378530197000,23.902197021484376,-0.7768096923828125,-0.6499786376953125,0.2956695556640625
1749220378540187000,23.912186767578124,-0.7842254638671875,-0.6226806640625,0.333099365234375
1749220378550177800,23.922177734375,-0.7620086669921875,-0.583648681640625,0.3618621826171875
1749220378560169000,23.9321689453125,-0.7366180419921875,-0.559356689453125,0.3614349365234375
1749220378570159900,23.942159912109375,-0.730743408203125,-0.5534210205078125,0.3470001220703125
1749220378580150000,23.95214990234375,-0.7532501220703125,-0.559295654296875,0.3350982666015625
1749220378590141000,23.962140869140626,-0.7791290283203125,-0.5607147216796875,0.324737548828125
1749220378600132000,23.972132080078126,-0.7852935791015625,-0.56256103515625,0.28875732421875
1749220378610123000,23.982123046875,-0.7709503173828125,-0.5758209228515625,0.255401611328125
1749220378620114000,23.992114013671873,-0.7448577880859375,-0.587493896484375,0.2429656982421875
1749220378630103800,24.002103759765625,-0.73870849609375,-0.58453369140625,0.246246337890625
1749220378640095000,24.012094970703124,-0.7595977783203125,-0.564361572265625,0.270843505859375
1749220378650086000,24.0220859375,-0.786956787109375,-0.554351806640625,0.2860260009765625
1749220378660076800,24.032076904296876,-0.8026275634765625,-0.5554351806640625,0.296142578125
1749220378670067000,24.04206689453125,-0.780609130859375,-0.5424957275390625,0.290191650390625
1749220378680057900,24.052057861328127,-0.63433837890625,-0.5578460693359375,0.24151611328125
1749220378690049000,24.062049072265626,-0.67041015625,-0.588836669921875,0.1842803955078125
1749220378700040000,24.0720400390625,-0.778717041015625,-0.605712890625,0.1902313232421875
1749220378710029800,24.08202978515625,-0.8882293701171875,-0.6104583740234375,0.2500762939453125
1749220378720020700,24.092020751953125,-0.9589385986328125,-0.5843505859375,0.2725830078125
1749220378730012000,24.102011962890625,-0.9474945068359375,-0.5612030029296875,0.283477783203125
1749220378740002800,24.1120029296875,-0.8718719482421875,-0.55609130859375,0.2421875
