time,seconds_elapsed,z,y,x
1749220354642287600,0.01428759765625,-0.5245340466499329,-0.7071369290351868,0.592804491519928
1749220354652277800,0.02427783203125,-0.5650300979614258,-1.0529323816299438,0.6114886999130249
1749220354662268700,0.0342685546875,-0.5200709104537964,-1.4127182960510254,0.6890825629234314
1749220354672259600,0.044259521484375,-0.4769047796726227,-1.7065397500991821,0.771450936794281
1749220354682250800,0.054250732421875,-0.5360703468322754,-1.7585214376449585,0.849159300327301
1749220354692240600,0.06424072265625,-0.6378481388092041,-1.5529043674468994,0.9501284956932068
1749220354702231600,0.0742314453125,-0.7434189915657043,-1.0217987298965454,1.0085819959640503
1749220354712222500,0.084222412109375,-0.6951811909675598,-0.4476768374443054,1.030874252319336
1749220354722213600,0.094213623046875,-0.6529392004013062,0.10504812002182007,1.0228402614593506
1749220354732203800,0.104203857421875,-0.6754252910614014,0.8027278780937195,0.9090085029602051
1749220354742194700,0.114194580078125,-0.7502457499504089,1.4782171249389648,0.663407027721405
1749220354752185600,0.124185546875,-0.8381322026252747,2.1212189197540283,0.44806912541389465
1749220354762176500,0.134176513671875,-0.877999484539032,2.618853807449341,0.2996370494365692
1749220354772166700,0.144166748046875,-0.7461516857147217,2.4617738723754883,0.2226642370223999
1749220354782157600,0.154157470703125,-0.28682538866996765,1.331034541130066,0.27103203535079956
1749220354792148500,0.1641484375,0.26144492626190186,0.3637659549713135,0.4352606534957886
1749220354802139600,0.1741396484375,0.5271285176277161,-0.10891316831111908,0.6292708516120911
1749220354812129800,0.1841298828125,0.6348201036453247,-0.32501617074012756,0.8298332691192627
1749220354822120700,0.19412060546875,0.6150160431861877,-0.22916048765182495,1.0459200143814087
1749220354832111600,0.204111572265625,0.6094667911529541,0.0535132922232151,1.2081289291381836
1749220354842102500,0.2141025390625,0.6223578453063965,0.17670686542987823,1.2304714918136597
1749220354852092700,0.2240927734375,0.47776150703430176,0.33103466033935547,1.1173491477966309
1749220354862083600,0.23408349609375,0.1319178193807602,0.6474242806434631,0.9595789909362793
1749220354872074500,0.244074462890625,-0.24605877697467804,0.9614583849906921,0.797310471534729
1749220354882065400,0.2540654296875,-0.48740482330322266,0.9999317526817322,0.6036603450775146
1749220354892055800,0.264055908203125,-0.7077805995941162,0.9655913710594177,0.2935791611671448
1749220354902046700,0.274046630859375,-1.0127354860305786,1.3408560752868652,-0.15680505335330963
1749220354912037600,0.28403759765625,-1.2875515222549438,1.7696201801300049,-0.6203780174255371
1749220354922028500,0.294028564453125,-1.51667320728302,1.9954777956008911,-1.0197930335998535
1749220354932018400,0.304018310546875,-1.4791468381881714,1.919029951095581,-1.2781689167022705
1749220354942009600,0.314009521484375,-1.3131113052368164,1.7621004581451416,-1.320406436920166
1749220354952000500,0.32400048828125,-1.1813281774520874,1.8639949560165405,-1.1742899417877197
1749220354961991400,0.333991455078125,-1.0758733749389648,2.2300338745117188,-0.9595305323600769
1749220354971982600,0.343982666015625,-1.0141685009002686,2.63057541847229,-0.7738009095191956
1749220354981972700,0.35397265625,-0.9787255525588989,2.6930930614471436,-0.7556924819946289
1749220354991963600,0.363963623046875,-0.9742988348007202,2.2992734909057617,-0.8084028363227844
1749220355001954600,0.37395458984375,-1.0641429424285889,1.753311038017273,-0.7078370451927185
1749220355011944400,0.3839443359375,-1.1576327085494995,1.35395085811615,-0.4422570466995239
1749220355021935600,0.393935546875,-1.143918514251709,1.2064093351364136,-0.09632626920938492
1749220355031926500,0.403926513671875,-1.0089547634124756,1.2508419752120972,0.21502043306827545
1749220355041917400,0.41391748046875,-0.8331089615821838,1.3540972471237183,0.39376169443130493
1749220355051907600,0.423907470703125,-0.5517353415489197,1.7141259908676147,0.48704394698143005
1749220355061898800,0.433898681640625,-0.2457871288061142,1.434723973274231,0.45650601387023926
1749220355071889700,0.4438896484375,-0.020771857351064682,1.45310640335083,0.39353370666503906
1749220355081880600,0.453880615234375,0.34284791350364685,1.4972493648529053,0.3767179846763611
1749220355091870500,0.463870361328125,0.6392116546630859,1.2420650720596313,0.5088453888893127
1749220355101861600,0.473861572265625,0.7603668570518494,0.8314442038536072,0.771228551864624
1749220355111852500,0.4838525390625,0.5796694755554199,0.08191271126270294,1.0134172439575195
1749220355121843500,0.493843505859375,0.12081696838140488,-0.4184422492980957,1.2391091585159302
1749220355131834600,0.503834716796875,-0.27629125118255615,-0.1725672483444214,1.3189598321914673
1749220355141824800,0.51382470703125,-0.5293333530426025,0.40721675753593445,1.2672209739685059
1749220355151815700,0.523815673828125,-0.5941842794418335,1.1213321685791016,1.2367019653320312
1749220355161806600,0.533806640625,-0.7800113558769226,2.792691946029663,1.3414044380187988
1749220355171796500,0.54379638671875,-0.5394576191902161,4.475433826446533,1.7596802711486816
1749220355181787600,0.55378759765625,-0.2161908894777298,4.0598955154418945,2.211635112762451
1749220355191778600,0.563778564453125,-0.09781790524721146,3.602212429046631,2.6117141246795654
1749220355201769500,0.57376953125,-0.0014479606179520488,3.741870403289795,2.978616237640381
1749220355211759600,0.583759521484375,0.493058979511261,4.161218643188477,3.210949182510376
1749220355221750800,0.593750732421875,1.2045930624008179,4.260775089263916,3.3688952922821045
1749220355231741700,0.60374169921875,1.9720649719238281,3.5673322677612305,3.4857897758483887
1749220355241732600,0.613732666015625,2.74787974357605,2.6733932495117188,3.564880847930908
1749220355251722500,0.623722412109375,3.25998592376709,2.087299108505249,3.5211238861083984
1749220355261713700,0.633713623046875,3.387425184249878,1.6035630702972412,3.3162569999694824
1749220355271704600,0.64370458984375,3.2139575481414795,0.7178491950035095,2.871311664581299
1749220355281695500,0.653695556640625,2.8564300537109375,-0.3316578269004822,2.11484956741333
1749220355291685600,0.663685546875,2.1256234645843506,-0.5679614543914795,1.2302491664886475
1749220355301676800,0.6736767578125,1.2525296211242676,0.04643913730978966,0.4674489498138428
1749220355311670800,0.6836708984375,0.5334317088127136,0.9274069666862488,0.1456512063741684
1749220355321661700,0.69366162109375,0.0019097528420388699,1.2098528146743774,0.08416787534952164
1749220355331651600,0.703651611328125,-0.29446759819984436,1.5534369945526123,0.24843856692314148
1749220355341642500,0.713642578125,-0.22204451262950897,1.3621962070465088,0.5302191376686096
1749220355351633700,0.723633544921875,0.09494701772928238,0.11132572591304779,0.7648910284042358
1749220355361624800,0.733624755859375,0.3831188976764679,-0.8730840682983398,0.9248170256614685
1749220355371614700,0.74361474609375,0.26852625608444214,-0.5664751529693604,0.9993320107460022
1749220355381605600,0.753605712890625,0.02069196291267872,0.4550364911556244,0.9210420250892639
1749220355391596500,0.763596435546875,0.05151911824941635,0.9389139413833618,0.6969521641731262
1749220355401587700,0.773587646484375,0.19727125763893127,0.7938584685325623,0.4058401882648468
1749220355411577600,0.78357763671875,0.5134276151657104,0.3959968686103821,0.18806017935276031
1749220355421568500,0.793568603515625,0.8996243476867676,-0.1834142953157425,-0.03726827725768089
1749220355431559700,0.8035595703125,1.3156253099441528,-0.6004019379615784,-0.2632012665271759
1749220355441550800,0.81355078125,1.669490098953247,-0.9684204459190369,-0.5354176163673401
1749220355451540700,0.823540771484375,1.883259654045105,-1.1438729763031006,-0.6572631001472473
1749220355461531600,0.83353173828125,1.7492190599441528,-1.276686429977417,-0.5634841322898865
1749220355471522600,0.8435224609375,1.292677640914917,-1.223042607307434,-0.2894587218761444
1749220355481513700,0.853513671875,0.7468768358230591,-0.9876292943954468,0.11649172753095627
1749220355491503600,0.863503662109375,0.04376425966620445,-0.13125468790531158,0.14063194394111633
1749220355501494500,0.87349462890625,-0.5462747812271118,0.759575366973877,-0.18400126695632935
1749220355511485700,0.883485595703125,-0.7855635285377502,1.0797312259674072,-0.18974649906158447
1749220355521476900,0.893476806640625,-0.8900265693664551,1.1609776020050049,-0.06966403126716614
1749220355531467800,0.9034677734375,-0.8403306603431702,1.3606106042861938,-0.0681750625371933
1749220355541457700,0.913457763671875,-0.71616131067276,1.9546449184417725,0.10720314830541611
1749220355551448600,0.923448486328125,-0.9214779734611511,2.220594882965088,0.34231260418891907
1749220355561439700,0.933439697265625,-0.7320065498352051,0.9065136909484863,0.8809108138084412
1749220355571429600,0.9434296875,-0.07603032141923904,0.13170476257801056,1.163038969039917
1749220355581420500,0.953420654296875,0.7617202401161194,0.10057055205106735,0.8709918856620789
1749220355591411700,0.96341162109375,1.1588654518127441,0.5445376038551331,0.7461740374565125
1749220355601403000,0.97340283203125,1.2878674268722534,0.6017367243766785,0.724904477596283
1749220355611393800,0.983393798828125,1.5525888204574585,0.5544216632843018,0.7191826701164246
1749220355621383700,0.9933837890625,2.028747081756592,0.7274983525276184,0.7790382504463196
1749220355631374600,1.00337451171875,2.5515522956848145,1.023406982421875,0.904899537563324
1749220355641365800,1.01336572265625,3.0176823139190674,1.3672986030578613,1.0738648176193237
1749220355651356700,1.023356689453125,3.458444595336914,1.8493930101394653,1.2819021940231323
1749220355661346600,1.0333466796875,3.6884090900421143,1.9329265356063843,1.4698902368545532
1749220355671337700,1.043337646484375,3.798271417617798,1.7423648834228516,1.694596529006958
1749220355681329000,1.053328857421875,3.8939385414123535,1.2503812313079834,1.8193262815475464
1749220355691319800,1.06331982421875,3.7652838230133057,1.099765658378601,1.8039236068725586
1749220355701309700,1.073309814453125,3.4296998977661133,0.888843834400177,1.762731671333313
1749220355711300600,1.083300537109375,2.881850004196167,0.712734580039978,1.6197960376739502
1749220355721291800,1.093291748046875,1.8121689558029175,0.20468522608280182,0.3961057960987091
1749220355731282700,1.10328271484375,0.6858313679695129,0.6661902666091919,-0.44561102986335754
1749220355741272600,1.1132724609375,0.007682420779019594,0.09860859811306,0.04362630844116211
1749220355751263700,1.123263671875,-0.7700769901275635,-0.4909806549549103,0.16885240375995636
1749220355761255000,1.1332548828125,-1.5073003768920898,-0.9563973546028137,0.14537636935710907
1749220355771245800,1.143245849609375,-2.093421220779419,-1.5132648944854736,0.33546215295791626
1749220355781235700,1.153235595703125,-2.524916172027588,-1.8670839071273804,0.422230064868927
1749220355791226600,1.1632265625,-2.6267757415771484,-1.7058446407318115,0.21205073595046997
1749220355801217500,1.173217529296875,-2.340895652770996,-1.1715642213821411,-0.11573352664709091
1749220355811208700,1.183208740234375,-1.965678095817566,-0.9553632140159607,-0.4053480327129364
1749220355821198600,1.193198486328125,-1.4597134590148926,-0.43703725934028625,-0.5652375817298889
1749220355831189800,1.203189697265625,-0.9362638592720032,-0.4017122685909271,-0.7060596346855164
1749220355841180700,1.2131806640625,-0.41446641087532043,-0.15343350172042847,-0.7187046408653259
1749220355851171800,1.223171875,-0.020901286974549294,0.02718927711248398,-0.7294923067092896
1749220355861161700,1.23316162109375,0.40744075179100037,-0.0550728403031826,-0.7114325761795044
1749220355871152600,1.243152587890625,0.8539639115333557,0.09387296438217163,-0.6566289663314819
1749220355881143600,1.2531435546875,1.2385812997817993,0.4079534113407135,-0.6056414246559143
1749220355891134700,1.263134765625,1.5540034770965576,0.8723620772361755,-0.6542319059371948
1749220355901124600,1.27312451171875,1.898876428604126,1.0043201446533203,-0.6705426573753357
1749220355911115500,1.283115478515625,2.2024738788604736,1.0973504781723022,-0.6746322512626648
1749220355921106700,1.293106689453125,2.3153738975524902,1.1381008625030518,-0.7089385390281677
1749220355931097900,1.303097900390625,2.5966176986694336,0.995537281036377,-0.7320137619972229
1749220355941087700,1.313087646484375,2.9484236240386963,0.9719851016998291,-0.7877427935600281
1749220355951078700,1.32307861328125,2.817247152328491,0.8142761588096619,-0.5868871808052063
1749220355961069600,1.333069580078125,2.4783730506896973,0.75688636302948,-0.4513877034187317
1749220355971060700,1.343060791015625,2.0000572204589844,0.7034779787063599,-0.5351023077964783
1749220355981050600,1.353050537109375,0.832194447517395,0.3882468044757843,-0.39032647013664246
1749220355991041500,1.36304150390625,0.2522391676902771,0.027047863230109215,-0.39185830950737
1749220356001032700,1.37303271484375,-0.009811352007091045,-0.1470954418182373,-0.4002549946308136
1749220356011024000,1.38302392578125,-0.38459986448287964,-0.26830175518989563,-0.24846521019935608
1749220356021013800,1.393013671875,-0.6307867169380188,-0.6904460787773132,-0.2448563575744629
1749220356031004700,1.403004638671875,-0.7879292368888855,-0.7968827486038208,-0.6700699925422668
1749220356040995600,1.41299560546875,-0.7286613583564758,-0.7349754571914673,-0.8647305369377136
1749220356050986800,1.42298681640625,-0.6960565447807312,-0.6611065864562988,-0.8017025589942932
1749220356060976600,1.4329765625,-0.6387213468551636,-0.4375901222229004,-0.5142457485198975
1749220356070967600,1.442967529296875,-0.46550536155700684,-0.20249637961387634,-0.21171943843364716
1749220356080958700,1.452958740234375,-0.2600449025630951,-0.0816408023238182,-0.029406623914837837
1749220356090950000,1.462949951171875,-0.0886172205209732,0.15009894967079163,-0.04292003810405731
1749220356100939800,1.472939697265625,0.044258806854486465,0.2424350082874298,0.05649736523628235
1749220356110930700,1.4829306640625,0.2829749882221222,0.539831280708313,0.2504764199256897
1749220356120921600,1.492921630859375,0.28781741857528687,0.5650559067726135,0.3501065969467163
1749220356130912800,1.502912841796875,-0.018861571326851845,-0.12623117864131927,0.2743860185146332
1749220356140902700,1.512902587890625,-0.3404262959957123,-0.23882083594799042,-0.08491142839193344
1749220356150893600,1.5228935546875,-0.3163590431213379,-0.053021140396595,-0.02267575077712536
1749220356160884700,1.532884765625,-0.35943034291267395,-0.01937609538435936,-0.008622250519692898
1749220356170876000,1.5428759765625,-0.4670476019382477,-0.39713722467422485,0.006560697220265865
1749220356180865800,1.55286572265625,-0.5441442728042603,-0.6860385537147522,-0.06676145642995834
1749220356190856700,1.562856689453125,-0.6037071943283081,-0.927768349647522,-0.21602018177509308
1749220356200847600,1.57284765625,-0.6386516094207764,-1.1075258255004883,-0.30854159593582153
1749220356210838500,1.582838623046875,-0.599760115146637,-0.8739804625511169,-0.40925008058547974
1749220356220828700,1.59282861328125,-0.6302996277809143,-0.24497540295124054,-0.5157384276390076
1749220356230819600,1.602819580078125,-0.4606645405292511,-0.24908998608589172,-0.3772958815097809
1749220356240810800,1.612810791015625,-0.293861448764801,-0.13333861529827118,-0.3240630328655243
1749220356250801700,1.6228017578125,-0.1641620397567749,-0.16299664974212646,-0.1966819018125534
1749220356260791800,1.632791748046875,-0.034870099276304245,-0.30913734436035156,-0.03345223143696785
1749220356270782700,1.64278271484375,0.15530915558338165,-0.7186444401741028,0.23769618570804596
1749220356280773600,1.652773681640625,0.2583055794239044,-0.8825753331184387,0.33333295583724976
1749220356290764500,1.6627646484375,0.26932281255722046,-0.4338023066520691,0.16776156425476074
1749220356300755700,1.672755615234375,0.2222871333360672,0.03746907785534859,0.011550928466022015
1749220356310742000,1.682741943359375,0.17862486839294434,-0.0829382911324501,0.056048087775707245
1749220356320733200,1.692733154296875,0.1607063263654709,0.17745494842529297,0.12954361736774445
1749220356330724400,1.702724365234375,0.16150447726249695,-0.41448134183883667,0.15047019720077515
1749220356340715300,1.71271533203125,0.35840556025505066,-0.1719358116388321,0.38262248039245605
1749220356350705200,1.722705078125,0.32675468921661377,-0.19531197845935822,0.003111903788521886
1749220356360696300,1.7326962890625,0.27355751395225525,-0.3571797013282776,-0.08209966123104095
1749220356370687200,1.742687255859375,0.3254587948322296,-0.24186162650585175,0.2823432683944702
1749220356380678100,1.75267822265625,0.37077459692955017,-0.4965248107910156,0.24149784445762634
1749220356390668000,1.76266796875,0.3695269227027893,-0.3167760968208313,0.054135408252477646
1749220356400659200,1.7726591796875,0.315794438123703,0.1498478204011917,0.05908941850066185
1749220356410650400,1.782650390625,0.45547404885292053,-0.114615797996521,0.16030286252498627
1749220356420641300,1.792641357421875,0.8295506834983826,-0.6289539337158203,0.8038296103477478
1749220356430631200,1.802631103515625,0.7636252045631409,-0.18245981633663177,0.3495606482028961
1749220356440622300,1.812622314453125,0.721920371055603,-0.10504226386547089,0.24375993013381958
1749220356450613200,1.82261328125,0.7377092242240906,0.019214972853660583,0.42975082993507385
1749220356460604200,1.832604248046875,0.7162989974021912,-0.20313820242881775,0.17358990013599396
1749220356470594000,1.842593994140625,0.3889370858669281,0.06269480288028717,-0.09434807300567627
1749220356480585200,1.852585205078125,0.21541324257850647,-0.18478316068649292,-0.09715770930051804
1749220356490576400,1.862576416015625,0.08219952881336212,-0.176969975233078,-0.039088547229766846
1749220356500567300,1.8725673828125,0.13944551348686218,-0.47431299090385437,0.40797311067581177
1749220356510557200,1.88255712890625,0.05168929323554039,-0.4370039701461792,0.1381634622812271
1749220356520548400,1.89254833984375,-0.19687418639659882,0.07059161365032196,0.030674822628498077
1749220356530539300,1.902539306640625,-0.14482136070728302,-0.15863651037216187,-0.2000446766614914
1749220356540530200,1.9125302734375,-0.28516143560409546,0.21434397995471954,-0.24843378365039825
1749220356550520000,1.92252001953125,-0.1830071061849594,0.1775023490190506,-0.1339450180530548
1749220356560511200,1.93251123046875,-0.04310139641165733,0.17242422699928284,-0.08069618046283722
1749220356570502400,1.94250244140625,0.0057439059019088745,0.2114991992712021,-0.10390456020832062
1749220356580493300,1.952493408203125,-0.034930285066366196,0.1945929229259491,-0.22932720184326172
1749220356590483200,1.962483154296875,-0.030417826026678085,1.331672191619873,0.04313974827528
1749220356600474400,1.972474365234375,-0.1450812965631485,0.82756507396698,-0.42930397391319275
1749220356610465300,1.98246533203125,-0.20438483357429504,0.2982977330684662,-0.6713581085205078
1749220356620456200,1.992456298828125,-0.1442173570394516,1.0748651027679443,-0.33080482482910156
1749220356630446000,2.002446044921875,0.2273024022579193,0.4645516872406006,-0.14744271337985992
1749220356640437200,2.012437255859375,0.05782628059387207,0.5595802068710327,-0.22997914254665375
1749220356650428400,2.022428466796875,-0.05823108181357384,0.37935638427734375,-0.44255584478378296
1749220356660419300,2.03241943359375,-0.07763194292783737,-0.09083270281553268,-0.3521532416343689
1749220356670410200,2.04241015625,-0.09775398671627045,-0.4227256774902344,-0.3598601818084717
1749220356680400400,2.052400390625,-0.12450597435235977,-0.6288722157478333,-0.36951199173927307
1749220356690391300,2.062391357421875,-0.12796436250209808,-0.7499975562095642,-0.3560502529144287
1749220356700382200,2.07238232421875,-0.05543742701411247,-0.9708042144775391,-0.30358678102493286
1749220356710373000,2.082373046875,0.38455647230148315,-2.034929037094116,0.20588631927967072
1749220356720363300,2.09236328125,0.35472825169563293,-1.025795578956604,0.2580469846725464
1749220356730354400,2.1023544921875,0.38879939913749695,-0.6694377064704895,0.1689477413892746
1749220356740345300,2.112345458984375,0.32139134407043457,-0.029411684721708298,0.24378496408462524
1749220356750336300,2.122336181640625,0.4049797058105469,0.16787289083003998,0.3119190037250519
1749220356760326100,2.132326171875,0.32423293590545654,0.2985590100288391,0.2245044708251953
1749220356770317300,2.1423173828125,0.1790379285812378,0.4176606237888336,-0.0021827267482876778
1749220356780308200,2.15230810546875,-0.10622630268335342,0.5862885117530823,-0.23814092576503754
1749220356790299100,2.162299072265625,-0.05300968885421753,0.3354179561138153,-0.08267490565776825
1749220356800289300,2.172289306640625,-0.02526514232158661,0.44388237595558167,0.06321119517087936
1749220356810280400,2.182280517578125,0.04800241440534592,0.5294913053512573,0.02466246858239174
1749220356820271400,2.192271240234375,0.1328107714653015,0.4958355724811554,0.000040746363083599135
1749220356830262300,2.20226220703125,0.07515466958284378,0.555216908454895,0.005042162723839283
1749220356840252200,2.212252197265625,-0.12415257096290588,0.9688795804977417,0.22312575578689575
1749220356850243300,2.222243408203125,-0.743805468082428,-0.10127895325422287,-0.05198756605386734
1749220356860234200,2.232234130859375,-1.226912498474121,0.23562531173229218,0.14918415248394012
1749220356870225200,2.24222509765625,-1.6952314376831055,-0.0464673675596714,0.1381453573703766
1749220356880216300,2.25221630859375,-1.9811702966690063,-0.2996956408023834,0.13772404193878174
1749220356890206500,2.26220654296875,-1.956771969795227,-0.6444418430328369,0.20235949754714966
1749220356900197400,2.272197265625,-1.6905351877212524,-0.7838827967643738,0.21872568130493164
1749220356910188300,2.282188232421875,-1.3276097774505615,-0.9193546175956726,0.21427340805530548
1749220356920179500,2.292179443359375,-0.902359127998352,-0.83869868516922,0.2724866569042206
1749220356930169300,2.30216943359375,-0.464519202709198,-0.4651341438293457,0.2072083055973053
1749220356940160300,2.31216015625,-0.21714909374713898,-0.1675644963979721,0.17830422520637512
1749220356950151200,2.322151123046875,0.08232256770133972,0.19106023013591766,0.13049755990505219
1749220356960142300,2.332142333984375,0.35499510169029236,0.44122880697250366,0.1227078065276146
1749220356970132200,2.34213232421875,0.6854225397109985,0.31539711356163025,0.25917696952819824
1749220356980123400,2.352123291015625,1.1545836925506592,0.6855794191360474,0.4065709412097931
1749220356990114300,2.3621142578125,1.2629802227020264,0.7967346906661987,0.15206116437911987
1749220357000105200,2.372105224609375,1.715510368347168,0.8439831733703613,0.11035340279340744
1749220357010095400,2.382095458984375,2.2517247200012207,1.0015016794204712,0.08849844336509705
1749220357020086300,2.392086181640625,2.7124414443969727,1.0824223756790161,0.06851913779973984
1749220357030077200,2.4020771484375,2.8593380451202393,0.9123715758323669,-0.013354155234992504
1749220357040068000,2.412068115234375,2.772696018218994,0.504409909248352,-0.06314408034086227
1749220357050058200,2.422058349609375,2.3723769187927246,-0.2395460158586502,-0.0018399780383333564
1749220357060049400,2.43204931640625,1.2441977262496948,-1.0431252717971802,0.14613297581672668
1749220357070040300,2.442040283203125,0.28844165802001953,-0.9579901695251465,-0.07241640985012054
1749220357080031200,2.45203125,-0.4330691397190094,-0.9537490606307983,-0.191257044672966
1749220357090022400,2.4620224609375,-0.6419563293457031,-0.9889547228813171,-0.14405198395252228
1749220357100012300,2.47201220703125,-0.889887273311615,-0.21370163559913635,-0.05985827371478081
1749220357110003200,2.482003173828125,-0.7966028451919556,-0.6077647805213928,0.016927851364016533
1749220357119994000,2.491994140625,-1.338788628578186,-0.21159987151622772,-0.16048288345336914
1749220357129985300,2.5019853515625,-1.701613187789917,-0.5272225141525269,-0.190117746591568
1749220357139975400,2.511975341796875,-1.963136076927185,-0.5051848888397217,0.005512743256986141
1749220357149966300,2.52196630859375,-2.1830897331237793,-1.0448774099349976,-0.23789697885513306
1749220357159957200,2.531957275390625,-1.9674712419509888,-1.0900357961654663,-0.29127365350723267
1749220357169948400,2.541948486328125,-1.3796881437301636,-0.8371852040290833,-0.21155858039855957
1749220357179938300,2.551938232421875,-0.6570063829421997,-0.2134433090686798,-0.13118945062160492
1749220357189929200,2.56192919921875,0.032704416662454605,0.36245355010032654,-0.18777203559875488
1749220357199920000,2.571920166015625,0.41979220509529114,0.8044975399971008,-0.22949497401714325
1749220357209911300,2.581911376953125,0.9258924126625061,0.6982659101486206,-0.018796058371663094
1749220357219901400,2.5919013671875,0.7889769077301025,0.7466350197792053,-0.07973158359527588
1749220357229892400,2.601892333984375,0.25042715668678284,0.5316599011421204,-0.09701310098171234
1749220357239883300,2.61188330078125,-0.04404042661190033,0.015133146196603775,-0.018189389258623123
1749220357249874400,2.62187451171875,-0.22166500985622406,-0.034892737865448,-0.06095176562666893
1749220357259864300,2.6318642578125,-0.1842329502105713,0.036549221724271774,-0.17504478991031647
1749220357269855200,2.641855224609375,-0.02101021073758602,0.10361187905073166,-0.1793804168701172
1749220357279846100,2.65184619140625,0.09547778964042664,0.04205157980322838,-0.13110609352588654
1749220357289837300,2.66183740234375,0.10444065183401108,-0.07178284227848053,-0.10095430910587311
1749220357299827500,2.671827392578125,0.02912033535540104,-0.13020700216293335,-0.07488835602998734
1749220357309818400,2.681818359375,-0.018968896940350533,-0.18514828383922577,-0.02869316376745701
1749220357319809800,2.691809814453125,0.1551017016172409,-0.33862730860710144,0.07110187411308289
1749220357329800700,2.70180078125,0.146688774228096,-0.26575204730033875,0.07339458912611008
1749220357339790600,2.71179052734375,0.2772853970527649,-0.1788824051618576,0.07130800187587738
1749220357349781500,2.721781494140625,0.40386250615119934,0.04632116109132767,0.09305031597614288
1749220357359772700,2.731772705078125,0.5384741425514221,0.1743054836988449,0.1326589733362198
1749220357369763600,2.741763671875,0.6254900097846985,0.07443801313638687,0.18080972135066986
1749220357379754500,2.75175439453125,0.575478732585907,-0.16766516864299774,0.19260592758655548
1749220357389744600,2.76174462890625,0.4426695704460144,-0.5400821566581726,0.19516868889331818
1749220357399735800,2.77173583984375,0.3677857518196106,-0.9658699035644531,0.1759990006685257
1749220357409726700,2.781726806640625,0.4656614363193512,-1.0504570007324219,0.23746608197689056
1749220357419717600,2.791717529296875,0.4072042405605316,-0.889884889125824,0.25537317991256714
1749220357429707500,2.80170751953125,0.33837059140205383,-0.6469558477401733,0.2550179064273834
1749220357439698700,2.81169873046875,0.33415666222572327,-0.49072736501693726,0.3093418776988983
1749220357449689600,2.821689697265625,0.2601551413536072,-0.05356655642390251,0.42712175846099854
1749220357459680500,2.831680419921875,0.2392599880695343,-0.002773682354018092,0.4284150004386902
1749220357469670700,2.841670654296875,0.17036773264408112,0.00689039658755064,0.4954212009906769
1749220357479661800,2.851661865234375,-0.05555620416998863,0.40141987800598145,0.46194446086883545
1749220357489652700,2.86165283203125,0.0511915497481823,-0.43338632583618164,0.35552480816841125
1749220357499643600,2.8716435546875,-0.10987856239080429,0.09238772094249725,0.36184796690940857
1749220357509633500,2.881633544921875,-0.22634445130825043,0.5516985654830933,0.35523107647895813
1749220357519624700,2.891624755859375,0.02833922952413559,-0.21648649871349335,0.3381580710411072
1749220357529615600,2.90161572265625,0.19691626727581024,-0.4456445872783661,0.3281294107437134
1749220357539606500,2.9116064453125,0.09756224602460861,0.3397658169269562,0.3458194434642792
1749220357549596700,2.9215966796875,-0.25775644183158875,0.35755467414855957,0.5388522744178772
1749220357559587800,2.931587890625,-0.21193355321884155,-0.7010470628738403,0.5560216903686523
1749220357569578800,2.941578857421875,-0.25718334317207336,-0.6505234241485596,0.5622662901878357
1749220357579569700,2.951569580078125,-0.030881749466061592,-0.8972402811050415,0.5893445014953613
1749220357589560800,2.961560791015625,-0.07896512001752853,-0.9641836285591125,1.0405391454696655
1749220357599550700,2.97155078125,-0.3022381663322449,-1.241499423980713,-0.7161197662353516
1749220357609541600,2.981541748046875,-0.051656004041433334,-0.5708714723587036,0.2831965386867523
1749220357619532500,2.991532470703125,-0.11585043370723724,0.3611251711845398,0.8334500789642334
1749220357629523500,3.0015234375,-0.08393431454896927,0.15179352462291718,-0.5329920053482056
1749220357639513900,3.011513916015625,-0.1405443251132965,0.19013744592666626,-0.48114851117134094
1749220357649504800,3.0215048828125,-0.20492838323116302,0.14466503262519836,-0.6782664060592651
1749220357659495700,3.03149560546875,-0.19396893680095673,-0.013483318500220776,-0.7767391800880432
1749220357669486600,3.041486572265625,-0.13100887835025787,-0.02407843805849552,-0.5956183671951294
1749220357679476700,3.051476806640625,0.0012152004055678844,0.05450904741883278,-0.2866615951061249
1749220357689467600,3.061467529296875,0.04484443739056587,-0.01974467560648918,0.03105032816529274
1749220357699458600,3.07145849609375,0.05706221982836723,-0.10331760346889496,0.26867353916168213
1749220357709449500,3.081449462890625,0.07556160539388657,-0.11358168721199036,0.35992860794067383
1749220357719440000,3.09143994140625,0.07067044079303741,-0.04687003791332245,0.3124769330024719
1749220357729430800,3.1014306640625,0.04156235605478287,0.02173059619963169,0.16295643150806427
1749220357739421700,3.111421630859375,-0.003394731320440769,0.043954409658908844,-0.0013022858183830976
1749220357749412600,3.12141259765625,-0.04322630167007446,0.03832768276333809,-0.10446622222661972
1749220357759402500,3.131402587890625,-0.05462516099214554,0.02810673601925373,-0.12163642048835754
1749220357769393700,3.1413935546875,-0.04550836235284805,0.018076205626130104,-0.07033541798591614
1749220357779384600,3.151384521484375,-0.02323474921286106,0.008711732923984528,0.011950136162340641
1749220357789375500,3.16137548828125,0.0010394317796453834,0.0023092268966138363,0.09089715033769608
1749220357799366700,3.17136669921875,0.01495285052806139,-0.0009201221400871873,0.11991282552480698
1749220357809356800,3.181356689453125,0.011877698823809624,0.0012426309986039996,0.09514275938272476
1749220357819347700,3.19134765625,0.004765193909406662,0.011715511791408062,0.03699583560228348
1749220357829338600,3.201338623046875,-0.00273693073540926,0.03203223645687103,-0.008615858852863312
1749220357839329800,3.211329833984375,-0.004577707499265671,0.04375706613063812,-0.02004827745258808
1749220357849319700,3.221319580078125,-0.004087686073035002,0.03611991927027702,0.0010154632618650794
1749220357859310600,3.231310546875,-0.003709783311933279,0.02461559697985649,0.03869573026895523
1749220357869301500,3.241301513671875,-0.0030634342692792416,0.015744341537356377,0.060510482639074326
1749220357879292700,3.251292724609375,-0.005686647724360228,0.012059592641890049,0.06433797627687454
1749220357889282800,3.26128271484375,-0.017653828486800194,0.017776334658265114,0.04049309715628624
1749220357899273700,3.271273681640625,-0.038105309009552,0.08259794116020203,-0.008635831996798515
1749220357909264600,3.2812646484375,-0.05429466441273689,0.1316797286272049,-0.06703788787126541
1749220357919255800,3.291255859375,-0.08950617909431458,0.19905291497707367,-0.10759330540895462
1749220357929245700,3.30124560546875,-0.10895737260580063,0.22170336544513702,-0.11588958650827408
1749220357939236600,3.311236572265625,-0.10868759453296661,0.24691231548786163,-0.08967049419879913
1749220357949227500,3.3212275390625,-0.0958559587597847,0.23956012725830078,-0.05320116877555847
1749220357959218700,3.33121875,-0.06404396146535873,0.2157014012336731,-0.01679282821714878
1749220357969208800,3.341208740234375,-0.05257505923509598,0.24488618969917297,-0.011394068598747253
1749220357979199700,3.35119970703125,-0.015662582591176033,0.2184348702430725,-0.009702694602310658
1749220357989190700,3.361190673828125,-0.018813367933034897,0.09658432751893997,-0.0014982944121584296
1749220357999181800,3.371181884765625,-0.034744665026664734,-0.24965722858905792,0.0853138342499733
1749220358009172700,3.3811728515625,0.06064843386411667,-0.42705386877059937,0.18559809029102325
1749220358019162600,3.39116259765625,0.22256116569042206,-0.1760040521621704,0.2716837227344513
1749220358029153500,3.401153564453125,0.2562112808227539,0.09710897505283356,0.14330363273620605
1749220358039144400,3.41114453125,0.2658167779445648,0.23209768533706665,-0.004253600724041462
1749220358049135600,3.421135498046875,0.09491106867790222,0.20888477563858032,-0.07457809895277023
1749220358059125800,3.431125732421875,-0.1067083403468132,0.11803742498159409,-0.12051656097173691
1749220358069116700,3.44111669921875,-0.24755467474460602,0.09315817058086395,-0.07159828394651413
1749220358079107600,3.451107666015625,-0.27730244398117065,0.09957559406757355,0.0370245985686779
1749220358089098800,3.4610986328125,-0.17046335339546204,0.14190147817134857,0.1340360939502716
1749220358099088600,3.471088623046875,-0.01113281212747097,0.21488673985004425,0.1825844645500183
1749220358109079600,3.48107958984375,0.11197952926158905,0.2153932750225067,0.16978876292705536
1749220358119070500,3.491070556640625,0.11469036340713501,-0.025829998776316643,0.12959474325180054
1749220358129061600,3.5010615234375,0.07407049834728241,-0.36782968044281006,0.08402406424283981
1749220358139051800,3.5110517578125,0.05377588048577309,-0.526692807674408,0.05500519648194313
1749220358149042700,3.521042724609375,0.07182012498378754,-0.4342864751815796,0.02665477991104126
1749220358159033600,3.53103369140625,0.0918998271226883,-0.23645621538162231,0.0009709885343909264
1749220358169024800,3.541024658203125,0.06240106001496315,-0.08596044778823853,-0.002907373011112213
1749220358179014700,3.5510146484375,-0.010360228829085827,-0.025951972231268883,0.014072409830987453
1749220358189005600,3.561005615234375,-0.07330457121133804,0.023250726982951164,0.03135126456618309
1749220358198996500,3.57099658203125,-0.10029225051403046,0.09324286133050919,0.038779351860284805
1749220358208987600,3.580987548828125,-0.0992291122674942,0.11336890608072281,0.04851800203323364
1749220358218978600,3.590978515625,-0.09331157058477402,0.06519258767366409,0.05590294674038887
1749220358228968700,3.60096875,-0.07299431413412094,0.021452294662594795,0.03753698989748955
1749220358238959600,3.610959716796875,0.03868374601006508,0.1311337798833847,0.012410330586135387
1749220358248950800,3.62095068359375,0.13671471178531647,0.29615309834480286,0.018842663615942
1749220358258941700,3.630941650390625,0.14255927503108978,0.24894803762435913,0.038542333990335464
1749220358268931600,3.640931640625,0.06740354001522064,-0.04947168007493019,0.03973329812288284
1749220358278922500,3.650922607421875,-0.01648363471031189,-0.27756741642951965,0.04825248569250107
1749220358288913700,3.66091357421875,-0.07052982598543167,-0.3672376573085785,0.03413240239024162
1749220358298904600,3.670904541015625,-0.05798820033669472,-0.25854313373565674,0.01443886011838913
1749220358308894700,3.680894775390625,-0.04783330112695694,-0.22649306058883667,-0.014994395896792412
1749220358318889200,3.69088916015625,-0.049500174820423126,-0.3945915102958679,0.006317550782114267
1749220358328880400,3.70088037109375,-0.010584999807178974,-0.5011528730392456,0.04616909474134445
1749220358338871300,3.710871337890625,-0.007918110117316246,-0.6133680939674377,0.08372365683317184
1749220358348861200,3.720861083984375,-0.0307464599609375,-0.7461692690849304,0.09172805398702621
1749220358358852000,3.73085205078125,-0.07462336868047714,-0.8113037943840027,0.07785777747631073
1749220358368843300,3.74084326171875,-0.07625375688076019,-0.6966424584388733,0.07796084135770798
1749220358378834200,3.750834228515625,-0.0636088028550148,-0.5420603156089783,0.06790554523468018
1749220358388825000,3.7608251953125,-0.002603239845484495,-0.34218505024909973,0.0608321912586689
1749220358398815200,3.770815185546875,0.13985110819339752,-0.015125423669815063,0.0385066457092762
1749220358408806400,3.780806396484375,0.14691993594169617,0.3745608329772949,0.03323465213179588
1749220358418797300,3.79079736328125,0.008241684176027775,0.3666541576385498,0.024587102234363556
1749220358428788200,3.800788330078125,-0.18637067079544067,0.3196863830089569,0.042207106947898865
1749220358438778000,3.810778076171875,-0.3377167880535126,0.3402979373931885,0.04282869026064873
1749220358448769300,3.820769287109375,-0.35634052753448486,0.4844401776790619,0.027724305167794228
1749220358458760200,3.83076025390625,-0.31511107087135315,0.613436758518219,-0.009176986292004585
1749220358468751000,3.840751220703125,-0.2337629646062851,0.5767578482627869,-0.07941093295812607
1749220358478741200,3.8507412109375,-0.09519762545824051,-0.01004890538752079,-0.24214711785316467
1749220358488732400,3.860732421875,-0.03304610028862953,-0.37050774693489075,-0.31510868668556213
1749220358498723300,3.870723388671875,0.13774295151233673,0.25866323709487915,-0.11971042305231094
1749220358508714200,3.88071435546875,0.3405892848968506,0.12167157232761383,-0.08432500064373016
1749220358518704000,3.8907041015625,0.1485157012939453,-0.19937355816364288,0.08410236239433289
1749220358528695300,3.9006953125,-0.1585686057806015,-0.4546889364719391,0.22451487183570862
1749220358538686200,3.910686279296875,-0.37824317812919617,-0.6259970664978027,0.2916419804096222
1749220358548677000,3.920677001953125,-0.45145612955093384,-0.7772313356399536,0.2772156298160553
1749220358558668300,3.930668212890625,-0.39605438709259033,-0.8172032237052917,0.2086581438779831
1749220358568658400,3.940658447265625,-0.2875966429710388,-0.7348798513412476,0.1276591569185257
1749220358578649300,3.9506494140625,-0.07998697459697723,-0.5343555212020874,0.042756784707307816
1749220358588640300,3.96064013671875,0.20635876059532166,-0.3088792860507965,-0.015019962564110756
1749220358598631200,3.970631103515625,0.41716766357421875,0.03894313797354698,-0.04788203909993172
1749220358608621300,3.980621337890625,0.49884387850761414,0.4363730549812317,-0.058568503707647324
1749220358618612200,3.9906123046875,0.37055355310440063,0.756515383720398,-0.09087903797626495
1749220358628603100,4.00060302734375,0.12448813021183014,0.9540958404541016,-0.10263955593109131
1749220358638594000,4.010593994140625,-0.11774394661188126,1.3175081014633179,-0.07541246712207794
1749220358648584400,4.02058447265625,-0.2652444541454315,1.6963465213775635,-0.0057710702531039715
1749220358658575400,4.030575439453125,-0.37464097142219543,1.954823613166809,0.09159543365240097
1749220358668566300,4.040566162109375,-0.42177626490592957,1.7100498676300049,0.10896269977092743
1749220358678557200,4.05055712890625,-0.5105072259902954,1.1519346237182617,0.19599081575870514
1749220358688547300,4.06054736328125,-0.47651541233062744,0.7499411106109619,0.21491630375385284
1749220358698538200,4.070538330078125,-0.3396206796169281,0.3506230115890503,0.1548854559659958
1749220358708529200,4.080529052734375,-0.09929702430963516,0.15921282768249512,0.07076232135295868
1749220358718520000,4.09052001953125,0.18867644667625427,0.13870728015899658,-0.03827574849128723
1749220358728510200,4.10051025390625,0.4402775168418884,0.13555435836315155,-0.139142706990242
1749220358738501400,4.11050146484375,0.5970301032066345,0.18564149737358093,-0.16928383708000183
1749220358748492300,4.1204921875,0.6537397503852844,0.24507340788841248,-0.1876218318939209
1749220358758483200,4.130483154296875,0.6013715863227844,0.1989077776670456,-0.16581933200359344
1749220358768473000,4.14047314453125,0.4680500328540802,0.14122742414474487,-0.10879785567522049
1749220358778464300,4.15046435546875,0.3085266649723053,-0.03810584172606468,-0.07449207454919815
1749220358788455200,4.160455078125,0.14322958886623383,-0.18916140496730804,-0.05691494792699814
1749220358798446000,4.170446044921875,0.01635953225195408,-0.24791313707828522,-0.041669949889183044
1749220358808437200,4.180437255859375,-0.060558684170246124,-0.1841093897819519,-0.008786034770309925
1749220358818427400,4.190427490234375,-0.07862690091133118,-0.09214164316654205,0.024285631254315376
1749220358828418300,4.200418212890625,-0.06863179057836533,0.0033894050866365433,0.07117777317762375
1749220358838409200,4.2104091796875,-0.08056621253490448,0.04273388162255287,0.10438792407512665
1749220358848400400,4.220400390625,-0.09293366968631744,0.07831744104623795,0.12976811826229095
1749220358858390300,4.230390380859375,-0.09173018485307693,0.11308527737855911,0.1293979436159134
1749220358868381200,4.240381103515625,-0.13280385732650757,0.01776221953332424,0.1110554113984108
1749220358878372000,4.2503720703125,-0.1406434029340744,-0.15307290852069855,0.09578405320644379
1749220358888363300,4.26036328125,-0.10658236593008041,-0.20079275965690613,0.08738310635089874
1749220358898353400,4.270353515625,-0.03875884786248207,-0.1792786717414856,0.10206484794616699
1749220358908344300,4.28034423828125,-0.013133112341165543,-0.19351619482040405,0.12416109442710876
1749220358918335200,4.290335205078125,-0.007115433923900127,-0.25191906094551086,0.16089673340320587
1749220358928326400,4.300326416015625,-0.02858956716954708,-0.2562600076198578,0.20432224869728088
1749220358938317300,4.3103173828125,-0.07844367623329163,-0.2459184229373932,0.24655944108963013
1749220358948307200,4.32030712890625,-0.08434204757213593,-0.23332592844963074,0.2610001564025879
1749220358958298000,4.330298095703125,-0.07540340721607208,-0.11471140384674072,0.27068474888801575
1749220358968289300,4.340289306640625,-0.04476773738861084,-0.09210649132728577,0.27242860198020935
1749220358978280200,4.3502802734375,-0.08418785035610199,-0.07295969128608704,0.2182721495628357
1749220358988270300,4.360270263671875,-0.15230432152748108,-0.10684575885534286,0.10115884244441986
1749220358998261200,4.37026123046875,-0.16339558362960815,-0.14129747450351715,-0.04939045384526253
1749220359008252200,4.380252197265625,-0.2127532809972763,-0.13040727376937866,-0.21539966762065887
1749220359018243300,4.390243408203125,-0.28182315826416016,-0.24333302676677704,-0.3578055500984192
1749220359028233200,4.400233154296875,-0.20302395522594452,-0.3624732792377472,-0.4250527620315552
1749220359038224100,4.41022412109375,-0.03386422246694565,-0.3186376392841339,-0.4129899740219116
1749220359048215000,4.420215087890625,0.12220447510480881,-0.10924392938613892,-0.3562931418418884
1749220359058206200,4.430206298828125,0.22990722954273224,-0.033177126199007034,-0.32643404603004456
1749220359068196400,4.4401962890625,0.20000605285167694,-0.08963481336832047,-0.33975011110305786
1749220359078187300,4.450187255859375,0.1511564999818802,-0.09234137833118439,-0.4145977199077606
1749220359088178200,4.46017822265625,0.1255486011505127,-0.04445667937397957,-0.4446869194507599
1749220359098169300,4.47016943359375,0.08046022057533264,-0.06837080419063568,-0.408216267824173
1749220359108159200,4.4801591796875,-0.0516354963183403,-0.16323606669902802,-0.3242686092853546
1749220359118150100,4.490150146484375,-0.06896708160638809,-0.20938357710838318,-0.27694424986839294
1749220359128141000,4.50014111328125,-0.05263551324605942,-0.19015449285507202,-0.2519797682762146
1749220359138132200,4.51013232421875,0.030428213998675346,-0.24620498716831207,-0.23041589558124542
1749220359148123400,4.520123291015625,0.07393015176057816,-0.27021524310112,-0.19848912954330444
1749220359158113300,4.53011328125,0.05307094007730484,-0.2452094852924347,-0.16999275982379913
1749220359168104200,4.540104248046875,0.05957997217774391,-0.053315419703722,-0.17673881351947784
1749220359178095400,4.550095458984375,-0.030912641435861588,0.07698240131139755,-0.1517794132232666
1749220359188086300,4.560086181640625,-0.11736471205949783,0.10700128227472305,-0.12202896922826767
1749220359198076200,4.570076171875,-0.1419725865125656,0.19302032887935638,-0.13245470821857452
1749220359208067000,4.580067138671875,-0.1561637669801712,0.22535163164138794,-0.12227744609117508
1749220359218058200,4.590058349609375,-0.1143374964594841,0.2754869759082794,-0.12042415142059326
1749220359228049200,4.600049072265625,-0.04381166398525238,0.41970938444137573,-0.11892612278461456
1749220359238039300,4.610039306640625,0.03367407247424126,0.5963259935379028,-0.1097739040851593
1749220359248030200,4.6200302734375,0.11848057061433792,0.8716899156570435,-0.08980738371610641
1749220359258021400,4.630021484375,0.15848711133003235,1.0461047887802124,-0.03575213998556137
1749220359268012300,4.64001220703125,0.23203377425670624,1.2054473161697388,-0.006760966964066029
1749220359278002200,4.650002197265625,0.29472616314888,1.25764000415802,0.023990554735064507
1749220359287993000,4.6599931640625,0.2612646222114563,0.7108498811721802,0.0600135363638401
1749220359297984300,4.669984375,0.1916985958814621,0.1564980000257492,0.01949780061841011
1749220359307975200,4.67997509765625,0.20832045376300812,-0.28409668803215027,0.004196875728666782
1749220359317962000,4.6899619140625,0.23464739322662354,-0.4260173439979553,-0.008112520910799503
1749220359327953200,4.699953125,0.2411830574274063,-0.6162147521972656,0.017917748540639877
1749220359337944000,4.709944091796875,0.08285679668188095,-0.7990812063217163,0.042275551706552505
1749220359347935000,4.71993505859375,-0.11495454609394073,-1.2703694105148315,0.06040262430906296
1749220359357926100,4.729926025390625,-0.18201720714569092,-1.5947251319885254,0.062177352607250214
1749220359367916000,4.739916015625,-0.14268045127391815,-1.5501352548599243,0.0945398211479187
1749220359377907000,4.749906982421875,-0.10391601175069809,-1.330108880996704,0.08689574897289276
1749220359387897900,4.75989794921875,-0.1729041337966919,-0.9210747480392456,0.11777590215206146
1749220359397889000,4.769888916015625,-0.22111853957176208,-0.42281225323677063,0.18468676507472992
1749220359407879200,4.779879150390625,-0.24655279517173767,0.2538716793060303,0.3081711530685425
1749220359417870000,4.7898701171875,-0.2317783683538437,0.016226906329393387,0.34457069635391235
1749220359427861000,4.799861083984375,-0.3082622289657593,-0.4202750325202942,0.3474554419517517
1749220359437852200,4.80985205078125,-0.2820300757884979,-0.5443788766860962,0.32453253865242004
1749220359447842000,4.819842041015625,-0.10560578852891922,-0.4802853763103485,0.2670910954475403
1749220359457833000,4.8298330078125,0.06975724548101425,-0.21076948940753937,0.14275555312633514
1749220359467823900,4.839823974609375,0.24341878294944763,-0.06924325227737427,0.047864992171525955
1749220359477815000,4.84981494140625,0.26730120182037354,0.03815137967467308,0.03297792375087738
1749220359487805200,4.85980517578125,0.22309300303459167,0.28941744565963745,0.058208711445331573
1749220359497796000,4.869796142578125,0.18029093742370605,0.5367505550384521,0.1201905906200409
1749220359507787000,4.879787109375,0.042149584740400314,0.45531877875328064,0.1476200819015503
1749220359517778200,4.889778076171875,-0.052255745977163315,0.39707517623901367,0.11187700182199478
1749220359527768000,4.89976806640625,-0.0023411849979311228,0.19415615499019623,0.10492908209562302
1749220359537759000,4.909759033203125,-0.019658124074339867,-0.010386860929429531,0.04225078225135803
1749220359547750000,4.91975,-0.011323228478431702,-0.2761668860912323,0.039556462317705154
1749220359557741000,4.929740966796875,0.06384502351284027,-0.26751694083213806,0.009218265302479267
1749220359567732000,4.93973193359375,0.1229698657989502,-0.23647911846637726,-0.04813370853662491
1749220359577722000,4.94972216796875,0.03241706266999245,-0.36390045285224915,-0.05758979171514511
1749220359587713000,4.959713134765625,-0.061229534447193146,-0.5028841495513916,-0.03647997975349426
1749220359597704000,4.969703857421875,-0.10328058153390884,-0.4956299960613251,-0.00777643034234643
1749220359607695000,4.979695068359375,-0.06956416368484497,-0.38166773319244385,-0.004355866461992264
1749220359617685000,4.98968505859375,0.022655777633190155,-0.0932290107011795,-0.07601061463356018
1749220359627676000,4.999676025390625,0.0038338867016136646,-0.0800279900431633,-0.13918985426425934
1749220359637666800,5.009666748046875,-0.04730253294110298,-0.2646028995513916,-0.08441741019487381
1749220359647658000,5.019657958984375,-0.011948006227612495,-0.08144452422857285,-0.047621846199035645
1749220359657648000,5.029648193359375,0.026385800912976265,-0.13464143872261047,-0.04758322983980179
1749220359667639000,5.03963916015625,0.017128121107816696,-0.21820637583732605,-0.10256685316562653
1749220359677630000,5.0496298828125,0.03621925786137581,0.4387355446815491,-0.099421925842762
1749220359687621000,5.05962109375,-0.029505694285035133,0.42437872290611267,-0.0756276473402977
1749220359697611000,5.069611083984375,-0.232203409075737,0.2966596186161041,-0.11460700631141663
1749220359707602000,5.079601806640625,-0.2857758104801178,0.38312289118766785,-0.17603574693202972
1749220359717592800,5.0895927734375,-0.1972331702709198,0.4722064137458801,-0.1820582151412964
1749220359727584000,5.099583984375,-0.049425605684518814,0.47606053948402405,-0.15967941284179688
1749220359737574100,5.10957421875,0.03212011978030205,0.4135710597038269,-0.17369616031646729
1749220359747565000,5.11956494140625,0.055998820811510086,0.3340163230895996,-0.21065817773342133
1749220359757556000,5.129555908203125,0.06827199459075928,0.2538684904575348,-0.198300302028656
1749220359767547100,5.139547119140625,0.09256482124328613,0.3239370584487915,-0.19601291418075562
1749220359777537000,5.149537109375,0.11639611423015594,0.3251567780971527,-0.20599950850009918
1749220359787528000,5.15952783203125,0.11922652274370193,0.2884427011013031,-0.1980840563774109
1749220359797518800,5.169518798828125,0.09845013916492462,0.30110472440719604,-0.1665213406085968
1749220359807510000,5.179510009765625,0.0638229176402092,0.23879046738147736,-0.17237016558647156
1749220359817500200,5.189500244140625,0.028496090322732925,0.0951632708311081,-0.16391409933567047
1749220359827491000,5.199490966796875,-0.009284844622015953,0.12077967822551727,-0.14121811091899872
1749220359837482000,5.20948193359375,0.004742290824651718,0.005623531062155962,-0.11647148430347443
1749220359847473200,5.21947314453125,0.008671518415212631,-0.07902637869119644,-0.07226674258708954
1749220359857464000,5.229464111328125,0.04273441433906555,-0.20882511138916016,-0.05499747022986412
1749220359867454000,5.239453857421875,0.0792175903916359,-0.18270643055438995,-0.04448757320642471
1749220359877444900,5.24944482421875,0.12208862602710724,-0.15580584108829498,-0.002784601179882884
1749220359887436000,5.25943603515625,0.12622185051441193,-0.03057601861655712,0.057736534625291824
1749220359897427200,5.26942724609375,0.12687085568904877,0.007031810469925404,0.11187407374382019
1749220359907417000,5.2794169921875,0.0938950702548027,-0.01047554425895214,0.16492290794849396
1749220359917408000,5.289407958984375,0.03653164580464363,-0.07814433425664902,0.21681833267211914
1749220359927399200,5.299399169921875,-0.005054679699242115,-0.11319233477115631,0.2551572024822235
1749220359937390000,5.30939013671875,-0.011136806569993496,-0.1255592554807663,0.284524142742157
1749220359947380000,5.3193798828125,0.0013070794520899653,-0.07194263488054276,0.30214256048202515
1749220359957371000,5.329370849609375,0.028686506673693657,-0.00936101097613573,0.3177976608276367
1749220359967362000,5.339362060546875,0.04170377179980278,0.09771404415369034,0.34242287278175354
1749220359977353200,5.349353271484375,0.04054263234138489,0.21123075485229492,0.37302523851394653
1749220359987343000,5.359343017578125,0.03728398680686951,0.28022393584251404,0.39853885769844055
1749220359997334000,5.369333984375,0.02329360507428646,0.37198102474212646,0.4201298952102661
1749220360007325000,5.379324951171875,0.026090988889336586,0.39957404136657715,0.43969374895095825
1749220360017316000,5.389316162109375,0.02761485055088997,0.3309619426727295,0.4625050723552704
1749220360027306000,5.399305908203125,0.005571599118411541,0.42534276843070984,0.49573197960853577
1749220360037297000,5.409296875,0.014532603323459625,0.4447755813598633,0.5270827412605286
1749220360047288000,5.4192880859375,0.08796820789575577,0.5328364968299866,0.572114884853363
1749220360057279200,5.429279296875,0.1467372477054596,0.8028357625007629,0.558209240436554
1749220360067270100,5.439270263671875,0.18877044320106506,0.8945659399032593,0.5368112325668335
1749220360077260000,5.449260009765625,0.09646102786064148,0.7124565839767456,0.5461757183074951
1749220360087251000,5.4592509765625,-0.028368258848786354,0.5897362232208252,0.5725008249282837
1749220360097242000,5.4692421875,-0.040951427072286606,0.5565956234931946,0.527285099029541
1749220360107233000,5.47923291015625,-0.03543069586157799,0.6106796264648438,0.44902122020721436
1749220360117223000,5.489222900390625,-0.049124669283628464,0.6385242938995361,0.3818903863430023
1749220360127214000,5.499214111328125,-0.0631139874458313,0.5373814105987549,0.3503681421279907
1749220360137205200,5.509205322265625,-0.14249056577682495,0.3652312457561493,0.35104697942733765
1749220360147196200,5.519196044921875,-0.26637816429138184,0.12017567455768585,0.2958902418613434
1749220360157186000,5.52918603515625,-0.3970749080181122,-0.2431953400373459,0.17421148717403412
1749220360167177000,5.539177001953125,-0.46037691831588745,-0.42277708649635315,0.0587163083255291
1749220360177168100,5.549168212890625,-0.40578240156173706,-0.4215376377105713,-0.02257561683654785
1749220360187159000,5.559158935546875,-0.2600443661212921,-0.2521608769893646,-0.08481741696596146
1749220360197149000,5.56914892578125,-0.22086499631404877,-0.3162437081336975,-0.1290551871061325
1749220360207140000,5.57914013671875,-0.24995072185993195,-0.21796375513076782,-0.16713173687458038
1749220360217131300,5.58913134765625,-0.14680887758731842,-0.12728391587734222,-0.2625613212585449
1749220360227122200,5.5991220703125,-0.0952191948890686,-0.10541190952062607,-0.28435608744621277
1749220360237112000,5.609112060546875,-0.02833763137459755,-0.19891682267189026,-0.28350627422332764
1749220360247103000,5.61910302734375,0.027064640074968338,-0.3334919512271881,-0.27354100346565247
1749220360257094100,5.62909423828125,0.06824110448360443,-0.5503835082054138,-0.24170716106891632
1749220360267085000,5.6390849609375,0.1534835696220398,-0.6764280200004578,-0.2542969882488251
1749220360277076000,5.649075927734375,0.2521563470363617,-0.7573907375335693,-0.3028229773044586
1749220360287065900,5.65906591796875,0.29570382833480835,-0.7474755644798279,-0.36012381315231323
1749220360297057000,5.66905712890625,0.2843393087387085,-0.6359087824821472,-0.39856255054473877
1749220360307048200,5.679048095703125,0.23229847848415375,-0.5139021873474121,-0.4076266288757324
1749220360317039000,5.6890390625,0.15087659657001495,-0.3593107759952545,-0.3998059928417206
1749220360327029000,5.699029052734375,0.06761819124221802,-0.16751575469970703,-0.39455369114875793
1749220360337020000,5.70902001953125,-0.0032778186723589897,0.023926904425024986,-0.3832424581050873
1749220360347010800,5.7190107421875,-0.077788807451725,0.19971178472042084,-0.35749688744544983
1749220360357002000,5.729001953125,-0.161709263920784,0.2159099280834198,-0.3072448968887329
1749220360366992000,5.738991943359375,-0.22938738763332367,0.13286830484867096,-0.26319620013237
1749220360376983000,5.748983154296875,-0.2594986855983734,-0.01889246515929699,-0.22315078973770142
1749220360386974000,5.758973876953125,-0.17315714061260223,-0.23399704694747925,-0.18557758629322052
1749220360396965000,5.768965087890625,-0.001800030586309731,-0.38868969678878784,-0.15533499419689178
1749220360406955000,5.778955078125,0.19328157603740692,-0.4012257158756256,-0.14562538266181946
1749220360416946000,5.78894580078125,0.3096494674682617,-0.43564948439598083,-0.12111230939626694
1749220360426936800,5.798936767578125,0.26081427931785583,-0.7725750207901001,-0.0870416909456253
1749220360436928000,5.808927978515625,0.10637437552213669,-1.1058895587921143,-0.0672948807477951
1749220360446918000,5.81891796875,0.041141312569379807,-0.8540714979171753,-0.0687556266784668
1749220360456909000,5.828908935546875,0.12807594239711761,-0.24679885804653168,-0.0452689453959465
1749220360466900000,5.83889990234375,0.1686830222606659,0.29533150792121887,0.0060211410745978355
1749220360476891100,5.84889111328125,-0.004860268905758858,0.6068859100341797,0.04740719497203827
1749220360486882000,5.858882080078125,-0.2404075413942337,0.6365364789962769,0.06455609202384949
1749220360496872000,5.868871826171875,-0.2910805642604828,0.4094751179218292,0.04599012807011604
1749220360506862800,5.87886279296875,-0.18348486721515656,0.23229315876960754,0.0231093131005764
1749220360516853800,5.888853759765625,-0.009208944626152515,0.09263645857572556,0.016263391822576523
1749220360526845000,5.898844970703125,0.0906638577580452,-0.06512866914272308,-0.010484332218766212
1749220360536835000,5.9088349609375,0.07792516052722931,-0.3030991554260254,-0.017100157216191292
1749220360546826000,5.918825927734375,0.040762078016996384,-0.5278323888778687,-0.02255537547171116
1749220360556817000,5.92881689453125,0.030243389308452606,-0.6609694361686707,-0.03642218932509422
1749220360566808000,5.93880810546875,0.031215444207191467,-0.6841370463371277,-0.03635827451944351
1749220360576798000,5.9487978515625,0.06255792081356049,-0.604242205619812,-0.012198342941701412
1749220360586788900,5.958788818359375,0.08018431812524796,-0.4107065796852112,0.0002008023438975215
1749220360596779800,5.96877978515625,0.06499551236629486,-0.20669378340244293,-0.007839281111955643
1749220360606771000,5.97877099609375,0.018453842028975487,-0.025080053135752678,0.022007031366229057
1749220360616761000,5.988760986328125,-0.03025643900036812,0.21158760786056519,0.04175730049610138
1749220360626752000,5.998751953125,-0.04531155526638031,0.3412313461303711,0.03942037746310234
1749220360636743000,6.008742919921875,-0.07688546180725098,0.3183779716491699,0.054485078901052475
1749220360646734000,6.018734130859375,-0.04240311682224274,0.31546369194984436,0.0615437887609005
1749220360656724000,6.028723876953125,-0.0006543386843986809,0.10946311056613922,0.06507513672113419
1749220360666715000,6.03871484375,0.02905881591141224,-0.07752035558223724,0.0657622367143631
1749220360676705800,6.048705810546875,0.05038674175739288,-0.20458057522773743,0.03614841774106026
1749220360686697000,6.058697021484375,0.04204279184341431,-0.1752581000328064,0.02563425712287426
1749220360696687000,6.06868701171875,0.03044632263481617,-0.09363887459039688,0.05812695249915123
1749220360706678000,6.078677978515625,0.010072341188788414,-0.01341407559812069,0.08121921867132187
1749220360716669000,6.0886689453125,-0.01613449491560459,0.06427060067653656,0.06516968458890915
1749220360726660000,6.09866015625,-0.024342091754078865,0.13431653380393982,0.05439533293247223
1749220360736651000,6.108651123046875,-0.018458636477589607,0.15847699344158173,0.06973513960838318
1749220360746641000,6.118640869140625,-0.015080415643751621,0.1305236518383026,0.06773830205202103
1749220360756631800,6.1286318359375,-0.011575696058571339,0.05885213240981102,0.05066424235701561
1749220360766623000,6.138623046875,0.0005845638806931674,-0.008285893127322197,0.036765206605196
1749220360776614000,6.14861376953125,0.015514777041971684,-0.053819023072719574,0.0370728000998497
1749220360786604000,6.15860400390625,0.021975606679916382,-0.0686778649687767,0.034277547150850296
1749220360796595000,6.168594970703125,0.019094865769147873,-0.06576409935951233,0.03015497326850891
1749220360806586000,6.178586181640625,0.014689464122056961,-0.043348804116249084,0.03343705087900162
1749220360816577000,6.188576904296875,0.012257731519639492,-0.010731473565101624,0.042581282556056976
1749220360826567000,6.19856689453125,0.010340255685150623,0.015031680464744568,0.04439729079604149
1749220360836557800,6.208557861328125,0.015290805138647556,0.031976841390132904,0.045696381479501724
1749220360846549000,6.218549072265625,0.01453100610524416,0.029387183487415314,0.051413923501968384
1749220360856540000,6.228539794921875,0.015662049874663353,0.012852948158979416,0.056525327265262604
1749220360866530000,6.238530029296875,0.018313227221369743,-0.014536598697304726,0.053410761058330536
1749220360876521000,6.24852099609375,0.025845445692539215,-0.04314960166811943,0.04916222020983696
1749220360886512000,6.25851220703125,0.030977357178926468,-0.05083495005965233,0.04800188168883324
1749220360896503000,6.2685029296875,0.030429543927311897,-0.050398990511894226,0.04953958839178085
1749220360906493000,6.278492919921875,0.02521028183400631,-0.034265827387571335,0.04496774077415466
1749220360916483800,6.28848388671875,0.018061291426420212,-0.0026527747977524996,0.05156305804848671
1749220360926474800,6.298474853515625,0.010778611525893211,0.030312631279230118,0.05409705638885498
1749220360936466000,6.3084658203125,0.006679474376142025,0.05440092459321022,0.05837755650281906
1749220360946456800,6.318456787109375,0.005194495897740126,0.06552308052778244,0.05688272416591644
1749220360956447000,6.328447021484375,0.007239270955324173,0.07094740867614746,0.058873437345027924
1749220360966438000,6.33843798828125,0.012296879664063454,0.08044557273387909,0.062126755714416504
1749220360976429000,6.348428955078125,0.01495205145329237,0.08494418859481812,0.0675489529967308
1749220360986420000,6.358419921875,0.010290187783539295,0.06490150094032288,0.06725014001131058
1749220360996409900,6.368409912109375,0.01332832220941782,0.057910170406103134,0.05938156694173813
1749220361006400800,6.37840087890625,0.0285916980355978,0.05721135810017586,0.058280881494283676
1749220361016392000,6.388391845703125,0.026627615094184875,0.05853095278143883,0.06593827158212662
1749220361026382800,6.3983828125,0.009758088737726212,0.08208101987838745,0.07191094011068344
1749220361036373000,6.408373046875,0.00016831177345011383,0.10224035382270813,0.07427742332220078
1749220361046364000,6.418364013671875,-0.009428922086954117,0.11547892540693283,0.0711282417178154
1749220361056355000,6.42835498046875,-0.00962972454726696,0.12991085648536682,0.0810205489397049
1749220361066346000,6.438345947265625,-0.007966579869389534,0.12489985674619675,0.08491995185613632
1749220361076335900,6.4483359375,-0.006068279035389423,0.14756229519844055,0.09357975423336029
1749220361086326800,6.458326904296875,-0.008479771204292774,0.20348282158374786,0.10167735815048218
1749220361096318000,6.46831787109375,-0.02490455098450184,0.2817491292953491,0.0901341512799263
1749220361106308900,6.478308837890625,-0.05428241193294525,0.3900921046733856,0.09815852344036102
1749220361116299800,6.4882998046875,-0.09122765064239502,0.5213364362716675,0.1387842446565628
1749220361126290000,6.4982900390625,-0.12656860053539276,0.6706752777099609,0.17579339444637299
1749220361136281000,6.508281005859375,-0.14933861792087555,0.8011803030967712,0.20237307250499725
1749220361146272000,6.51827197265625,-0.15264706313610077,0.8906009793281555,0.22679851949214935
1749220361156263000,6.528262939453125,-0.10752779245376587,0.951377272605896,0.2990676760673523
1749220361166252800,6.538252685546875,-0.08765102177858353,1.0583231449127197,0.3904436528682709
1749220361176244000,6.548243896484375,-0.11711916327476501,1.1523287296295166,0.4119715690612793
1749220361186235000,6.55823486328125,-0.13938479125499725,1.1828606128692627,0.3701319992542267
1749220361196225800,6.568225830078125,-0.09466845542192459,1.1891556978225708,0.3632279932498932
1749220361206216000,6.5782158203125,-0.04752890393137932,1.1971527338027954,0.410872220993042
1749220361216207000,6.58820703125,-0.024228639900684357,1.2026933431625366,0.47066789865493774
1749220361226198000,6.598197998046875,0.03247937932610512,1.2283766269683838,0.4774504601955414
1749220361236189000,6.60818896484375,0.08159232884645462,1.3997457027435303,0.4346883296966553
1749220361246178800,6.6181787109375,0.10807107388973236,1.7562721967697144,0.5585282444953918
1749220361256170000,6.628169921875,0.05571892112493515,2.2080435752868652,0.6383261680603027
1749220361266161000,6.638160888671875,-0.11401551961898804,2.7976412773132324,0.6667950749397278
1749220361276151800,6.64815185546875,-0.30885398387908936,3.373142719268799,0.720721423625946
1749220361286142000,6.658141845703125,-0.43443241715431213,3.812622308731079,0.7151085734367371
1749220361296133000,6.668133056640625,-0.487831175327301,4.136094570159912,0.7256789207458496
1749220361306124000,6.6781240234375,-0.49836665391921997,4.38643741607666,0.8035569190979004
1749220361316114400,6.688114501953125,-0.5124398469924927,4.57579231262207,0.8580968379974365
1749220361326105600,6.698105712890625,-0.5228112936019897,4.702358245849609,0.7845485806465149
1749220361336095500,6.708095458984375,-0.5102099776268005,4.828840255737305,0.7948313355445862
1749220361346086400,6.71808642578125,-0.5052144527435303,4.938067436218262,0.8045274019241333
1749220361356077300,6.728077392578125,-0.519585371017456,5.026605606079102,0.8391357064247131
1749220361366068500,6.738068359375,-0.5286257266998291,5.046323299407959,0.79178786277771
1749220361376058600,6.74805859375,-0.5436052083969116,5.001801490783691,0.7933927178382874
1749220361386049500,6.758049560546875,-0.531243622303009,4.828537940979004,0.7508708238601685
1749220361396040400,6.76804052734375,-0.5054272413253784,4.669610023498535,0.6680731177330017
1749220361406031600,6.778031494140625,-0.46852993965148926,4.528748512268066,0.7113407254219055
1749220361416021500,6.788021484375,-0.20659205317497253,4.230179786682129,0.8189156651496887
1749220361426012400,6.798012451171875,-0.24779196083545685,4.049186706542969,0.36380404233932495
1749220361436003300,6.80800341796875,-0.6742913722991943,3.354609251022339,0.6600911021232605
1749220361445994500,6.817994384765625,-0.48714861273765564,1.5315746068954468,0.7997888326644897
1749220361455984600,6.827984619140625,0.32839518785476685,0.5257527232170105,0.24579378962516785
1749220361465975600,6.8379755859375,0.7958742380142212,0.7630369067192078,0.30766621232032776
1749220361475966500,6.847966552734375,0.6848158836364746,0.013258547522127628,0.525111198425293
1749220361485957600,6.85795751953125,0.456071138381958,-0.3232036232948303,0.4698790907859802
1749220361495947500,6.867947509765625,0.3241426646709442,0.16761988401412964,0.262896329164505
1749220361505938400,6.8779384765625,0.3217572569847107,0.24868518114089966,0.06542161852121353
1749220361515929300,6.887929443359375,0.4212857186794281,0.20502585172653198,0.04903438687324524
1749220361525920500,6.89792041015625,0.5007035732269287,0.2601258456707001,0.0030770162120461464
1749220361535911700,6.90791162109375,0.47853437066078186,0.2468436062335968,-0.10113167762756348
1749220361545901600,6.917901611328125,0.41478654742240906,0.15219299495220184,-0.20390786230564117
1749220361555892500,6.927892578125,0.3598806858062744,0.0834813117980957,-0.30567923188209534
1749220361565883400,6.93788330078125,0.3591325879096985,0.021167868748307228,-0.3860526382923126
1749220361575874600,6.94787451171875,0.38096705079078674,0.008384429849684238,-0.4911268353462219
1749220361585864400,6.957864501953125,0.3946314752101898,0.07979656010866165,-0.5886123776435852
1749220361595855400,6.96785546875,0.3949316143989563,0.1826915144920349,-0.6452533006668091
1749220361605846500,6.977846435546875,0.407282292842865,0.3218214511871338,-0.6732111573219299
1749220361615837700,6.987837646484375,0.4252423644065857,0.4853709638118744,-0.6977564692497253
1749220361625827600,6.99782763671875,0.4283028841018677,0.6330482959747314,-0.7149698138237
1749220361635818500,7.007818603515625,0.3783627450466156,0.7329916954040527,-0.6638765335083008
1749220361645809400,7.017809326171875,0.297671377658844,0.6527754068374634,-0.5887777805328369
1749220361655800600,7.027800537109375,0.26082733273506165,0.5118643641471863,-0.5863838791847229
1749220361665790500,7.03779052734375,0.32998189330101013,0.40727803111076355,-0.5299826264381409
1749220361675781400,7.047781494140625,0.39548608660697937,0.3026176691055298,-0.458312451839447
1749220361685772500,7.0577724609375,0.40915927290916443,0.24413064122200012,-0.3632359802722931
1749220361695763700,7.067763671875,0.3895493447780609,0.20567379891872406,-0.24003203213214874
1749220361705753600,7.077753662109375,0.34647005796432495,0.2657448649406433,-0.11467518657445908
1749220361715744500,7.08774462890625,0.3006431758403778,0.39215633273124695,-0.0006085322820581496
1749220361725735400,7.0977353515625,0.24625611305236816,0.5060072541236877,0.10134020447731018
1749220361735726600,7.1077265625,0.19599294662475586,0.60550457239151,0.1621478945016861
1749220361745717500,7.117717529296875,0.16835013031959534,0.6977548599243164,0.2122877538204193
1749220361755707400,7.127707275390625,0.12785489857196808,0.72394198179245,0.2723894417285919
1749220361765698600,7.137698486328125,0.09193737804889679,0.6438722014427185,0.25710636377334595
1749220361775689700,7.147689697265625,0.11046472191810608,0.5099748373031616,0.1945524364709854
1749220361785680600,7.1576806640625,0.16344484686851501,0.33182719349861145,0.1648842841386795
1749220361795670500,7.16767041015625,0.19328397512435913,0.1574077308177948,0.14287912845611572
1749220361805661400,7.177661376953125,0.19932988286018372,0.03591086342930794,0.1276240050792694
1749220361815652600,7.187652587890625,0.19023704528808594,0.029022596776485443,0.1087493821978569
1749220361825643500,7.1976435546875,0.16508536040782928,0.13143286108970642,0.11409381777048111
1749220361835633400,7.20763330078125,0.1062484085559845,0.2718464136123657,0.135686457157135
1749220361845624300,7.217624267578125,0.0198671817779541,0.36997565627098083,0.16225282847881317
1749220361855615500,7.227615478515625,-0.03237605094909668,0.3653784990310669,0.15689480304718018
1749220361865606700,7.237606689453125,-0.020202206447720528,0.31573131680488586,0.13944683969020844
1749220361875597600,7.24759765625,0.03777188062667847,0.25178617238998413,0.11939084529876709
1749220361885587500,7.25758740234375,0.08372419327497482,0.16630348563194275,0.11581555008888245
1749220361895578600,7.26757861328125,0.09832470864057541,0.11616069078445435,0.1142866313457489
1749220361905569500,7.277569580078125,0.10918480902910233,0.15507321059703827,0.11605256795883179
1749220361915560400,7.287560546875,0.1116892471909523,0.25986912846565247,0.11176194995641708
1749220361925550300,7.29755029296875,0.0842839851975441,0.37304094433784485,0.11396891623735428
1749220361935541500,7.30754150390625,0.05528242886066437,0.4293481707572937,0.1077248677611351
1749220361945532700,7.31753271484375,0.04417625069618225,0.429701030254364,0.0962948426604271
1749220361955523600,7.327523681640625,0.04104490578174591,0.35240811109542847,0.08176543563604355
1749220361965513500,7.337513427734375,0.05031989514827728,0.2390088587999344,0.06909118592739105
1749220361975504400,7.34750439453125,0.06309641152620316,0.10757359862327576,0.064472995698452
1749220361985495600,7.35749560546875,0.07950068265199661,-0.03560619801282883,0.07395172119140625
1749220361995486500,7.367486572265625,0.11552952229976654,-0.09369772672653198,0.09021058678627014
1749220362005476400,7.377476318359375,0.13181555271148682,-0.05488162487745285,0.1167236864566803
1749220362015467500,7.387467529296875,0.1057024598121643,0.030538467690348625,0.1306608021259308
1749220362025458700,7.397458740234375,0.05880366265773773,0.09829194843769073,0.15068458020687103
1749220362035449600,7.40744970703125,0.04060494899749756,0.13685771822929382,0.1780938357114792
1749220362045440500,7.4174404296875,0.03875591605901718,0.19593381881713867,0.18725138902664185
1749220362055430400,7.427430419921875,0.03849466145038605,0.24328722059726715,0.19158940017223358
1749220362065421600,7.437421630859375,0.03602883964776993,0.33977752923965454,0.1985948532819748
1749220362075412500,7.44741259765625,0.001998702296987176,0.47684937715530396,0.23763573169708252
1749220362085403400,7.4574033203125,-0.049484994262456894,0.42706984281539917,0.31271716952323914
1749220362095393500,7.4673935546875,-0.1010187566280365,0.10910385102033615,0.4006265103816986
1749220362105384700,7.477384765625,-0.09030485898256302,-0.3085559606552124,0.47893887758255005
1749220362115375600,7.487375732421875,0.1912623643875122,-0.5155088901519775,0.5001906752586365
1749220362125366500,7.497366455078125,0.4932642877101898,-0.49748408794403076,0.4568522274494171
1749220362135356400,7.5073564453125,0.3662533462047577,-0.1971716582775116,0.4617697596549988
1749220362145347600,7.51734765625,0.02172660082578659,0.1666313260793686,0.6050209403038025
1749220362155338500,7.52733837890625,-0.1556585729122162,0.47309139370918274,0.7608968019485474
1749220362165329400,7.537329345703125,-0.20908264815807343,0.6972970366477966,0.7956731915473938
1749220362175320600,7.547320556640625,-0.18366649746894836,0.9383515119552612,0.8637039065361023
1749220362185310700,7.557310791015625,-0.10965245962142944,0.943672239780426,1.035868763923645
1749220362195301600,7.567301513671875,-0.11407783627510071,0.773029088973999,1.293197751045227
1749220362205292500,7.57729248046875,-0.16936665773391724,0.5464252829551697,1.5467737913131714
1749220362215283500,7.587283447265625,-0.34846076369285583,0.1752924621105194,1.5502982139587402
1749220362225273600,7.597273681640625,-0.6871035695075989,-0.16753600537776947,1.3018980026245117
1749220362235264500,7.607264404296875,-0.7826793193817139,-0.15455469489097595,1.0852227210998535
1749220362245255400,7.61725537109375,-0.48292243480682373,0.00561074772849679,0.8595882058143616
1749220362255246300,7.627246337890625,-0.17850849032402039,0.38898715376853943,0.557167649269104
1749220362265236700,7.63723681640625,-0.25657373666763306,0.5664919018745422,0.33681875467300415
1749220362275227600,7.6472275390625,-0.6456573009490967,0.8188275098800659,0.7363632321357727
1749220362285218600,7.657218505859375,-1.0345994234085083,1.2691395282745361,0.9128645062446594
1749220362295209500,7.66720947265625,-1.2915977239608765,1.9434207677841187,0.6682331562042236
1749220362305199600,7.67719970703125,-1.479270339012146,2.6587302684783936,0.3171806335449219
1749220362315190500,7.6871904296875,-1.5776294469833374,3.312756061553955,-0.012012987397611141
1749220362325185000,7.69718505859375,-1.585351586341858,3.820268154144287,-0.36656495928764343
1749220362335176000,7.707176025390625,-1.5188984870910645,4.064152717590332,-0.5485672354698181
1749220362345166800,7.717166748046875,-1.3307099342346191,3.944255828857422,-0.7923101186752319
1749220362355157000,7.727156982421875,-1.3667150735855103,3.989476442337036,-0.9248719215393066
1749220362365148200,7.737148193359375,-1.6419991254806519,3.920720100402832,-0.936353325843811
1749220362375139000,7.74713916015625,-1.7487119436264038,3.476511001586914,-1.0992604494094849
1749220362385130000,7.7571298828125,-1.583648681640625,3.0452635288238525,-1.3709468841552734
1749220362395119900,7.767119873046875,-1.3511662483215332,2.7479088306427,-1.4119670391082764
1749220362405111000,7.777111083984375,-1.1710126399993896,2.272568464279175,-1.4856414794921875
1749220362415102000,7.78710205078125,-0.9631513953208923,1.740599513053894,-1.6164524555206299
1749220362425092900,7.7970927734375,-0.7504526972770691,1.40602707862854,-1.7496795654296875
1749220362435083000,7.8070830078125,-0.458312451839447,0.9885233044624329,-1.827741265296936
1749220362445074200,7.81707421875,0.004735632799565792,0.22778628766536713,-1.104758858680725
1749220362455065000,7.827065185546875,1.0250238180160522,-0.6757960319519043,-0.30094411969184875
1749220362465056000,7.837055908203125,2.005709648132324,-0.4514992833137512,0.1545187383890152
1749220362475046000,7.8470458984375,1.6079306602478027,-0.8512663841247559,-1.2440826892852783
1749220362485037000,7.857037109375,-0.4210425615310669,-1.1255415678024292,-1.4534339904785156
1749220362495028000,7.867028076171875,-1.2493988275527954,-0.9506750106811523,-0.03131185099482536
1749220362505019000,7.877018798828125,-0.8263546228408813,-0.10740076005458832,0.3460090756416321
1749220362515010000,7.887010009765625,-0.41945505142211914,1.3967363834381104,-0.1333436816930771
1749220362525000200,7.897000244140625,-0.33528584241867065,1.8294779062271118,-0.5869412422180176
1749220362534991000,7.9069912109375,-0.09370172768831253,1.3228267431259155,-0.25882622599601746
1749220362544982000,7.91698193359375,0.2690969705581665,0.8340418338775635,0.32257750630378723
1749220362554973200,7.92697314453125,0.3295704424381256,0.43676507472991943,0.3265498876571655
1749220362564963000,7.936963134765625,0.28971996903419495,-0.04942107945680618,0.07503003627061844
1749220362574954000,7.9469541015625,0.37213361263275146,-0.5121567845344543,0.07077404111623764
1749220362584945000,7.95694482421875,0.43213650584220886,-0.6530467867851257,0.25654444098472595
1749220362594935800,7.966935791015625,0.3909648358821869,-0.48593848943710327,0.30085116624832153
1749220362604926200,7.97692626953125,0.2793528139591217,-0.09595848619937897,0.23327293992042542
1749220362614917000,7.986917236328125,0.0847412496805191,0.4715139865875244,0.2084141969680786
1749220362624908000,7.996907958984375,-0.10223662108182907,1.0330772399902344,0.28281545639038086
1749220362634899000,8.00689892578125,-0.20303939282894135,1.3531383275985718,0.3537921607494354
1749220362644890000,8.01689013671875,-0.23708339035511017,1.4841448068618774,0.3880191147327423
1749220362654880000,8.0268798828125,-0.23097755014896393,1.3096212148666382,0.4040401577949524
1749220362664871000,8.036870849609375,-0.20768767595291138,0.7178736925125122,0.35202568769454956
1749220362674861800,8.04686181640625,-0.11227301508188248,0.10921889543533325,0.264723002910614
1749220362684853000,8.05685302734375,0.10331200808286667,-0.2547904849052429,0.20034481585025787
1749220362694843100,8.066843017578124,0.2872123420238495,-0.3685186505317688,0.16990327835083008
1749220362704834000,8.076833984375,0.29660478234291077,-0.28941610455513,0.16792163252830505
1749220362714825000,8.086824951171875,0.21666119992733002,-0.08499718457460403,0.18391284346580505
1749220362724816100,8.096816162109375,0.11985636502504349,0.13287629187107086,0.1947745531797409
1749220362734806000,8.106805908203125,0.0444478914141655,0.2984759211540222,0.1911076456308365
1749220362744797000,8.116796875,0.01570039987564087,0.36373481154441833,0.16868488490581512
1749220362754787800,8.126787841796874,0.016761403530836105,0.2686610221862793,0.15028510987758636
1749220362764779000,8.136779052734376,0.037100229412317276,0.06565224379301071,0.11019308120012283
1749220362774769200,8.14676904296875,0.09719685465097427,-0.15653741359710693,0.046424224972724915
1749220362784760000,8.156760009765625,0.15993401408195496,-0.322816401720047,-0.016403207555413246
1749220362794751000,8.1667509765625,0.18393468856811523,-0.43384304642677307,-0.06575237959623337
1749220362804742100,8.1767421875,0.18648892641067505,-0.4649945795536041,-0.1001548320055008
1749220362814733000,8.186733154296874,0.16370078921318054,-0.45986852049827576,-0.11063037067651749
1749220362824723000,8.196722900390625,0.11630130559206009,-0.443447470664978,-0.118874192237854
1749220362834713900,8.2067138671875,0.08523154258728027,-0.41635993123054504,-0.12894706428050995
1749220362844705000,8.216705078125,0.08545098453760147,-0.39079493284225464,-0.1398812085390091
1749220362854696000,8.226696044921875,0.09342901408672333,-0.3900226056575775,-0.15869377553462982
1749220362864686000,8.23668603515625,0.08988967537879944,-0.45387136936187744,-0.20685571432113647
1749220362874677000,8.246677001953126,0.10145977884531021,-0.5368431806564331,-0.26089736819267273
1749220362884668200,8.256668212890625,0.13340865075588226,-0.6074284315109253,-0.2972812056541443
1749220362894659000,8.2666591796875,0.16045944392681122,-0.6498440504074097,-0.30924466252326965
1749220362904649000,8.27664892578125,0.16317588090896606,-0.6320802569389343,-0.3031201958656311
1749220362914640000,8.286639892578124,0.13638314604759216,-0.5857436060905457,-0.2739918828010559
1749220362924631000,8.296631103515624,0.08644700795412064,-0.518979012966156,-0.2098938375711441
1749220362934622000,8.3066220703125,0.033066872507333755,-0.4210204780101776,-0.13736771047115326
1749220362944612900,8.31661279296875,0.0049585397355258465,-0.32136738300323486,-0.07370138168334961
1749220362954603000,8.32660302734375,0.00666535971686244,-0.26506203413009644,-0.02973099797964096
1749220362964594200,8.33659423828125,0.014074806123971939,-0.2226533144712448,0.02015933021903038
1749220362974585000,8.346585205078124,0.026041720062494278,-0.1648738980293274,0.05230261757969856
1749220362984576000,8.356575927734376,0.04030268266797066,-0.0788721814751625,0.08655673265457153
1749220362994566000,8.36656591796875,0.03507649526000023,-0.01167396642267704,0.09022550284862518
1749220363004556800,8.376556884765625,0.015122227370738983,0.03900332376360893,0.0685146152973175
1749220363014548000,8.3865478515625,0.029772542417049408,0.06690552830696106,0.04456720128655434
1749220363024539000,8.396538818359375,0.023029951378703117,0.10701353847980499,0.03617211803793907
1749220363034529000,8.406529052734374,-0.048109471797943115,0.09107105433940887,0.029513416811823845
1749220363044520000,8.41652001953125,-0.1160869225859642,0.0633813664317131,0.03680488467216492
1749220363054511000,8.426510986328125,-0.11270284652709961,0.007242200430482626,0.07491391897201538
1749220363064502000,8.436501953125,-0.01636379398405552,0.0023150858469307423,0.10258975625038147
1749220363074493000,8.446492919921875,0.06655798852443695,0.05203736945986748,0.07776403427124023
1749220363084482800,8.45648291015625,0.05360677093267441,0.04192641004920006,0.06835775077342987
1749220363094474000,8.466473876953126,-0.018909508362412453,0.005251487251371145,0.08357026427984238
1749220363104465000,8.47646484375,-0.05167917162179947,0.02592720463871956,0.09980915486812592
1749220363114456000,8.4864560546875,-0.03591405972838402,0.06887813657522202,0.10208242386579514
1749220363124446000,8.496446044921875,-0.03603469952940941,0.08509012311697006,0.0852871984243393
1749220363134437000,8.50643701171875,-0.05898023024201393,0.06742298603057861,0.06922195106744766
1749220363144428000,8.516427978515624,-0.056656353175640106,0.042277414351701736,0.058386076241731644
1749220363154419000,8.5264189453125,-0.017621604725718498,0.01661279797554016,0.045585595071315765
1749220363164408800,8.536408935546875,0.017839983105659485,0.0024317323695868254,0.005666141398251057
1749220363174400000,8.54639990234375,0.016318252310156822,-0.011976235546171665,-0.02069489285349846
1749220363184391000,8.556390869140625,-0.00040986048406921327,-0.022613167762756348,-0.023856064304709435
1749220363194382000,8.566382080078125,-0.01429478358477354,-0.020244019106030464,-0.015622369013726711
1749220363204372000,8.5763720703125,-0.027846012264490128,-0.017049023881554604,-0.013888118788599968
1749220363214363100,8.586363037109376,-0.035894617438316345,-0.03522350266575813,-0.0073173013515770435
1749220363224354000,8.59635400390625,-0.044073984026908875,-0.06130357086658478,-0.013581855222582817
1749220363234345000,8.606344970703125,-0.038609977811574936,-0.08006367832422256,-0.006416886579245329
1749220363244335900,8.6163359375,-0.025481924414634705,-0.0931890681385994,0.01200952474027872
1749220363254326000,8.626325927734374,-0.018328674137592316,-0.08819537609815598,0.016595222055912018
1749220363264317000,8.63631689453125,-0.01968448795378208,-0.07716163247823715,0.013559218496084213
1749220363274307800,8.646307861328125,-0.025589782744646072,-0.050160106271505356,0.010382600128650665
1749220363284299000,8.656299072265625,-0.028178375214338303,-0.029766684398055077,0.010734936222434044
1749220363294289200,8.6662890625,-0.030001841485500336,-0.014615427702665329,-0.005291168577969074
1749220363304280000,8.676280029296874,-0.028373317793011665,-0.0012202603975310922,-0.017835987731814384
1749220363314271000,8.68627099609375,-0.02509683184325695,-0.012704077176749706,-0.015481487847864628
1749220363324258600,8.696258544921875,-0.03013633005321026,-0.03699690103530884,-0.02648007683455944
1749220363334248400,8.70624853515625,-0.02503903955221176,-0.05017076060175896,-0.031128358095884323
1749220363344239400,8.7162392578125,-0.015669241547584534,-0.060499828308820724,-0.02257668226957321
1749220363354230500,8.72623046875,-0.02183445915579796,-0.038247253745794296,-0.016684170812368393
1749220363364221700,8.7362216796875,-0.03544294461607933,-0.026143187656998634,-0.02214072272181511
1749220363374212600,8.746212646484375,-0.04649266600608826,-0.007196127437055111,-0.017740115523338318
1749220363384202500,8.756202392578125,-0.05240727961063385,0.006194512825459242,-0.017057014629244804
1749220363394193400,8.766193359375,-0.0510951429605484,-0.007278951816260815,-0.031064175069332123
1749220363404184600,8.7761845703125,-0.05355723574757576,-0.025790585204958916,-0.04306571185588837
1749220363414175500,8.786175537109376,-0.04470115900039673,-0.043408993631601334,-0.05753945931792259
1749220363424165400,8.796165283203125,-0.03371721878647804,-0.054850466549396515,-0.06178613752126694
1749220363434156500,8.806156494140625,-0.032771527767181396,-0.05289863422513008,-0.056947972625494
1749220363444147700,8.816147705078125,-0.036738306283950806,-0.04641197249293327,-0.05160913243889809
1749220363454138600,8.826138671875,-0.047875646501779556,-0.038059502840042114,-0.05355297401547432
1749220363464128500,8.83612841796875,-0.048111334443092346,-0.02611921913921833,-0.053704239428043365
1749220363474119400,8.846119384765625,-0.04207608103752136,-0.017256751656532288,-0.042223088443279266
1749220363484110600,8.856110595703125,-0.04380873218178749,-0.0244374331086874,-0.02678474225103855
1749220363494101500,8.8661015625,-0.050580885261297226,-0.02275005355477333,-0.015664979815483093
1749220363504092400,8.876092529296875,-0.05823108181357384,-0.01552303321659565,-0.001927862293086946
1749220363514082300,8.886082275390624,-0.06787385791540146,-0.010418020188808441,0.012111257761716843
1749220363524073700,8.89607373046875,-0.0748974084854126,-0.009432650171220303,0.024944230914115906
1749220363534064600,8.906064697265625,-0.07509502023458481,-0.002441852353513241,0.030831947922706604
1749220363544055600,8.9160556640625,-0.06900569796562195,0.00006285060226218775,0.03267698734998703
1749220363554045400,8.92604541015625,-0.06860542297363281,0.007735151331871748,0.030758177861571312
1749220363564036600,8.93603662109375,-0.07022090256214142,0.01799950748682022,0.023617444559931755
1749220363574027500,8.946027587890624,-0.06735321134328842,0.019832560792565346,0.010311760008335114
1749220363584018400,8.956018310546876,-0.06156429275870323,0.013636183924973011,0.006434463430196047
1749220363594008300,8.96600830078125,-0.05751975253224373,0.006364955101162195,-0.003961984533816576
1749220363603999500,8.97599951171875,-0.05416523292660713,0.020747888833284378,-0.007745271548628807
1749220363613990700,8.98599072265625,-0.05369065701961517,0.03738412261009216,-0.000021837920940015465
1749220363623981600,8.995981689453124,-0.06666132062673569,0.043407928198575974,0.005015531089156866
1749220363633972500,9.005972412109376,-0.07830865681171417,0.0444130040705204,-0.001017327536828816
1749220363643962600,9.015962646484375,-0.07522657513618469,0.051540423184633255,0.004545749630779028
1749220363653953500,9.02595361328125,-0.07454800605773926,0.032462600618600845,0.012635634280741215
1749220363663944400,9.0359443359375,-0.07819360494613647,-0.0034914042335003614,0.015019696205854416
1749220363673935400,9.045935302734375,-0.07220495492219925,-0.04292190074920654,0.00983558688312769
1749220363683925500,9.055925537109376,-0.060202885419130325,-0.057913366705179214,0.01847727783024311
1749220363693916700,9.065916748046876,-0.058629490435123444,-0.05606939271092415,0.021395036950707436
1749220363703907600,9.075907470703125,-0.06508179754018784,-0.03255341574549675,0.025900039821863174
1749220363713898500,9.0858984375,-0.07327447831630707,-0.005432582460343838,0.03304130584001541
1749220363723888400,9.095888427734375,-0.0813736841082573,0.015218634158372879,0.034387003630399704
1749220363733879600,9.105879638671874,-0.08545231819152832,0.016400277614593506,0.033972080796957016
1749220363743870500,9.115870361328126,-0.07746656239032745,0.0065375277772545815,0.03483228385448456
1749220363753861400,9.125861328125,-0.0717889666557312,-0.01474379189312458,0.0420241504907608
1749220363763852500,9.1358525390625,-0.07353946566581726,-0.02760925702750683,0.03999854996800423
1749220363773842700,9.1458427734375,-0.07124301791191101,-0.0336301326751709,0.04410913959145546
1749220363783833600,9.15583349609375,-0.0714225172996521,-0.023737020790576935,0.05540546774864197
1749220363793824500,9.165824462890624,-0.07616613805294037,0.00586641114205122,0.06325007230043411
1749220363803815700,9.175815673828126,-0.08119285851716995,0.047500673681497574,0.07550913840532303
1749220363813805600,9.1858056640625,-0.09331530332565308,0.08063439279794693,0.08395775407552719
1749220363823796500,9.19579638671875,-0.09936121106147766,0.11163651943206787,0.08600305765867233
1749220363833787400,9.205787353515625,-0.10271146148443222,0.12126863747835159,0.08167675137519836
1749220363843778600,9.215778564453124,-0.102548748254776,0.12039458751678467,0.08511888980865479
1749220363853768700,9.225768798828126,-0.08389116823673248,0.06339095532894135,0.08272843807935715
1749220363863759600,9.235759521484376,-0.042880620807409286,-0.011434548534452915,0.046603720635175705
1749220363873750500,9.24575048828125,0.030251380056142807,-0.09906905889511108,-0.057975683361291885
1749220363883741700,9.25574169921875,0.05104827135801315,-0.2728174030780792,0.0428561195731163
1749220363893731600,9.265731689453125,-0.09416192024946213,-0.28356751799583435,0.5693036913871765
1749220363903722500,9.275722412109374,-0.31391024589538574,-0.05266933515667915,0.7530428767204285
1749220363913713400,9.28571337890625,-0.3591219484806061,0.11591355502605438,0.6630980968475342
1749220363923704600,9.29570458984375,-0.2950020730495453,0.07681035995483398,0.8598939776420593
1749220363933695500,9.305695556640625,-0.3306538164615631,-0.07950974255800247,1.1795190572738647
1749220363943685600,9.315685546875,-0.4041687846183777,-0.24128399789333344,1.3429902791976929
1749220363953676500,9.325676513671874,-0.36391404271125793,-0.450729101896286,1.3014122247695923
1749220363963667500,9.33566748046875,-0.20368309319019318,-0.5375723838806152,1.1679399013519287
1749220363973658600,9.34565869140625,-0.006108492612838745,-0.4935191571712494,1.131062388420105
1749220363983648500,9.3556484375,0.05169115588068962,-0.36724165081977844,1.1615664958953857
1749220363993639400,9.365639404296875,-0.06065509095788002,-0.1939854472875595,1.062016487121582
1749220364003630300,9.37563037109375,-0.2287902981042862,-0.1030036136507988,0.8452492356300354
1749220364013621500,9.38562158203125,-0.30827954411506653,-0.12028433382511139,0.6969098448753357
1749220364023612400,9.3956123046875,-0.20410999655723572,-0.2477211207151413,0.5951265096664429
1749220364033602600,9.4056025390625,0.10236924886703491,-0.38170528411865234,0.39511775970458984
1749220364043593500,9.415593505859375,0.383413165807724,-0.28947681188583374,0.4552135765552521
1749220364053584600,9.425584716796875,0.30935758352279663,-0.05661560967564583,0.4499746263027191
1749220364063575600,9.435575439453125,0.025777002796530724,0.15530356764793396,0.33268022537231445
1749220364073565400,9.4455654296875,-0.11657214909791946,0.16950061917304993,0.23082949221134186
1749220364083556400,9.455556396484376,-0.011725897900760174,-0.006786533165723085,0.19190126657485962
1749220364093547500,9.465547607421875,0.17016160488128662,-0.2788739800453186,0.14006096124649048
1749220364103538400,9.475538330078125,0.2785639762878418,-0.5576920509338379,0.08911789208650589
1749220364113528600,9.485528564453125,0.2834756672382355,-0.7105113863945007,0.005854426883161068
1749220364123519500,9.49551953125,0.263933390378952,-0.6606836318969727,0.021694909781217575
1749220364133510700,9.5055107421875,0.2591141164302826,-0.4966696798801422,0.028019916266202927
1749220364143501600,9.51550146484375,0.23077622056007385,-0.2578680217266083,0.06250332295894623
1749220364153491500,9.525491455078125,0.12708577513694763,0.1377677172422409,0.22344693541526794
1749220364163482400,9.535482421875,0.01864665560424328,0.5435168147087097,0.19934825599193573
1749220364173473500,9.5454736328125,-0.03596865385770798,0.9472091794013977,0.3011600971221924
1749220364183464400,9.55546435546875,-0.06120183691382408,1.2322545051574707,0.47544988989830017
1749220364193455400,9.565455322265626,-0.07964156568050385,1.3169862031936646,0.5518122911453247
1749220364203445500,9.575445556640625,0.024083232507109642,1.2170076370239258,0.6642562747001648
1749220364213436700,9.585436767578125,0.09400239586830139,0.9358968734741211,0.5167989134788513
1749220364223427600,9.595427490234375,0.011181281879544258,0.5854291319847107,0.6086966395378113
1749220364233418500,9.60541845703125,-0.07003501057624817,0.29836565256118774,0.7203131914138794
1749220364243408400,9.615408447265626,-0.11783742159605026,0.20740938186645508,0.7107273936271667
1749220364253399600,9.625399658203126,-0.2141714096069336,0.22617800533771515,0.5156792998313904
1749220364263390500,9.635390380859375,-0.25199735164642334,0.3260856866836548,0.48390674591064453
1749220364273381400,9.64538134765625,-0.2393191158771515,0.5541902184486389,0.5746081471443176
1749220364283371500,9.65537158203125,-0.23364071547985077,0.7560061812400818,0.5836043357849121
1749220364293362700,9.66536279296875,-0.24003656208515167,0.8210901021957397,0.4923689365386963
1749220364303353600,9.675353515625,-0.18840506672859192,0.601172149181366,0.395586222410202
1749220364313344500,9.685344482421876,-0.0642322525382042,0.2261521816253662,0.37381088733673096
1749220364323335200,9.695335205078125,0.06695346534252167,-0.08234281092882156,0.3905043601989746
1749220364333325000,9.705324951171875,0.13516421616077423,-0.3290348947048187,0.3185524046421051
1749220364343316200,9.715316162109374,0.14271880686283112,-0.4389597773551941,0.2334047555923462
1749220364353307100,9.72530712890625,0.09342688322067261,-0.4424509108066559,0.2014540135860443
1749220364363298300,9.73529833984375,0.04204092547297478,-0.32310110330581665,0.19657644629478455
1749220364373288200,9.7452880859375,0.012531770393252373,-0.15737365186214447,0.22890880703926086
1749220364383279400,9.755279296875,-0.0007307713967747986,-0.03485332056879997,0.24897253513336182
1749220364393270300,9.765270263671875,-0.007874434813857079,-0.00583791546523571,0.2503216862678528
1749220364403261200,9.77526123046875,0.019182749092578888,-0.12058740109205246,0.23119114339351654
1749220364413251000,9.7852509765625,0.08955651521682739,-0.29187554121017456,0.23931884765625
1749220364423242200,9.7952421875,0.173998162150383,-0.3986144959926605,0.3416159152984619
1749220364433233200,9.805233154296875,0.2068873941898346,-0.46138787269592285,0.4447026252746582
1749220364443224000,9.81522412109375,0.1695064753293991,-0.38908782601356506,0.5042085647583008
1749220364453215500,9.825215576171875,0.07912810891866684,-0.2386823445558548,0.5365217328071594
1749220364463205400,9.835205322265624,-0.01914200372993946,-0.17226816713809967,0.5762507915496826
1749220364473196300,9.8451962890625,-0.04651130735874176,-0.147247776389122,0.5665662288665771
1749220364483187200,9.855187255859375,-0.004336691461503506,-0.08856262266635895,0.6455627679824829
1749220364493178400,9.865178466796875,0.009942112490534782,-0.15935955941677094,0.7830263376235962
1749220364503168300,9.875168212890625,-0.03259176388382912,-0.2965419292449951,0.7185874581336975
1749220364513159200,9.8851591796875,0.014479606412351131,-0.5348095893859863,0.621273398399353
1749220364523150000,9.895150146484376,0.09336403757333755,-0.7266173958778381,0.6505327224731445
1749220364533141200,9.905141357421876,0.030286267399787903,-0.648845374584198,0.8064661622047424
1749220364543131400,9.91513134765625,-0.09297441691160202,-0.5500556826591492,0.8997287154197693
1749220364553122300,9.925122314453125,-0.15472540259361267,-0.4282781183719635,1.0622196197509766
1749220364563113200,9.93511328125,-0.12091416865587234,-0.2833704650402069,1.2819583415985107
1749220364573104000,9.945104248046874,-0.23934493958950043,-0.23765942454338074,1.5457428693771362
1749220364583095300,9.95509521484375,-0.5108776688575745,-0.33906275033950806,1.531846523284912
1749220364593085200,9.965085205078125,-0.4836132824420929,-0.3922881484031677,1.6541516780853271
1749220364603076000,9.975076171875,-0.3530467450618744,-0.4764765202999115,1.9368685483932495
1749220364613067300,9.9850673828125,-0.2881987690925598,-0.49031829833984375,2.024373769760132
1749220364623058400,9.995058349609375,-0.2767258584499359,-0.7274925112724304,2.1491026878356934
1749220364633048300,10.00504833984375,-0.27915945649147034,-0.6634642481803894,2.3071236610412598
1749220364643039200,10.015039306640626,-0.40374186635017395,-0.4413462281227112,2.4825100898742676
1749220364653030100,10.025030029296875,-0.5218331217765808,-0.41728857159614563,2.581475257873535
1749220364663021300,10.035021240234375,-0.41277745366096497,-0.5130299925804138,2.6980693340301514
1749220364673011200,10.04501123046875,-0.10635120421648026,-0.5503891110420227,2.8220784664154053
1749220364683002000,10.055002197265624,0.26435256004333496,-0.9279941916465759,2.6624438762664795
1749220364692993300,10.0649931640625,0.6129619479179382,-1.7115757465362549,2.726243734359741
1749220364702984400,10.074984375,0.6656333804130554,-2.012014389038086,3.106687307357788
1749220364712974300,10.084974365234375,0.396416574716568,-1.9708912372589111,2.89603853225708
1749220364722965200,10.09496533203125,0.13952301442623138,-1.7108091115951538,2.3801016807556152
1749220364732956200,10.1049560546875,0.04614672064781189,-2.1328489780426025,2.0729074478149414
1749220364742947300,10.114947265625,-0.10862448066473007,-2.3389453887939453,2.1255502700805664
1749220364752938200,10.124938232421876,-0.05324671044945717,-1.9273525476455688,2.005962610244751
1749220364762928000,10.13492822265625,-0.11503896862268448,-0.585706353187561,1.7620948553085327
1749220364772919300,10.144919189453125,-0.5120401382446289,1.0871782302856445,1.5995362997055054
1749220364782910500,10.154910400390625,-0.6801385879516602,1.871665596961975,1.884213924407959
1749220364792901400,10.1649013671875,-0.5048053860664368,1.8296068906784058,1.7252953052520752
1749220364802891300,10.174891357421876,-0.4904693067073822,1.7511628866195679,0.42527300119400024
1749220364812882200,10.184882080078125,-0.7842149138450623,1.9936010837554932,-0.8591892719268799
1749220364822873300,10.194873291015625,-0.8851559162139893,2.0501089096069336,-1.4032435417175293
1749220364832864300,10.2048642578125,-0.46637091040611267,1.6338962316513062,-1.211012601852417
1749220364842854100,10.214854248046874,0.08186743408441544,1.0247944593429565,-0.8199396133422852
1749220364852845300,10.22484521484375,0.2427910715341568,0.7280309796333313,-0.9139055609703064
1749220364862836500,10.23483642578125,0.08734235912561417,0.7618281245231628,-1.399303913116455
1749220364872827400,10.244827392578125,-0.02713414840400219,0.9176448583602905,-1.8659528493881226
1749220364882818300,10.254818359375,-0.04140682891011238,1.1300631761550903,-2.353809118270874
1749220364892808200,10.26480810546875,-0.05331941321492195,1.3063433170318604,-2.8632826805114746
1749220364902799400,10.27479931640625,-0.09330464899539948,1.2736120223999023,-3.173489809036255
1749220364912790300,10.284790283203124,-0.06409935653209686,0.9530055522918701,-3.322378635406494
1749220364922781200,10.29478125,0.07289604842662811,0.47946247458457947,-3.5340735912323
1749220364932771300,10.304771240234375,0.26948899030685425,0.09236028790473938,-3.863865852355957
1749220364942762500,10.314762451171875,0.4495463967323303,-0.12933854758739471,-4.260093688964844
1749220364952753400,10.32475341796875,0.5539811849594116,-0.2714006006717682,-4.639678478240967
1749220364962744300,10.334744384765624,0.59221351146698,-0.36151930689811707,-4.917115688323975
1749220364972734200,10.344734130859376,0.6259605884552002,-0.4723488986492157,-5.14205265045166
1749220364982725000,10.35472509765625,0.6886354088783264,-0.6045732498168945,-5.344968318939209
1749220364992716300,10.36471630859375,0.7659490704536438,-0.7509381771087646,-5.560647964477539
1749220365002707200,10.374707275390625,0.843643069267273,-0.9286991357803345,-5.7774271965026855
1749220365012698000,10.384697998046875,0.916489839553833,-1.1507985591888428,-5.957212448120117
1749220365022688300,10.394688232421874,0.9846444129943848,-1.3530900478363037,-6.126018047332764
1749220365032679400,10.404679443359376,1.04490327835083,-1.466015100479126,-6.339714527130127
1749220365042670300,10.41467041015625,1.0878658294677734,-1.511523962020874,-6.507684230804443
1749220365052661200,10.4246611328125,1.1558820009231567,-1.7164137363433838,-6.444411277770996
1749220365062651100,10.434651123046875,1.3064773082733154,-1.9139879941940308,-5.886800289154053
1749220365072642300,10.444642333984374,1.364548921585083,-1.8419485092163086,-5.176102638244629
1749220365082633200,10.45463330078125,1.1443973779678345,-1.4620280265808105,-4.8306565284729
1749220365092624100,10.4646240234375,0.7353352308273315,-0.8499504923820496,-4.822141170501709
1749220365102614300,10.4746142578125,0.37661224603652954,-0.07346915453672409,-4.809068202972412
1749220365112605400,10.48460546875,0.17783817648887634,0.992388904094696,-4.216553688049316
1749220365122596400,10.494596435546875,0.04375786706805229,1.707377552986145,-3.2998969554901123
1749220365132587300,10.504587158203124,-0.08213081955909729,1.7443387508392334,-1.9028352499008179
1749220365142577200,10.5145771484375,-0.26369982957839966,0.9367977976799011,-0.352101594209671
1749220365152568300,10.524568359375,-0.25302907824516296,0.1381291151046753,0.951386034488678
1749220365162559200,10.534559326171875,-0.25641635060310364,-0.1279129534959793,1.8650718927383423
1749220365172550100,10.544550048828125,-0.4863286316394806,-0.602891743183136,2.361823320388794
1749220365182541300,10.554541259765625,-0.8580238819122314,-1.0046900510787964,2.75765061378479
1749220365192531500,10.564531494140626,-1.1394957304000854,-0.4700700342655182,3.1590473651885986
1749220365202522400,10.5745224609375,-1.103074073791504,0.405117392539978,3.2746758460998535
1749220365212513300,10.58451318359375,-0.3476455807685852,-1.1653510332107544,0.8278127312660217
1749220365222504200,10.594504150390625,2.4606215953826904,-2.3151309490203857,2.2889533042907715
1749220365232494300,10.604494384765625,2.2731966972351074,1.4269150495529175,3.971555233001709
1749220365242485200,10.6144853515625,-2.231407880783081,5.464714050292969,4.007962226867676
1749220365252476200,10.62447607421875,-4.330101490020752,3.0684335231781006,2.731560707092285
1749220365262467000,10.634467041015625,-3.9543614387512207,1.4913818836212158,1.4435895681381226
1749220365272457500,10.64445751953125,-2.661515474319458,1.978082299232483,1.2286616563796997
1749220365282448400,10.654448486328125,-1.0187336206436157,2.412611961364746,2.5207014083862305
1749220365292439300,10.664439208984374,0.37342390418052673,0.4839845299720764,2.694490671157837
1749220365302430200,10.67443017578125,1.0626766681671143,-0.5905594229698181,1.4171010255813599
1749220365312421400,10.68442138671875,1.4069136381149292,-0.8231886625289917,0.3656376302242279
1749220365322415000,10.6944150390625,1.4202911853790283,-0.8540592193603516,0.585487961769104
1749220365332406000,10.704406005859376,1.0958583354949951,-0.8038272261619568,1.3806838989257812
1749220365342397200,10.714397216796876,0.7755223512649536,-1.115164041519165,1.531496286392212
1749220365352388000,10.72438818359375,0.41717061400413513,-1.2723872661590576,1.079819679260254
1749220365362378200,10.734378173828125,-0.053595319390296936,-0.7309753894805908,0.5757117867469788
1749220365372369200,10.744369140625,-0.2960548400878906,0.00788641907274723,0.6239751577377319
1749220365382360300,10.7543603515625,-0.23447348177433014,0.7580118179321289,0.9004685282707214
1749220365392351200,10.764351318359376,-0.1653253138065338,1.3238030672073364,0.9499077200889587
1749220365402341000,10.774341064453125,-0.29041343927383423,1.786131501197815,0.9164783954620361
1749220365412332000,10.78433203125,-0.5044652819633484,2.1515612602233887,0.8706392645835876
1749220365422323200,10.7943232421875,-0.668939471244812,2.091374158859253,0.837274432182312
1749220365432314000,10.804314208984374,-0.6078521609306335,1.754960536956787,1.115517497062683
1749220365442304300,10.81430419921875,-0.4361687898635864,1.1717599630355835,1.333410620689392
1749220365452295200,10.824295166015625,-0.265544056892395,0.3269384503364563,1.1759393215179443
1749220365462286300,10.834286376953125,0.11890055239200592,-0.2715074121952057,1.060399055480957
1749220365472277200,10.84427734375,0.550585925579071,-0.4936046600341797,1.161985158920288
1749220365482268200,10.85426806640625,0.702951192855835,-0.5008553862571716,1.2631397247314453
1749220365492258000,10.864258056640624,0.5992053747177124,-0.3376512825489044,1.2891849279403687
1749220365502249200,10.874249267578126,0.40596508979797363,-0.17145271599292755,1.287142276763916
1749220365512240000,10.884240234375,0.08240140229463577,-0.058577027171850204,1.267366886138916
1749220365522231000,10.89423095703125,-0.3019726276397705,0.06959319114685059,1.2428064346313477
1749220365532221200,10.90422119140625,-0.4157428741455078,0.18877418339252472,1.2483021020889282
1749220365542212400,10.91421240234375,-0.29529714584350586,0.1612085998058319,1.229169487953186
1749220365552203300,10.924203369140624,-0.08201204240322113,0.058580223470926285,1.1556476354599
1749220365562194200,10.934194091796876,-0.052559349685907364,-0.22933465242385864,1.2248597145080566
1749220365572184000,10.94418408203125,-0.11892452090978622,-0.35394689440727234,1.2204593420028687
1749220365582175000,10.954175048828125,0.015017298981547356,-0.3409362733364105,1.2370984554290771
1749220365592166100,10.964166259765625,0.20334193110466003,-0.2651693522930145,1.3239498138427734
1749220365602157000,10.974156982421874,0.19135797023773193,-0.19779430329799652,1.5447202920913696
1749220365612147200,10.984147216796876,-0.023662185296416283,-0.3604772388935089,1.6731303930282593
1749220365622138000,10.99413818359375,-0.17475023865699768,-0.5300305485725403,1.7255531549453735
1749220365632129300,11.00412939453125,-0.051903143525123596,-0.6523761749267578,1.9001033306121826
1749220365642120200,11.0141201171875,0.05435032397508621,-0.751141369342804,2.0750272274017334
1749220365652111000,11.024111083984375,0.05408640578389168,-0.857455849647522,2.3046934604644775
1749220365662101000,11.03410107421875,0.09336776286363602,-0.9661096334457397,2.5570406913757324
1749220365672092200,11.044092041015626,0.14351321756839752,-0.773257315158844,2.750610828399658
1749220365682083000,11.0540830078125,0.13501454889774323,-0.3979950547218323,2.888432025909424
1749220365692074000,11.064073974609375,-0.004417917691171169,-0.1401302069425583,2.939528703689575
1749220365702064000,11.074064208984375,-0.21387207508087158,0.05230821296572685,2.7947933673858643
1749220365712055300,11.08405517578125,-0.30008578300476074,0.06046893447637558,2.669358968734741
1749220365722046200,11.094046142578126,-0.3381623327732086,0.02919011004269123,2.480609178543091
1749220365732037000,11.104037109375,-0.24378229677677155,-0.06228547915816307,2.481804609298706
1749220365742027000,11.114027099609375,-0.09439973533153534,-0.23350170254707336,2.6478519439697266
1749220365752018200,11.12401806640625,-0.03111504204571247,-0.4334736764431,2.8138296604156494
1749220365762009000,11.134009033203125,-0.03458114713430405,-0.7210508584976196,2.8693017959594727
1749220365772000000,11.144,0.08747019618749619,-0.992622435092926,2.8400075435638428
1749220365781991200,11.1539912109375,0.2816404700279236,-1.3173997402191162,2.6840384006500244
1749220365791981300,11.163981201171875,0.1399666965007782,-1.3087247610092163,2.6919727325439453
1749220365801972200,11.17397216796875,-0.30594900250434875,-0.4720604717731476,2.575701951980591
1749220365811963100,11.183963134765625,-0.49016064405441284,-0.02442171983420849,2.341273307800293
1749220365821954300,11.193954345703125,-0.41292738914489746,-0.6981926560401917,2.134971857070923
1749220365831944200,11.203944091796876,-0.47214117646217346,-1.0774438381195068,2.0588645935058594
1749220365841935000,11.21393505859375,-0.32616400718688965,-1.3422731161117554,1.9561901092529297
1749220365851926000,11.223926025390625,0.028021514415740967,-1.4803314208984375,1.6937206983566284
1749220365861917000,11.2339169921875,-0.0036157737486064434,-0.7876607775688171,1.4257932901382446
1749220365871907300,11.2439072265625,-0.16855919361114502,-0.01076875813305378,1.9018064737319946
1749220365881898200,11.253898193359374,-0.21431602537631989,0.020730579271912575,2.1523947715759277
1749220365891889200,11.26388916015625,-0.17714256048202515,-0.22836099565029144,1.127407431602478
1749220365901880000,11.273880126953125,-0.1749158799648285,-0.09711509943008423,-0.23341168463230133
1749220365911870200,11.2838701171875,-0.16146746277809143,0.37519171833992004,-1.1753246784210205
1749220365921861000,11.293861083984375,0.05477962642908096,0.5915488004684448,-1.3441442251205444
1749220365931852000,11.30385205078125,0.37661013007164,0.27498069405555725,-0.8426984548568726
1749220365941843000,11.313843017578124,0.5492143630981445,-0.06944192200899124,-0.4384138286113739
1749220365951834000,11.323834228515626,0.4938182532787323,0.008072307333350182,-0.7064269185066223
1749220365961824300,11.33382421875,0.35147708654403687,0.483611136674881,-1.4272165298461914
1749220365971815200,11.343815185546875,0.2279237061738968,1.0655978918075562,-2.2432596683502197
1749220365981806000,11.35380615234375,0.16308772563934326,1.4135504961013794,-2.8516950607299805
1749220365991797200,11.36379736328125,0.18448302149772644,1.429348349571228,-3.0891880989074707
1749220366001787100,11.373787109375,0.25103116035461426,1.1661961078643799,-3.118685007095337
1749220366011778000,11.383778076171875,0.30917754769325256,0.8784737586975098,-3.20458722114563
1749220366021769000,11.39376904296875,0.3237170875072479,0.7222663164138794,-3.4338505268096924
1749220366031760100,11.403760009765625,0.30487069487571716,0.6509362459182739,-3.8108646869659424
1749220366041750300,11.413750244140624,0.2751391530036926,0.5876158475875854,-4.297816753387451
1749220366051741200,11.4237412109375,0.2594374418258667,0.4404117465019226,-4.77623176574707
1749220366061732000,11.433732177734376,0.2704402804374695,0.1627843827009201,-5.06978178024292
1749220366071723300,11.44372314453125,0.314527302980423,-0.279775470495224,-5.192870140075684
1749220366081713200,11.453713134765625,0.37439996004104614,-0.788499653339386,-5.300331115722656
1749220366091704000,11.4637041015625,0.44059497117996216,-1.2463990449905396,-5.510707855224609
1749220366101695000,11.473695068359374,0.5602521300315857,-1.5562613010406494,-5.771676063537598
1749220366111686100,11.48368603515625,0.7263127565383911,-1.636386513710022,-6.007419109344482
1749220366121677000,11.493677001953126,0.8862102627754211,-1.4828264713287354,-6.142640590667725
1749220366131667200,11.503667236328125,0.9832947254180908,-1.225454330444336,-6.063011169433594
1749220366141658000,11.513658203125,0.9729979038238525,-0.9293375015258789,-5.851714611053467
1749220366151649300,11.523649169921875,0.8974802494049072,-0.5430185198783875,-5.631791591644287
1749220366161640200,11.53364013671875,0.8017353415489197,-0.060028716921806335,-5.435103893280029
1749220366171630000,11.543630126953126,0.6504555344581604,0.5481137037277222,-5.148594379425049
1749220366181621000,11.55362109375,0.4169418215751648,1.1133856773376465,-4.738830089569092
1749220366191612200,11.563612060546875,0.08230499178171158,1.6222307682037354,-4.223180770874023
1749220366201603000,11.57360302734375,-0.24226535856723785,2.1090517044067383,-3.6394519805908203
1749220366211593200,11.58359326171875,-0.33151641488075256,2.0932974815368652,-3.221414566040039
1749220366221584100,11.593584228515626,-0.20239198207855225,1.5588583946228027,-2.870358943939209
1749220366231575300,11.6035751953125,0.19049085676670074,1.1011369228363037,-2.167691230773926
1749220366241566200,11.613566162109375,0.5635829567909241,0.6956717371940613,-1.2572461366653442
1749220366251557000,11.62355712890625,0.5934790372848511,0.5302135348320007,-0.36184316873550415
1749220366261547000,11.633547119140625,0.39146578311920166,0.6970999836921692,0.34504392743110657
1749220366271538000,11.643537841796874,0.21067947149276733,0.737304151058197,0.8210408687591553
1749220366281529000,11.653529052734376,0.039020903408527374,0.6575131416320801,1.2280770540237427
1749220366291520000,11.66352001953125,-0.21605107188224792,0.8023688793182373,1.6894220113754272
1749220366301510100,11.67351025390625,-0.3295147716999054,0.4152315557003021,1.2257057428359985
1749220366311501000,11.6835009765625,0.28000128269195557,-0.008351673372089863,1.8742462396621704
1749220366321488400,11.69348828125,0.492946594953537,0.17578087747097015,1.1864452362060547
1749220366331479300,11.703479248046875,-1.679956078529358,4.00986909866333,3.647465705871582
1749220366341469400,11.713469482421875,-2.317213296890259,3.56767201423645,2.7526988983154297
1749220366351460400,11.72346044921875,-1.6119475364685059,3.0603857040405273,2.210130453109741
1749220366361451300,11.733451171875,-0.5554672479629517,2.7762651443481445,2.1478612422943115
1749220366371442400,11.7434423828125,0.205134779214859,2.1919469833374023,2.229205846786499
1749220366381432600,11.7534326171875,0.5480676293373108,1.4134794473648071,1.9490422010421753
1749220366391423500,11.763423583984375,0.8759320378303528,0.47105035185813904,2.13960862159729
1749220366401414400,11.773414306640625,1.3073300123214722,-0.16814479231834412,1.5283812284469604
1749220366411405300,11.7834052734375,1.1345700025558472,0.11766937375068665,1.0758017301559448
1749220366421395500,11.7933955078125,0.7429723739624023,-0.3990435302257538,1.1529161930084229
1749220366431386400,11.803386474609376,0.31348761916160583,-1.2081257104873657,1.3855375051498413
1749220366441377300,11.813377197265625,-0.19113454222679138,-1.6094504594802856,1.303513526916504
1749220366451368400,11.823368408203125,-0.3372025191783905,-1.2078313827514648,1.1968193054199219
1749220366461359600,11.833359619140625,0.07545854151248932,-0.3321704864501953,1.1524760723114014
1749220366471349500,11.843349609375,0.5123876333236694,0.5462580323219299,1.0562150478363037
1749220366481340400,11.85334033203125,0.45790284872055054,0.9878849387168884,1.0816431045532227
1749220366491331300,11.863331298828125,0.12251526117324829,0.8580374717712402,1.1696089506149292
1749220366501322500,11.873322509765625,-0.11395692825317383,0.5070528388023376,1.2072674036026
1749220366511312400,11.8833125,-0.11261096596717834,0.10948947817087173,1.1691367626190186
1749220366521303300,11.89330322265625,0.0519833043217659,-0.5139259099960327,1.1281877756118774
1749220366531294500,11.90329443359375,0.2812527120113373,-1.066738486289978,1.0351028442382812
1749220366541285600,11.91328564453125,0.4440048635005951,-1.0565236806869507,0.9628211259841919
1749220366551275500,11.923275634765625,0.4074103832244873,-0.7966089844703674,1.0356950759887695
1749220366561266400,11.933266357421875,0.2501640319824219,-0.5409242510795593,1.0706552267074585
1749220366571257300,11.94325732421875,0.12880218029022217,-0.29323452711105347,0.9740031957626343
1749220366581248500,11.95324853515625,0.104351706802845,-0.18964529037475586,0.9479002356529236
1749220366591238400,11.96323828125,0.14953462779521942,-0.2661549746990204,0.9485857486724854
1749220366601229300,11.973229248046875,0.21116337180137634,-0.3974107503890991,0.8846895694732666
1749220366611220500,11.983220458984375,0.20773881673812866,-0.5187054872512817,0.912300705909729
1749220366621211600,11.993211669921875,0.06343117356300354,-0.5213375091552734,0.9750791192054749
1749220366631202600,12.00320263671875,-0.01967889629304409,-0.3858962953090668,0.9710138440132141
1749220366641192400,12.0131923828125,-0.02116973325610161,-0.27369946241378784,0.9790967702865601
1749220366651183400,12.023183349609376,0.012402074411511421,-0.378815233707428,1.0190463066101074
1749220366661174500,12.033174560546875,0.08448106050491333,-0.6451299786567688,1.0516431331634521
1749220366671165400,12.04316552734375,0.1569906771183014,-0.9456719756126404,1.0253617763519287
1749220366681155300,12.0531552734375,0.173642098903656,-1.1543775796890259,0.9641337990760803
1749220366691146500,12.063146484375,0.21448327600955963,-1.219620704650879,0.996131420135498
1749220366701137700,12.0731376953125,0.22881799936294556,-1.2171226739883423,0.9826787114143372
1749220366711128600,12.083128662109376,0.17309294641017914,-0.9818563461303711,1.0637221336364746
1749220366721118500,12.093118408203125,0.09094855189323425,-0.7517123818397522,1.1128543615341187
1749220366731109400,12.103109375,-0.034864239394664764,-0.6399205923080444,1.0885604619979858
1749220366741100300,12.113100341796875,-0.16549281775951385,-0.621723473072052,1.079737901687622
1749220366751091500,12.123091552734374,-0.20714785158634186,-0.7468060255050659,1.2095973491668701
1749220366761081300,12.133081298828126,-0.1582024246454239,-0.8120585083961487,1.4252172708511353
1749220366771072500,12.143072509765625,-0.11487731337547302,-0.7192721366882324,1.6793187856674194
1749220366781063400,12.1530634765625,-0.1670108288526535,-0.6002339124679565,1.8615608215332031
1749220366791054600,12.1630546875,-0.27630457282066345,-0.5056368112564087,1.96721613407135
1749220366801044500,12.17304443359375,-0.36265650391578674,-0.4271838068962097,2.1892683506011963
1749220366811035400,12.183035400390626,-0.39094486832618713,-0.2894243597984314,2.457590341567993
1749220366821026300,12.1930263671875,-0.3959827423095703,-0.12997370958328247,2.615633487701416
1749220366831017500,12.203017578125,-0.44738736748695374,-0.13603746891021729,2.6335699558258057
1749220366841007400,12.21300732421875,-0.49003735184669495,-0.3273877203464508,2.6360771656036377
1749220366850998500,12.22299853515625,-0.42927706241607666,-0.6059064269065857,2.7023661136627197
1749220366860989400,12.232989501953124,-0.25506290793418884,-0.9446439743041992,2.819977045059204
1749220366870980600,12.242980712890626,-0.06313955783843994,-1.3093737363815308,2.9013097286224365
1749220366880971500,12.252971435546876,0.0903639867901802,-1.7395509481430054,2.8317220211029053
1749220366890961400,12.26296142578125,0.2654215395450592,-2.089900255203247,2.959002733230591
1749220366900952300,12.272952392578125,0.2738456726074219,-2.088179349899292,2.9002926349639893
1749220366910943500,12.282943603515625,0.1871347427368164,-1.2771985530853271,2.713449239730835
1749220366920934400,12.292934326171874,0.025678198784589767,-0.5723490118980408,2.4775283336639404
1749220366930924300,12.30292431640625,-0.4451330006122589,0.09409826993942261,2.2688510417938232
1749220366940915500,12.31291552734375,-0.7033272385597229,0.3407599925994873,2.202524185180664
1749220366950906600,12.32290673828125,-0.9376827478408813,0.3972903788089752,2.3647570610046387
1749220366960897500,12.3328974609375,-1.467873454093933,0.41829127073287964,2.675666093826294
1749220366970887400,12.342887451171874,-1.4541722536087036,-0.19610612094402313,1.937423825263977
1749220366980878300,12.35287841796875,-0.9200736880302429,0.024160463362932205,1.401997447013855
1749220366990869500,12.362869384765625,-0.5658689737319946,0.6406364440917969,1.5763378143310547
1749220367000860400,12.3728603515625,-0.4211485683917999,0.7669872045516968,1.5451569557189941
1749220367010850300,12.382850341796875,-0.40412136912345886,0.7873252034187317,1.0405046939849854
1749220367020841500,12.392841552734374,-0.498066246509552,0.7293998599052429,0.31156349182128906
1749220367030832600,12.40283251953125,-0.6524587273597717,0.5638617873191833,-0.44954797625541687
1749220367040823600,12.412823486328126,-0.7433367371559143,0.4155447483062744,-1.0658698081970215
1749220367050813400,12.4228134765625,-0.6579099893569946,0.2928774058818817,-1.2931809425354004
1749220367060804400,12.432804443359375,-0.35726678371429443,0.042747996747493744,-1.1512306928634644
1749220367070795500,12.44279541015625,-0.017671937122941017,-0.26456108689308167,-1.136987328529358
1749220367080786400,12.452786376953124,0.22214624285697937,-0.514651358127594,-1.5001684427261353
1749220367090777300,12.46277734375,0.37805622816085815,-0.5753058791160583,-2.056974172592163
1749220367100767500,12.472767578125,0.5071969032287598,-0.4090956151485443,-2.5420937538146973
1749220367110758400,12.48275830078125,0.5979875326156616,-0.10756747424602509,-2.8611435890197754
1749220367120749600,12.49274951171875,0.5941738486289978,0.2566128671169281,-3.0326600074768066
1749220367130740500,12.502740478515625,0.4791466295719147,0.6404481530189514,-3.1324005126953125
1749220367140730400,12.51273046875,0.3241051137447357,0.973197877407074,-3.3468077182769775
1749220367150721300,12.52272119140625,0.24352291226387024,1.2495839595794678,-3.726250171661377
1749220367160712400,12.53271240234375,0.28890955448150635,1.445931315422058,-4.152074813842773
1749220367170703400,12.542703369140625,0.4151114523410797,1.5101550817489624,-4.5064191818237305
1749220367180693500,12.552693603515625,0.5543215274810791,1.3855036497116089,-4.747133731842041
1749220367190684400,12.562684326171874,0.6345263719558716,1.0833656787872314,-4.921383380889893
1749220367200675600,12.572675537109374,0.6580569744110107,0.7266150116920471,-5.107864856719971
1749220367210666500,12.58266650390625,0.6742607355117798,0.44400885701179504,-5.304245948791504
1749220367220656400,12.592656494140625,0.6881616115570068,0.313999742269516,-5.367069721221924
1749220367230647300,12.602647216796875,0.7480963468551636,-0.1686398833990097,-5.936862468719482
1749220367240638500,12.612638427734375,0.8219140768051147,-0.37545856833457947,-6.194866180419922
1749220367250629400,12.62262939453125,0.9274309277534485,-0.8414361476898193,-6.32477331161499
1749220367260619500,12.63261962890625,1.2019343376159668,-1.1812045574188232,-6.594684600830078
1749220367270610400,12.6426103515625,1.534307837486267,-0.9380958080291748,-6.347198963165283
1749220367280601600,12.6526015625,1.782753825187683,-0.5598499774932861,-5.6846418380737305
1749220367290592500,12.662592529296875,1.746065616607666,0.1154770627617836,-4.847939968109131
1749220367300583400,12.67258349609375,1.5061134099960327,0.421590656042099,-4.476429462432861
1749220367310573300,12.6825732421875,1.0580494403839111,0.38485661149024963,-4.540629863739014
1749220367320565000,12.69256494140625,0.5830793976783752,0.395480215549469,-4.491225242614746
1749220367330556000,12.702555908203125,0.2450350522994995,0.14965127408504486,-4.085214138031006
1749220367340547000,12.712547119140625,0.2688455879688263,-0.17249932885169983,-3.059168815612793
1749220367350537000,12.722536865234375,0.8374956846237183,-0.6492370963096619,-1.397439956665039
1749220367360528000,12.73252783203125,1.1876710653305054,-1.3807592391967773,0.055208925157785416
1749220367370519000,12.74251904296875,0.9263544678688049,-1.2357051372528076,0.9525898098945618
1749220367380510200,12.75251025390625,0.40347424149513245,-0.5021281242370605,1.6316956281661987
1749220367390500000,12.7625,-0.1326770931482315,-0.13408324122428894,2.1337132453918457
1749220367400491000,12.772490966796875,-0.4405291974544525,-0.7348934412002563,1.6613962650299072
1749220367410482000,12.78248193359375,0.3721133768558502,-0.332863986492157,3.5323431491851807
1749220367420473000,12.79247314453125,1.0538290739059448,0.5320228934288025,1.91007399559021
1749220367430463000,12.802462890625,-1.9069181680679321,4.577568054199219,3.1157994270324707
1749220367440454000,12.812453857421875,-4.7687554359436035,5.034668922424316,4.2450737953186035
1749220367450445000,12.822445068359375,-3.9592931270599365,1.9856760501861572,4.3760223388671875
1749220367460436200,12.832436279296875,-2.0433449745178223,0.8903160691261292,3.3102104663848877
1749220367470426000,12.842426025390624,-0.3986144959926605,1.277003526687622,2.6849632263183594
1749220367480417000,12.8524169921875,1.0762004852294922,1.1347033977508545,1.7761262655258179
1749220367490408000,12.862407958984376,1.8134896755218506,1.6804330348968506,1.4290804862976074
1749220367500399000,12.872399169921875,1.9725868701934814,0.9153180718421936,1.3257447481155396
1749220367510389000,12.882388916015625,1.709524393081665,-0.5890214443206787,1.3364479541778564
1749220367520380000,12.8923798828125,0.8482087850570679,-1.3990586996078491,1.3099567890167236
1749220367530371000,12.90237109375,-0.11328687518835068,-1.8479437828063965,0.9929942488670349
1749220367540362200,12.9123623046875,-0.5704232454299927,-2.0571963787078857,0.8646655678749084
1749220367550352100,12.92235205078125,-0.5216661095619202,-1.4379570484161377,0.9331988096237183
1749220367560343000,12.932343017578125,-0.10707905143499374,-0.27448055148124695,0.961381196975708
1749220367570334000,12.942333984375,0.33554551005363464,0.6372273564338684,0.8204626441001892
1749220367580324900,12.952324951171875,0.31236135959625244,0.7915287613868713,0.8318032026290894
1749220367590316000,12.96231591796875,-0.10302358865737915,0.3045351207256317,0.9376667737960815
1749220367600306000,12.972305908203126,-0.4018539488315582,-0.48360341787338257,0.9897957444190979
1749220367610297000,12.982297119140625,-0.3373199701309204,-0.8679673075675964,1.0658471584320068
1749220367620288000,12.9922880859375,-0.09802030771970749,-0.675212025642395,1.1056976318359375
1749220367630279200,13.002279052734375,0.07812117040157318,-0.27216973900794983,1.0478090047836304
1749220367640269000,13.01226904296875,0.08788324892520905,0.09331157058477402,1.0426539182662964
1749220367650260000,13.022260009765626,-0.034326281398534775,0.3432614803314209,1.2040436267852783
1749220367660251000,13.0322509765625,-0.23547349870204926,0.3499324321746826,1.2655162811279297
1749220367670242000,13.042241943359375,-0.323078989982605,0.1996806263923645,1.142869472503662
1749220367680232000,13.05223193359375,-0.3211905360221863,0.01034451648592949,1.1837636232376099
1749220367690223000,13.06222314453125,-0.2908259630203247,0.037271205335855484,1.2909409999847412
1749220367700214000,13.072214111328124,-0.17397259175777435,-0.0030956584960222244,1.330856204032898
1749220367710205200,13.082205078125,-0.043290480971336365,-0.06357391923666,1.3088514804840088
1749220367720195000,13.092195068359375,0.029523003846406937,-0.056958358734846115,1.3686109781265259
1749220367730186000,13.10218603515625,0.0973486602306366,-0.1285816729068756,1.4247328042984009
1749220367740177000,13.112177001953125,0.1389341801404953,-0.27587658166885376,1.5528197288513184
1749220367750168000,13.12216796875,-0.08615698665380478,-0.3859325051307678,1.5469505786895752
1749220367760158000,13.132157958984376,-0.3421379029750824,-0.2367773950099945,1.5180244445800781
1749220367770149000,13.142149169921876,-0.2787192463874817,-0.050984352827072144,1.5786603689193726
1749220367780140000,13.15214013671875,-0.19697245955467224,0.22238487005233765,1.5693528652191162
1749220367790131200,13.162131103515625,-0.18886606395244598,0.25180214643478394,1.6233309507369995
1749220367800121000,13.17212109375,-0.156794935464859,-0.016875119879841805,1.625190258026123
1749220367810112000,13.182112060546874,-0.09967972338199615,-0.2582659125328064,1.606343150138855
1749220367820103000,13.19210302734375,-0.04394908249378204,-0.3332280218601227,1.6009931564331055
1749220367830094000,13.202093994140625,0.00031611722079105675,-0.32580313086509705,1.6899548768997192
1749220367840085000,13.2120849609375,-0.016571519896388054,-0.3348586857318878,1.7835248708724976
1749220367850075000,13.222074951171875,-0.08903186768293381,-0.41039472818374634,1.8686381578445435
1749220367860066000,13.232066162109374,-0.12851403653621674,-0.5158109068870544,2.0353879928588867
1749220367870057200,13.24205712890625,-0.1497868299484253,-0.4951210618019104,2.1886227130889893
1749220367880048000,13.252048095703126,-0.12497788667678833,-0.47795405983924866,2.39876127243042
1749220367890038000,13.2620380859375,-0.0864534005522728,-0.5382893085479736,2.695795774459839
1749220367900029000,13.27202880859375,-0.063828244805336,-0.6367753744125366,2.9477379322052
1749220367910020000,13.28202001953125,0.03257099166512489,-0.8303000926971436,2.9980673789978027
1749220367920011000,13.292010986328124,0.158065527677536,-1.228262186050415,3.1111268997192383
1749220367930001000,13.3020009765625,0.20109742879867554,-1.546187400817871,3.274956703186035
1749220367939992000,13.311991943359375,0.36207273602485657,-1.9208033084869385,3.2783031463623047
1749220367949983200,13.321983154296875,0.7684114575386047,-2.2509708404541016,3.4942502975463867
1749220367959974100,13.33197412109375,0.8897746205329895,-2.1748430728912354,3.1758480072021484
1749220367969964000,13.341964111328124,0.12088806927204132,-1.4711573123931885,2.313905715942383
1749220367979955000,13.351954833984376,-0.34299278259277344,-1.4624831676483154,1.8578989505767822
1749220367989945900,13.36194580078125,-0.41833066940307617,-2.010026216506958,2.0878584384918213
1749220367999937000,13.37193701171875,-0.5144873261451721,-2.245176076889038,2.4334285259246826
1749220368009927000,13.381927001953125,-0.551780104637146,-2.0578908920288086,2.474126100540161
1749220368019918000,13.39191796875,-0.9786134362220764,-0.9623220562934875,1.7084894180297852
1749220368029909000,13.401908935546874,-1.1228920221328735,0.4106951355934143,1.6258220672607422
1749220368039900200,13.411900146484374,-1.028867483139038,1.112929105758667,2.2303686141967773
1749220368049890000,13.42189013671875,-0.9017567038536072,1.3126857280731201,1.641684651374817
1749220368059881000,13.431880859375,-0.9510425329208374,1.4978469610214233,0.2914659380912781
1749220368069871900,13.441871826171875,-1.1027028560638428,1.6808503866195679,-0.9980227947235107
1749220368079863000,13.451863037109375,-0.9844265580177307,1.5823289155960083,-1.8445777893066406
1749220368089853000,13.46185302734375,-0.4815240204334259,1.2123273611068726,-1.777086615562439
1749220368099844000,13.471843994140626,0.1998840868473053,0.4270375967025757,-1.1163058280944824
1749220368109835000,13.4818349609375,0.6458128094673157,-0.15189552307128906,-0.802384078502655
1749220368119826200,13.491826171875,0.7433004975318909,-0.27864813804626465,-1.2159751653671265
1749220368129817000,13.501817138671875,0.6667678952217102,0.026395654305815697,-1.9403586387634277
1749220368139807000,13.511806884765624,0.537216305732727,0.5679821968078613,-2.536996841430664
1749220368149798000,13.5217978515625,0.3639276325702667,1.028773307800293,-2.9094417095184326
1749220368159789000,13.5317890625,0.19807766377925873,1.2500488758087158,-3.101936101913452
1749220368169780000,13.541780029296875,0.10759303718805313,1.2124594449996948,-3.2043628692626953
1749220368179770000,13.55177001953125,0.1010107696056366,1.0050708055496216,-3.437211275100708
1749220368189761000,13.561760986328125,0.20425726473331451,0.6654640436172485,-3.86088228225708
1749220368199752200,13.571752197265624,0.42821311950683594,0.26455947756767273,-4.348165512084961
1749220368209743000,13.5817431640625,0.684786856174469,-0.10180173069238663,-4.735688209533691
1749220368219733000,13.59173291015625,0.8442825078964233,-0.4362071454524994,-4.9583940505981445
1749220368229724000,13.601723876953125,0.8769437670707703,-0.8213266134262085,-5.107181072235107
1749220368239715000,13.611715087890625,0.8631477952003479,-1.1789790391921997,-5.286685943603516
1749220368249706000,13.6217060546875,0.8941184878349304,-1.410899043083191,-5.558866024017334
1749220368259696000,13.631696044921876,0.9895678162574768,-1.5261268615722656,-5.9693145751953125
1749220368269687000,13.64168701171875,1.1168919801712036,-1.5338079929351807,-6.320465087890625
1749220368279678200,13.65167822265625,1.2600613832473755,-1.4875315427780151,-6.402664661407471
1749220368289669000,13.661669189453125,1.404518961906433,-1.3931608200073242,-6.191242218017578
1749220368299659000,13.671658935546875,1.5030266046524048,-1.1249040365219116,-5.756509780883789
1749220368309650000,13.68164990234375,1.5127774477005005,-0.6249133944511414,-5.383385181427002
1749220368319641000,13.69164111328125,1.4001878499984741,0.04975850135087967,-5.233470439910889
1749220368329631000,13.701630859375,1.1173121929168701,0.6087914109230042,-5.221705913543701
1749220368339620900,13.711620849609375,0.7331394553184509,0.7580174207687378,-5.144343852996826
1749220368349611800,13.72161181640625,0.3624791204929352,0.619327962398529,-4.794961929321289
1749220368359602700,13.731602783203124,0.19317477941513062,0.14004792273044586,-4.328708171844482
1749220368369593900,13.74159375,0.20932525396347046,-0.8724409341812134,-4.186354637145996
1749220368379583700,13.751583740234375,0.6623963117599487,-1.055964708328247,-3.3631956577301025
1749220368389574700,13.76157470703125,1.3936316967010498,-0.9098016023635864,-1.8886542320251465
1749220368399565800,13.77156591796875,1.5167807340621948,-1.1740740537643433,-0.4718886911869049
1749220368409557000,13.781556884765624,0.9409480690956116,-1.009826421737671,0.6358020305633545
1749220368419547000,13.791546875,0.20946986973285675,-0.48469531536102295,1.5144318342208862
1749220368429537800,13.801537841796875,-0.38230422139167786,-0.30268076062202454,2.1989212036132812
1749220368439528700,13.81152880859375,-0.7318187952041626,-0.7839187979698181,1.6838027238845825
1749220368449519900,13.821519775390625,-0.30908381938934326,-0.5889348983764648,2.651658535003662
1749220368459509800,13.831509765625,0.8361939787864685,0.5444073677062988,3.0670852661132812
1749220368469500700,13.841500732421874,0.2786494791507721,3.4877614974975586,2.5217971801757812
1749220368479491600,13.85149169921875,-2.9314727783203125,6.761331558227539,3.519909381866455
1749220368489482800,13.861482666015625,-4.110591411590576,5.520388603210449,4.671196460723877
1749220368499474000,13.871473876953125,-3.6223013401031494,3.0626089572906494,3.8717093467712402
1749220368509463800,13.8814638671875,-2.6901369094848633,2.240726947784424,2.8280138969421387
1749220368519454700,13.891454833984374,-0.8366219401359558,1.2366548776626587,1.8544423580169678
1749220368529446000,13.90144580078125,1.1517380475997925,1.3345544338226318,1.540510892868042
1749220368539436800,13.911436767578126,2.5231003761291504,0.6051657795906067,1.7125507593154907
1749220368549426700,13.9214267578125,3.106990337371826,-1.1045476198196411,1.8241031169891357
1749220368559417600,13.93141748046875,2.7319209575653076,-1.897687315940857,2.1065125465393066
1749220368569408800,13.94140869140625,1.795847773551941,-1.8774018287658691,1.4483723640441895
1749220368579400000,13.95139990234375,0.8670504093170166,-1.8054887056350708,0.852146565914154
1749220368589389800,13.961389892578126,-0.07819946110248566,-1.1279107332229614,0.7979291081428528
1749220368599380700,13.971380615234375,-0.8229061365127563,0.43260547518730164,1.1090843677520752
1749220368609372000,13.981371826171875,-0.9918650388717651,2.034038543701172,1.2844271659851074
1749220368619362800,13.99136279296875,-0.9154149889945984,2.965756893157959,1.071144700050354
1749220368629352700,14.001352783203124,-1.034841775894165,2.7046682834625244,0.7945320010185242
1749220368639343600,14.011343505859376,-1.2590432167053223,1.7946608066558838,0.8254709839820862
1749220368649334800,14.021334716796876,-1.1219583749771118,0.5932758450508118,1.060459852218628
1749220368659326000,14.031325927734375,-0.5340045690536499,-0.34139755368232727,1.064489722251892
1749220368669315800,14.04131591796875,0.1917358785867691,-0.5070621371269226,0.9518457055091858
1749220368679306800,14.051306640625,0.7337405681610107,-0.4303410053253174,0.8262465000152588
1749220368689298000,14.0612978515625,0.9789764285087585,-0.39468392729759216,0.670660138130188
1749220368699288800,14.071288818359376,0.8798666000366211,-0.4516598582267761,0.6462530493736267
1749220368709278700,14.08127880859375,0.22562646865844727,-0.45028141140937805,0.7839627265930176
1749220368719269600,14.09126953125,-0.43662819266319275,-0.13655811548233032,0.880325198173523
1749220368729260800,14.1012607421875,-0.5548592209815979,0.09897984564304352,0.8812911510467529
1749220368739252000,14.111251953125,-0.42535343766212463,0.4099161624908447,1.022900938987732
1749220368749243000,14.121242919921874,-0.24387018382549286,0.4617055654525757,1.2064756155014038
1749220368759232800,14.131232666015626,-0.10538048297166824,0.08622623234987259,1.1828299760818481
1749220368769223700,14.1412236328125,-0.012676380574703217,-0.2587346136569977,1.1983766555786133
1749220368779214800,14.15121484375,0.1447707712650299,-0.6169580221176147,1.3155032396316528
1749220368789204700,14.161204833984375,0.26058685779571533,-0.7709047198295593,1.3553868532180786
1749220368799195600,14.171195556640624,0.2564147412776947,-0.7239462733268738,1.361853003501892
1749220368809186800,14.181186767578126,0.16280490159988403,-0.7031506896018982,1.3384450674057007
1749220368819178000,14.191177978515626,0.0359279066324234,-0.5693654417991638,1.300506830215454
1749220368829167900,14.20116796875,-0.0524807833135128,-0.3718249499797821,1.3501832485198975
1749220368839158800,14.21115869140625,-0.14615188539028168,-0.23302100598812103,1.3983198404312134
1749220368849149700,14.221149658203124,-0.20723174512386322,-0.21842101216316223,1.4231126308441162
1749220368859140900,14.231140869140624,-0.19014224410057068,-0.3009300231933594,1.4721828699111938
1749220368869131800,14.2411318359375,-0.14700010418891907,-0.41972777247428894,1.5489730834960938
1749220368879121700,14.25112158203125,-0.08701985329389572,-0.5295554399490356,1.6366208791732788
1749220368889112800,14.26111279296875,-0.031063377857208252,-0.5704262256622314,1.7559009790420532
1749220368899104000,14.27110400390625,-0.05417109280824661,-0.5285735726356506,1.8574328422546387
1749220368909095000,14.281094970703125,-0.09785758703947067,-0.48008644580841064,1.999897837638855
1749220368919084800,14.291084716796876,-0.13985243439674377,-0.40044355392456055,2.199132204055786
1749220368929075700,14.30107568359375,-0.21652911603450775,-0.29148590564727783,2.338860273361206
1749220368939067000,14.31106689453125,-0.2832934856414795,-0.23037515580654144,2.5072107315063477
1749220368949057800,14.321057861328125,-0.32705509662628174,-0.23644715547561646,2.6264827251434326
1749220368959047700,14.331047607421874,-0.2644210159778595,-0.3331015408039093,2.7033498287200928
1749220368969038800,14.341038818359374,-0.11182107031345367,-0.5691460371017456,2.7921206951141357
1749220368979030000,14.351030029296876,0.05844493210315704,-0.9786272644996643,2.877573013305664
1749220368989021000,14.36102099609375,0.28403225541114807,-1.4773156642913818,2.807142972946167
1749220368999010800,14.3710107421875,0.5350138545036316,-2.108638286590576,2.5645251274108887
1749220369009001700,14.381001708984375,0.6449198722839355,-2.3781075477600098,2.4015932083129883
1749220369018993000,14.390992919921874,0.31965869665145874,-2.4234819412231445,2.8243391513824463
1749220369028983800,14.40098388671875,-0.2936433255672455,-1.8875523805618286,3.0080885887145996
1749220369038973700,14.4109736328125,-0.5056155323982239,-1.0499461889266968,2.5225396156311035
1749220369048964900,14.42096484375,-0.3419448137283325,-1.3192790746688843,2.01674485206604
1749220369058956000,14.4309560546875,-0.20997373759746552,-1.9349406957626343,1.8177424669265747
1749220369068947000,14.440947021484375,-0.2083694487810135,-1.9798195362091064,1.9258323907852173
1749220369078936800,14.450936767578124,-0.8060597777366638,-1.1595560312271118,1.6718664169311523
1749220369088927700,14.460927734375,-1.0117007493972778,-0.24862872064113617,1.297703504562378
1749220369098919000,14.4709189453125,-0.7499999403953552,0.39813432097435,2.0350584983825684
1749220369108909800,14.480909912109375,-0.4509996771812439,0.8452982306480408,1.935193419456482
1749220369118900700,14.490900634765625,-0.4485812485218048,1.4949915409088135,0.8410142660140991
1749220369128891000,14.500890869140624,-0.7997499108314514,1.93279230594635,-0.42979106307029724
1749220369138881800,14.5108818359375,-1.0968252420425415,1.9106165170669556,-1.4060603380203247
1749220369148873000,14.520873046875,-1.042665958404541,1.5613154172897339,-1.7088305950164795
1749220369158864000,14.53086376953125,-0.5684576034545898,0.9839743375778198,-1.2590397596359253
1749220369168853800,14.540853759765625,0.10574027895927429,0.3802852928638458,-0.8333725929260254
1749220369178844700,14.5508447265625,0.5781720280647278,0.0357782356441021,-1.0710517168045044
1749220369188835800,14.5608359375,0.7375696301460266,-0.01835929974913597,-1.683306097984314
1749220369198826800,14.57082666015625,0.7053350210189819,0.08988301455974579,-2.2586469650268555
1749220369208816600,14.580816650390625,0.5982444882392883,0.18612566590309143,-2.690120220184326
1749220369218807800,14.590807861328125,0.5000960826873779,0.25320854783058167,-2.954094171524048
1749220369228799000,14.600799072265625,0.4182446599006653,0.3251032531261444,-3.0752553939819336
1749220369238790000,14.610789794921875,0.3795470595359802,0.3424636125564575,-3.3118178844451904
1749220369248779800,14.62077978515625,0.42065533995628357,0.34041696786880493,-3.683816909790039
1749220369258770700,14.630770751953126,0.525104284286499,0.3284015953540802,-4.111826419830322
1749220369268761900,14.640761962890625,0.6490541696548462,0.2592605948448181,-4.559741973876953
1749220369278752800,14.650752685546875,0.7590629458427429,0.08372392505407333,-4.954252243041992
1749220369288742700,14.66074267578125,0.8234754800796509,-0.2247694581747055,-5.294378757476807
1749220369298733800,14.67073388671875,0.8730087280273438,-0.535944938659668,-5.576172828674316
1749220369308725000,14.68072509765625,0.9284067153930664,-0.7586687803268433,-5.904594421386719
1749220369318716000,14.6907158203125,1.013534426689148,-0.9853424429893494,-6.229571342468262
1749220369328705800,14.700705810546875,1.1245107650756836,-1.2662038803100586,-6.412639617919922
1749220369338696700,14.71069677734375,1.2265830039978027,-1.4859144687652588,-6.452357769012451
1749220369348688000,14.72068798828125,1.2699453830718994,-1.4424018859863281,-6.287836074829102
1749220369358678800,14.7306787109375,1.2619812488555908,-1.159697413444519,-6.11162805557251
1749220369368668700,14.740668701171876,1.2412290573120117,-0.7539305090904236,-6.056112289428711
1749220369378659800,14.750659912109375,1.1532459259033203,-0.1852518767118454,-5.928702354431152
1749220369388651000,14.760651123046875,0.9957918524742126,0.37079858779907227,-5.629394054412842
1749220369398642000,14.770641845703125,0.7662374973297119,0.8083226680755615,-5.13723611831665
1749220369408631800,14.7806318359375,0.4907124638557434,1.1271746158599854,-4.526285171508789
1749220369418622700,14.790622802734376,0.32146111130714417,1.3786362409591675,-3.9407286643981934
1749220369428614000,14.80061376953125,0.09654251486063004,1.1399202346801758,-3.7498340606689453
1749220369438604800,14.810604736328125,0.013886254280805588,0.8150471448898315,-3.002074718475342
1749220369448595700,14.820595703125,0.43808361887931824,0.20717288553714752,-1.4838968515396118
1749220369458585900,14.8305859375,0.8067894577980042,-0.5406855940818787,-0.05811683088541031
1749220369468577000,14.840576904296874,0.810076892375946,-0.5970239639282227,0.8328418135643005
1749220369478568000,14.85056787109375,0.5169855952262878,-0.1300610601902008,1.4414191246032715
1749220369488558800,14.860558837890625,-0.00914289802312851,0.3783086836338043,2.232625961303711
1749220369498548700,14.870548828125,-0.720421314239502,0.9030126929283142,2.8424248695373535
1749220369508540000,14.880539794921875,-1.3570797443389893,1.3732805252075195,2.9226162433624268
1749220369518530800,14.89053076171875,-1.4417845010757446,1.0659797191619873,2.17366623878479
1749220369528521700,14.900521728515624,-0.03973223268985748,-0.7556589245796204,1.3617568016052246
1749220369538512000,14.910511962890626,2.4841158390045166,-1.588265061378479,1.950952172279358
1749220369548502800,14.920502685546875,0.5595282912254333,2.6458513736724854,3.8415098190307617
1749220369558494000,14.930493896484375,-2.426339626312256,4.410267353057861,3.745225191116333
1749220369568484900,14.94048486328125,-2.881073474884033,2.515983819961548,2.466596841812134
1749220369578474800,14.950474853515624,-2.2381300926208496,1.977999210357666,1.0492538213729858
1749220369588465700,14.960465576171876,-1.3884464502334595,2.8546218872070312,1.631170392036438
1749220369598456800,14.970456787109375,-0.1652829647064209,2.2960879802703857,2.8292226791381836
1749220369608447700,14.98044775390625,0.7172492146492004,1.0052130222320557,2.5339608192443848
1749220369618438000,14.99043798828125,1.0662668943405151,0.47210949659347534,1.220940351486206
1749220369628428800,15.0004287109375,1.1848632097244263,-0.026454243808984756,0.6295115947723389
1749220369638420000,15.010419921875,1.221938967704773,-0.20340397953987122,1.2957016229629517
1749220369648411000,15.020410888671876,1.1614700555801392,-0.46694427728652954,1.4871379137039185
1749220369658400800,15.03040087890625,0.8099570274353027,-1.6707316637039185,1.3220828771591187
1749220369668391700,15.0403916015625,0.03380297124385834,-2.435352325439453,1.018483281135559
1749220369678382800,15.0503828125,-0.47724220156669617,-1.7077165842056274,1.0513765811920166
1749220369688373800,15.060373779296874,-0.12956012785434723,-0.488687127828598,1.0923141241073608
1749220369698364000,15.070364013671876,0.510775625705719,0.37479040026664734,1.1101619005203247
1749220369708354800,15.080354736328125,0.525122880935669,0.936216413974762,1.022560954093933
1749220369718346000,15.090345947265625,-0.013847372494637966,1.0915287733078003,0.9840183258056641
1749220369728337000,15.1003369140625,-0.4288690686225891,0.7200226187705994,0.9668297171592712
1749220369738327800,15.110327880859375,-0.40981653332710266,0.023787088692188263,1.0118480920791626
1749220369748317700,15.120317626953126,-0.16875146329402924,-0.46697357296943665,1.1639680862426758
1749220369758308900,15.130308837890626,0.12155972421169281,-0.7751932144165039,1.1404143571853638
1749220369768299800,15.1402998046875,0.36328446865081787,-0.6802874803543091,0.9623726606369019
1749220369778290700,15.150290771484375,0.41905876994132996,-0.4804864525794983,0.8841907978057861
1749220369788280800,15.16028076171875,0.28238001465797424,-0.4368534982204437,0.8621978759765625
1749220369798272000,15.17027197265625,0.13118597865104675,-0.4498521089553833,0.8053947687149048
1749220369808263000,15.180262939453126,0.053942594677209854,-0.47022557258605957,0.8125935792922974
1749220369818253800,15.19025390625,-0.07737095654010773,-0.508983314037323,0.8467416763305664
1749220369828243700,15.20024365234375,-0.10925351828336716,-0.35025280714035034,0.9406564235687256
1749220369838235000,15.21023486328125,0.03123222105205059,-0.1605345457792282,1.0212687253952026
1749220369848225800,15.220225830078125,0.09887891262769699,-0.03520086407661438,1.0441471338272095
1749220369858216700,15.230216796875,-0.025300562381744385,0.020960409194231033,1.0363041162490845
1749220369868206800,15.240206787109376,-0.17895084619522095,-0.07324492186307907,1.0431936979293823
1749220369878198000,15.250197998046875,-0.23379437625408173,-0.1635276824235916,1.0892722606658936
1749220369888189000,15.26018896484375,-0.1849762499332428,-0.24644173681735992,1.1385375261306763
1749220369898179800,15.270179931640625,-0.06580271571874619,-0.31208598613739014,1.1797997951507568
1749220369908169700,15.280169677734374,0.04932573810219765,-0.3846217095851898,1.297014594078064
1749220369918161000,15.290160888671876,0.0850275456905365,-0.47503602504730225,1.3734030723571777
1749220369928151800,15.30015185546875,0.0792737826704979,-0.5672929883003235,1.4109888076782227
1749220369938142700,15.310142822265625,-0.043169040232896805,-0.572624921798706,1.5257534980773926
1749220369948132900,15.3201328125,-0.23089686036109924,-0.4070143699645996,1.6218703985214233
1749220369958123800,15.330123779296875,-0.2895388603210449,-0.2530583441257477,1.6904289722442627
1749220369968115000,15.340114990234374,-0.24322223663330078,-0.0872155949473381,1.7867459058761597
1749220369978105900,15.35010595703125,-0.2264283448457718,0.06470043212175369,1.8767365217208862
1749220369988096800,15.3600966796875,-0.27792614698410034,-0.028442293405532837,1.9173656702041626
1749220369998086700,15.370086669921875,-0.3076379895210266,-0.23029924929141998,2.028141975402832
1749220370008077800,15.380077880859375,-0.27067676186561584,-0.3759848177433014,2.1553142070770264
1749220370018068700,15.39006884765625,-0.2432507425546646,-0.43291839957237244,2.3016247749328613
1749220370028059600,15.4000595703125,-0.25661712884902954,-0.3812789022922516,2.4365506172180176
1749220370038049800,15.4100498046875,-0.29697680473327637,-0.3113570809364319,2.492182493209839
1749220370048041000,15.420041015625,-0.34862616658210754,-0.3971683979034424,2.514676332473755
1749220370058031900,15.430031982421875,-0.33202481269836426,-0.7150830030441284,2.6229841709136963
1749220370068022800,15.440022705078125,-0.24219027161598206,-1.1275198459625244,2.730928659439087
1749220370078012700,15.4500126953125,-0.06631910055875778,-1.5286048650741577,2.707716464996338
1749220370088003800,15.46000390625,0.11131880432367325,-1.9600061178207397,2.667132616043091
1749220370097994800,15.469994873046875,0.09881792217493057,-2.1268017292022705,2.7388126850128174
1749220370107985700,15.479985595703125,-0.04512673243880272,-1.9179058074951172,2.8639090061187744
1749220370117975800,15.489975830078125,0.153076633810997,-1.2966337203979492,2.654473304748535
1749220370127967000,15.499967041015625,0.4896219074726105,-0.6269108057022095,2.549767017364502
1749220370137958000,15.5099580078125,-0.1508912444114685,0.37253254652023315,2.3500077724456787
1749220370147948800,15.51994873046875,-1.0950343608856201,1.102304458618164,2.140120506286621
1749220370157938700,15.529938720703125,-1.8814936876296997,1.491565465927124,2.271038770675659
1749220370167929900,15.539929931640625,-2.4147257804870605,1.2201027870178223,2.142199993133545
1749220370177920800,15.549920654296875,-2.0759060382843018,0.7325618267059326,1.353944182395935
1749220370187911700,15.55991162109375,-1.238742709159851,1.1447211503982544,1.647527813911438
1749220370197901800,15.56990185546875,-0.5647408962249756,1.2825483083724976,2.304466485977173
1749220370207893000,15.57989306640625,-0.287701815366745,0.7914115786552429,1.9787957668304443
1749220370217884000,15.5898837890625,-0.18191707134246826,0.19906623661518097,0.8175824880599976
1749220370227874800,15.599874755859375,-0.11757749319076538,-0.34056025743484497,-0.631214439868927
1749220370237864700,15.60986474609375,-0.09758114814758301,-0.710478663444519,-1.8462185859680176
1749220370247855900,15.61985595703125,-0.1653364896774292,-0.7942726016044617,-2.0818986892700195
1749220370257846800,15.6298466796875,-0.26325878500938416,-0.9674276113510132,-1.4250508546829224
1749220370267837700,15.639837646484375,-0.2784806191921234,-1.2964856624603271,-0.8943043947219849
1749220370277828600,15.64982861328125,-0.21871823072433472,-1.3351587057113647,-1.1052355766296387
1749220370287819000,15.659819091796875,-0.17300507426261902,-0.8419181704521179,-1.7612214088439941
1749220370297810000,15.669809814453124,-0.13553093373775482,-0.04079882800579071,-2.4943020343780518
1749220370307800800,15.67980078125,-0.1263696551322937,0.7393763661384583,-3.0863611698150635
1749220370317791700,15.689791748046876,-0.14992211759090424,1.2078303098678589,-3.4051384925842285
1749220370327782100,15.6997822265625,-0.16922417283058167,1.227590799331665,-3.5616648197174072
1749220370337773300,15.709773193359375,-0.17504452168941498,1.052390217781067,-3.730987548828125
1749220370347764200,15.71976416015625,-0.11938951164484024,0.9021410346031189,-4.0185394287109375
1749220370357755100,15.729755126953124,0.05040751397609711,0.8556893467903137,-4.41439151763916
1749220370367745300,15.739745361328126,0.28093287348747253,0.9389104843139648,-4.794361114501953
1749220370377736400,15.749736328125,0.4593936800956726,1.0128233432769775,-5.073563575744629
1749220370387727400,15.759727294921875,0.5290132164955139,0.952054500579834,-5.251347541809082
1749220370397718300,15.76971826171875,0.5242773294448853,0.7567273378372192,-5.413868427276611
1749220370407708200,15.779708251953124,0.5223973989486694,0.4546327590942383,-5.630690097808838
1749220370417699300,15.78969921875,0.5842040777206421,0.03422827646136284,-5.974629878997803
1749220370427690200,15.799690185546876,0.7503967881202698,-0.43705376982688904,-6.306892395019531
1749220370437681200,15.80968115234375,1.0361124277114868,-0.8172439932823181,-6.390410423278809
1749220370447671300,15.81967138671875,1.3373137712478638,-0.8978173732757568,-6.075854778289795
1749220370457662500,15.829662353515625,1.5474512577056885,-0.7719222903251648,-5.649150848388672
1749220370467653400,15.8396533203125,1.5943663120269775,-0.4341871440410614,-5.351690292358398
1749220370477644300,15.849644287109374,1.409035086631775,0.10804923623800278,-5.190605163574219
1749220370487634200,15.85963427734375,1.1091879606246948,0.5386826395988464,-5.135664939880371
1749220370497625300,15.869625244140625,0.7839723229408264,0.7800617218017578,-4.904810905456543
1749220370507616300,15.8796162109375,0.4478781819343567,0.8944500684738159,-4.333122253417969
1749220370517607200,15.889607177734375,0.24647529423236847,0.9189141392707825,-3.63081693649292
1749220370527597300,15.899597412109374,0.13900236785411835,0.33709174394607544,-3.433743953704834
1749220370537588500,15.90958837890625,0.23613663017749786,-0.3076574206352234,-3.0305910110473633
1749220370547579400,15.919579345703125,0.8041121959686279,-0.8197172284126282,-1.9271419048309326
1749220370557570300,15.9295703125,1.3315019607543945,-1.5368783473968506,-0.6719594597816467
1749220370567561200,15.939561279296875,1.313164234161377,-1.8959730863571167,0.22265997529029846
1749220370577551400,15.94955126953125,0.9623444080352783,-1.6492573022842407,0.8706475496292114
1749220370587542300,15.959542236328126,0.47579848766326904,-1.1366238594055176,1.4797974824905396
1749220370597533200,15.969533203125,-0.13512666523456573,-0.3644362688064575,2.0220894813537598
1749220370607524000,15.979524169921875,-0.7449870705604553,0.6761345267295837,2.3773741722106934
1749220370617514500,15.989514404296875,-1.0736547708511353,1.3139413595199585,2.351511001586914
1749220370627505400,15.99950537109375,-0.5988543629646301,0.6782948970794678,1.7157673835754395
1749220370637496300,16.009496337890624,1.1002594232559204,0.6100969314575195,2.659606456756592
1749220370647487200,16.0194873046875,1.5196313858032227,2.370866060256958,1.9662065505981445
1749220370657477000,16.02947705078125,-1.5295242071151733,5.891332149505615,2.9164822101593018
1749220370667468300,16.03946826171875,-4.002448558807373,5.499120712280273,3.1675496101379395
1749220370677459200,16.049459228515627,-3.8068532943725586,3.2060723304748535,2.511169195175171
1749220370687450000,16.0594501953125,-2.5016915798187256,2.544250726699829,2.318427085876465
1749220370697440300,16.069440185546874,-0.988440752029419,2.063330888748169,2.3526837825775146
1749220370707431400,16.079431396484374,0.41471996903419495,0.2378208190202713,1.877999186515808
1749220370717422300,16.08942236328125,1.8046141862869263,-1.0379276275634766,1.6249676942825317
1749220370727413200,16.099413330078125,2.743041515350342,-1.46162748336792,1.2776269912719727
1749220370737403100,16.109403076171876,2.811897039413452,-1.097909688949585,0.9500536918640137
1749220370747394300,16.119394287109376,2.2660083770751953,-0.9507796764373779,0.9207285642623901
1749220370757385200,16.12938525390625,1.4266798496246338,-1.5616190433502197,1.031184434890747
1749220370767376100,16.139376220703124,0.19783692061901093,-1.8570901155471802,1.068171501159668
1749220370777366300,16.1493662109375,-0.8663164377212524,-1.2821557521820068,0.8976863622665405
1749220370787357400,16.159357421875,-1.0256320238113403,-0.1167822778224945,0.8481131792068481
1749220370797348400,16.169348388671875,-0.4431720972061157,1.0862141847610474,0.8596236705780029
1749220370807339300,16.17933935546875,0.0666421428322792,1.7879449129104614,0.909385621547699
1749220370817329200,16.1893291015625,0.012197810225188732,1.7998313903808594,0.9508143067359924
1749220370827320300,16.1993203125,-0.2537316083908081,1.092370629310608,0.9725691080093384
1749220370837311200,16.209311279296877,-0.3155164122581482,0.02491253986954689,1.0165849924087524
1749220370847302100,16.21930224609375,-0.09394140541553497,-0.8649555444717407,1.0986019372940063
1749220370857293300,16.229293212890624,0.2853768765926361,-1.1686233282089233,1.1205875873565674
1749220370867283500,16.239283447265624,0.5224387049674988,-0.9525807499885559,1.1837482452392578
1749220370877274400,16.2492744140625,0.4458264708518982,-0.6525418162345886,1.110744595527649
1749220370887265300,16.259265380859375,0.23563942313194275,-0.33851760625839233,1.0535258054733276
1749220370897256400,16.26925634765625,0.08636711537837982,-0.026036927476525307,1.1487598419189453
1749220370907246300,16.279246337890626,-0.06659474223852158,0.0873894989490509,1.2873268127441406
1749220370917237200,16.2892373046875,-0.19861748814582825,-0.048912413418293,1.2381912469863892
1749220370927228200,16.299228271484374,-0.19448906183242798,-0.21866895258426666,1.1964938640594482
1749220370937219000,16.309218994140625,-0.15019430220127106,-0.3896300494670868,1.2882874011993408
1749220370947209500,16.31920947265625,-0.09377043694257736,-0.37016260623931885,1.3920116424560547
1749220370957200400,16.329200439453125,-0.001422128058038652,-0.3488093912601471,1.4585217237472534
1749220370967191300,16.33919140625,0.02124536782503128,-0.314147025346756,1.5264288187026978
1749220370977182200,16.34918212890625,-0.024092819541692734,-0.30030497908592224,1.6133158206939697
1749220370987172400,16.35917236328125,-0.05043361335992813,-0.3557503819465637,1.6518634557724
1749220370997163300,16.369163330078123,-0.03105325624346733,-0.36615481972694397,1.6858028173446655
1749220371007154200,16.379154296875,0.05693811550736427,-0.2529606223106384,1.7715952396392822
1749220371017145000,16.38914501953125,0.07112158089876175,-0.2345041185617447,1.7388728857040405
1749220371027135500,16.399135498046874,-0.023548735305666924,-0.23238371312618256,1.7701416015625
1749220371037126400,16.40912646484375,-0.07201027870178223,-0.23084492981433868,1.8246467113494873
1749220371047117300,16.419117431640625,-0.10640207678079605,-0.23324443399906158,1.8754571676254272
1749220371057108200,16.429108154296873,-0.11838257312774658,-0.12716807425022125,1.9610178470611572
1749220371067098000,16.43909814453125,-0.10853499919176102,-0.13570909202098846,2.021735906600952
1749220371077089300,16.44908935546875,-0.09439148008823395,-0.22603526711463928,2.0912723541259766
1749220371087080200,16.459080078125,-0.06632895767688751,-0.2910693883895874,2.277071714401245
1749220371097071000,16.469071044921876,-0.05985028296709061,-0.34062230587005615,2.339216470718384
1749220371107061200,16.479061279296875,-0.06337045133113861,-0.49911871552467346,2.3181233406066895
1749220371117052400,16.489052490234375,-0.054901331663131714,-0.5585612654685974,2.4585864543914795
1749220371127043300,16.499043212890626,-0.04453018307685852,-0.559780478477478,2.5341908931732178
1749220371137034200,16.5090341796875,0.0256291963160038,-0.5953339338302612,2.6089069843292236
1749220371147025400,16.519025390625,0.052675727754831314,-0.8789949417114258,2.6951866149902344
1749220371157015300,16.529015380859374,0.0739637091755867,-1.282390832901001,2.7653300762176514
1749220371167006200,16.539006103515625,0.2504708170890808,-1.7775840759277344,2.7420735359191895
1749220371176997000,16.5489970703125,0.43425023555755615,-2.1672444343566895,2.706807851791382
1749220371186988300,16.55898828125,0.30504804849624634,-2.290745496749878,2.902984142303467
1749220371196978400,16.568978515625,0.06298748403787613,-1.9246193170547485,2.993009090423584
1749220371206969300,16.57896923828125,0.2588326334953308,-1.1713615655899048,2.8782222270965576
1749220371216960300,16.588960205078124,0.15115410089492798,-0.5429583787918091,2.546942949295044
1749220371226951400,16.598951416015623,-0.2736280858516693,-0.18298234045505524,1.9994211196899414
1749220371236941300,16.60894140625,-0.7029216289520264,-0.11050360649824142,1.7422975301742554
1749220371246932200,16.61893212890625,-1.4469434022903442,-0.0054730623960494995,1.9305169582366943
1749220371256923100,16.628923095703126,-1.6445038318634033,-0.8037063479423523,1.36278235912323
1749220371266914300,16.638914306640626,-0.9377381801605225,-1.1002296209335327,0.6231874227523804
1749220371276904400,16.648904541015625,-0.19789257645606995,-0.45552945137023926,1.110525131225586
1749220371286895400,16.658895263671877,0.11512978374958038,-0.25789251923561096,1.5710601806640625
1749220371296886300,16.66888623046875,0.09968185424804688,-0.4582882225513458,1.1255264282226562
1749220371306877400,16.67887744140625,0.134884312748909,-0.7381872534751892,0.10197217017412186
1749220371316867300,16.688867431640624,0.20747356116771698,-0.888089656829834,-1.0948457717895508
1749220371326857700,16.698857666015623,0.2328830510377884,-0.696216344833374,-2.112563133239746
1749220371336849000,16.708848876953127,0.2788899540901184,-0.3821239471435547,-2.3066165447235107
1749220371346839800,16.71883984375,0.44222936034202576,-0.44335001707077026,-1.7216790914535522
1749220371356830000,16.728829833984374,0.6364824175834656,-0.7172532081604004,-1.1983063220977783
1749220371366820900,16.73882080078125,0.7235997915267944,-0.6987248063087463,-1.408562183380127
1749220371376812000,16.74881201171875,0.6784815788269043,-0.11587094515562057,-2.031644821166992
1749220371386803000,16.758802978515625,0.6317566633224487,0.7011147141456604,-2.578176736831665
1749220371396793900,16.7687939453125,0.6008027195930481,1.2757679224014282,-2.9809296131134033
1749220371406783700,16.77878369140625,0.5237787961959839,1.4942495822906494,-3.285505533218384
1749220371416775000,16.78877490234375,0.3992256820201874,1.4191969633102417,-3.465848207473755
1749220371426765800,16.798765869140624,0.3065657913684845,1.153038501739502,-3.6905460357666016
1749220371436756700,16.8087568359375,0.3770921528339386,0.7424224615097046,-4.048861503601074
1749220371446747000,16.818746826171875,0.6329678893089294,0.29849880933761597,-4.461667060852051
1749220371456738000,16.828738037109375,0.9337697625160217,-0.08236784487962723,-4.809272766113281
1749220371466729000,16.83872900390625,1.1364139318466187,-0.47181999683380127,-5.07719087600708
1749220371476719900,16.848719970703126,1.2274205684661865,-0.8592124581336975,-5.281378746032715
1749220371486709800,16.858709716796874,1.2812196016311646,-1.1943923234939575,-5.459057331085205
1749220371496700700,16.86870068359375,1.333702802658081,-1.4123395681381226,-5.70696496963501
1749220371506691800,16.87869189453125,1.4220348596572876,-1.4902974367141724,-6.0326151847839355
1749220371516682800,16.888682861328125,1.565198302268982,-1.447434663772583,-6.265625476837158
1749220371526673000,16.8986728515625,1.777077555656433,-1.3563601970672607,-6.381664752960205
1749220371536663800,16.908663818359376,2.0069944858551025,-1.1286884546279907,-6.3151750564575195
1749220371546655000,16.918655029296875,2.0947601795196533,-0.5187861919403076,-6.020896911621094
1749220371556646000,16.92864599609375,1.853736400604248,0.38980555534362793,-5.653646945953369
1749220371566635800,16.9386357421875,1.4390369653701782,0.9447521567344666,-5.524565696716309
1749220371576626700,16.948626708984374,0.9163417816162109,1.2042396068572998,-5.312686920166016
1749220371586617900,16.958617919921874,0.40444841980934143,1.2131394147872925,-4.925205230712891
1749220371596608800,16.96860888671875,0.10852887481451035,1.393650770187378,-4.271714687347412
1749220371606599700,16.978599609375,0.058270230889320374,1.2911279201507568,-3.8416221141815186
1749220371616589800,16.98858984375,0.23705968260765076,0.8152490258216858,-3.1508822441101074
1749220371626581000,16.9985810546875,0.7619016170501709,-0.5342157483100891,-1.7339199781417847
1749220371636572000,17.008572021484376,1.1844515800476074,-1.8656556606292725,-0.00038642468280158937
1749220371646562800,17.018562744140624,1.2222743034362793,-1.810790777206421,1.2411150932312012
1749220371656552700,17.028552734375,0.8285773396492004,-0.9361445307731628,1.7009823322296143
1749220371666543900,17.0385439453125,0.18132051825523376,-0.23346282541751862,2.0525965690612793
1749220371676534800,17.04853466796875,-0.6748109459877014,0.5683963298797607,2.4536352157592773
1749220371686525700,17.058525634765626,-1.4958627223968506,1.7046587467193604,2.5614614486694336
1749220371696515800,17.068515869140626,-1.7711021900177002,2.586482048034668,2.481051206588745
1749220371706507000,17.078507080078126,-1.357231855392456,2.7033956050872803,2.087951183319092
1749220371716498000,17.088497802734373,-0.14516039192676544,1.4980624914169312,1.5747606754302979
1749220371726488800,17.09848876953125,2.0483667850494385,1.0919705629348755,2.2977101802825928
1749220371736478700,17.108478759765624,1.5150057077407837,3.334265947341919,2.3219237327575684
1749220371746470000,17.118469970703124,-2.148669958114624,5.313904285430908,3.4086015224456787
1749220371756460800,17.128460693359376,-4.003276348114014,3.0295941829681396,3.016526222229004
1749220371766451700,17.13845166015625,-3.4561452865600586,1.4915268421173096,1.9473941326141357
1749220371776441900,17.14844189453125,-2.109950304031372,2.0655839443206787,1.6681056022644043
1749220371786433000,17.15843310546875,-0.42324259877204895,1.9421429634094238,2.0602099895477295
1749220371796424000,17.168423828125,1.6282258033752441,0.15262097120285034,2.3479092121124268
1749220371806414800,17.178414794921874,2.6512186527252197,0.20089103281497955,1.45151948928833
1749220371816404700,17.18840478515625,2.383577346801758,0.9445518851280212,0.9982172250747681
1749220371826396000,17.19839599609375,1.6254472732543945,0.8464862704277039,1.079007625579834
1749220371836386800,17.20838671875,0.6361620426177979,0.5441210865974426,1.3734302520751953
1749220371846377700,17.218377685546876,-0.5166931748390198,-0.18475094437599182,1.428815245628357
1749220371856367900,17.228367919921876,-1.36046302318573,-0.8048943877220154,1.3293389081954956
1749220371866359000,17.238359130859376,-1.5572339296340942,-0.43779945373535156,1.275572419166565
1749220371876350000,17.248349853515624,-0.9714364409446716,0.46902820467948914,1.1178359985351562
1749220371886340900,17.2583408203125,0.15847459435462952,0.9347008466720581,0.9759209752082825
1749220371896331800,17.268331787109375,0.9534289836883545,0.8618497848510742,1.0509134531021118
1749220371906321700,17.27832177734375,0.9246827960014343,0.6437171697616577,1.0921677350997925
1749220371916312800,17.288312744140626,0.4703424870967865,0.08843585848808289,1.0261127948760986
1749220371926303700,17.2983037109375,0.11238539963960648,-0.6976978778839111,0.9570497870445251
1749220371936295000,17.308294921875,0.054249390959739685,-1.306297779083252,0.8971806168556213
1749220371946284800,17.318284912109377,0.14941611886024475,-1.2284916639328003,0.9155972003936768
1749220371956276000,17.32827587890625,0.24054443836212158,-0.7630395889282227,0.9359754323959351
1749220371966267000,17.338266845703124,0.1945015788078308,-0.3242896497249603,0.8302897214889526
1749220371976257800,17.3482578125,0.01637524552643299,-0.002037318190559745,0.7382647395133972
1749220371986247700,17.35824755859375,-0.12162762880325317,0.05305948853492737,0.7930097579956055
1749220371996238800,17.36823876953125,-0.1212792918086052,-0.13002963364124298,0.8571764826774597
1749220372006229800,17.378229736328127,-0.00726403808221221,-0.46628621220588684,0.7635477185249329
1749220372016221000,17.388220947265626,0.1135457381606102,-0.8287506699562073,0.7052665948867798
1749220372026210800,17.3982109375,0.17699262499809265,-0.8339385390281677,0.754116952419281
1749220372036202000,17.408201904296874,0.22230631113052368,-0.7841624617576599,0.7723313570022583
1749220372046193000,17.41819287109375,0.20691590011119843,-0.7344939708709717,0.771075427532196
1749220372056183800,17.428183837890625,0.1514182835817337,-0.5788039565086365,0.850517213344574
1749220372066173700,17.438173583984376,0.07172585278749466,-0.4752267003059387,0.8953390121459961
1749220372076164900,17.448164794921876,-0.027906199917197227,-0.4978553354740143,0.8661023378372192
1749220372086155800,17.45815576171875,-0.07342202216386795,-0.5591050982475281,0.8911978006362915
1749220372096147000,17.46814697265625,-0.002907106652855873,-0.5296012759208679,0.9423209428787231
1749220372106136800,17.47813671875,0.09016317874193192,-0.4276874363422394,1.0353635549545288
1749220372116128000,17.4881279296875,0.041787661612033844,-0.38094547390937805,1.1774919033050537
1749220372126119000,17.498118896484375,-0.1537778377532959,-0.3664318025112152,1.1244025230407715
1749220372136109800,17.50810986328125,-0.2661272883415222,-0.3056904077529907,1.1697477102279663
1749220372146101000,17.51810107421875,-0.240889310836792,-0.14562617242336273,1.3139746189117432
1749220372156091000,17.5280908203125,-0.15900829434394836,-0.04227901250123978,1.455498218536377
1749220372166081800,17.538081787109373,-0.12596139311790466,-0.10851369053125381,1.5547124147415161
1749220372176073000,17.548072998046877,-0.16418680548667908,-0.23523062467575073,1.672919511795044
1749220372186064000,17.55806396484375,-0.22879110276699066,-0.27725425362586975,1.8192689418792725
1749220372196054000,17.568053955078124,-0.2643035650253296,-0.2374676764011383,2.006747245788574
1749220372206045000,17.578044921875,-0.28258270025253296,-0.18053355813026428,2.0954253673553467
1749220372216035800,17.588035888671875,-0.3263586759567261,-0.2932600975036621,2.201547861099243
1749220372226026800,17.59802685546875,-0.3922492563724518,-0.35294127464294434,2.3434815406799316
1749220372236017000,17.608016845703126,-0.37018656730651855,-0.3779030740261078,2.4671072959899902
1749220372246007800,17.6180078125,-0.2836383581161499,-0.4104098975658417,2.553154230117798
1749220372255999000,17.6279990234375,-0.24851979315280914,-0.6089605689048767,2.625131845474243
1749220372265990000,17.637989990234374,-0.20581388473510742,-0.8759245872497559,2.751481771469116
1749220372275980000,17.64797998046875,-0.0787547305226326,-1.2518342733383179,2.9095458984375
1749220372285971000,17.657970947265625,0.11626056581735611,-1.6825228929519653,2.935991048812866
1749220372295961900,17.6679619140625,0.18135514855384827,-1.9925345182418823,2.8158295154571533
1749220372305952800,17.677952880859376,0.1460147351026535,-2.2244086265563965,2.9052038192749023
1749220372315942700,17.687942626953124,0.02364887110888958,-2.01833438873291,2.902822494506836
1749220372325933800,17.697933837890623,0.325619637966156,-1.1880824565887451,2.839345932006836
1749220372335925800,17.70792578125,0.4018142819404602,-0.46823856234550476,2.6026570796966553
1749220372345917000,17.7179169921875,-0.054726362228393555,-0.00039974047103896737,2.1637122631073
1749220372355907800,17.727907958984375,-0.5343062877655029,0.0796748548746109,1.9453585147857666
1749220372365898000,17.73789794921875,-1.3148252964019775,0.45615261793136597,2.284125804901123
1749220372375889000,17.747888916015626,-1.8324111700057983,-0.012656406499445438,1.947719931602478
1749220372385880000,17.757880126953125,-1.4580711126327515,-0.23426470160484314,0.9120679497718811
1749220372395871000,17.76787109375,-0.8356443047523499,0.5285565257072449,1.181591510772705
1749220372405860900,17.77786083984375,-0.523762583732605,0.9013500809669495,1.599229335784912
1749220372415851800,17.787851806640624,-0.5028902888298035,0.8289738893508911,1.207431674003601
1749220372425843000,17.797843017578124,-0.48877209424972534,0.47665390372276306,0.3575690686702728
1749220372435833900,17.807833740234376,-0.387599378824234,-0.049494583159685135,-0.6367951035499573
1749220372445824000,17.817823974609375,-0.2561691999435425,-0.3844541907310486,-1.5552538633346558
1749220372455815000,17.82781494140625,-0.10751473903656006,-0.5842701196670532,-2.0195536613464355
1749220372465805800,17.837805908203126,0.20190036296844482,-1.0200495719909668,-1.7931143045425415
1749220372475797000,17.847796875,0.5887391567230225,-1.5964971780776978,-1.3126609325408936
1749220372485787000,17.857786865234374,0.8030506372451782,-2.010516405105591,-1.3561679124832153
1749220372495777800,17.86777783203125,0.8761491179466248,-1.9569549560546875,-1.9229063987731934
1749220372505768700,17.877768798828125,0.9732503294944763,-1.4311708211898804,-2.5672340393066406
1749220372515759900,17.887759765625,1.0869824886322021,-0.6371277570724487,-3.0399298667907715
1749220372525750000,17.89775,1.068002462387085,0.1425638049840927,-3.3419389724731445
1749220372535741000,17.907740966796876,0.8961899280548096,0.6823423504829407,-3.519558906555176
1749220372545731800,17.91773193359375,0.6966802477836609,0.9154685139656067,-3.6792006492614746
1749220372555723000,17.927722900390624,0.5875527262687683,0.9338619112968445,-3.9889049530029297
1749220372565714000,17.9377138671875,0.6007832884788513,0.9287915229797363,-4.390004634857178
1749220372575703800,17.947703857421875,0.7467924356460571,0.8770953416824341,-4.751552104949951
1749220372585694700,17.95769482421875,0.9876173138618469,0.5883750915527344,-5.047306060791016
1749220372595686000,17.967685791015626,1.2182492017745972,0.15405242145061493,-5.2794904708862305
1749220372605676800,17.9776767578125,1.382624864578247,-0.318629652261734,-5.506407260894775
1749220372615667000,17.9876669921875,1.5211189985275269,-0.7513043880462646,-5.717840194702148
1749220372625657900,17.997657958984377,1.6352730989456177,-1.039685606956482,-5.906058311462402
1749220372635649000,18.00764892578125,1.7266218662261963,-1.1196043491363525,-6.01913595199585
1749220372645640000,18.017639892578124,1.775495171546936,-0.9620347023010254,-5.92386531829834
1749220372655629800,18.0276298828125,1.7881698608398438,-0.6527314782142639,-5.698343753814697
1749220372665620700,18.037620849609375,1.7784837484359741,-0.2676982879638672,-5.453497886657715
1749220372675612000,18.04761181640625,1.640867829322815,0.19844810664653778,-5.211892604827881
1749220372685602800,18.057602783203127,1.3368860483169556,0.6132418513298035,-4.997653961181641
1749220372695593000,18.067593017578126,0.9254434108734131,0.8674530982971191,-4.81272554397583
1749220372705583900,18.077583984375,0.4723941683769226,1.0337547063827515,-4.5063018798828125
1749220372715575000,18.087574951171874,0.14534254372119904,1.2908440828323364,-3.9247207641601562
1749220372725566000,18.09756591796875,0.08485469967126846,1.246502161026001,-3.4920692443847656
1749220372735555800,18.107555908203125,0.1530231088399887,1.063147783279419,-2.9053845405578613
1749220372745546800,18.117546630859376,0.4976010024547577,0.483905166387558,-1.729243516921997
1749220372755538000,18.127537841796876,0.8836807608604431,-0.7531081438064575,-0.5632503032684326
1749220372765528800,18.13752880859375,1.0376218557357788,-1.6312998533248901,0.28652551770210266
1749220372775519700,18.147519775390624,0.9097749590873718,-1.7102911472320557,0.8334786295890808
1749220372785510000,18.157510009765623,0.5286172032356262,-1.6007333993911743,1.3461922407150269
1749220372795501000,18.1675009765625,0.03454306349158287,-1.2692023515701294,1.8808753490447998
1749220372805492000,18.177491943359374,-0.4131960868835449,-0.24781352281570435,2.2663984298706055
1749220372815483000,18.18748291015625,-0.7140350341796875,1.0159586668014526,2.2994918823242188
1749220372825472800,18.19747265625,-0.6889347434043884,1.1786203384399414,1.3958998918533325
1749220372835464000,18.2074638671875,-0.01865970343351364,1.1533335447311401,2.2002391815185547
1749220372845454800,18.217454833984377,0.9473122358322144,1.9969260692596436,2.56908917427063
1749220372855445800,18.22744580078125,0.020355338230729103,4.73184871673584,2.47336483001709
1749220372865436000,18.237435791015624,-2.6269900798797607,6.908188819885254,2.602055311203003
1749220372875426800,18.2474267578125,-3.8119964599609375,5.714087963104248,2.654717445373535
1749220372885418000,18.25741796875,-2.9844160079956055,3.8390908241271973,3.375847816467285
1749220372895409000,18.267408935546875,-0.979332447052002,2.028935194015503,2.2479727268218994
1749220372905398800,18.277398681640626,0.318744957447052,3.0277700424194336,1.302302598953247
1749220372915389700,18.2873896484375,0.6201881766319275,2.83076548576355,0.9944608211517334
1749220372925380900,18.297380859375,0.8491406440734863,0.9196560978889465,0.9446640014648438
1749220372935371800,18.307371826171874,0.8993273973464966,-0.1983429193496704,1.767460584640503
1749220372945362000,18.31736181640625,0.7041504383087158,-1.0817736387252808,1.9851924180984497
1749220372955352800,18.327352783203125,0.37724822759628296,-1.5528122186660767,1.5716363191604614
1749220372965344000,18.337343994140625,0.22641396522521973,-1.4511791467666626,0.9207900762557983
1749220372975335000,18.3473349609375,0.4202899634838104,-0.9296330809593201,0.7227883338928223
1749220372985324800,18.35732470703125,0.6069168448448181,-0.2852565050125122,1.0758957862854004
1749220372995315700,18.367315673828124,0.5805608630180359,0.31842538714408875,1.2337833642959595
1749220373005307000,18.377306884765623,0.4007444977760315,1.0744192600250244,1.0853513479232788
1749220373015297800,18.3872978515625,0.11150602251291275,1.3588334321975708,0.8459904193878174
1749220373025288700,18.397288818359375,-0.3298892378807068,1.0546163320541382,0.7185272574424744
1749220373035278800,18.40727880859375,-0.6653860211372375,0.6096833348274231,0.8150452375411987
1749220373045270000,18.41727001953125,-0.5783554911613464,0.01793266087770462,0.9179918766021729
1749220373055261000,18.427260986328125,-0.17663708329200745,-0.36026763916015625,0.9335298538208008
1749220373065251800,18.437251953125,0.19912029802799225,-0.23847489058971405,0.8684909343719482
1749220373075241700,18.44724169921875,0.3403930068016052,0.04686471074819565,0.7542623281478882
1749220373085233000,18.45723291015625,0.2751905620098114,0.05332926660776138,0.7908523082733154
1749220373095223800,18.467223876953124,0.0804104208946228,-0.14462988078594208,0.8838951587677002
1749220373105214700,18.477214599609376,-0.05681028589606285,-0.15994039177894592,0.9906724691390991
1749220373115204900,18.487204833984375,-0.006997455842792988,-0.047636762261390686,1.0658808946609497
1749220373125196000,18.497196044921875,0.14299604296684265,-0.04922879859805107,0.9480869174003601
1749220373135187000,18.50718701171875,0.1397501826286316,-0.22867046296596527,0.9874886870384216
1749220373145177900,18.517177734375,0.03694683313369751,-0.3303893506526947,1.0090559720993042
1749220373155167700,18.527167724609374,0.05101737752556801,-0.365998238325119,0.995835542678833
1749220373165159000,18.537158935546874,0.1938653439283371,-0.3713333308696747,0.9621571898460388
1749220373175149800,18.54714990234375,0.2726701498031616,-0.39501282572746277,1.1075724363327026
1749220373185140700,18.557140625,0.14567837119102478,-0.5597155094146729,1.1050342321395874
1749220373195132000,18.5671318359375,0.0418316014111042,-0.68515545129776,1.0488841533660889
1749220373205122000,18.5771220703125,0.13137133419513702,-0.6882348656654358,1.101256012916565
1749220373215113000,18.587113037109376,0.1747339963912964,-0.6081370711326599,1.1494547128677368
1749220373225104000,18.597103759765623,0.14264929294586182,-0.6698287129402161,1.177314281463623
1749220373235094800,18.6070947265625,0.1550644189119339,-0.8244401216506958,1.1827399730682373
1749220373245085000,18.6170849609375,0.16787102818489075,-0.8155560493469238,1.2099553346633911
1749220373255075800,18.627075927734374,0.18292801082134247,-0.8365635871887207,1.3294867277145386
1749220373265066800,18.637066650390626,0.1531946063041687,-0.9021913409233093,1.4408767223358154
1749220373275058000,18.647057861328125,0.052548427134752274,-0.9088330268859863,1.5669525861740112
1749220373285047800,18.6570478515625,-0.08349009603261948,-0.8602582812309265,1.6651638746261597
1749220373295039000,18.6670390625,-0.15476161241531372,-0.7031629681587219,1.772976279258728
1749220373305030000,18.67702978515625,-0.1905995011329651,-0.47135287523269653,1.988817572593689
1749220373315020800,18.687020751953124,-0.22993093729019165,-0.3632085621356964,2.1772053241729736
1749220373325010700,18.6970107421875,-0.22513698041439056,-0.37408119440078735,2.3715665340423584
1749220373335000800,18.707000732421875,-0.19235560297966003,-0.414603590965271,2.6156363487243652
1749220373344991700,18.71699169921875,-0.17637556791305542,-0.4727252125740051,2.782179832458496
1749220373354983000,18.72698291015625,-0.15755313634872437,-0.6259110569953918,2.940624713897705
1749220373364972800,18.736972900390626,-0.1195458397269249,-0.9242092967033386,3.0689077377319336
1749220373374963700,18.746963623046874,-0.052386242896318436,-1.2674611806869507,3.016493320465088
1749220373384954600,18.75695458984375,0.09284657984972,-1.5148537158966064,2.9344451427459717
1749220373394945800,18.76694580078125,0.37170058488845825,-1.7010324001312256,2.7618567943573
1749220373404936700,18.776936767578125,0.5721298456192017,-1.5731433629989624,2.5841727256774902
1749220373414926800,18.7869267578125,0.49437350034713745,-1.653588891029358,2.7154386043548584
1749220373424917800,18.796917724609376,0.4390210509300232,-1.6157288551330566,2.7234838008880615
1749220373434909000,18.806908935546875,0.4334811270236969,-1.1317299604415894,2.480025053024292
1749220373444899800,18.81689990234375,0.02052498236298561,-0.5842517614364624,2.163306474685669
1749220373454889700,18.8268896484375,-0.40958458185195923,-0.6487212777137756,2.0064942836761475
1749220373464880600,18.836880615234374,-0.7416211366653442,-0.6536822319030762,2.116609811782837
1749220373474871800,18.846871826171874,-1.0551824569702148,-0.6920671463012695,2.12637996673584
1749220373484862700,18.85686279296875,-0.983516275882721,-0.804629385471344,1.3746267557144165
1749220373494852900,18.866852783203125,-0.6238158941268921,-0.3980376422405243,0.6051051020622253
1749220373504843800,18.87684375,-0.26280179619789124,0.11818602681159973,0.6411117911338806
1749220373514834700,18.886834716796876,0.06379921734333038,-0.07610461860895157,0.735742449760437
1749220373524825900,18.896825927734376,0.24217401444911957,-0.5153669118881226,0.4141013026237488
1749220373534816800,18.906816650390624,0.3340360224246979,-0.9809324741363525,-0.011355185881257057
1749220373544806700,18.916806640625,0.47546160221099854,-1.3876707553863525,-0.49948039650917053
1749220373554797600,18.926797607421875,0.6587600708007812,-1.5461971759796143,-0.9957367777824402
1749220373564788700,18.936788818359375,0.8383939862251282,-1.4975208044052124,-1.3111146688461304
1749220373574779600,18.946779541015626,1.0037165880203247,-1.3995147943496704,-1.3025270700454712
1749220373584769800,18.956769775390626,1.1058158874511719,-1.2335208654403687,-1.1820698976516724
1749220373594760700,18.9667607421875,1.1030930280685425,-0.9113044142723083,-1.325619101524353
1749220373604752000,18.976751953125,0.9894125461578369,-0.2737090289592743,-1.6615962982177734
1749220373614742800,18.98674267578125,0.8318521976470947,0.44860202074050903,-2.0386316776275635
1749220373624732700,18.996732666015625,0.6893648505210876,0.9298895597457886,-2.5020029544830322
1749220373634723600,19.0067236328125,0.5903609991073608,1.122768521308899,-2.91676664352417
1749220373644714800,19.01671484375,0.5389242172241211,1.0772377252578735,-3.136005401611328
1749220373654705700,19.02670556640625,0.5817030668258667,0.8006346225738525,-3.3213443756103516
1749220373664695800,19.03669580078125,0.7337781190872192,0.3760753571987152,-3.592669725418091
1749220373674686700,19.046686767578127,0.9510625004768372,-0.051302600651979446,-3.8834962844848633
1749220373684678000,19.056677978515626,1.1342986822128296,-0.45341649651527405,-4.199563026428223
1749220373694668800,19.066668701171874,1.2580403089523315,-0.8330621123313904,-4.502133369445801
1749220373704658700,19.07665869140625,1.332222580909729,-1.1809513568878174,-4.7473931312561035
1749220373714649600,19.086649658203125,1.3749266862869263,-1.398645043373108,-4.916660785675049
1749220373724640800,19.096640869140625,1.3884544372558594,-1.4067800045013428,-4.9803900718688965
1749220373734631700,19.106631591796877,1.4011849164962769,-1.2760429382324219,-5.003881454467773
1749220373744622600,19.11662255859375,1.4317278861999512,-1.0732533931732178,-5.0878143310546875
1749220373754612700,19.12661279296875,1.471866250038147,-0.7874770164489746,-5.202850341796875
1749220373764604000,19.13660400390625,1.4847543239593506,-0.43420764803886414,-5.22859001159668
1749220373774594800,19.1465947265625,1.4580827951431274,-0.07327447831630707,-5.123630046844482
1749220373784585700,19.156585693359375,1.3787930011749268,0.30369624495506287,-4.910145282745361
1749220373794575600,19.16657568359375,1.2019370794296265,0.6826278567314148,-4.607115268707275
1749220373804566800,19.17656689453125,0.9411610960960388,0.8672996759414673,-4.43688440322876
1749220373814557700,19.1865576171875,0.6519932150840759,0.8579384088516235,-4.3159685134887695
1749220373824548600,19.196548583984374,0.407507061958313,0.6972741484642029,-4.064887523651123
1749220373834538800,19.206538818359373,0.3195447027683258,0.6056166887283325,-3.571561574935913
1749220373844530000,19.216530029296877,0.44272148609161377,0.4852724075317383,-3.081005334854126
1749220373854520800,19.226520751953124,0.5568187832832336,0.30224961042404175,-2.6446173191070557
1749220373864511700,19.23651171875,0.7582541704177856,-0.03586878627538681,-1.849108338356018
1749220373874502700,19.246502685546876,1.018240213394165,-0.7846764326095581,-0.9440352320671082
1749220373884492800,19.256492919921875,1.0619103908538818,-1.3279906511306763,-0.03965260460972786
1749220373894483700,19.266483642578127,0.7901542782783508,-1.2957730293273926,0.6359335780143738
1749220373904474600,19.276474609375,0.24229653179645538,-1.0186690092086792,1.123304843902588
1749220373914465800,19.2864658203125,-0.3845665752887726,-0.972078800201416,1.2138339281082153
1749220373924455700,19.29645556640625,-0.47222480177879333,-0.9397504329681396,2.1573073863983154
1749220373934446800,19.30644677734375,0.2542128264904022,-0.8760023713111877,2.0726442337036133
1749220373944437800,19.316437744140625,0.5388498902320862,0.9964480996131897,2.0743722915649414
1749220373954428700,19.3264287109375,-0.12198369950056076,2.5165839195251465,1.0512149333953857
1749220373964418600,19.33641845703125,-2.218845844268799,4.400905132293701,1.836483359336853
1749220373974409700,19.34640966796875,-3.1583309173583984,3.790706157684326,2.7774174213409424
1749220373984400600,19.356400634765624,-2.1547698974609375,2.0169177055358887,2.6167805194854736
1749220373994391600,19.3663916015625,-0.8340437412261963,1.311439037322998,2.3062732219696045
1749220374004381700,19.376381591796875,0.5025272965431213,1.085120439529419,0.9460267424583435
1749220374014372900,19.386372802734375,1.257278561592102,1.1920231580734253,0.7196617722511292
1749220374024363800,19.39636376953125,1.312192678451538,0.6400963664054871,1.2987807989120483
1749220374034354700,19.406354736328126,0.9953266382217407,-0.10295248031616211,1.6795417070388794
1749220374044344600,19.416344482421874,0.5559111833572388,-0.39079171419143677,1.5871896743774414
1749220374054335700,19.426335693359373,0.09443648904561996,-0.4146520495414734,1.270259141921997
1749220374064326700,19.43632666015625,-0.49166905879974365,-0.32829293608665466,0.8622751235961914
1749220374074317600,19.446317626953125,-0.9192954897880554,0.28393691778182983,0.8429061770439148
1749220374084308700,19.456308837890624,-0.7776563763618469,1.024657130241394,1.1599230766296387
1749220374094299000,19.466298828125,-0.4616512358188629,1.738018274307251,1.3003584146499634
1749220374104289800,19.476289794921875,-0.39315155148506165,2.17948317527771,1.1195402145385742
1749220374114280700,19.48628076171875,-0.498253732919693,2.0683810710906982,0.9438700675964355
1749220374124271900,19.49627197265625,-0.5492463707923889,1.3698067665100098,0.9309718608856201
1749220374134261800,19.50626171875,-0.3243511915206909,0.43484973907470703,1.1369705200195312
1749220374144252700,19.516252685546874,0.015320632606744766,-0.4698660373687744,1.2445108890533447
1749220374154243600,19.52624365234375,0.18970336019992828,-0.8421746492385864,1.1356240510940552
1749220374164234800,19.53623486328125,0.2235577255487442,-0.6236371994018555,1.0117337703704834
1749220374174225000,19.546224853515625,0.19968461990356445,-0.24212048947811127,1.0534826517105103
1749220374184215800,19.5562158203125,0.007418768014758825,0.14466610550880432,1.008251428604126
1749220374194206700,19.566206787109376,-0.2916049659252167,0.4789298474788666,0.9161268472671509
1749220374204197600,19.57619775390625,-0.4714018702507019,0.6135789752006531,0.8921840190887451
1749220374214188800,19.586188720703124,-0.5286824703216553,0.6194411516189575,0.8237953186035156
1749220374224178700,19.5961787109375,-0.45175015926361084,0.531697690486908,0.7426043748855591
1749220374234169600,19.606169677734375,-0.19375109672546387,0.2940579950809479,0.6377913951873779
1749220374244160800,19.616160888671875,0.07219803333282471,0.07928816229104996,0.5971131920814514
1749220374254152000,19.62615185546875,0.12900511920452118,-0.12391821295022964,0.6974267363548279
1749220374264141800,19.636141845703126,0.033552899956703186,-0.2656868100166321,0.759060263633728
1749220374274132700,19.6461328125,-0.006933007389307022,-0.29706868529319763,0.7734522819519043
1749220374284123600,19.65612353515625,0.04198579862713814,-0.22373349964618683,0.8052783608436584
1749220374294114800,19.66611474609375,0.07693739235401154,-0.3152831196784973,0.8182922005653381
1749220374304104700,19.676104736328124,0.07604283839464188,-0.45588284730911255,0.7075198888778687
1749220374314095600,19.686095703125,0.17008571326732635,-0.5349739193916321,0.7190726399421692
1749220374324086800,19.696086669921876,0.17740380764007568,-0.6156432032585144,0.7858173251152039
1749220374334081500,19.70608154296875,0.1241174191236496,-0.6060704588890076,0.8074555397033691
1749220374344071700,19.71607177734375,0.15064729750156403,-0.6173406839370728,0.7979254126548767
1749220374354062600,19.7260625,0.1375565230846405,-0.6648584008216858,0.7952888607978821
1749220374364053800,19.7360537109375,0.07488781958818436,-0.6886758804321289,0.8082345128059387
1749220374374044700,19.746044677734375,0.07100360095500946,-0.7425473928451538,0.8877397179603577
1749220374384035600,19.75603564453125,0.1043383926153183,-0.7627314329147339,0.9830654263496399
1749220374394025500,19.766025390625,0.11508717387914658,-0.6913438439369202,1.0510207414627075
1749220374404016600,19.7760166015625,0.08280087262392044,-0.6256029009819031,1.1225244998931885
1749220374414007600,19.786007568359373,-0.028324315324425697,-0.5964441895484924,1.2063754796981812
1749220374423998700,19.795998779296873,-0.1688033938407898,-0.5635648369789124,1.2670073509216309
1749220374433988600,19.805988525390624,-0.2539944648742676,-0.4331487715244293,1.337197184562683
1749220374443979800,19.815979736328124,-0.31433796882629395,-0.19888406991958618,1.4422639608383179
1749220374453970700,19.825970703125,-0.37912440299987793,-0.012599947862327099,1.5171160697937012
1749220374463961600,19.835961669921875,-0.41368719935417175,0.06192275509238243,1.5889441967010498
1749220374473951500,19.845951416015627,-0.38555434346199036,0.07990042120218277,1.705267310142517
1749220374483942700,19.855942626953127,-0.34866371750831604,0.0955028235912323,1.8070719242095947
1749220374493933600,19.86593359375,-0.30904918909072876,0.028486503288149834,1.869137167930603
1749220374503924700,19.8759248046875,-0.2670271694660187,-0.1589459776878357,1.9075511693954468
1749220374513914600,19.88591455078125,-0.22347863018512726,-0.44236597418785095,1.9728864431381226
1749220374523905500,19.895905517578125,-0.17622776329517365,-0.7412804961204529,2.062030553817749
1749220374533896700,19.905896728515625,-0.10269814729690552,-1.0401910543441772,2.1231706142425537
1749220374543887600,19.9158876953125,0.04694726690649986,-1.3327347040176392,2.0755932331085205
1749220374553878500,19.92587841796875,0.1558404564857483,-1.47761070728302,2.0515658855438232
1749220374563868400,19.935868408203124,0.0973273515701294,-1.5553534030914307,1.9851908683776855
1749220374573859600,19.945859619140624,0.051356930285692215,-1.8558192253112793,1.8228485584259033
1749220374583850500,19.9558505859375,0.18676695227622986,-2.2544233798980713,1.6984871625900269
1749220374593841700,19.965841552734375,0.48654088377952576,-2.3644068241119385,1.8117878437042236
1749220374603831600,19.97583154296875,0.9658758044242859,-2.152008056640625,2.3004488945007324
1749220374613822700,19.98582275390625,0.9796989560127258,-1.8864933252334595,2.162337303161621
1749220374623813600,19.995813720703126,0.2895716428756714,-1.411130428314209,1.4911829233169556
1749220374633804500,20.005804443359374,-0.10819065570831299,-1.5662974119186401,1.0764139890670776
1749220374643794400,20.01579443359375,-0.13753736019134521,-2.0036911964416504,0.7516859769821167
1749220374653785600,20.02578564453125,-0.1886037290096283,-1.9172437191009521,0.5816996097564697
1749220374663776500,20.035776611328124,-0.19352233409881592,-1.59893798828125,0.6936807632446289
1749220374673767700,20.045767578125,0.02081766352057457,-1.5668889284133911,0.8844794631004333
1749220374683757600,20.055757568359375,0.09483543038368225,-1.3954561948776245,0.9291084408760071
1749220374693748700,20.065748779296875,-0.09608978033065796,-1.2109614610671997,0.6019572019577026
1749220374703739600,20.07573974609375,-0.22668613493442535,-1.3276454210281372,0.4288698732852936
1749220374713730600,20.08573046875,0.035228561609983444,-1.7078516483306885,0.10677891224622726
1749220374723720400,20.095720458984374,0.5892313122749329,-1.8681377172470093,-0.5118728876113892
1749220374733711600,20.105711669921874,1.1133477687835693,-1.7104722261428833,-1.0419881343841553
1749220374743702500,20.11570263671875,1.4010813236236572,-1.5592025518417358,-1.2050918340682983
1749220374753693700,20.125693603515625,1.4280849695205688,-1.47087824344635,-1.0761994123458862
1749220374763684900,20.135684814453125,1.2176742553710938,-1.2148739099502563,-0.987310528755188
1749220374773674800,20.1456748046875,0.9347820281982422,-0.6514848470687866,-1.0871987342834473
1749220374783665700,20.155665771484376,0.7694700360298157,0.2716978192329407,-1.320247769355774
1749220374793656600,20.165656494140624,0.7253952622413635,1.4601962566375732,-1.5836164951324463
1749220374803647500,20.1756474609375,0.6613672971725464,2.492844820022583,-1.8963643312454224
1749220374813637600,20.1856376953125,0.5485256910324097,3.0471274852752686,-2.2336690425872803
1749220374823628500,20.195628662109375,0.44245171546936035,3.1831352710723877,-2.4923341274261475
1749220374833619700,20.20561962890625,0.37603726983070374,3.0561330318450928,-2.6476216316223145
1749220374843610600,20.215610595703126,0.4077443480491638,2.729081392288208,-2.833388566970825
1749220374853600800,20.225600830078125,0.5715159773826599,2.243016004562378,-3.163862705230713
1749220374863591700,20.235591796875,0.7948598265647888,1.6807129383087158,-3.5030133724212646
1749220374873582600,20.24558251953125,0.9758120179176331,1.0442795753479004,-3.6927080154418945
1749220374883573500,20.255573486328124,1.0452947616577148,0.35293781757354736,-3.7168333530426025
1749220374893563600,20.265563720703124,1.0248786211013794,-0.31939104199409485,-3.6868503093719482
1749220374903554600,20.275554443359376,0.9818518161773682,-0.9492067694664001,-3.718708038330078
1749220374913545700,20.285545654296875,0.9672946929931641,-1.4695895910263062,-3.793494939804077
1749220374923536600,20.29553662109375,0.9792554974555969,-1.8530272245407104,-3.8515613079071045
1749220374933527800,20.30552783203125,1.0229535102844238,-2.05755615234375,-3.8299553394317627
1749220374943517700,20.315517578125,1.1131435632705688,-2.0236003398895264,-3.7337307929992676
1749220374953508600,20.325508544921874,1.2262299060821533,-1.7681299448013306,-3.612964630126953
1749220374963499500,20.33549951171875,1.2885252237319946,-1.3979864120483398,-3.484501600265503
1749220374973490700,20.34549072265625,1.2119899988174438,-1.026938557624817,-3.2855329513549805
1749220374983480600,20.35548046875,1.0392024517059326,-0.8304135799407959,-3.0778582096099854
1749220374993471700,20.3654716796875,0.917383074760437,-0.8658759593963623,-2.89410400390625
1749220375003462700,20.375462646484376,0.9023500680923462,-1.0572826862335205,-2.6636643409729004
1749220375013453800,20.385453857421876,0.9743126630783081,-1.381376028060913,-2.433580160140991
1749220375023443700,20.395443603515623,1.085417628288269,-1.774335265159607,-2.2404944896698
1749220375033434600,20.4054345703125,1.1488549709320068,-2.091247797012329,-2.0579135417938232
1749220375043425500,20.415425537109375,1.1344366073608398,-2.276026725769043,-1.8760555982589722
1749220375053416700,20.425416748046874,1.0552562475204468,-2.222073793411255,-1.6136980056762695
1749220375063406600,20.435406494140626,0.9564498066902161,-1.8855944871902466,-1.2558761835098267
1749220375073397800,20.445397705078125,0.8169837594032288,-1.2682218551635742,-0.8350866436958313
1749220375083388700,20.455388671875,0.5824761986732483,-0.4305306077003479,-0.4494161605834961
1749220375093379800,20.4653798828125,0.22345013916492462,0.5168849229812622,-0.16407042741775513
1749220375103369700,20.47536962890625,-0.20401065051555634,1.27938711643219,-0.04327157512307167
1749220375113360600,20.485360595703124,-0.4577963352203369,1.7804107666015625,0.10895897448062897
1749220375123351600,20.4953515625,-0.34126198291778564,2.0393476486206055,0.6660951972007751
1749220375133342700,20.5053427734375,-0.12083720415830612,2.582660436630249,1.979329228401184
1749220375143333600,20.515333740234375,1.026228666305542,2.688117742538452,2.116161346435547
1749220375153323800,20.52532373046875,1.3747104406356812,2.7025606632232666,0.2760656774044037
1749220375163314700,20.535314697265626,-0.3709743320941925,2.0924389362335205,-0.3659236431121826
1749220375173305900,20.545305908203126,-2.392958879470825,0.5644535422325134,1.8672140836715698
1749220375183296800,20.555296875,-2.7720720767974854,-0.9831002950668335,2.4998908042907715
1749220375193286700,20.56528662109375,-1.8510138988494873,-0.9077757596969604,1.610009789466858
1749220375203277600,20.575277587890625,0.01594381220638752,-0.21991372108459473,0.4286847710609436
1749220375213268500,20.5852685546875,1.7670694589614868,0.1825844645500183,0.18988046050071716
1749220375223259600,20.595259765625,2.272862195968628,0.7183163166046143,0.7744094133377075
1749220375233249800,20.605249755859376,1.8336743116378784,0.8759075403213501,1.2939889430999756
1749220375243240700,20.61524072265625,0.9667093753814697,0.3961675763130188,1.1881914138793945
1749220375253231600,20.625231689453123,-0.1708577573299408,-0.20720404386520386,0.6309044361114502
1749220375263222800,20.635222900390627,-1.0701888799667358,-0.9855403304100037,0.10199800133705139
1749220375273212700,20.645212646484374,-1.2072980403900146,-1.4355226755142212,0.06801047921180725
1749220375283203600,20.65520361328125,-0.6690416932106018,-1.1920356750488281,0.29397836327552795
1749220375293194500,20.665194580078126,0.18148989975452423,-0.3682326078414917,0.2977541983127594
1749220375303185700,20.675185546875,0.6592602133750916,0.2575916051864624,0.03081090934574604
1749220375313175600,20.685175537109377,0.5165835022926331,0.22907978296279907,-0.2092546820640564
1749220375323166700,20.695166748046876,0.137051060795784,-0.22970004379749298,-0.18043795228004456
1749220375333155000,20.705155029296876,-0.09285403788089752,-0.6073469519615173,0.03880012780427933
1749220375343146000,20.71514599609375,-0.12906476855278015,-0.6197990775108337,0.11479555815458298
1749220375353137000,20.725136962890623,-0.10124991834163666,-0.42558565735816956,-0.013715545646846294
1749220375363127000,20.735126953125,-0.07051996886730194,-0.2535358667373657,-0.08337771147489548
1749220375373118200,20.7451181640625,-0.09570761770009995,-0.1935497522354126,-0.02713521383702755
1749220375383109000,20.755109130859374,-0.17519338428974152,-0.10961783677339554,0.06753430515527725
1749220375393100000,20.76510009765625,-0.22908538579940796,0.006237655878067017,0.11648613214492798
1749220375403090000,20.77508984375,-0.23194801807403564,0.13959863781929016,0.11048682779073715
1749220375413080800,20.785080810546877,-0.1985522359609604,0.2430320829153061,0.10081955790519714
1749220375423072000,20.795072021484376,-0.15656989812850952,0.2678689956665039,0.12807168066501617
1749220375433063000,20.80506298828125,-0.1216510683298111,0.23882296681404114,0.17758330702781677
1749220375443053000,20.815052978515624,-0.0887751430273056,0.15658561885356903,0.20670977234840393
1749220375453044000,20.8250439453125,-0.04808070883154869,0.10187949240207672,0.21029677987098694
1749220375463035100,20.83503515625,-0.010544253513216972,0.11887844651937485,0.22141814231872559
1749220375473026000,20.845026123046875,-0.019520170986652374,0.16211487352848053,0.22986382246017456
1749220375483016000,20.855015869140626,-0.0929403230547905,0.20627087354660034,0.2319623976945877
1749220375493006800,20.8650068359375,-0.17440855503082275,0.2073390781879425,0.21131810545921326
1749220375502998000,20.874998046875,-0.2058546245098114,0.1308528184890747,0.201959490776062
1749220375512989000,20.884989013671873,-0.170676127076149,0.012108327820897102,0.1848180592060089
1749220375522980000,20.89497998046875,-0.1053788885474205,-0.11632394790649414,0.16914641857147217
1749220375532970000,20.904969970703124,-0.042863309383392334,-0.2003333568572998,0.15170004963874817
1749220375542961200,20.914961181640624,-0.030590400099754333,-0.26656776666641235,0.1019442081451416
1749220375552952000,20.9249521484375,-0.06154538691043854,-0.3005529046058655,0.05506405234336853
1749220375562943000,20.93494287109375,-0.09557472914457321,-0.26674407720565796,0.04253973811864853
1749220375572932900,20.944932861328127,-0.12177703529596329,-0.22932559251785278,0.022215289995074272
1749220375582924000,20.954924072265626,-0.1495564728975296,-0.1924448162317276,-0.01798592507839203
1749220375592915000,20.9649150390625,-0.17085616290569305,-0.17655345797538757,-0.030837008729577065
1749220375602906000,20.974906005859374,-0.1871059685945511,-0.1637718826532364,-0.02743668481707573
1749220375612896000,20.98489599609375,-0.202930748462677,-0.17728929221630096,-0.040407609194517136
1749220375622887200,20.99488720703125,-0.22653967142105103,-0.2139596939086914,-0.044320061802864075
1749220375632878000,21.004878173828125,-0.22073690593242645,-0.2968708276748657,-0.061826616525650024
1749220375642869000,21.014868896484376,-0.18159402906894684,-0.36297446489334106,-0.0633331686258316
1749220375652859000,21.02485888671875,-0.135087251663208,-0.3664315342903137,-0.049008555710315704
1749220375662850000,21.03485009765625,-0.1376180499792099,-0.4350116550922394,-0.05944442003965378
1749220375672841000,21.044841064453124,-0.16019207239151,-0.5826666355133057,-0.0821332186460495
1749220375682832100,21.05483203125,-0.11763875186443329,-0.6725067496299744,-0.12245374172925949
1749220375692822000,21.064822021484375,-0.043603137135505676,-0.6923662424087524,-0.16468802094459534
1749220375702813200,21.074813232421874,-0.028300613164901733,-0.7246514558792114,-0.17606690526008606
1749220375712804000,21.08480419921875,-0.08283762633800507,-0.7347978353500366,-0.23397840559482574
1749220375722795000,21.094794921875,-0.1579558104276657,-0.7599218487739563,-0.28097549080848694
1749220375732786000,21.104785888671874,-0.18651342391967773,-0.7918072938919067,-0.29014021158218384
1749220375742776000,21.114776123046877,-0.1561238169670105,-0.7780067920684814,-0.25933143496513367
1749220375752767000,21.12476708984375,-0.13489682972431183,-0.7677376866340637,-0.251872181892395
1749220375762758100,21.134758056640624,-0.12257331609725952,-0.7423702478408813,-0.25666266679763794
1749220375772749000,21.1447490234375,-0.10241904854774475,-0.6887006163597107,-0.2588403522968292
1749220375782739200,21.1547392578125,-0.08604593575000763,-0.6859602332115173,-0.25241175293922424
1749220375792730000,21.164730224609375,-0.0495811365544796,-0.7696362137794495,-0.22510023415088654
1749220375802721000,21.174720947265627,0.011531220749020576,-0.7965927720069885,-0.19712026417255402
1749220375812712000,21.1847119140625,-0.005809952039271593,-0.7659251093864441,-0.24856267869472504
1749220375822701800,21.194701904296874,-0.07307208329439163,-0.7868828773498535,-0.2928718030452728
1749220375832693000,21.20469287109375,-0.12262658029794693,-0.7599873542785645,-0.28023165464401245
1749220375842684000,21.214683837890625,-0.14614363014698029,-0.6717485785484314,-0.2770771384239197
1749220375852675000,21.224675048828125,-0.14914794266223907,-0.5085974335670471,-0.24133698642253876
1749220375862665000,21.2346650390625,-0.17493852972984314,-0.4112868905067444,-0.18118762969970703
1749220375872656100,21.24465625,-0.23148515820503235,-0.4212300479412079,-0.17536143958568573
1749220375882647000,21.25464697265625,-0.24421826004981995,-0.4839589595794678,-0.16741269826889038
1749220375892638000,21.264637939453124,-0.18675470352172852,-0.5938100814819336,-0.17781473696231842
1749220375902627800,21.2746279296875,-0.0945693850517273,-0.6376683712005615,-0.2023368626832962
1749220375912619000,21.284618896484375,-0.005911418702453375,-0.6500248908996582,-0.20674411952495575
1749220375922610000,21.29460986328125,0.033836524933576584,-0.6251893043518066,-0.21510671079158783
1749220375932601000,21.30460107421875,0.028868932276964188,-0.49431732296943665,-0.1844305694103241
1749220375942592300,21.31459228515625,-0.05458947643637657,-0.34601572155952454,-0.1626134067773819
1749220375952582100,21.32458203125,-0.19006608426570892,-0.22244878113269806,-0.18906019628047943
1749220375962573000,21.334572998046873,-0.2585125267505646,-0.11969257891178131,-0.18444441258907318
1749220375972564000,21.34456396484375,-0.2633855640888214,-0.06255605816841125,-0.14687466621398926
1749220375982555100,21.35455517578125,-0.2446931004524231,-0.03483361378312111,-0.13907693326473236
1749220375992545000,21.364544921875,-0.22832158207893372,-0.07123024016618729,-0.12074080109596252
1749220376002536000,21.374535888671875,-0.2379601001739502,-0.1671149581670761,-0.10967589914798737
1749220376012527000,21.384527099609375,-0.2550179064273834,-0.2737729549407959,-0.1224694550037384
1749220376022518300,21.394518310546875,-0.24770833551883698,-0.3229921758174896,-0.10108267515897751
1749220376032508200,21.404508056640626,-0.26364603638648987,-0.3613411486148834,-0.0751328319311142
1749220376042499000,21.4144990234375,-0.28675028681755066,-0.3793204128742218,-0.08428452163934708
1749220376052490000,21.424489990234374,-0.2941780984401703,-0.36389780044555664,-0.08323176950216293
1749220376062481200,21.434481201171874,-0.3110036849975586,-0.3391072154045105,-0.08372525870800018
1749220376072471000,21.444470947265625,-0.3550662100315094,-0.3271038234233856,-0.10553175210952759
1749220376082462000,21.4544619140625,-0.3692001402378082,-0.3742534816265106,-0.1423531472682953
1749220376092453000,21.464453125,-0.350315660238266,-0.43067148327827454,-0.19122561812400818
1749220376102444000,21.474444091796876,-0.32420283555984497,-0.45744532346725464,-0.23456430435180664
1749220376112434200,21.48443408203125,-0.32373014092445374,-0.5085601806640625,-0.26899629831314087
1749220376122425000,21.494425048828123,-0.34674036502838135,-0.6019108891487122,-0.29406437277793884
1749220376132416000,21.504416015625,-0.3485707640647888,-0.6738660335540771,-0.2906227707862854
1749220376142407000,21.514406982421875,-0.340674489736557,-0.6998920440673828,-0.2615376114845276
1749220376152397000,21.52439697265625,-0.32450777292251587,-0.6511532664299011,-0.22361604869365692
1749220376162388000,21.534387939453126,-0.29868894815444946,-0.5397803783416748,-0.15844689309597015
1749220376172379100,21.544379150390625,-0.3391985595226288,-0.38164961338043213,-0.18197938799858093
1749220376182370000,21.5543701171875,-0.41458040475845337,-0.20162473618984222,-0.17622749507427216
1749220376192360200,21.564360107421876,-0.4535110294818878,-0.13990117609500885,-0.13326936960220337
1749220376202351000,21.57435107421875,-0.46592268347740173,-0.1686667799949646,-0.1399294137954712
1749220376212342000,21.584342041015624,-0.4322105348110199,-0.23458640277385712,-0.17360161244869232
1749220376222333000,21.5943330078125,-0.3608359396457672,-0.34639763832092285,-0.19004051387310028
1749220376232324000,21.604323974609375,-0.2947312295436859,-0.47813037037849426,-0.18020012974739075
1749220376242314000,21.61431396484375,-0.260204941034317,-0.5968647003173828,-0.1871080994606018
1749220376252305200,21.62430517578125,-0.26619359850883484,-0.6503748297691345,-0.20529909431934357
1749220376262296000,21.634296142578126,-0.27234604954719543,-0.6613867282867432,-0.22466640174388885
1749220376272287200,21.644287353515626,-0.2805600166320801,-0.6296631693840027,-0.20803655683994293
1749220376282277000,21.654277099609374,-0.2830815017223358,-0.5768859386444092,-0.1854976862668991
1749220376292268000,21.66426806640625,-0.2786619961261749,-0.5007762908935547,-0.19542010128498077
1749220376302259000,21.674259033203125,-0.27207785844802856,-0.3834001123905182,-0.1968025416135788
1749220376312250000,21.68425,-0.2667294442653656,-0.3020123243331909,-0.16850672662258148
1749220376322240000,21.694239990234376,-0.26634541153907776,-0.28275686502456665,-0.10774829983711243
1749220376332230700,21.704230712890624,-0.1888607293367386,-0.38790592551231384,0.013612481765449047
1749220376342221800,21.714221923828124,-0.02485181950032711,-0.7374364733695984,0.17969545722007751
1749220376352212700,21.724212646484375,0.04688867926597595,-1.328405737876892,0.25565892457962036
1749220376362202600,21.73420263671875,0.06197255849838257,-2.0494396686553955,0.20113523304462433
1749220376372193500,21.744193603515626,0.0898156389594078,-2.6580967903137207,0.18805405497550964
1749220376382184700,21.754184814453126,0.23486150801181793,-3.154895067214966,0.2753809690475464
1749220376392175600,21.764175537109374,0.3182818293571472,-3.5127716064453125,0.34642720222473145
1749220376402165800,21.774165771484373,0.3251807689666748,-3.7860710620880127,0.33712369203567505
1749220376412156700,21.78415673828125,0.4198713004589081,-3.913161516189575,0.23488788306713104
1749220376422147800,21.79414794921875,0.521979808807373,-3.7358791828155518,0.22528985142707825
1749220376432138800,21.804138671875,0.5619269609451294,-3.2977657318115234,0.2814444601535797
1749220376442129700,21.814129638671876,0.5170809626579285,-2.629748821258545,0.3057684302330017
1749220376452119600,21.82411962890625,0.38888490200042725,-1.8014404773712158,0.2647586762905121
1749220376462110500,21.8341103515625,0.16227811574935913,-0.8755123615264893,0.19553488492965698
1749220376472101600,21.8441015625,-0.07987059652805328,-0.049788329750299454,0.16626034677028656
1749220376482092500,21.854092529296874,-0.2595658004283905,0.5441229343414307,0.11855541169643402
1749220376492082700,21.864082763671874,-0.36200615763664246,0.9238556623458862,0.06437712162733078
1749220376502073600,21.874073486328125,-0.37056368589401245,1.0246813297271729,-0.03575959429144859
1749220376512064800,21.884064697265625,-0.3204089105129242,0.8583285808563232,-0.1512337327003479
1749220376522055700,21.8940556640625,-0.23029738664627075,0.49082857370376587,-0.14392468333244324
1749220376532045600,21.904045654296876,-0.06544718146324158,-0.05044399946928024,-0.05758446827530861
1749220376542036500,21.914036376953124,0.1008501797914505,-0.5874539017677307,-0.05332127958536148
1749220376552027600,21.924027587890624,0.21605613827705383,-0.9769476056098938,-0.10214527696371078
1749220376562018600,21.9340185546875,0.27474793791770935,-1.1740777492523193,-0.1378585398197174
1749220376572008700,21.9440087890625,0.27844947576522827,-1.1881709098815918,-0.1520174890756607
1749220376581999600,21.95399951171875,0.21106722950935364,-0.9920805096626282,-0.17835509777069092
1749220376591990800,21.96399072265625,0.10618076473474503,-0.5890281200408936,-0.18499168753623962
1749220376601981700,21.973981689453126,0.05145600065588951,-0.1128527820110321,-0.1894064098596573
1749220376611971600,21.9839716796875,-0.022410234436392784,0.36738651990890503,-0.21093247830867767
1749220376621962500,21.99396240234375,-0.152873694896698,0.7411460280418396,-0.22618067264556885
1749220376631953700,22.00395361328125,-0.24748969078063965,0.894517183303833,-0.2281748503446579
1749220376641944600,22.013944580078125,-0.242609441280365,0.9067666530609131,-0.24588432908058167
1749220376651934700,22.023934814453124,-0.20361463725566864,0.8446865081787109,-0.3038957118988037
1749220376661925600,22.033925537109376,-0.23094266653060913,0.7854530215263367,-0.3002953827381134
1749220376671916800,22.043916748046875,-0.1952509880065918,0.5705196857452393,-0.2548016607761383
1749220376681907700,22.05390771484375,-0.11707575619220734,0.3342142105102539,-0.24714428186416626
1749220376691897600,22.063897705078126,0.01471769344061613,0.138490229845047,-0.22486214339733124
1749220376701888500,22.073888427734374,0.05082935839891434,-0.03272705525159836,-0.1790752112865448
1749220376711879700,22.083879638671874,0.04517040774226189,-0.2238602638244629,-0.17580938339233398
1749220376721870600,22.09387060546875,0.041904572397470474,-0.34237971901893616,-0.16322781145572662
1749220376731860700,22.10386083984375,0.08702251315116882,-0.3368174433708191,-0.12604129314422607
1749220376741851600,22.1138515625,0.09844747930765152,-0.23683971166610718,-0.08301286399364471
1749220376751842800,22.1238427734375,0.04205450788140297,-0.11910109221935272,-0.04887593165040016
1749220376761833700,22.133833740234376,-0.03706267848610878,-0.0017771273851394653,0.001136370818130672
1749220376771824600,22.14382470703125,-0.09260157495737076,0.16443021595478058,0.038228344172239304
1749220376781814500,22.153814453125,-0.10106589645147324,0.35101526975631714,0.032287098467350006
1749220376791805700,22.1638056640625,-0.08316199481487274,0.4499908685684204,-0.0027627632953226566
1749220376801796600,22.173796630859375,-0.07801251113414764,0.3895043432712555,-0.01672838069498539
1749220376811787500,22.18378759765625,-0.08395642042160034,0.2513379454612732,-0.003614708548411727
1749220376821777700,22.193777587890626,-0.07582578808069229,0.11157260090112686,-0.0033603766933083534
1749220376831768600,22.2037685546875,-0.04487772658467293,0.016764599829912186,-0.02117479406297207
1749220376841759700,22.213759765625,-0.023785224184393883,-0.059423644095659256,-0.034093257039785385
1749220376851750700,22.223750732421873,-0.02070368081331253,-0.1293630450963974,-0.03334277495741844
1749220376861740500,22.233740478515625,0.046793870627880096,0.12191791832447052,-0.22484749555587769
1749220376871731500,22.2437314453125,0.06980092078447342,-0.2007911652326584,-0.32967403531074524
1749220376881722600,22.25372265625,-0.04626816138625145,-0.25605201721191406,-0.2548421323299408
1749220376891713500,22.263713623046876,-0.09168730676174164,-0.2669067978858948,-0.15414616465568542
1749220376901703700,22.27370361328125,-0.08787871897220612,-0.14033767580986023,-0.16176706552505493
1749220376911694600,22.283694580078127,-0.11749333888292313,0.051173172891139984,-0.21148374676704407
1749220376921685800,22.293685791015626,-0.11294013261795044,0.09288626164197922,-0.16211673617362976
1749220376931676700,22.3036767578125,-0.05533808842301369,0.13786599040031433,-0.04668574780225754
1749220376941666600,22.31366650390625,0.04085901752114296,0.2344050407409668,0.009035040624439716
1749220376951657500,22.323657470703125,0.051650144159793854,0.17655852437019348,0.07268618792295456
1749220376961648600,22.333648681640625,0.004742823541164398,0.07117511332035065,0.10469046235084534
1749220376971639600,22.3436396484375,0.03249748796224594,0.02719966322183609,0.15522980690002441
1749220376981629700,22.353629638671876,0.10228482633829117,0.10168322175741196,0.2235606610774994
1749220376991620600,22.36362060546875,0.14586399495601654,0.11852824687957764,0.28933727741241455
1749220377001611800,22.37361181640625,0.15050029754638672,0.04219831898808479,0.3383181393146515
1749220377011602700,22.383602783203123,0.18493443727493286,-0.015562714077532291,0.3829337954521179
1749220377021593600,22.393593505859375,0.24167920649051666,-0.045107822865247726,0.3685396909713745
1749220377031583500,22.40358349609375,0.29224199056625366,-0.02690538391470909,0.3294585943222046
1749220377041574700,22.41357470703125,0.3352035582065582,0.030519826337695122,0.2667882740497589
1749220377051565600,22.423565673828126,0.38505715131759644,0.0627475380897522,0.17139491438865662
1749220377061556500,22.433556396484374,0.35162994265556335,0.03943289443850517,0.0779387429356575
1749220377071546600,22.443546630859377,0.30159980058670044,0.02646489627659321,-0.014940067194402218
1749220377081537800,22.453537841796877,0.28338855504989624,0.01787114143371582,-0.07899921387434006
1749220377091528700,22.46352880859375,0.22885768115520477,0.08437346667051315,-0.10422547161579132
1749220377101519600,22.47351953125,0.17967335879802704,0.16644836962223053,-0.12333764880895615
1749220377111509500,22.483509521484375,0.14455212652683258,0.14499659836292267,-0.12851056456565857
1749220377121500700,22.493500732421875,0.11332043260335922,0.09033229202032089,-0.11763741821050644
1749220377131491600,22.50349169921875,0.09899742156267166,0.061944328248500824,-0.09649431705474854
1749220377141482500,22.513482421875,0.12680375576019287,0.05991819500923157,-0.07425639033317566
1749220377151472600,22.52347265625,0.11736710369586945,0.03917137160897255,-0.05554155632853508
1749220377161463800,22.5334638671875,0.09637367725372314,0.02155083231627941,-0.047562457621097565
1749220377171454700,22.543454833984374,0.06498805433511734,0.012141884304583073,-0.04548626020550728
1749220377181445600,22.553445556640625,0.05415618047118187,-0.006036587059497833,-0.03140426054596901
1749220377191435500,22.563435546875,0.038736741989851,-0.036868270486593246,0.02148611657321453
1749220377201426700,22.5734267578125,0.009896839037537575,-0.017536649480462074,0.08348637074232101
1749220377211417600,22.58341748046875,-0.016819193959236145,0.004147873260080814,0.13680152595043182
1749220377221408500,22.593408447265624,0.0020072245970368385,0.018698852509260178,0.18950201570987701
1749220377231398700,22.603398681640623,-0.02593652531504631,0.05186346545815468,0.19765901565551758
1749220377241389600,22.6133896484375,0.01726340875029564,0.0743115171790123,0.17110329866409302
1749220377251380700,22.623380615234375,-0.001311873085796833,0.08278729021549225,0.11195795983076096
1749220377261371600,22.63337158203125,-0.007479754276573658,0.04753635823726654,0.012706208042800426
1749220377271361500,22.643361572265626,-0.08656658232212067,0.019400330260396004,-0.05187118798494339
1749220377281352400,22.6533525390625,-0.0344807468354702,-0.04428836703300476,-0.10162489116191864
1749220377291343600,22.663343505859373,-0.10262571275234222,-0.046903058886528015,-0.1461753249168396
1749220377301334500,22.67333447265625,-0.08906542509794235,-0.0831337720155716,-0.1423978954553604
1749220377311324700,22.68332470703125,0.04252562299370766,-0.04524097964167595,-0.19600465893745422
1749220377321315600,22.693315673828124,0.20000605285167694,0.018679412081837654,-0.2215116173028946
1749220377331306800,22.703306640625,0.05137690529227257,0.04174824431538582,-0.29194504022598267
1749220377341297400,22.71329736328125,0.009237440302968025,0.12571744620800018,-0.17055442929267883
1749220377351287600,22.72328759765625,0.15010401606559753,-0.01366361416876316,-0.1893283873796463
1749220377361278500,22.733278564453126,0.15852253139019012,0.03039625473320484,-0.16572877764701843
1749220377371269400,22.743269287109374,0.05716315284371376,-0.020866133272647858,-0.09342528879642487
1749220377381260300,22.75326025390625,0.0015949672088027,-0.09768075495958328,-0.007734884973615408
1749220377391250700,22.763250732421874,-0.024821460247039795,-0.10579273849725723,0.04723808541893959
1749220377401241600,22.77324169921875,-0.022411832585930824,-0.08722997456789017,0.0798940360546112
1749220377411232500,22.783232421875,-0.018846925348043442,-0.062139272689819336,0.09859129041433334
1749220377421223400,22.793223388671876,-0.010832673870027065,-0.049368347972631454,0.11783076077699661
1749220377431214600,22.803214599609376,0.023151924833655357,-0.04539011791348457,0.1333972066640854
1749220377441204500,22.81320458984375,0.06686478108167648,-0.06822219491004944,0.1722969263792038
1749220377451195400,22.8231953125,0.1117052286863327,-0.08290740102529526,0.19177475571632385
1749220377461186300,22.833186279296875,0.17835722863674164,-0.062131281942129135,0.20733428001403809
1749220377471177500,22.843177490234375,0.26839444041252136,-0.03349484130740166,0.20332089066505432
1749220377481167600,22.853167724609374,0.339547723531723,0.049495913088321686,0.18530328571796417
1749220377491158500,22.863158447265626,0.4272008538246155,0.1598123013973236,0.1285364031791687
1749220377501149400,22.8731494140625,0.5882680416107178,-0.045699842274188995,0.02924949862062931
1749220377511140600,22.883140625,0.6250388622283936,0.20584450662136078,0.13544997572898865
1749220377521130500,22.893130615234377,0.2872365713119507,0.1484757512807846,0.07137564569711685
1749220377531121400,22.903121337890624,0.27038276195526123,0.06855376064777374,0.03362241014838219
1749220377541112300,22.9131123046875,0.26768338680267334,0.015900403261184692,0.010095510631799698
1749220377551103500,22.923103515625,0.2823307514190674,-0.02792404219508171,0.11005300283432007
1749220377561093600,22.93309375,0.3739885091781616,0.11370206624269485,0.07898855954408646
1749220377571084500,22.94308447265625,0.4262237548828125,0.04265931248664856,0.10774457454681396
1749220377581075500,22.953075439453126,0.4091566205024719,0.0525209978222847,0.14671380817890167
1749220377591066600,22.963066650390626,0.4111829996109009,-0.013457751832902431,0.17945072054862976
1749220377601056500,22.973056396484374,0.25163063406944275,0.0068022459745407104,0.32745882868766785
1749220377611047400,22.98304736328125,0.1777217984199524,0.01088673621416092,0.3499947488307953
1749220377621038300,22.993038330078125,0.12418533116579056,0.016658872365951538,0.38746702671051025
1749220377631029500,23.003029541015625,0.08071695268154144,-0.07913929224014282,0.4398878812789917
1749220377641019600,23.01301953125,0.08206770569086075,-0.05895652621984482,0.4234450161457062
1749220377651010600,23.023010498046876,0.057076334953308105,0.004436293616890907,0.38395166397094727
1749220377661001500,23.03300146484375,-0.04324787110090256,0.009880327619612217,0.3446069061756134
1749220377670992600,23.04299267578125,-0.1322653591632843,-0.03672552481293678,0.2879878580570221
1749220377680982500,23.052982421875,-0.18240736424922943,-0.10386940836906433,0.2698812782764435
1749220377690973400,23.062973388671875,-0.15924984216690063,-0.2691420018672943,0.17260479927062988
1749220377700964400,23.07296435546875,-0.08975518494844437,-0.17278721928596497,0.087456613779068
1749220377710955500,23.08295556640625,-0.13447418808937073,-0.22641156613826752,0.16769446432590485
1749220377720945700,23.092945556640625,-0.062128085643053055,-0.256244033575058,0.16029486060142517
1749220377730936600,23.1029365234375,-0.005304750520735979,-0.1545509546995163,0.22690345346927643
1749220377740927500,23.112927490234377,-1.1218353509902954,0.1619633436203003,0.8061764240264893
1749220377750918400,23.12291845703125,-2.5749118328094482,0.231120303273201,1.0430749654769897
1749220377760908500,23.132908447265624,-3.3333921432495117,0.0033270870335400105,0.77930748462677
1749220377770899500,23.1428994140625,-3.4578936100006104,-0.2570488452911377,0.7703414559364319
1749220377780890400,23.152890380859375,-3.113769769668579,-0.3607717752456665,0.7289082407951355
1749220377790881300,23.16288134765625,-2.3301680088043213,-0.41524142026901245,0.3269762694835663
1749220377800871700,23.17287158203125,-1.2409765720367432,0.6155100464820862,0.08386853337287903
1749220377810862600,23.182862548828126,0.08337824791669846,1.0293010473251343,-0.05259716510772705
1749220377820853500,23.192853515625,1.1349724531173706,1.037987232208252,0.16379345953464508
1749220377830844400,23.202844482421874,1.7986254692077637,0.8449863791465759,0.5082541704177856
1749220377840834600,23.21283447265625,1.9752225875854492,0.8983766436576843,0.995389997959137
1749220377850825500,23.222825439453125,1.662175178527832,0.7623777985572815,1.4470610618591309
1749220377860816400,23.23281640625,0.8877876400947571,0.5663374662399292,1.303205132484436
1749220377870807300,23.242807373046876,-0.11381924152374268,0.7396386861801147,0.666252076625824
1749220377880798500,23.252798583984376,-1.11246657371521,0.9547978639602661,0.2563380300998688
1749220377890788600,23.26278857421875,-1.9920921325683594,0.8002588748931885,0.2229100465774536
1749220377900779500,23.272779541015623,-2.6158447265625,0.6484155654907227,0.3630426526069641
1749220377910770400,23.2827705078125,-2.9478261470794678,0.5645198225975037,0.4963754117488861
1749220377920761600,23.29276171875,-3.027756929397583,0.3553338646888733,0.6055261492729187
1749220377930751500,23.30275146484375,-2.7807323932647705,-0.1622869074344635,0.8162980079650879
1749220377940742400,23.312742431640626,-2.2678258419036865,-0.6328773498535156,1.0880004167556763
1749220377950733300,23.3227333984375,-1.7015926837921143,-0.6679631471633911,1.1192831993103027
1749220377960724500,23.332724365234377,-1.161248803138733,-0.46289414167404175,1.036120891571045
1749220377970714600,23.342714599609376,-0.7142850756645203,-0.28591325879096985,0.973341703414917
1749220377980705500,23.35270556640625,-0.4414018988609314,-0.20734040439128876,0.8699391484260559
1749220377990696400,23.362696533203124,-0.3452974855899811,-0.2580619156360626,0.6560034155845642
1749220378000687600,23.3726875,-0.3717264235019684,-0.3977729380130768,0.38561907410621643
1749220378010677500,23.382677490234375,-0.44489729404449463,-0.6233706474304199,0.11158538609743118
1749220378020668400,23.39266845703125,-0.5341390371322632,-0.7370676398277283,-0.250755250453949
1749220378030659300,23.402659423828126,-0.6602005362510681,-0.7428888082504272,-0.7182566523551941
1749220378040650500,23.412650390625,-0.8804077506065369,-0.6096614599227905,-1.2563142776489258
1749220378050640600,23.422640625,-1.1111928224563599,-0.6623390913009644,-1.7284111976623535
1749220378060631600,23.432631591796873,-1.3776651620864868,-0.8360418677330017,-2.1183528900146484
1749220378070622500,23.44262255859375,-1.6008495092391968,-1.0720685720443726,-2.42899227142334
1749220378080613600,23.452613525390625,-1.7571052312850952,-1.319651484489441,-2.6757924556732178
1749220378090603500,23.462603515625,-1.7246191501617432,-1.5708112716674805,-2.857574462890625
1749220378100594400,23.472594482421876,-1.5080170631408691,-1.8645515441894531,-3.0177910327911377
1749220378110585300,23.48258544921875,-1.4833271503448486,-1.970908284187317,-3.2951672077178955
1749220378120576500,23.492576416015623,-1.7154568433761597,-1.4529328346252441,-3.689906120300293
1749220378130566700,23.502566650390627,-1.7530606985092163,-1.4229933023452759,-3.9047422409057617
1749220378140557600,23.5125576171875,-1.7481125593185425,-1.5427443981170654,-3.9117658138275146
1749220378150548500,23.522548583984374,-1.691764235496521,-1.7493261098861694,-3.7783820629119873
1749220378160539400,23.532539306640626,-1.5747958421707153,-1.8693965673446655,-3.5597217082977295
1749220378170529500,23.542529541015625,-1.5568886995315552,-1.9324456453323364,-3.27431321144104
1749220378180520400,23.5525205078125,-1.6362930536270142,-2.5188143253326416,-2.8164079189300537
1749220378190511400,23.562511474609376,-1.4031811952590942,-3.1852970123291016,-2.382550001144409
1749220378200502300,23.572502197265624,-1.149091124534607,-3.0221245288848877,-2.182687759399414
1749220378210493400,23.582493408203124,-0.9060553312301636,-2.8309874534606934,-1.8583050966262817
1749220378220483600,23.592483642578124,-0.8342426419258118,-2.9752771854400635,-1.2807828187942505
1749220378230474500,23.602474609375,-0.661705493927002,-3.202875852584839,-0.6992859244346619
1749220378240465400,23.61246533203125,-0.5116534233093262,-3.3653461933135986,-0.1421038806438446
1749220378250455600,23.62245556640625,-0.33894771337509155,-4.453389644622803,-0.5654535293579102
1749220378260446500,23.632446533203126,-0.3095757067203522,-3.3256826400756836,-0.49155187606811523
1749220378270437400,23.642437255859374,-0.6834861636161804,-2.2251994609832764,-0.12963229417800903
1749220378280428300,23.65242822265625,-0.7038822770118713,-2.1900105476379395,-0.0825611874461174
1749220378290419500,23.66241943359375,-0.5957019925117493,-1.6966397762298584,-0.4460296928882599
1749220378300409600,23.67240966796875,-0.6412100791931152,-1.5051145553588867,-0.8398747444152832
1749220378310400500,23.682400390625,-0.681876003742218,-1.5980510711669922,-1.203827142715454
1749220378320391400,23.692391357421876,-0.6845961809158325,-1.5387728214263916,-1.5726536512374878
1749220378330382600,23.702382568359376,-0.7253659963607788,-1.481958031654358,-1.8309950828552246
1749220378340372000,23.7123720703125,-0.7185813188552856,-1.5654348134994507,-1.9105637073516846
1749220378350363000,23.72236279296875,-0.5924050211906433,-1.5296281576156616,-1.8537838459014893
1749220378360354000,23.73235400390625,-0.538045346736908,-1.5692839622497559,-1.7050379514694214
1749220378370345000,23.742344970703126,-0.4861443340778351,-1.5524085760116577,-1.4884021282196045
1749220378380334800,23.7523349609375,-0.3932564854621887,-1.391386866569519,-1.2093307971954346
1749220378390325800,23.76232568359375,-0.27866679430007935,-1.2730834484100342,-1.0266722440719604
1749220378400317000,23.77231689453125,-0.15230298042297363,-1.2891733646392822,-0.9180371761322021
1749220378410307800,23.782307861328125,-0.06387724727392197,-1.224254846572876,-0.828093945980072
1749220378420298000,23.792298095703124,-0.025488048791885376,-1.0638556480407715,-0.7893676161766052
1749220378430289000,23.802288818359376,-0.05402062460780144,-0.9686039090156555,-0.7733819484710693
1749220378440280000,23.812280029296875,-0.1283148229122162,-0.8713274598121643,-0.7533504962921143
1749220378450271000,23.82227099609375,-0.20506499707698822,-0.7819373607635498,-0.6896838545799255
1749220378460260900,23.8322607421875,-0.2928481101989746,-0.7366939783096313,-0.6076337695121765
1749220378470251800,23.842251708984374,-0.3587259352207184,-0.718996524810791,-0.56284099817276
1749220378480243000,23.852242919921874,-0.37960803508758545,-0.6052499413490295,-0.49866172671318054
1749220378490233900,23.86223388671875,-0.32650861144065857,-0.540355384349823,-0.45889994502067566
1749220378500224000,23.87222412109375,-0.2513938844203949,-0.502181351184845,-0.44121095538139343
1749220378510215000,23.88221484375,-0.1860891729593277,-0.4346419870853424,-0.42804694175720215
1749220378520206000,23.8922060546875,-0.1552732139825821,-0.3851087987422943,-0.4117705225944519
1749220378530197000,23.902197021484376,-0.15752358734607697,-0.4119372069835663,-0.4055160880088806
1749220378540187000,23.912186767578124,-0.19776421785354614,-0.4645732641220093,-0.3877623677253723
1749220378550177800,23.922177734375,-0.2478252500295639,-0.4734996557235718,-0.32690009474754333
1749220378560169000,23.9321689453125,-0.27691203355789185,-0.4339117705821991,-0.2505890727043152
1749220378570159900,23.942159912109375,-0.2654878497123718,-0.35869744420051575,-0.1960752308368683
1749220378580150000,23.95214990234375,-0.24751046299934387,-0.32150453329086304,-0.148687481880188
1749220378590141000,23.962140869140626,-0.22326797246932983,-0.3319542407989502,-0.10630806535482407
1749220378600132000,23.972132080078126,-0.1672515720129013,-0.36281922459602356,-0.09795159846544266
1749220378610123000,23.982123046875,-0.10594693571329117,-0.37829136848449707,-0.09765279293060303
1749220378620114000,23.992114013671873,-0.0688491016626358,-0.32851743698120117,-0.04945197328925133
1749220378630103800,24.002103759765625,-0.08070816099643707,-0.33383816480636597,0.03579288348555565
1749220378640095000,24.012094970703124,-0.10650620609521866,-0.4129268527030945,0.11116247624158859
1749220378650086000,24.0220859375,-0.12566179037094116,-0.49625343084335327,0.14922863245010376
1749220378660076800,24.032076904296876,-0.15984345972537994,-0.49583104252815247,0.17846854031085968
1749220378670067000,24.04206689453125,-0.15213148295879364,-0.4065837264060974,0.28745707869529724
1749220378680057900,24.052057861328127,-0.050990212708711624,-0.2894962728023529,0.43326622247695923
1749220378690049000,24.062049072265626,0.037268541753292084,-0.16202804446220398,0.4176446497440338
1749220378700040000,24.0720400390625,0.048887915909290314,-0.13124483823776245,0.2955016791820526
1749220378710029800,24.08202978515625,-0.0029936593491584063,-0.250674843788147,0.1298227161169052
1749220378720020700,24.092020751953125,-0.07301775366067886,-0.3615241050720215,-0.05913229659199715
1749220378730012000,24.102011962890625,-0.14063887298107147,-0.4350832998752594,-0.1965910941362381
1749220378740002800,24.1120029296875,-0.13012976944446564,-0.4533022344112396,-0.21363505721092224
