time,seconds_elapsed,z,y,x
1749220055833946600,0.019946533203125,-0.2568744122982025,-0.31345805525779724,1.124556303024292
1749220055843937500,0.0299375,-0.5171102285385132,-0.011744273826479912,1.1842155456542969
1749220055853928700,0.0399287109375,-0.7219163775444031,0.2310800850391388,1.2294470071792603
1749220055863918800,0.0499189453125,-0.8212751746177673,0.23052002489566803,1.2391318082809448
1749220055873909800,0.05990966796875,-0.782437264919281,-0.10821249336004257,1.2161927223205566
1749220055883899600,0.069899658203125,-0.6194853782653809,-0.6099810600280762,1.1484943628311157
1749220055893890600,0.079890625,-0.39847415685653687,-1.0735764503479004,1.0413907766342163
1749220055903880700,0.089880615234375,-0.16530054807662964,-1.2535845041275024,0.9284916520118713
1749220055913872000,0.099871826171875,0.04128485545516014,-1.2130045890808105,0.8492514491081238
1749220055923862800,0.10986279296875,0.21250374615192413,-1.0915650129318237,0.80425626039505
1749220055933852700,0.119852783203125,0.3389913737773895,-0.8527185916900635,0.7833619117736816
1749220055943843600,0.129843505859375,0.43828681111335754,-0.46510642766952515,0.771468997001648
1749220055953833700,0.139833740234375,0.539164125919342,0.11305784434080124,0.7585335373878479
1749220055963824600,0.14982470703125,0.6733956933021545,0.8327635526657104,0.7421463131904602
1749220055973814800,0.159814697265625,0.8606281876564026,1.4819064140319824,0.6423701643943787
1749220055983805700,0.1698056640625,0.8241647481918335,1.4148988723754883,0.17757025361061096
1749220055993796000,0.179796142578125,0.45695316791534424,1.3077329397201538,-0.30622199177742004
1749220056003786200,0.1897861328125,0.0989026129245758,1.6929256916046143,-0.4719851016998291
1749220056013777200,0.199777099609375,-0.1289079189300537,2.2188351154327393,-0.46285125613212585
1749220056023767300,0.209767333984375,-0.17496941983699799,2.4111268520355225,-0.3992917239665985
1749220056033758200,0.21975830078125,-0.0715588703751564,2.3292930126190186,-0.2748890817165375
1749220056043748000,0.229748046875,-0.01184840314090252,2.111168146133423,-0.12420104444026947
1749220056053739300,0.2397392578125,0.00666535971686244,1.9693937301635742,0.07821837067604065
1749220056063730200,0.249730224609375,0.13624945282936096,1.7968600988388062,0.257883220911026
1749220056073720300,0.25972021484375,0.22000320255756378,1.5980108976364136,0.3596428632736206
1749220056083711200,0.269711181640625,0.17236830294132233,1.529306411743164,0.45062923431396484
1749220056093701000,0.279701171875,0.22958898544311523,1.464766263961792,0.5887538194656372
1749220056103692300,0.2896923828125,0.2932702302932739,1.4413267374038696,0.6567344665527344
1749220056113683200,0.29968310546875,0.29773980379104614,1.4883443117141724,0.7546432018280029
1749220056123673000,0.309673095703125,0.38014066219329834,1.4146639108657837,0.8527023792266846
1749220056133664300,0.319664306640625,0.48398929834365845,1.3293246030807495,0.9852633476257324
1749220056143654100,0.329654052734375,0.6446623206138611,1.2538937330245972,1.1314849853515625
1749220056153645300,0.339645263671875,0.8943701982498169,1.2286293506622314,1.2051517963409424
1749220056163635200,0.34963525390625,1.0969914197921753,1.5540103912353516,1.3742481470108032
1749220056173626000,0.359626220703125,1.3034474849700928,1.9548643827438354,1.6330751180648804
1749220056183617000,0.369616943359375,1.463475227355957,1.9372012615203857,1.7841757535934448
1749220056193607400,0.379607421875,1.422714114189148,1.755550503730774,1.7916141748428345
1749220056203598300,0.389598388671875,1.2466148138046265,1.6502461433410645,1.6432462930679321
1749220056213588200,0.399588134765625,1.17589271068573,1.6935254335403442,1.296357274055481
1749220056223579100,0.4095791015625,1.2025927305221558,1.6832709312438965,0.918721616268158
1749220056233569000,0.419569091796875,1.2783823013305664,0.29373815655708313,0.6357266306877136
1749220056243560200,0.429560302734375,1.22917902469635,-0.16055132448673248,0.5324662923812866
1749220056253551400,0.43955126953125,1.2894392013549805,-0.4457140862941742,0.5411175489425659
1749220056263541200,0.449541259765625,1.5969527959823608,-0.00003009372085216455,0.477859765291214
1749220056273532200,0.4595322265625,1.921649694442749,0.8305792212486267,0.15029442310333252
1749220056283522000,0.46952197265625,1.9325358867645264,1.6242928504943848,-0.4314669668674469
1749220056293513200,0.47951318359375,1.7215006351470947,2.3129851818084717,-1.09064781665802
1749220056303503400,0.48950341796875,1.5556570291519165,3.0306804180145264,-1.384270429611206
1749220056313494300,0.499494384765625,1.4814387559890747,2.853731632232666,-0.9385898113250732
1749220056323485200,0.509485107421875,1.4990371465682983,1.8001421689987183,-0.24318255484104156
1749220056333475000,0.51947509765625,1.7423696517944336,0.9478065371513367,0.33482033014297485
1749220056343466200,0.52946630859375,2.115469217300415,0.36657506227493286,0.6855685114860535
1749220056353456400,0.539456298828125,2.4316327571868896,-0.191818967461586,0.836227536201477
1749220056363447300,0.549447265625,2.567502021789551,-0.5862799882888794,0.7615367770195007
1749220056373438200,0.559438232421875,2.5545880794525146,-0.5277708768844604,0.7146110534667969
1749220056383428000,0.569427978515625,2.551483631134033,-0.45440027117729187,0.856192409992218
1749220056393419300,0.579419189453125,2.4757285118103027,-0.1818038821220398,1.1473827362060547
1749220056403409200,0.5894091796875,2.338062286376953,-0.20606182515621185,1.3665637969970703
1749220056413400000,0.599400146484375,2.1158432960510254,-0.35265180468559265,1.4376749992370605
1749220056423390200,0.60939013671875,1.946831464767456,-0.12499253451824188,1.4901866912841797
1749220056433381400,0.61938134765625,1.7759881019592285,0.2640465497970581,1.6014176607131958
1749220056443372300,0.629372314453125,1.466692328453064,0.3620159924030304,1.6905741691589355
1749220056453362200,0.639362060546875,1.0275123119354248,0.17419949173927307,1.7906429767608643
1749220056463353000,0.64935302734375,0.48217517137527466,0.10219720751047134,1.6952303647994995
1749220056473343200,0.65934326171875,-0.05939728021621704,0.11594391614198685,1.0617655515670776
1749220056483334400,0.66933447265625,-0.4499610364437103,-0.23727060854434967,0.6584479212760925
1749220056493324300,0.67932421875,-0.2986234426498413,-0.6735832095146179,0.7238498330116272
1749220056503315200,0.689315185546875,-0.15219752490520477,0.26160576939582825,0.9141476154327393
1749220056513306000,0.69930615234375,-0.32654669880867004,1.1314170360565186,1.109336256980896
1749220056523296000,0.7092958984375,-0.7995365858078003,1.3106776475906372,1.2932651042938232
1749220056533287200,0.719287109375,-1.419858694076538,1.2574259042739868,1.400044560432434
1749220056543277300,0.72927734375,-1.9430159330368042,1.261819839477539,1.4144014120101929
1749220056553268200,0.739268310546875,-2.3435826301574707,1.591020941734314,1.4048265218734741
1749220056563259100,0.749259033203125,-2.808255672454834,2.2673287391662598,1.3489656448364258
1749220056573249000,0.7592490234375,-3.3618574142456055,2.93271541595459,1.2406437397003174
1749220056583240200,0.769240234375,-3.8525781631469727,3.474135160446167,1.1727323532104492
1749220056593230300,0.779230224609375,-4.207920074462891,3.9013476371765137,1.2198371887207031
1749220056603221200,0.78922119140625,-4.454946041107178,4.1297383308410645,1.4292008876800537
1749220056613211100,0.799211181640625,-4.654816627502441,4.032252311706543,1.882286548614502
1749220056623202300,0.809202392578125,-4.832431316375732,3.6252341270446777,2.4532387256622314
1749220056633193200,0.819193115234375,-4.855167388916016,3.3364083766937256,3.025393009185791
1749220056643183000,0.82918310546875,-3.758652448654175,2.916224956512451,3.090541124343872
1749220056653174300,0.83917431640625,-3.5109832286834717,2.382205009460449,3.2420339584350586
1749220056663164200,0.8491640625,-3.26472806930542,1.7468229532241821,3.308499813079834
1749220056673155300,0.8591552734375,-2.7312755584716797,1.352168321609497,3.151580810546875
1749220056683145200,0.869145263671875,-1.953352451324463,1.2584232091903687,2.976708173751831
1749220056693136100,0.87913623046875,-1.0969579219818115,0.8741000890731812,2.7743937969207764
1749220056703127000,0.889126953125,-0.31611669063568115,0.6670153141021729,2.4964230060577393
1749220056713117200,0.8991171875,0.31599631905555725,0.6710625290870667,2.1977531909942627
1749220056723108400,0.9091083984375,0.7951050996780396,0.7118387222290039,1.9251408576965332
1749220056733098200,0.91909814453125,1.2459971904754639,0.7034444212913513,1.6808607578277588
1749220056743089200,0.929089111328125,1.7539013624191284,0.6403086185455322,1.4333285093307495
1749220056753080000,0.939080078125,2.2267203330993652,0.561129629611969,1.196755290031433
1749220056763070200,0.9490703125,2.561439275741577,0.46790221333503723,1.0233629941940308
1749220056773061400,0.959061279296875,2.754509449005127,0.4505016505718231,0.8975153565406799
1749220056783051300,0.96905126953125,2.8396873474121094,0.44845050573349,0.7659064531326294
1749220056793042200,0.979042236328125,2.951582431793213,0.30686086416244507,0.6048675179481506
1749220056803032000,0.989031982421875,3.1569371223449707,0.2609700858592987,0.39383572340011597
1749220056813023200,0.999023193359375,3.25087308883667,0.2854738235473633,0.11846832185983658
1749220056823014100,1.00901416015625,3.2275850772857666,0.374261736869812,-0.20028303563594818
1749220056833004300,1.01900439453125,3.015549659729004,0.4778408706188202,-0.5437391996383667
1749220056842995200,1.0289951171875,2.5033109188079834,0.6588130593299866,-0.8892366886138916
1749220056852985000,1.038985107421875,1.9266127347946167,0.8933917284011841,-0.9567110538482666
1749220056862976300,1.048976318359375,1.418726921081543,0.8834072947502136,-0.8020716905593872
1749220056872966400,1.05896630859375,1.1760144233703613,0.7777234315872192,-0.5966865420341492
1749220056882957300,1.068957275390625,1.277140736579895,0.6215400099754333,-0.5141434669494629
1749220056892948200,1.0789482421875,1.672337293624878,0.4277936816215515,-0.5597253441810608
1749220056902938000,1.088938232421875,2.180863857269287,0.2374034970998764,-0.7292389869689941
1749220056912929300,1.09892919921875,2.4837801456451416,0.3351939618587494,-0.9810326099395752
1749220056922919200,1.108919189453125,2.5407772064208984,0.21748144924640656,-1.1543554067611694
1749220056932910000,1.11891015625,2.537989616394043,0.19663077592849731,-1.1159439086914062
1749220056942901200,1.1289013671875,2.4489614963531494,0.21296606957912445,-0.9251272678375244
1749220056952891100,1.13889111328125,2.22942852973938,0.8526477813720703,-0.6634038090705872
1749220056962882300,1.14888232421875,1.8888813257217407,0.635628342628479,-0.6415006518363953
1749220056972872200,1.1588720703125,1.5535528659820557,-0.03742540255188942,-0.9932488203048706
1749220056982863000,1.168863037109375,1.4299049377441406,-0.1690308302640915,-1.0495285987854004
1749220056992857000,1.178857177734375,1.5432312488555908,-0.06708396226167679,-0.8542198538780212
1749220057002848000,1.188847900390625,1.624037742614746,0.09653212875127792,-0.8206469416618347
1749220057012839200,1.198839111328125,1.4446892738342285,-0.053711697459220886,-1.0479816198349
1749220057022829000,1.2088291015625,1.3890291452407837,-0.06517793983221054,-0.9082271456718445
1749220057032820000,1.218820068359375,1.4327223300933838,0.020448017865419388,-0.5894771218299866
1749220057042809900,1.228809814453125,1.142210602760315,-0.3103592097759247,-0.24972674250602722
1749220057052800800,1.23880078125,1.000552773475647,-0.24225550889968872,0.08759110420942307
1749220057062792000,1.2487919921875,1.0722432136535645,0.11340006440877914,0.13464570045471191
1749220057072782000,1.258781982421875,0.7554240226745605,-0.1645900160074234,0.022886672988533974
1749220057082773000,1.26877294921875,0.5063931345939636,-0.11152412742376328,0.18561220169067383
1749220057092763000,1.278762939453125,0.4379677474498749,-0.1528225690126419,0.17851755023002625
1749220057102754000,1.288754150390625,0.7264174222946167,-0.2849963307380676,0.14438967406749725
1749220057112744200,1.298744140625,0.9016240835189819,-0.2223382592201233,0.20078237354755402
1749220057122735000,1.308735107421875,1.0536892414093018,-0.30991896986961365,0.24502067267894745
1749220057132726000,1.31872607421875,1.1588218212127686,-0.2705420255661011,0.21893846988677979
1749220057142716000,1.3287158203125,1.451704502105713,0.10367313027381897,0.2876448333263397
1749220057152707000,1.33870703125,1.6266236305236816,0.12265454977750778,0.16967318952083588
1749220057162697000,1.348697021484375,1.7339743375778198,0.033246636390686035,0.07684258371591568
1749220057172688100,1.358688232421875,1.8985675573349,0.3821084797382355,0.11232733726501465
1749220057182679000,1.368678955078125,1.8439605236053467,0.09228412061929703,-0.038768965750932693
1749220057192669000,1.3786689453125,1.6942617893218994,0.10655920207500458,0.006866960786283016
1749220057202660000,1.38866015625,1.6487936973571777,0.1447633057832718,-0.00881985668092966
1749220057212650000,1.39864990234375,1.514151692390442,0.04368755966424942,-0.10591551661491394
1749220057222641000,1.408640869140625,1.3923128843307495,0.07346329838037491,-0.05349384993314743
1749220057232631000,1.418631103515625,1.2778509855270386,0.022885074838995934,-0.044681984931230545
1749220057242622000,1.4286220703125,1.1177595853805542,-0.010666492395102978,-0.11433643102645874
1749220057252613000,1.438613037109375,1.0577486753463745,0.03262824937701225,-0.07891132682561874
1749220057262603000,1.44860302734375,1.083099365234375,0.047623179852962494,-0.004809935111552477
1749220057272594000,1.458593994140625,1.1658767461776733,0.12420131266117096,-0.04109550639986992
1749220057282584000,1.468583984375,1.3912838697433472,0.2369808554649353,-0.10258843004703522
1749220057292575200,1.4785751953125,1.6401876211166382,0.2809869349002838,-0.11476466804742813
1749220057302566100,1.488566162109375,1.913222312927246,0.515701174736023,-0.07860372960567474
1749220057312556000,1.49855615234375,2.0701448917388916,0.5240640044212341,-0.10784737020730972
1749220057322547000,1.508546875,2.1682040691375732,0.6241387128829956,-0.08244560658931732
1749220057332536800,1.518536865234375,2.1748299598693848,0.5445216298103333,-0.08745607733726501
1749220057342528000,1.528528076171875,2.160735845565796,0.47763100266456604,-0.10402440279722214
1749220057352518100,1.53851806640625,2.1613693237304688,0.43244436383247375,-0.17756812274456024
1749220057362509000,1.548509033203125,2.133928060531616,0.3842965364456177,-0.25995540618896484
1749220057372500000,1.5585,1.9746865034103394,0.2835283875465393,-0.3673178255558014
1749220057382489900,1.56848974609375,1.632738471031189,0.153095543384552,-0.3808421492576599
1749220057392481000,1.57848095703125,0.973788857460022,-0.05778127536177635,-0.3494168519973755
1749220057402471200,1.58847119140625,0.10115644335746765,-0.3506065011024475,-0.1651250422000885
1749220057412462000,1.598462158203125,-0.34096798300743103,-0.3693428933620453,-0.12126730382442474
1749220057422453000,1.608452880859375,-0.2232099175453186,-0.2866709232330322,-0.20714998245239258
1749220057432443000,1.61844287109375,-0.09889622032642365,-0.1858159452676773,-0.223348930478096
1749220057442434000,1.62843408203125,-0.09058396518230438,-0.11059655249118805,-0.13461826741695404
1749220057452424000,1.638423828125,-0.10763591527938843,0.00646748673170805,-0.0649651512503624
1749220057462415000,1.6484150390625,-0.11558571457862854,0.20293739438056946,-0.03147483617067337
1749220057472405000,1.658405029296875,-0.18049681186676025,0.35115137696266174,0.0020098877139389515
1749220057482396000,1.66839599609375,-0.2848037779331207,0.34033867716789246,0.13129331171512604
1749220057492387000,1.678386962890625,-0.3578268587589264,0.4013727307319641,0.27991339564323425
1749220057502377000,1.688376953125,-0.40933769941329956,0.4520718455314636,0.37124359607696533
1749220057512367900,1.698367919921875,-0.3726188540458679,0.4178244173526764,0.48787540197372437
1749220057522358000,1.70835791015625,-0.25494149327278137,0.6035833358764648,0.611031174659729
1749220057532349200,1.71834912109375,-0.3243727385997772,0.5261479616165161,0.5912414789199829
1749220057542340000,1.728340087890625,0.16280703246593475,0.49988144636154175,0.6294527649879456
1749220057552330000,1.738330078125,0.42764002084732056,0.7521920204162598,0.5944689512252808
1749220057562321000,1.74832080078125,0.014256433583796024,0.5585343837738037,0.36089134216308594
1749220057572311000,1.75831103515625,-0.00965742114931345,-0.02039395458996296,0.15611183643341064
1749220057582302200,1.76830224609375,-0.25019946694374084,0.058333080261945724,-0.08072920143604279
1749220057592293000,1.778293212890625,-0.32722899317741394,-0.00379021093249321,-0.2836375832557678
1749220057602283000,1.788282958984375,-0.3495042026042938,-0.02978239580988884,-0.4394407570362091
1749220057612274000,1.79827392578125,-0.31807276606559753,-0.016630642116069794,-0.5082637667655945
1749220057622263800,1.808263916015625,-0.2070559859275818,-0.03888880833983421,-0.46741458773612976
1749220057632255000,1.8182548828125,-0.12843334674835205,-0.07376423478126526,-0.32379645109176636
1749220057642245000,1.8282451171875,-0.05254549905657768,-0.05931125953793526,-0.15566256642341614
1749220057652236000,1.838236083984375,-0.028370387852191925,-0.006843258626759052,-0.019458120688796043
1749220057662227000,1.84822705078125,-0.049857303500175476,0.012768525630235672,0.05150633305311203
1749220057672216800,1.858216796875,-0.09457390755414963,-0.007242732681334019,0.05149221792817116
1749220057682208000,1.8682080078125,-0.11288101226091385,-0.02857065759599209,-0.01543434988707304
1749220057692198100,1.8781982421875,-0.06801154464483261,-0.024812672287225723,-0.14080451428890228
1749220057702189000,1.88818896484375,0.04322683438658714,-0.060986123979091644,-0.2980540692806244
1749220057712180000,1.898179931640625,0.055390287190675735,-0.161784365773201,-0.3471672832965851
1749220057722170000,1.908170166015625,0.022425945848226547,-0.09300104528665543,-0.35516607761383057
1749220057732161000,1.9181611328125,0.02075241692364216,-0.08664115518331528,-0.39382025599479675
1749220057742151000,1.92815087890625,0.01447001937776804,-0.13892193138599396,-0.41348743438720703
1749220057752142000,1.93814208984375,-0.02803483046591282,-0.24179531633853912,-0.48266997933387756
1749220057762132000,1.948132080078125,0.061642058193683624,-0.16377775371074677,-0.232425257563591
1749220057772123100,1.958123046875,0.10198255628347397,-0.2294774055480957,-0.10245074331760406
1749220057782114000,1.968114013671875,0.08096648752689362,-0.29385027289390564,-0.014695323072373867
1749220057792104000,1.97810400390625,0.03584934398531914,-0.28427407145500183,-0.017621338367462158
1749220057802094800,1.9880947265625,0.050924964249134064,-0.33174383640289307,0.04150243476033211
1749220057812085000,1.9980849609375,0.0965433195233345,-0.32813578844070435,0.14824245870113373
1749220057822076200,2.008076171875,0.06649859994649887,-0.2783655822277069,0.23007607460021973
1749220057832067000,2.018067138671875,-0.04025154933333397,-0.24314047396183014,0.28406262397766113
1749220057842057000,2.028056884765625,-0.1743321269750595,-0.23653636872768402,0.1174701675772667
1749220057852048000,2.0380478515625,-0.1542939692735672,-0.2860077917575836,-0.17412279546260834
1749220057862038000,2.0480380859375,-0.02557193860411644,-0.2972433865070343,-0.42140236496925354
1749220057872029200,2.058029296875,0.15323695540428162,-0.3658440411090851,-0.665584921836853
1749220057882019000,2.06801904296875,0.5699630975723267,-0.7762091755867004,-0.7145889401435852
1749220057892010000,2.078010009765625,0.8887077569961548,-0.8351001739501953,-0.8343204259872437
1749220057902001000,2.0880009765625,1.0453850030899048,-0.9356215000152588,-0.8054986596107483
1749220057911991000,2.097990966796875,1.114620566368103,-1.1645678281784058,-0.5348684787750244
1749220057921982000,2.10798193359375,0.9372031092643738,-1.0601998567581177,-0.29586946964263916
1749220057931972000,2.11797216796875,0.7212945222854614,-0.7949197292327881,-0.15764901041984558
1749220057941963000,2.127962890625,0.6289539337158203,-0.6682273149490356,0.08742891252040863
1749220057951954000,2.137953857421875,0.6313561201095581,-0.453604519367218,0.2577340602874756
1749220057961944000,2.147944091796875,0.46820077300071716,-0.03188363090157509,0.18568411469459534
1749220057971935000,2.15793505859375,0.24079637229442596,0.056957025080919266,0.09399547427892685
1749220057981925000,2.167925048828125,0.17624080181121826,-0.17871569097042084,0.032574720680713654
1749220057991916000,2.177916015625,0.3424058258533478,-0.8179888725280762,0.0494045689702034
1749220058001903600,2.187903564453125,0.2214122861623764,-0.23521144688129425,-0.12217491120100021
1749220058011893500,2.1978935546875,0.2571790814399719,-0.24683934450149536,-0.16455459594726562
1749220058021884400,2.207884521484375,0.1053306832909584,-0.308994323015213,-0.3247527778148651
1749220058031874300,2.217874267578125,-0.05438094958662987,-0.2022859901189804,-0.3391202688217163
1749220058041865500,2.227865478515625,-0.06410548090934753,-0.3337068557739258,-0.23904746770858765
1749220058051855600,2.237855712890625,0.05524035170674324,-1.0196367502212524,0.07638505101203918
1749220058061846500,2.247846435546875,-0.0362837053835392,-0.5049784779548645,-0.08171962946653366
1749220058071837400,2.25783740234375,-0.020561467856168747,0.08796074986457825,-0.11361578106880188
1749220058081827300,2.267827392578125,0.11592580378055573,-0.5698112845420837,0.11587360501289368
1749220058091818500,2.277818603515625,0.05979755520820618,-0.8039505481719971,-0.008489890955388546
1749220058101808600,2.28780859375,0.01206864695996046,0.3742487132549286,-0.19468027353286743
1749220058111799600,2.297799560546875,-0.054190535098314285,0.43720850348472595,-0.004630970768630505
1749220058121790500,2.30779052734375,0.027538150548934937,-0.6274207830429077,0.07925353944301605
1749220058131780600,2.317780517578125,-0.06416753679513931,0.28652870655059814,0.08645739406347275
1749220058141771500,2.327771484375,-0.07885779440402985,0.19601424038410187,-0.015333415940403938
1749220058151761400,2.337761474609375,-0.07430432736873627,0.026990072801709175,-0.023322632536292076
1749220058161752600,2.347752685546875,-0.1427536904811859,0.21002939343452454,0.00768801337108016
1749220058171742500,2.357742431640625,-0.20467858016490936,0.4721930921077728,0.06452040374279022
1749220058181733600,2.367733642578125,-0.2732989192008972,0.4176366627216339,0.23444019258022308
1749220058191724500,2.377724609375,-0.40537333488464355,0.5315755009651184,0.06454117596149445
1749220058201714400,2.38771435546875,-0.45513102412223816,0.5687934160232544,0.17022792994976044
1749220058211705300,2.397705322265625,-0.4962233304977417,0.4495924413204193,0.292816698551178
1749220058221695500,2.407695556640625,-0.3815143406391144,0.44122612476348877,0.3584066331386566
1749220058231686700,2.417686767578125,-0.20062550902366638,0.39585065841674805,0.3321633040904999
1749220058241677600,2.427677490234375,-0.11617614328861237,0.16157984733581543,0.1673610359430313
1749220058251667500,2.43766748046875,-0.0073266224935650826,0.2971517741680145,0.1362696886062622
1749220058261658400,2.447658447265625,0.013004481792449951,0.41314229369163513,0.07520314306020737
1749220058271648500,2.4576484375,0.09927598387002945,0.38530799746513367,0.12845544517040253
1749220058281639700,2.4676396484375,-0.030884413048624992,0.2057531625032425,0.04314880073070526
1749220058291630600,2.477630615234375,-0.07721808552742004,0.09140314906835556,0.08235479146242142
1749220058301620500,2.487620361328125,-0.1234271302819252,-0.11095687747001648,0.1297534704208374
1749220058311611400,2.497611328125,-0.1093163713812828,0.020847758278250694,0.19387546181678772
1749220058321601300,2.507601318359375,0.015115036629140377,-0.15882639586925507,0.28145697712898254
1749220058331592400,2.517592529296875,-0.061403971165418625,-0.12687751650810242,0.06852872669696808
1749220058341582600,2.52758251953125,0.06831380724906921,-0.09183111786842346,0.1254223734140396
1749220058351573500,2.537573486328125,0.029415413737297058,-0.13518472015857697,0.17157761752605438
1749220058361564400,2.547564453125,-0.11269751936197281,0.3134481906890869,0.3981782793998718
1749220058371554600,2.557554443359375,-0.08376839756965637,-0.22831599414348602,0.37690892815589905
1749220058381545500,2.56754541015625,-0.24845188856124878,-0.29575520753860474,0.30195826292037964
1749220058391535600,2.57753564453125,-0.3415893018245697,-0.1576804369688034,0.23942936956882477
1749220058401526500,2.587526611328125,-0.31950607895851135,-0.5215380191802979,0.08070496469736099
1749220058411517700,2.597517578125,-0.2596222460269928,-0.715786337852478,-0.03014671616256237
1749220058421507600,2.607507568359375,-0.1488877534866333,-0.6502187848091125,-0.041367415338754654
1749220058431498500,2.61749853515625,-0.0034826158080250025,-0.49525049328804016,-0.04210244491696358
1749220058441488400,2.62748828125,0.14312493801116943,-0.5155805349349976,-0.014692393131554127
1749220058451479600,2.6374794921875,0.2505376636981964,-0.4253329336643219,0.011541075073182583
1749220058461470700,2.647470703125,0.343440443277359,-0.3920639157295227,-0.009462477639317513
1749220058471460600,2.657460693359375,0.19021601974964142,0.16999968886375427,-0.11853836476802826
1749220058481451500,2.667451416015625,0.17420987784862518,0.27287787199020386,-0.15218687057495117
1749220058491441400,2.67744140625,0.1668584942817688,0.2529928386211395,-0.1709754765033722
1749220058501432300,2.687432373046875,0.17973780632019043,0.1716279536485672,-0.20329372584819794
1749220058511422500,2.69742236328125,0.17138373851776123,0.13332822918891907,-0.21206937730312347
1749220058521413600,2.70741357421875,0.13027970492839813,0.03833700343966484,-0.2098698765039444
1749220058531404500,2.717404541015625,0.020744692534208298,0.04306544363498688,-0.15402604639530182
1749220058541394400,2.72739453125,-0.11360352486371994,0.0730702131986618,-0.07289285212755203
1749220058551385300,2.73738525390625,0.08527068793773651,-0.11913571506738663,-0.030659375712275505
1749220058561375700,2.747375732421875,0.2282360941171646,-0.2846788763999939,-0.04146648198366165
1749220058571366700,2.75736669921875,0.3085058927536011,-0.4069659113883972,-0.01708897203207016
1749220058581357600,2.767357666015625,0.34071871638298035,-0.37421807646751404,0.04219645634293556
1749220058591347500,2.777347412109375,0.321508526802063,-0.17647676169872284,0.09611454606056213
1749220058601338600,2.787338623046875,0.2895506024360657,-0.05221047252416611,0.14822089672088623
1749220058611328500,2.79732861328125,0.21210452914237976,0.1960587203502655,0.13979572057724
1749220058621319400,2.8073193359375,0.06340693682432175,0.9020480513572693,0.17964886128902435
1749220058631309600,2.8173095703125,-0.07092930376529694,0.9926661252975464,0.31711670756340027
1749220058641300500,2.827300537109375,-0.2116784304380417,0.9264926910400391,0.34212350845336914
1749220058651291600,2.837291748046875,-0.2685832679271698,0.9051684737205505,0.3390997648239136
1749220058661281500,2.847281494140625,-0.26460927724838257,0.7569215297698975,0.35393092036247253
1749220058671272400,2.8572724609375,-0.28570711612701416,0.564854621887207,0.35322409868240356
1749220058681262600,2.8672626953125,-0.3508770763874054,0.5212011337280273,0.2722608149051666
1749220058691253500,2.87725341796875,-0.38915467262268066,0.5201518535614014,0.17145724594593048
1749220058701244700,2.88724462890625,-0.3924761712551117,0.5585319995880127,0.055391885340213776
1749220058711234600,2.897234619140625,-0.35225656628608704,0.6765020489692688,-0.0716472864151001
1749220058721225500,2.9072255859375,-0.19187143445014954,0.6577855944633484,-0.1980997622013092
1749220058731215400,2.91721533203125,-0.0014152037911117077,0.6214462518692017,-0.4607636034488678
1749220058741206500,2.92720654296875,0.2741340696811676,0.1892189234495163,-0.8478783369064331
1749220058751197700,2.93719775390625,0.5130041837692261,-2.9676756858825684,-1.2934890985488892
1749220058761187600,2.9471875,0.0947376936674118,-2.10481333732605,-2.0434277057647705
1749220058771178500,2.957178466796875,0.18868975341320038,-2.242748975753784,-1.795668363571167
1749220058781168400,2.96716845703125,0.2564466893672943,-1.8007839918136597,-0.6060220003128052
1749220058791159300,2.9771591796875,0.19637218117713928,-0.36977699398994446,0.15389075875282288
1749220058801150500,2.987150390625,0.1851554811000824,0.22272895276546478,0.10821355879306793
1749220058811140600,2.997140625,-0.0014346449170261621,0.3019888699054718,-0.21761594712734222
1749220058821131500,3.007131591796875,-0.2218322604894638,0.1159399151802063,-0.42093417048454285
1749220058831121400,3.017121337890625,-0.24347816407680511,0.09651189297437668,-0.45267584919929504
1749220058841112600,3.027112548828125,-0.11513111740350723,0.17563867568969727,-0.3584494888782501
1749220058851102500,3.0371025390625,0.008508266881108284,0.21133115887641907,-0.28327032923698425
1749220058861093600,3.04709375,0.05380970239639282,0.10755868256092072,-0.3385210633277893
1749220058871084500,3.05708447265625,-0.01512968447059393,-0.06329295039176941,-0.433810293674469
1749220058881074400,3.067074462890625,-0.03611965477466583,-0.2135663479566574,-0.4935878813266754
1749220058891065600,3.077065673828125,-0.01560878660529852,-0.25532764196395874,-0.4375839829444885
1749220058901055500,3.087055419921875,0.024658475071191788,-0.22388795018196106,-0.3183513581752777
1749220058911046400,3.09704638671875,0.052255745977163315,-0.18590354919433594,-0.24593546986579895
1749220058921037300,3.107037353515625,0.04267316311597824,-0.1698755919933319,-0.24763429164886475
1749220058931027500,3.11702734375,0.018564630299806595,-0.17009663581848145,-0.25749385356903076
1749220058941018600,3.1270185546875,0.007605188991874456,-0.15721705555915833,-0.2183626890182495
1749220058951008500,3.137008544921875,0.014476411044597626,-0.12802481651306152,-0.16013027727603912
1749220058960999400,3.14699951171875,0.018438927829265594,-0.09916120767593384,-0.11879562586545944
1749220058970990300,3.156990234375,0.004722849931567907,-0.0955776572227478,-0.09796944260597229
1749220058980980500,3.16698046875,-0.015231683850288391,-0.08938394486904144,-0.0802767276763916
1749220058990971600,3.1769716796875,-0.02371411770582199,-0.0729016363620758,-0.052920740097761154
1749220059000961500,3.18696142578125,-0.025001756846904755,-0.0526440367102623,-0.014929414726793766
1749220059010952400,3.196952392578125,-0.03328631818294525,-0.02394075319170952,0.0026578346733003855
1749220059020943600,3.206943603515625,-0.0329291895031929,-0.031802404671907425,0.02093457616865635
1749220059030933500,3.21693359375,-0.03828054293990135,-0.02563345804810524,0.03289429843425751
1749220059040924700,3.226924560546875,-0.03804219141602516,-0.006852313410490751,0.04528998211026192
1749220059050914600,3.23691455078125,-0.033971283584833145,0.020618459209799767,0.05909101665019989
1749220059060905700,3.24690576171875,-0.03785337135195732,0.03617691248655319,0.06641790270805359
1749220059070896600,3.256896728515625,-0.03850957378745079,0.044433511793613434,0.06891302019357681
1749220059080886500,3.266886474609375,-0.02875867672264576,-0.040938910096883774,0.06931089609861374
1749220059090877400,3.27687744140625,-0.032411202788352966,-0.23131205141544342,0.05366775393486023
1749220059100867600,3.28686767578125,-0.041180193424224854,-0.29027071595191956,0.004697283264249563
1749220059110858800,3.296858642578125,-0.007735151331871748,-0.1376715749502182,-0.0031944618094712496
1749220059120848600,3.3068486328125,-0.02611442469060421,-0.09363195300102234,0.040882185101509094
1749220059130839600,3.316839599609375,-0.12493740767240524,-0.12483993917703629,0.0593128576874733
1749220059140830500,3.32683056640625,-0.10461429506540298,-0.013592241331934929,0.02515648491680622
1749220059150820600,3.336820556640625,-0.06946802139282227,0.07957018911838531,0.02835068106651306
1749220059160811800,3.346811767578125,-0.007405451964586973,0.17083857953548431,0.060680922120809555
1749220059170801700,3.3568017578125,0.026562901213765144,0.2950393557548523,0.07999443262815475
1749220059180792600,3.36679248046875,0.03105032816529274,0.4085177183151245,0.0727975070476532
1749220059190783500,3.376783447265625,0.018642926588654518,0.4836774468421936,0.06546049565076828
1749220059200773400,3.3867734375,-0.02659672312438488,0.4148171544075012,0.10069811344146729
1749220059210764500,3.3967646484375,-0.05218783766031265,0.21663163602352142,0.10418499261140823
1749220059220754700,3.406754638671875,0.06155071407556534,0.9266111850738525,0.054674431681632996
1749220059230745600,3.41674560546875,0.25250574946403503,1.1949467658996582,0.3096209764480591
1749220059240736500,3.426736572265625,-0.037270672619342804,1.1901813745498657,0.351921021938324
1749220059250726700,3.4367265625,-0.37611663341522217,0.37376853823661804,0.18400871753692627
1749220059260717600,3.446717529296875,-0.2670098543167114,-0.5150428414344788,-0.17099598050117493
1749220059270707700,3.456707763671875,0.11006631702184677,-0.8726542592048645,-0.3890649378299713
1749220059280698600,3.46669873046875,0.31717637181282043,-1.1238635778427124,-0.13700632750988007
1749220059290689800,3.476689697265625,0.1477780044078827,-1.3283146619796753,0.0918247252702713
1749220059300679700,3.4866796875,-0.0589943453669548,-1.292241096496582,-0.046793870627880096
1749220059310670600,3.496670654296875,-0.14048387110233307,-1.2910863161087036,-0.24110156297683716
1749220059320660500,3.506660400390625,-0.14228737354278564,-0.9050726294517517,-0.19296146929264069
1749220059330651600,3.516651611328125,-0.1338837593793869,-0.8891777992248535,-0.006991330534219742
1749220059340641500,3.5266416015625,-0.21976245939731598,-0.8889309167861938,-0.03307193145155907
1749220059350632700,3.5366328125,-0.32866817712783813,-1.1328176259994507,-0.13646702468395233
1749220059360623600,3.54662353515625,-0.3225061297416687,-1.3124566078186035,-0.16151832044124603
1749220059370613500,3.556613525390625,-0.286652535200119,-1.0746091604232788,-0.09858516603708267
1749220059380604400,3.5666044921875,-0.19697697460651398,-0.9131116271018982,-0.03750449791550636
1749220059390594600,3.576594482421875,-0.0721820518374443,-0.5488495230674744,-0.045279864221811295
1749220059400585700,3.586585693359375,-0.030908914282917976,-0.23524101078510284,-0.03612444922327995
1749220059410576600,3.59657666015625,-0.10061848908662796,0.18804340064525604,-0.00703766942024231
1749220059420566500,3.60656640625,-0.1477295458316803,0.5684837102890015,0.044980525970458984
1749220059430557400,3.616557373046875,-0.18322815001010895,0.9316807985305786,0.055269647389650345
1749220059440547600,3.626547607421875,-0.21897096931934357,0.9679762125015259,0.07712594419717789
1749220059450538800,3.636538818359375,-0.2661547064781189,0.7131969332695007,0.057371415197849274
1749220059460529700,3.64652978515625,-0.25344318151474,0.6468527913093567,0.019718578085303307
1749220059470519600,3.65651953125,-0.16695329546928406,0.4089859127998352,0.036979056894779205
1749220059480510500,3.666510498046875,-0.11707442253828049,-0.05438361316919327,0.027344007045030594
1749220059490500600,3.67650048828125,-0.06587915122509003,-0.29461538791656494,-0.04578080400824547
1749220059500491500,3.686491455078125,-0.02473277598619461,-0.22995570302009583,-0.05115106701850891
1749220059510482400,3.696482421875,-0.0528099499642849,0.04784475266933441,-0.0019254654180258512
1749220059520472600,3.70647265625,-0.11836419254541397,0.30275508761405945,0.019946809858083725
1749220059530463700,3.716463623046875,-0.08916689455509186,0.6043697595596313,0.02159610576927662
1749220059540453600,3.72645361328125,0.010089651681482792,0.7417031526565552,0.05614689365029335
1749220059550444500,3.736444580078125,0.09915880858898163,0.6348552703857422,0.09608551859855652
1749220059560434700,3.7464345703125,0.16352368891239166,0.4560394287109375,0.08975039422512054
1749220059570425600,3.756425537109375,0.19714422523975372,0.25297874212265015,0.0825129821896553
1749220059580416800,3.766416748046875,0.19364802539348602,0.14752954244613647,0.06376273185014725
1749220059590406700,3.77640673828125,0.20473264157772064,0.14033447206020355,0.09719152748584747
1749220059600397600,3.7863974609375,0.25280749797821045,0.24588513374328613,0.11804407835006714
1749220059610387500,3.796387451171875,0.28321707248687744,0.418755441904068,0.1179165169596672
1749220059620378400,3.80637841796875,0.24271278083324432,0.4058718681335449,0.14572098851203918
1749220059630369500,3.81636962890625,0.1626749336719513,0.29080814123153687,0.15513765811920166
1749220059640359700,3.826359619140625,0.1675783395767212,0.24795573949813843,0.15168167650699615
1749220059650350600,3.8363505859375,0.21183902025222778,0.2558131217956543,0.1813439577817917
1749220059660340500,3.846340576171875,0.2258927822113037,0.23478561639785767,0.23297598958015442
1749220059670331400,3.856331298828125,0.2230309545993805,0.19878792762756348,0.25549647212028503
1749220059680322600,3.866322509765625,0.19061414897441864,0.11900361627340317,0.2580653727054596
1749220059690312700,3.876312744140625,0.17787624895572662,0.054175619035959244,0.25545814633369446
1749220059700303600,3.8863037109375,0.08646005392074585,-0.14133022725582123,0.2547191083431244
1749220059710293500,3.89629345703125,-0.051723383367061615,-0.3972983658313751,0.2356221079826355
1749220059720284700,3.90628466796875,-0.1656416952610016,-0.67088782787323,0.19516496360301971
1749220059730275600,3.916275634765625,-0.2095063477754593,-0.6879485845565796,0.13636156916618347
1749220059740265700,3.926265625,-0.20739713311195374,-0.6839056015014648,0.11017657071352005
1749220059750256600,3.936256591796875,-0.2031525820493698,-0.8193358778953552,0.1424841731786728
1749220059760246500,3.94624658203125,-0.19822733104228973,-0.8936551213264465,0.1563001275062561
1749220059770237700,3.95623779296875,-0.14556358754634857,-0.6634293794631958,0.10902208834886551
1749220059780228600,3.966228515625,-0.02743535302579403,-0.956900954246521,0.11291296780109406
1749220059790218500,3.976218505859375,-0.26359570026397705,-0.3016458749771118,0.027346402406692505
1749220059800209400,3.98620947265625,-0.236649289727211,-0.07003261148929596,0.09441625326871872
1749220059810199600,3.996199462890625,-0.18457090854644775,-0.13236656785011292,0.18724632263183594
1749220059820190700,4.006190673828125,-0.12880511581897736,-0.15229712426662445,0.1638280749320984
1749220059830181600,4.016181640625,0.028132302686572075,-0.1945958435535431,0.06384076178073883
1749220059840171500,4.026171630859375,0.11216834932565689,-0.21607929468154907,0.0026048377621918917
1749220059850162400,4.036162353515625,0.13527873158454895,-0.30394577980041504,0.020195282995700836
1749220059860152600,4.046152587890625,0.11495082080364227,-0.3051742911338806,0.05335430055856705
1749220059870143700,4.056143798828125,0.10856456309556961,-0.1951468586921692,0.06892021000385284
1749220059880133600,4.066133544921875,0.09191208332777023,-0.1354912519454956,0.07062170654535294
1749220059890124500,4.07612451171875,0.07632486522197723,-0.15272057056427002,0.07441218197345734
1749220059900115500,4.086115478515625,0.08485469967126846,-0.14898255467414856,0.08079391717910767
1749220059910105600,4.096105712890625,0.1286008507013321,-0.09943684190511703,0.09299439191818237
1749220059920096500,4.106096435546875,0.16366297006607056,-0.1848609298467636,0.11886779963970184
1749220059930086700,4.116086669921875,0.22322723269462585,-0.31690046191215515,0.14623551070690155
1749220059940077600,4.12607763671875,0.2819613814353943,-0.3829391300678253,0.12998676300048828
1749220059950068500,4.136068359375,0.4284386932849884,-0.0861940085887909,0.050869837403297424
1749220059960058600,4.14605859375,0.515848696231842,0.1740623414516449,0.0614902600646019
1749220059970049500,4.156049560546875,0.4025740921497345,0.31488096714019775,0.14415983855724335
1749220059980039700,4.166039794921875,0.20473237335681915,0.348073273897171,0.17706772685050964
1749220059990030600,4.176030517578125,-0.036967869848012924,0.3215591311454773,0.10797813534736633
1749220060000021800,4.186021728515625,-0.2401452213525772,0.2429114431142807,0.013532320037484169
1749220060010011600,4.19601171875,-0.3660741150379181,0.16000165045261383,-0.05040884390473366
1749220060020002600,4.20600244140625,-0.4594773054122925,0.04911534860730171,-0.062492407858371735
1749220060029992700,4.21599267578125,-0.5363750457763672,-0.07461857795715332,-0.0612388551235199
1749220060039983900,4.22598388671875,-0.47749730944633484,0.09227107465267181,-0.09924349933862686
1749220060049974800,4.235974853515625,-0.25270575284957886,0.4260714054107666,-0.12879686057567596
1749220060059964700,4.245964599609375,-0.06927467882633209,0.3863953649997711,-0.09853962063789368
1749220060069955600,4.25595556640625,-0.07295916229486465,0.2582310140132904,-0.09117438644170761
1749220060079945500,4.265945556640625,-0.05672959238290787,0.03122609667479992,-0.1257219761610031
1749220060089936600,4.2759365234375,-0.0346493236720562,-0.028593027964234352,-0.17712125182151794
1749220060099927600,4.285927490234375,-0.07418874651193619,-0.0001613875647308305,-0.20212113857269287
1749220060109917700,4.295917724609375,-0.0928812026977539,-0.1388188749551773,-0.1669679433107376
1749220060119908600,4.30590869140625,-0.10887695103883743,-0.14986646175384521,-0.1585475653409958
1749220060129898500,4.3158984375,-0.1428319811820984,0.24286511540412903,-0.19598709046840668
1749220060139889700,4.3258896484375,-0.375492125749588,0.08179713040590286,-0.26327264308929443
1749220060149880600,4.335880615234375,-0.26593661308288574,-0.03543096035718918,-0.25906723737716675
1749220060159870700,4.34587060546875,-0.3181542754173279,0.2003685086965561,-0.17366154491901398
1749220060169861600,4.355861572265625,-0.23354457318782806,0.5083865523338318,-0.12031442672014236
1749220060179851500,4.3658515625,-0.02786305546760559,0.2483256608247757,0.04522846266627312
1749220060189842700,4.3758427734375,0.16424646973609924,0.2996405065059662,0.13021498918533325
1749220060199833600,4.38583349609375,0.22147034108638763,0.3362022340297699,0.15756672620773315
1749220060209823500,4.395823486328125,0.21219295263290405,0.3995223641395569,0.15249286592006683
1749220060219814700,4.405814697265625,0.09892604500055313,0.20164737105369568,0.13224032521247864
1749220060229804500,4.415804443359375,-0.05792774632573128,-0.06209825724363327,0.10965538769960403
1749220060239795700,4.425795654296875,-0.11447730660438538,-0.006338323466479778,0.07824686914682388
1749220060249786600,4.43578662109375,-0.1644057184457779,-0.17329668998718262,0.07636614143848419
1749220060259776500,4.445776611328125,-0.2762742042541504,-0.5222099423408508,0.06220265477895737
1749220060269767400,4.455767333984375,-0.25992879271507263,-0.542752742767334,-0.012921391054987907
1749220060279757800,4.4657578125,-0.10791581124067307,-0.3831380605697632,-0.05968117341399193
1749220060289748700,4.475748779296875,-0.004938832018524408,-0.3740164637565613,-0.03928269073367119
1749220060299738600,4.485738525390625,0.06623388081789017,0.09098690003156662,-0.038186799734830856
1749220060309729500,4.4957294921875,0.24454210698604584,0.4153585731983185,-0.057129863649606705
1749220060319720700,4.505720703125,0.6626250743865967,-0.134696826338768,-0.004053597338497639
1749220060329710800,4.5157109375,0.5993773937225342,-0.33048364520072937,-0.1394774615764618
1749220060339701800,4.52570166015625,0.25377875566482544,0.6360635161399841,-0.19547255337238312
1749220060349691600,4.535691650390625,0.025546638295054436,0.7897881269454956,0.002412823960185051
1749220060359682600,4.5456826171875,-0.06765814125537872,0.3060363531112671,0.17155204713344574
1749220060369673700,4.555673828125,-0.04996649548411369,0.05529361590743065,0.05488615110516548
1749220060379663600,4.56566357421875,0.16435033082962036,-0.04848737642168999,-0.10228855162858963
1749220060389654500,4.575654541015625,0.126458078622818,-0.4502555727958679,-0.07024060934782028
1749220060399644700,4.585644775390625,-0.1430482417345047,-1.1159031391143799,0.006807572208344936
1749220060409635600,4.595635498046875,0.08607416599988937,-1.1999913454055786,-0.05952564626932144
1749220060419626800,4.605626708984375,0.2825795114040375,-0.7360095977783203,-0.12590067088603973
1749220060429616600,4.61561669921875,0.3091019093990326,-0.4889822006225586,-0.09228891879320145
1749220060439607600,4.625607666015625,0.00017070861940737814,-0.4053006172180176,-0.0068094367161393166
1749220060449597700,4.63559765625,-0.3544997572898865,-0.38419240713119507,0.013637248426675797
1749220060459588600,4.645588623046875,-0.45415231585502625,-0.21795523166656494,-0.031974710524082184
1749220060469579800,4.655579833984375,-0.2830444872379303,0.34759923815727234,-0.025973010808229446
1749220060479569700,4.665569580078125,0.007218764163553715,0.8100707530975342,0.043544016778469086
1749220060489560600,4.675560546875,0.14639289677143097,1.4637974500656128,0.14459793269634247
1749220060499550500,4.685550537109375,-0.30544087290763855,1.8281525373458862,0.17952261865139008
1749220060509541600,4.695541748046875,-0.5261335968971252,0.9382287263870239,0.27893203496932983
1749220060519532800,4.70553271484375,-0.5187252163887024,0.5649549961090088,0.13706757128238678
1749220060529522700,4.715522705078125,-0.2735404670238495,0.377656489610672,-0.013377058319747448
1749220060539513600,4.725513671875,-0.06009875610470772,0.2819017171859741,-0.05673731490969658
1749220060549503500,4.73550341796875,0.18437090516090393,0.2644774615764618,-0.027297934517264366
1749220060559494700,4.74549462890625,0.24254712462425232,0.09772896021604538,-0.019700201228260994
1749220060569485600,4.755485595703125,0.18047229945659637,-0.04283082112669945,-0.06803657114505768
1749220060579475700,4.765475830078125,0.15095782279968262,-0.1784147471189499,-0.08817300200462341
1749220060589466600,4.775466552734375,0.20879502594470978,-0.30022507905960083,-0.0639217272400856
1749220060599456500,4.78545654296875,0.3003811240196228,-0.44689175486564636,-0.023751135915517807
1749220060609447700,4.79544775390625,0.3187636137008667,-0.6191396713256836,-0.014844725839793682
1749220060619438600,4.8054384765625,0.29521727561950684,-0.6741616725921631,-0.05347840487957001
1749220060629428700,4.8154287109375,0.23501384258270264,-0.6543751358985901,-0.07322946935892105
1749220060639419600,4.825419677734375,0.17907893657684326,-0.5224416255950928,-0.034627217799425125
1749220060649409500,4.835409423828125,0.11445041000843048,-0.2585841417312622,0.016163524240255356
1749220060659400700,4.845400634765625,0.03684057295322418,-0.019699668511748314,0.029823409393429756
1749220060669391600,4.8553916015625,-0.014095845632255077,0.1262761801481247,0.01774890348315239
1749220060679381500,4.865381591796875,-0.03266686573624611,0.24155908823013306,0.009366070851683617
1749220060689372400,4.875372314453125,-0.02081313729286194,0.30338597297668457,0.017306020483374596
1749220060699362600,4.885362548828125,-0.00042317630141042173,0.31602799892425537,0.03013872727751732
1749220060709353700,4.895353759765625,0.014020743779838085,0.2816969156265259,0.027965588495135307
1749220060719344600,4.9053447265625,0.01161457784473896,0.21652165055274963,0.018678613007068634
1749220060729334500,4.91533447265625,0.03021622635424137,0.204201340675354,0.011010040529072285
1749220060739325400,4.925325439453125,0.051538024097681046,0.24656157195568085,0.004265851341187954
1749220060749315800,4.93531591796875,0.05324724316596985,0.3376709818840027,0.009385512210428715
1749220060759306800,4.945306640625,0.017591243609786034,0.38672932982444763,0.043708331882953644
1749220060769297700,4.955297607421875,-0.0700850784778595,0.3866736888885498,0.08047806471586227
1749220060779287600,4.96528759765625,-0.13926441967487335,0.32088080048561096,0.0965379923582077
1749220060789278700,4.97527880859375,-0.14366768300533295,0.2622808814048767,0.08622489869594574
1749220060799268600,4.9852685546875,-0.12684929370880127,0.17146256566047668,0.09427909553050995
1749220060809259800,4.995259765625,-0.08748697489500046,0.061519552022218704,0.11402910202741623
1749220060819250700,5.005250732421875,-0.02611415833234787,0.038599856197834015,0.12646286189556122
1749220060829240600,5.015240478515625,0.05138622596859932,0.09230569750070572,0.14725017547607422
1749220060839231700,5.025231689453125,0.08771893382072449,0.2086930274963379,0.17507115006446838
1749220060849221600,5.0352216796875,0.03794871270656586,0.2459365278482437,0.20783522725105286
1749220060859212500,5.045212646484375,-0.027718447148799896,0.23055864870548248,0.23133255541324615
1749220060869203500,5.055203369140625,-0.05528908967971802,0.18706949055194855,0.23089659214019775
1749220060879193600,5.065193603515625,-0.03917456790804863,0.1876402050256729,0.23067182302474976
1749220060889184800,5.075184814453125,-0.012538428418338299,0.2060769945383072,0.2397225797176361
1749220060899174700,5.085174560546875,-0.040335170924663544,0.032095085829496384,0.2677677869796753
1749220060909165600,5.09516552734375,-0.0972684994339943,-0.22672128677368164,0.28548261523246765
1749220060919156500,5.105156494140625,-0.06750766932964325,-0.22800280153751373,0.26566630601882935
1749220060929146600,5.115146728515625,-0.043660663068294525,-0.27543529868125916,0.2508591115474701
1749220060939137800,5.1251376953125,-0.07908017188310623,-0.3129083812236786,0.26070961356163025
1749220060949127700,5.135127685546875,-0.06750607490539551,-0.18015725910663605,0.2758089303970337
1749220060959118600,5.14511865234375,-0.013949903659522533,0.04507826268672943,0.30653488636016846
1749220060969108500,5.1551083984375,0.023623304441571236,0.22754953801631927,0.34289395809173584
1749220060979099400,5.165099365234375,0.016267120838165283,0.3613765835762024,0.3473169505596161
1749220060989090600,5.175090576171875,-0.03200693428516388,0.3528696298599243,0.30069485306739807
1749220060999084800,5.185084716796875,-0.10230240225791931,0.3643433451652527,0.23003186285495758
1749220061009075700,5.19507568359375,-0.09838702529668808,0.35129010677337646,0.18204303085803986
1749220061019066600,5.205066650390625,-0.10592110455036163,0.36927416920661926,0.17354995012283325
1749220061029056500,5.215056396484375,-0.15907780826091766,0.3664967715740204,0.18719439208507538
1749220061039047700,5.225047607421875,-0.2138528972864151,0.15776778757572174,0.18524335324764252
1749220061049037600,5.23503759765625,-0.24649712443351746,-0.02334234118461609,0.12207557260990143
1749220061059028700,5.24502880859375,-0.15064756572246552,-0.16342274844646454,0.04629133269190788
1749220061069018600,5.2550185546875,-0.030170684680342674,-0.23863840103149414,0.0017249294323846698
1749220061079009500,5.265009521484375,0.10288190841674805,-0.318220317363739,-0.023063506931066513
1749220061089000700,5.275000732421875,0.16203205287456512,-0.3761965334415436,-0.037818219512701035
1749220061098990600,5.284990478515625,0.17946189641952515,-0.3425072729587555,-0.05481158196926117
1749220061108981500,5.2949814453125,0.12984535098075867,-0.24262462556362152,-0.07350191473960876
1749220061118971600,5.3049716796875,0.02400946244597435,-0.13031485676765442,-0.09605436027050018
1749220061128962600,5.314962646484375,-0.13899783790111542,-0.08031374961137772,-0.11185942590236664
1749220061138953700,5.32495361328125,-0.15681171417236328,0.011240404099225998,-0.128814697265625
1749220061148943600,5.334943603515625,-0.2023824006319046,0.018157698214054108,-0.15384230017662048
1749220061158934500,5.3449345703125,-0.14825524389743805,0.005434712860733271,-0.17380587756633759
1749220061168924700,5.354924560546875,-0.07064780592918396,0.010995126329362392,-0.18026937544345856
1749220061178915800,5.364915771484375,-0.02484063431620598,-0.03363252803683281,-0.17035655677318573
1749220061188906800,5.37490673828125,-0.04229898750782013,-0.12798699736595154,-0.16991926729679108
1749220061198896600,5.384896728515625,-0.07134954631328583,-0.14247246086597443,-0.15968367457389832
1749220061208887600,5.394887451171875,-0.11429568380117416,-0.04682929068803787,-0.12662185728549957
1749220061218877400,5.40487744140625,-0.13925643265247345,-0.058386076241731644,-0.07930414378643036
1749220061228868600,5.41486865234375,-0.13181981444358826,-0.11425040662288666,-0.07040306180715561
1749220061238859800,5.42485986328125,-0.07127471268177032,-0.14717960357666016,-0.08854717761278152
1749220061248849700,5.434849609375,0.03677026554942131,-0.1784786581993103,-0.10633203387260437
1749220061258840600,5.444840576171875,0.17591111361980438,-0.16200461983680725,-0.13210263848304749
1749220061268830500,5.45483056640625,0.3242478370666504,-0.12734836339950562,-0.16328959167003632
1749220061278821600,5.464821533203125,0.4687115550041199,-0.10344570130109787,-0.18820905685424805
1749220061288812500,5.4748125,0.5717098712921143,-0.2244940847158432,-0.2056647390127182
1749220061298802700,5.484802734375,0.5589940547943115,-0.43301987648010254,-0.2479647994041443
1749220061308793600,5.494793701171875,0.3627867102622986,-0.7585101127624512,-0.2788148522377014
1749220061318783500,5.504783447265625,0.13905109465122223,-1.145419716835022,-0.250524640083313
1749220061328774700,5.514774658203125,-0.01817953586578369,-1.3105205297470093,-0.2463216334581375
1749220061338765600,5.524765625,-0.06319867819547653,-1.3450795412063599,-0.2061489075422287
1749220061348755700,5.534755615234375,0.10784364491701126,-1.1246808767318726,-0.21239082515239716
1749220061358746600,5.54474658203125,0.31746265292167664,-1.0032119750976562,-0.21563908457756042
1749220061368736800,5.55473681640625,0.3894071578979492,-0.5137024521827698,-0.18526174128055573
1749220061378727700,5.564727783203125,0.34536537528038025,-0.1643947958946228,-0.06479950249195099
1749220061388718600,5.574718505859375,0.09449907392263412,0.16997918486595154,-0.047744620591402054
1749220061398708500,5.58470849609375,-0.05217185616493225,0.14529727399349213,-0.06013071537017822
1749220061408699400,5.594699462890625,-0.16145680844783783,0.16718819737434387,-0.06570843607187271
1749220061418689800,5.604689697265625,-0.16015025973320007,0.24531148374080658,-0.03539926931262016
1749220061428680700,5.6146806640625,-0.07862556725740433,0.2682096064090729,0.025229988619685173
1749220061438671600,5.624671630859375,-0.04126514866948128,0.33755195140838623,0.040821466594934464
1749220061448661500,5.63466162109375,-0.027402862906455994,0.41598284244537354,0.030100377276539803
1749220061458652700,5.644652587890625,-0.052018459886312485,0.46633973717689514,0.027719778940081596
1749220061468642800,5.654642822265625,-0.04781998693943024,0.5904601216316223,0.03864459693431854
1749220061478633700,5.6646337890625,-0.02545103058218956,0.6059191823005676,0.06525517255067825
1749220061488624600,5.674624755859375,-0.0814109668135643,0.2957192659378052,0.07627559453248978
1749220061498614500,5.684614501953125,-0.105228953063488,-0.12466177344322205,0.046957921236753464
1749220061508605700,5.694605712890625,-0.021630993112921715,-0.4109760820865631,-0.006696518510580063
1749220061518595600,5.704595703125,0.11893650889396667,-0.06405141949653625,-0.11597347259521484
1749220061528586800,5.714586669921875,0.19810189306735992,0.47527411580085754,-0.05639802664518356
1749220061538577700,5.72457763671875,0.05555780231952667,1.2014307975769043,0.05421024188399315
1749220061548567600,5.734567626953125,-0.1251954734325409,1.5716359615325928,0.2131170630455017
1749220061558558700,5.744558837890625,-0.3456399440765381,0.8523827791213989,0.24261769652366638
1749220061568548600,5.754548583984375,-0.4510507881641388,0.22665497660636902,-0.005394232925027609
1749220061578539500,5.76453955078125,-0.14508715271949768,0.24492639303207397,-0.15074583888053894
1749220061588530400,5.774530517578125,0.1937505602836609,0.3564388155937195,0.011727229692041874
1749220061598520600,5.7845205078125,0.2693188190460205,0.34101831912994385,0.1112666055560112
1749220061608511700,5.79451171875,0.1794738918542862,0.26978060603141785,0.01101696491241455
1749220061618501600,5.804501708984375,0.07477650046348572,0.30655166506767273,-0.07961013913154602
1749220061628492500,5.814492431640625,0.05337853729724884,0.4326230585575104,0.0014325142838060856
1749220061638483500,5.8244833984375,0.05678871273994446,0.44717615842819214,0.10290507972240448
1749220061648473900,5.834473876953125,0.03873914107680321,0.2801400423049927,0.08233056217432022
1749220061658464800,5.84446484375,0.0015534218400716782,0.1114378422498703,0.009826531633734703
1749220061668454700,5.85445458984375,0.022648587822914124,0.04496587812900543,-0.0006404902087524533
1749220061678445600,5.864445556640625,0.0639403685927391,0.1083080992102623,0.023693611845374107
1749220061688436700,5.874436767578125,0.06060821935534477,0.09941793233156204,0.01563701592385769
1749220061698426600,5.884426513671875,-0.05182031914591789,-0.02996508963406086,0.013307283632457256
1749220061708417500,5.89441748046875,-0.03140479326248169,0.20675291121006012,-0.0018471685471013188
1749220061718407700,5.90440771484375,0.10783857852220535,0.357856422662735,0.07571766525506973
1749220061728398600,5.914398681640625,-0.0473715104162693,-0.06175524368882179,0.012800750322639942
1749220061738389800,5.9243896484375,-0.06360800564289093,-0.35414156317710876,-0.06586582958698273
1749220061748379600,5.934379638671875,0.06295233219861984,-0.2649048864841461,-0.04820907488465309
1749220061758370600,5.94437060546875,0.1497010737657547,-0.28493693470954895,0.0030085730832070112
1749220061768360700,5.954360595703125,0.10555438697338104,-0.4511229693889618,-0.027455326169729233
1749220061778351600,5.9643515625,0.04312323406338692,-0.5823968648910522,-0.08755487948656082
1749220061788342800,5.9743427734375,-0.08994586765766144,-0.8544954657554626,-0.07542737573385239
1749220061798332700,5.984332763671875,-0.16630056500434875,-1.0412882566452026,-0.049978744238615036
1749220061808323600,5.994323486328125,-0.17493000626564026,-1.3143149614334106,-0.014080132357776165
1749220061818313500,6.0043134765625,-0.19249701499938965,-1.7225322723388672,0.015571769326925278
1749220061828304600,6.0143046875,-0.08729362487792969,-1.6773052215576172,0.0545218326151371
1749220061838294800,6.024294677734375,0.05513649061322212,-1.4771283864974976,0.15295758843421936
1749220061848285700,6.03428564453125,0.07539888471364975,-1.283805251121521,0.23216506838798523
1749220061858276600,6.044276611328125,0.07967938482761383,-0.7987781167030334,0.24829955399036407
1749220061868266500,6.0542666015625,-0.03350336477160454,-0.3137938678264618,0.2749849557876587
1749220061878257400,6.06425732421875,-0.4022291898727417,-0.1834462583065033,0.14017388224601746
1749220061888248600,6.07424853515625,-0.6588178277015686,-0.3690648674964905,0.26696139574050903
1749220061898238700,6.08423876953125,-0.33084821701049805,-0.004740160424262285,0.28728318214416504
1749220061908229600,6.094229736328125,-0.19429278373718262,-0.22118830680847168,0.21205419301986694
1749220061918219500,6.104219482421875,-0.0969153642654419,-0.5133402943611145,0.08788245171308517
1749220061928210700,6.114210693359375,0.043357860296964645,-0.4000808298587799,0.019175292924046516
1749220061938201600,6.12420166015625,0.07528144121170044,-0.268013596534729,0.07094740867614746
1749220061948191700,6.134191650390625,0.011902199126780033,-0.11530155688524246,0.11204451322555542
1749220061958182700,6.1441826171875,-0.08755221962928772,-0.04188859462738037,0.05627845227718353
1749220061968172500,6.154172607421875,-0.23494300246238708,-0.16160248219966888,-0.021767878904938698
1749220061978163700,6.164163818359375,-0.19132734835147858,0.13408084213733673,-0.08176223933696747
1749220061988153600,6.174153564453125,-0.11553005874156952,0.2387140393257141,-0.10320281982421875
1749220061998140700,6.184140625,-0.07257965952157974,0.17897987365722656,-0.15903759002685547
1749220062008131600,6.194131591796875,0.004811533261090517,0.05937064811587334,-0.25714683532714844
1749220062018121500,6.20412158203125,0.16318413615226746,0.09923843294382095,-0.33173054456710815
1749220062028112600,6.214112548828125,0.2843249440193176,0.03310788422822952,-0.3388872444629669
1749220062038102500,6.2241025390625,0.3708169460296631,-0.04981549456715584,-0.42273473739624023
1749220062048093400,6.234093505859375,0.380232036113739,-0.16242273151874542,-0.47447091341018677
1749220062058084600,6.244084716796875,0.36023274064064026,-0.1558159589767456,-0.4566114842891693
1749220062068074800,6.25407470703125,0.3182362914085388,-0.049250371754169464,-0.41882842779159546
1749220062078065700,6.264065673828125,0.33942732214927673,0.10468513518571854,-0.24050980806350708
1749220062088055600,6.2740556640625,0.45708632469177246,0.2179725468158722,-0.0032434638123959303
1749220062098046500,6.28404638671875,0.5649102330207825,0.42758461833000183,0.0523042157292366
1749220062108037400,6.294037353515625,0.5093756318092346,0.5862759947776794,0.053828876465559006
1749220062118027800,6.30402783203125,0.4150469899177551,0.4103638231754303,0.012663597241044044
1749220062128018700,6.314018798828125,0.2767796814441681,0.24600949883460999,-0.055568452924489975
1749220062138008600,6.324008544921875,0.19035902619361877,-0.015976037830114365,-0.03386954963207245
1749220062147999500,6.33399951171875,0.20875747501850128,-0.06623467803001404,0.10847161710262299
1749220062157990700,6.34399072265625,0.28523945808410645,0.1859395056962967,0.3765363395214081
1749220062167980500,6.35398046875,0.0559154637157917,0.40639305114746094,0.5005834698677063
1749220062177971700,6.3639716796875,-0.24254925549030304,0.28576889634132385,0.5111823081970215
1749220062187961600,6.373961669921875,-0.2609567642211914,0.372913658618927,0.5263335704803467
1749220062197952500,6.383952392578125,-0.23201432824134827,0.2970905303955078,0.5842450857162476
1749220062207943700,6.393943603515625,-0.17247483134269714,0.07743726670742035,0.6130216121673584
1749220062217933600,6.40393359375,-0.06692390888929367,0.04459037259221077,0.611190140247345
1749220062227924500,6.413924560546875,-0.05157450959086418,0.011983691714704037,0.6064643859863281
1749220062237914600,6.42391455078125,-0.161294087767601,-0.028477447107434273,0.5731902718544006
1749220062247905500,6.433905517578125,-0.25749945640563965,-0.08501928299665451,0.49770140647888184
1749220062257896700,6.443896728515625,-0.2748315632343292,-0.059665728360414505,0.42807838320732117
1749220062267886600,6.453886474609375,-0.24001125991344452,-0.03251107037067413,0.38061603903770447
1749220062277877500,6.46387744140625,-0.18290430307388306,0.05579029396176338,0.356965035200119
1749220062287867600,6.47386767578125,-0.12260181456804276,0.18265609443187714,0.34980008006095886
1749220062297858600,6.483858642578125,-0.12469080090522766,0.28424397110939026,0.2931879460811615
1749220062307849700,6.493849609375,-0.18853209912776947,0.30069592595100403,0.20943871140480042
1749220062317839600,6.503839599609375,-0.24508805572986603,0.22802092134952545,0.09100846946239471
1749220062327830500,6.51383056640625,-0.2765461206436157,0.09375978261232376,0.0008074704091995955
1749220062337820400,6.5238203125,-0.25172170996665955,-0.01398692186921835,-0.028475049883127213
1749220062347811600,6.5338115234375,-0.1089794784784317,-0.15323854982852936,-0.02714054100215435
1749220062357802800,6.543802734375,0.09667487442493439,-0.2862163186073303,-0.04199378937482834
1749220062367792600,6.553792724609375,0.27485713362693787,-0.32790622115135193,-0.0964604914188385
1749220062377783600,6.563783447265625,0.37478771805763245,-0.5035720467567444,-0.16220808029174805
1749220062387773400,6.5737734375,0.39470523595809937,-0.6312679648399353,-0.2177024930715561
1749220062397764600,6.5837646484375,0.3676632344722748,-0.5952678918838501,-0.26958540081977844
1749220062407755500,6.593755615234375,0.3370400667190552,-0.5230041146278381,-0.33095183968544006
1749220062417745700,6.60374560546875,0.2870650589466095,-0.45955613255500793,-0.3856686055660248
1749220062427736600,6.613736572265625,0.27204668521881104,-0.2506133019924164,-0.3902910351753235
1749220062437726500,6.6237265625,0.2464694380760193,-0.03371082618832588,-0.3298726975917816
1749220062447717600,6.633717529296875,0.17662324011325836,0.044266797602176666,-0.2801932990550995
1749220062457708500,6.64370849609375,0.11013316363096237,0.15242256224155426,-0.28349801898002625
1749220062467698700,6.65369873046875,0.04066833481192589,0.12802454829216003,-0.3195260763168335
1749220062477689600,6.663689697265625,-0.00032916670897975564,0.12567058205604553,-0.35498979687690735
1749220062487679500,6.673679443359375,0.007626228034496307,0.1585470288991928,-0.3596380650997162
1749220062497670700,6.683670654296875,-0.0007837683078832924,0.2047100067138672,-0.31284311413764954
1749220062507661600,6.69366162109375,-0.057256631553173065,0.03772633895277977,-0.25881585478782654
1749220062517651500,6.7036513671875,-0.08388238400220871,-0.26541516184806824,-0.27165842056274414
1749220062527642400,6.713642333984375,-0.0019715381786227226,-0.648032546043396,-0.36303865909576416
1749220062537632800,6.7236328125,0.29870840907096863,-0.7090929746627808,-0.4060468375682831
1749220062547623700,6.733623779296875,0.5268009305000305,-0.5348594188690186,-0.30316227674484253
1749220062557614600,6.743614501953125,0.6031972169876099,-0.08106662333011627,-0.16708992421627045
1749220062567604500,6.7536044921875,0.543269693851471,0.7138358354568481,-0.05842096358537674
1749220062577595400,6.763595458984375,0.14439792931079865,0.5033358335494995,0.08311033248901367
1749220062587585800,6.773585693359375,-0.13521242141723633,0.7877103090286255,0.043117642402648926
1749220062597576700,6.78357666015625,-0.19428372383117676,0.9356803297996521,0.031742483377456665
1749220062607567600,6.793567626953125,-0.22201362252235413,0.8110049962997437,0.04861680418252945
1749220062617557500,6.8035576171875,-0.054734617471694946,0.7142289280891418,0.12456989288330078
1749220062627548700,6.813548583984375,0.013276124373078346,0.6772847175598145,0.19746381044387817
1749220062637538600,6.82353857421875,-0.018437862396240234,0.4405238628387451,0.19090764224529266
1749220062647529700,6.83352978515625,-0.05385417863726616,0.16036704182624817,0.12354404479265213
1749220062657520600,6.843520751953125,-0.05444033816456795,-0.056836117058992386,0.056355416774749756
1749220062667510500,6.853510498046875,-0.049743589013814926,-0.35861220955848694,0.054239269345998764
1749220062677501700,6.863501708984375,-0.03500645235180855,-0.5445564985275269,0.08973760902881622
1749220062687491600,6.87349169921875,-0.02231462672352791,-0.49949848651885986,0.09277813881635666
1749220062697482500,6.883482421875,-0.04248940199613571,-0.4521397650241852,0.05763879418373108
1749220062707473400,6.893473388671875,-0.2843824625015259,-0.4472406208515167,0.07965248078107834
1749220062717463600,6.903463623046875,-0.44886115193367004,-0.5894571542739868,0.08322910964488983
1749220062727454700,6.913454833984375,-0.3678176999092102,-0.6398627758026123,0.025243571028113365
1749220062737444600,6.923444580078125,-0.1119459718465805,-0.44638413190841675,-0.04290752112865448
1749220062747435500,6.933435546875,0.14586639404296875,-0.33262935280799866,-0.07320524007081985
1749220062757426400,6.943426513671875,0.2741498053073883,-0.42126786708831787,-0.06017758697271347
1749220062767416600,6.95341650390625,0.2089332491159439,-0.24575863778591156,-0.06929917633533478
1749220062777407700,6.96340771484375,0.21894273161888123,0.0886816680431366,-0.07406677305698395
1749220062787397600,6.973397705078125,0.10740209370851517,0.3289179801940918,-0.06262343376874924
1749220062797388500,6.983388427734375,-0.04791292920708656,0.6735565662384033,-0.006514624692499638
1749220062807379500,6.99337939453125,-0.14814259111881256,0.9014608263969421,0.10670433938503265
1749220062817369600,7.00336962890625,-0.2264866679906845,1.0314390659332275,0.2268800139427185
1749220062827360500,7.013360595703125,-0.24242275953292847,1.0120688676834106,0.29266461730003357
1749220062837351700,7.0233515625,-0.20810739696025848,0.8907772898674011,0.24367524683475494
1749220062847341600,7.033341552734375,-0.2541683614253998,0.6793750524520874,0.14745017886161804
1749220062857332700,7.043332763671875,-0.2936609089374542,0.3259626626968384,0.04256210848689079
1749220062867322600,7.053322509765625,-0.383638471364975,-0.4349338710308075,-0.03795750066637993
1749220062877313500,7.0633134765625,-0.2904494106769562,-0.7367653846740723,-0.18268725275993347
1749220062887304400,7.073304443359375,-0.0858754962682724,-1.006897211074829,-0.2321389615535736
1749220062897294600,7.083294677734375,0.028440695255994797,-1.091106653213501,-0.18368513882160187
1749220062907285800,7.09328564453125,-0.01937902346253395,-0.7015573382377625,-0.20085693895816803
1749220062917275600,7.103275634765625,-0.015742743387818336,-0.4114716947078705,-0.06811407208442688
1749220062927266600,7.1132666015625,0.09190302342176437,-0.11290071904659271,0.09830393642187119
1749220062937257500,7.123257568359375,0.1379605382680893,-0.01654009521007538,0.1151186004281044
1749220062947247600,7.13324755859375,0.04610038176178932,-0.0768074318766594,0.16351835429668427
1749220062957238800,7.14323876953125,-0.08188634365797043,-0.016809340566396713,0.202949658036232
1749220062967228700,7.153228759765625,-0.09090354293584824,0.13673999905586243,0.14998950064182281
1749220062977219600,7.163219482421875,-0.0327741913497448,0.2839108109474182,0.06304687261581421
1749220062987210500,7.17321044921875,0.0034298852551728487,0.32367339730262756,0.018797922879457474
1749220062997200400,7.183200439453125,0.0070555126294493675,0.2528761923313141,0.019049057736992836
1749220063007191600,7.193191650390625,0.0023214775137603283,0.10854218900203705,-0.0032682311721146107
1749220063017181700,7.203181640625,0.04068271443247795,-0.032459937036037445,-0.035830967128276825
1749220063027172600,7.213172607421875,0.12682345509529114,-0.1905587613582611,-0.05481264740228653
1749220063037163500,7.22316357421875,0.20337921380996704,-0.31639233231544495,-0.058389805257320404
1749220063047153400,7.2331533203125,0.24516448378562927,-0.4571838080883026,-0.0638093426823616
1749220063057144600,7.24314453125,0.22308768332004547,-0.6510299444198608,-0.08733543753623962
1749220063067134700,7.253134765625,0.1666204035282135,-0.7446587085723877,-0.12508201599121094
1749220063077125600,7.263125732421875,0.1298847645521164,-0.7003682255744934,-0.15213041007518768
1749220063087116500,7.273116455078125,0.11393189430236816,-0.5970697999000549,-0.0972229540348053
1749220063097106700,7.283106689453125,0.11241576075553894,-0.5850592255592346,0.09177998453378677
1749220063107097600,7.29309765625,0.01404657680541277,-0.31692469120025635,0.03213130310177803
1749220063117087500,7.30308740234375,0.036734577268362045,-0.11206848174333572,-0.01931723952293396
1749220063127078700,7.31307861328125,-0.02426113188266754,0.024235831573605537,0.04857978597283363
1749220063137069800,7.32306982421875,-0.06721525639295578,0.07069281488656998,0.11386078596115112
1749220063147059700,7.333059814453125,-0.06204605847597122,0.1142437532544136,0.08483686298131943
1749220063157050600,7.343050537109375,-0.03341921046376228,0.10871316492557526,0.06830555200576782
1749220063167040500,7.35304052734375,-0.020387297496199608,0.06602988392114639,0.08862334489822388
1749220063177031400,7.363031494140625,-0.016038887202739716,0.03359337896108627,0.09253845363855362
1749220063187022600,7.373022705078125,-0.013439375907182693,0.013470535166561604,0.07003474235534668
1749220063197012700,7.3830126953125,-0.007349259220063686,0.0017965685110539198,0.06244500353932381
1749220063207003600,7.393003662109375,-0.00923158135265112,0.005619269795715809,0.06607915461063385
1749220063216993500,7.40299365234375,-0.00996182020753622,0.011085940524935722,0.058514710515737534
1749220063226984400,7.412984375,-0.013627128675580025,-0.009047024883329868,0.05065146088600159
1749220063236975600,7.4229755859375,0.048519864678382874,-0.2075800895690918,0.09587059915065765
1749220063246965800,7.4329658203125,0.14264848828315735,-0.4199591875076294,0.07202146202325821
1749220063256956700,7.442956787109375,0.06644826382398605,-0.5448651909828186,-0.02851046994328499
1749220063266946600,7.452946533203125,0.03139147907495499,-0.36625733971595764,-0.04513738304376602
1749220063276937500,7.4629375,-0.019878633320331573,0.23046356439590454,-0.00996261928230524
1749220063286928600,7.4729287109375,-0.13338309526443481,0.9107483625411987,0.07643192261457443
1749220063296918500,7.48291845703125,-0.17927788197994232,1.1089634895324707,0.18750996887683868
1749220063306909400,7.492909423828125,-0.17964379489421844,0.6734103560447693,0.1566186398267746
1749220063316899600,7.502899658203125,-0.16497643291950226,0.1912146955728531,0.06359921395778656
1749220063326890800,7.512890869140625,0.031923044472932816,-0.16196706891059875,0.008155131712555885
1749220063336881700,7.522881591796875,0.16222086548805237,-0.31039008498191833,0.022589998319745064
1749220063346871600,7.53287158203125,0.1337902843952179,-0.4127556085586548,0.018033862113952637
1749220063356862500,7.542862548828125,0.03280668333172798,-0.3722499907016754,-0.01846476085484028
1749220063366852600,7.5528525390625,-0.008079498074948788,-0.15786713361740112,-0.018977951258420944
1749220063376843800,7.56284375,-0.02160169929265976,0.05493062734603882,0.0020817930344492197
1749220063386834700,7.572834716796875,-0.05120087042450905,0.20062631368637085,-0.003001915058121085
1749220063396824600,7.582824462890625,-0.0556587353348732,0.26854464411735535,-0.04938938841223717
1749220063406815500,7.5928154296875,-0.11473563313484192,0.181022509932518,-0.08291538804769516
1749220063416805600,7.6028056640625,-0.1300983428955078,-0.06058691442012787,-0.1312272548675537
1749220063426796800,7.612796875,-0.06198054552078247,0.0919158086180687,-0.2182263433933258
1749220063436787700,7.62278759765625,0.04740426689386368,0.28401681780815125,-0.14814792573451996
1749220063446777600,7.632777587890625,0.014023407362401485,0.2975352704524994,-0.09512384980916977
1749220063456768500,7.6427685546875,-0.08323443681001663,0.07166353613138199,-0.13484463095664978
1749220063466759700,7.652759765625,-0.12364976853132248,-0.28009796142578125,-0.14088228344917297
1749220063476749600,7.66274951171875,-0.0691087618470192,-0.24121502041816711,-0.14843527972698212
1749220063486740500,7.672740478515625,0.05975281074643135,-0.42663708329200745,-0.12323085218667984
1749220063496730600,7.682730712890625,0.08422912657260895,-0.4189453423023224,-0.12754596769809723
1749220063506721500,7.692721435546875,-0.10584733635187149,-1.165229082107544,-0.06572069227695465
1749220063516711400,7.70271142578125,-0.11017124354839325,-0.11482032388448715,-0.19142748415470123
1749220063526702600,7.71270263671875,0.2965232729911804,-0.002802977105602622,0.0528741329908371
1749220063536693500,7.722693603515625,0.19182269275188446,0.1723312884569168,0.06515796482563019
1749220063546683600,7.73268359375,0.09021138399839401,0.10565825551748276,0.12417734414339066
1749220063556674600,7.742674560546875,0.04511261731386185,0.23647113144397736,0.23356828093528748
1749220063566665700,7.752665771484375,-0.06162421405315399,0.10567370057106018,0.22615164518356323
1749220063576655600,7.762655517578125,-0.15156342089176178,-0.005178516730666161,0.24144670367240906
1749220063586646500,7.772646484375,-0.17600831389427185,-0.030231937766075134,0.26145583391189575
1749220063596636400,7.782636474609375,-0.15852412581443787,0.12257944792509079,0.24800261855125427
1749220063606627600,7.792627685546875,-0.10265181213617325,0.35764363408088684,0.2533041536808014
1749220063616617700,7.80261767578125,-0.08990804851055145,0.47843635082244873,0.25810450315475464
1749220063626608600,7.812608642578125,-0.07307447493076324,0.5402565598487854,0.23700295388698578
1749220063636599600,7.822599609375,-0.026436401531100273,0.5796716213226318,0.2107042372226715
1749220063646589400,7.83258935546875,0.03123781457543373,0.570910632610321,0.17851994931697845
1749220063656580600,7.84258056640625,0.05293778330087662,0.4744440019130707,0.14656387269496918
1749220063666571500,7.852571533203125,0.04182947054505348,0.29007843136787415,0.1048465222120285
1749220063676561700,7.862561767578125,0.05211886018514633,0.06744322180747986,0.06594172865152359
1749220063686552600,7.872552490234375,0.09060712903738022,-0.15827779471874237,0.03451962769031525
1749220063696542500,7.88254248046875,0.15914997458457947,-0.2993297278881073,-0.004246144089847803
1749220063706533600,7.89253369140625,0.14458008110523224,-0.5691888928413391,-0.021313810721039772
1749220063716524500,7.902524658203125,0.12350542843341827,-0.6339830756187439,-0.059064384549856186
1749220063726514700,7.9125146484375,0.12049472332000732,-0.6140421032905579,-0.0804692730307579
1749220063736505600,7.922505615234375,0.04692809283733368,-0.4937575161457062,-0.07111332565546036
1749220063746495500,7.93249560546875,-0.07696322351694107,-0.2458134889602661,-0.06609619408845901
1749220063756486700,7.942486572265625,-0.2216314673423767,-0.14227059483528137,-0.0640394389629364
1749220063766477600,7.9524775390625,-0.3092784881591797,-0.10808039456605911,-0.08820363134145737
1749220063776467500,7.962467529296875,-0.24960477650165558,-0.03507090359926224,-0.09737555682659149
1749220063786458400,7.972458251953125,-0.07347235083580017,-0.08907368034124374,-0.09211447834968567
1749220063796448800,7.98244873046875,0.09763361513614655,-0.08939433097839355,-0.09155761450529099
1749220063806439700,7.992439697265625,0.22227807343006134,-0.2013339102268219,-0.06277736276388168
1749220063816430600,8.0024306640625,0.2002478688955307,-0.20598112046718597,-0.06796067208051682
1749220063826420500,8.01242041015625,0.1395682841539383,-0.1966203898191452,-0.06255286186933517
1749220063836411400,8.022411376953125,0.07715603709220886,-0.1297667771577835,-0.030222883448004723
1749220063846401800,8.03240185546875,0.020383834838867188,-0.0024639565963298082,0.007051517721265554
1749220063856392700,8.042392822265626,-0.019512448459863663,0.08624673634767532,0.019589679315686226
1749220063866383600,8.052383544921875,-0.046654053032398224,0.09995216131210327,0.014507037587463856
1749220063876373500,8.06237353515625,-0.0555356964468956,0.05399186164140701,0.025606026872992516
1749220063886364700,8.07236474609375,-0.04644712805747986,0.0012948289513587952,0.04097326472401619
1749220063896354600,8.0823544921875,-0.03427994251251221,-0.05318892002105713,0.03554760664701462
1749220063906345700,8.092345703125,-0.02695971168577671,-0.08503233641386032,0.029469475150108337
1749220063916336600,8.102336669921876,-0.02551388181746006,-0.07991187274456024,0.03904593735933304
1749220063926326500,8.112326416015625,-0.02522199973464012,-0.03508688136935234,0.048779524862766266
1749220063936317700,8.122317626953125,-0.033718280494213104,0.018602445721626282,0.04940483346581459
1749220063946307600,8.1323076171875,-0.04434908926486969,0.05951978638768196,0.05296920984983444
1749220063956298500,8.142298583984376,-0.05054546520113945,0.08032146841287613,0.049969691783189774
1749220063966289400,8.152289306640625,-0.0416390560567379,0.07729585468769073,0.05083228647708893
1749220063976279600,8.162279541015625,-0.031438350677490234,0.05546299368143082,0.04201775789260864
1749220063986270700,8.172270751953125,-0.02611176110804081,0.036372654139995575,0.03666293993592262
1749220063996261600,8.18226171875,-0.020730046555399895,0.027411917224526405,0.02701910026371479
1749220064006255000,8.192255126953125,-0.021247498691082,0.03627012297511101,0.0235252995043993
1749220064016246000,8.20224609375,-0.023861391469836235,0.04288994148373604,0.019458387047052383
1749220064026236200,8.212236083984376,-0.023088008165359497,0.04607348516583443,0.016764599829912186
1749220064036227300,8.222227294921876,-0.02016572281718254,0.04909244552254677,0.010445983149111271
1749220064046217200,8.23221728515625,-0.008582568727433681,0.04743995517492294,0.003659449517726898
1749220064056208100,8.2422080078125,-0.005246161017566919,0.04595870152115822,-0.0013307816116139293
1749220064066199000,8.252198974609374,-0.0014583469601348042,0.053340453654527664,-0.008947156369686127
1749220064076189000,8.26218896484375,-0.0000804274677648209,0.054845936596393585,-0.01600080356001854
1749220064086180000,8.27218017578125,0.007143929600715637,0.0457800067961216,-0.023547137156128883
1749220064096171300,8.282171142578125,0.015244199894368649,0.0380118303000927,-0.04080655053257942
1749220064106161200,8.2921611328125,0.025961292907595634,0.010882209055125713,-0.0706014633178711
1749220064116152000,8.302152099609375,0.040098682045936584,-0.022474948316812515,-0.10472481697797775
1749220064126142000,8.312141845703126,0.054130878299474716,-0.047682300209999084,-0.14215074479579926
1749220064136133000,8.322133056640626,0.07075193524360657,-0.06544212251901627,-0.18179883062839508
1749220064146124000,8.3321240234375,0.08441634476184845,-0.07445372641086578,-0.21826282143592834
1749220064156114200,8.3421142578125,0.09881339222192764,-0.07609157264232635,-0.24992647767066956
1749220064166105000,8.35210498046875,0.11093397438526154,-0.08397532999515533,-0.2830604612827301
1749220064176095200,8.36209521484375,0.12825357913970947,-0.09959450364112854,-0.3099709153175354
1749220064186086100,8.372086181640626,0.14125646650791168,-0.11680704355239868,-0.32576984167099
1749220064196077000,8.3820771484375,0.1486816257238388,-0.1393056958913803,-0.3280777335166931
1749220064206067200,8.392067138671875,0.15143799781799316,-0.15089017152786255,-0.3128686845302582
1749220064216058000,8.40205810546875,0.1415880173444748,-0.15272003412246704,-0.28942862153053284
1749220064226048300,8.41204833984375,0.1291974037885666,-0.1450735628604889,-0.2603311836719513
1749220064236039200,8.4220390625,0.10949186980724335,-0.13253673911094666,-0.22680358588695526
1749220064246030000,8.432030029296875,0.08977702260017395,-0.11906939744949341,-0.1847836971282959
1749220064256020000,8.44202001953125,0.05879407376050949,-0.0906556025147438,-0.13959038257598877
1749220064266011100,8.45201123046875,0.02839435636997223,-0.059432968497276306,-0.09785731881856918
1749220064276001300,8.462001220703126,0.004738296382129192,-0.029386650770902634,-0.05349944531917572
1749220064285992200,8.4719921875,-0.017401359975337982,-0.01062388252466917,-0.010933874174952507
1749220064295983000,8.481983154296875,-0.030977090820670128,0.00025992453447543085,0.019214972853660583
1749220064305973000,8.491972900390625,-0.03664882481098175,0.004523645620793104,0.03783819079399109
1749220064315964200,8.501964111328125,-0.042243592441082,0.009593505412340164,0.05867582932114601
1749220064325954300,8.511954345703124,-0.04218420386314392,0.01576937548816204,0.07270882278680801
1749220064335945200,8.5219453125,-0.04008110612630844,0.025974875316023827,0.08187355846166611
1749220064345936100,8.53193603515625,-0.04071760177612305,0.03407301381230354,0.08581504225730896
1749220064355926000,8.541926025390625,-0.03632844612002373,0.04055408388376236,0.09454328566789627
1749220064365917200,8.551917236328125,-0.03305435553193092,0.0410800576210022,0.09641175717115402
1749220064375907000,8.561906982421876,-0.03014778159558773,0.03134673833847046,0.08864171802997589
1749220064385898200,8.571898193359376,-0.02851180173456669,0.026514697819948196,0.09069980680942535
1749220064395889200,8.58188916015625,-0.025370869785547256,0.027663851156830788,0.09521865844726562
1749220064405879000,8.591879150390625,-0.02057025581598282,0.03424425795674324,0.092033252120018
1749220064415870200,8.6018701171875,-0.02124669961631298,0.03788985684514046,0.09346656501293182
1749220064425861000,8.611861083984374,-0.02369946986436844,0.043241214007139206,0.09255523234605789
1749220064435851000,8.62185107421875,-0.026018816977739334,0.053169745951890945,0.09007076919078827
1749220064445842000,8.631842041015625,-0.02612001821398735,0.052797701209783554,0.08776047825813293
1749220064455832300,8.641832275390625,-0.024398284032940865,0.04303162172436714,0.08145438134670258
1749220064465823200,8.6518232421875,-0.022601183503866196,0.03193769231438637,0.07060785591602325
1749220064475814100,8.661814208984374,-0.019690347835421562,0.013235111720860004,0.0639725923538208
1749220064485804000,8.671803955078126,-0.014569621533155441,-0.0008620652370154858,0.05582677945494652
1749220064495795200,8.681795166015625,-0.010926683433353901,-0.012088088318705559,0.04488598182797432
1749220064505785300,8.691785400390625,-0.0139019675552845,-0.020008329302072525,0.037517014890909195
1749220064515776300,8.7017763671875,-0.01019697729498148,-0.029194103553891182,0.028663601726293564
1749220064525767200,8.71176708984375,-0.00872238539159298,-0.029203958809375763,0.02196255698800087
1749220064535757000,8.721757080078126,-0.007847536355257034,-0.02828117273747921,0.01721041277050972
1749220064545748200,8.731748291015625,-0.007648332044482231,-0.032937709242105484,0.011027084663510323
1749220064555738000,8.741738037109375,-0.00938950665295124,-0.03507675975561142,0.0032711606472730637
1749220064565729000,8.75172900390625,-0.006868026219308376,-0.032768864184617996,-0.0009960222523659468
1749220064575720200,8.76172021484375,-0.0021811288315802813,-0.034158237278461456,-0.0019896477460861206
1749220064585710000,8.7717099609375,-0.0021254688035696745,-0.030672958120703697,-0.008569253608584404
1749220064595701200,8.781701171875,-0.004416053649038076,-0.03410736843943596,-0.010625746101140976
1749220064605692200,8.791692138671875,-0.004908205941319466,-0.03328818082809448,-0.01200845930725336
1749220064615682000,8.80168212890625,-0.0039880839176476,-0.03570633381605148,-0.0171480942517519
1749220064625673000,8.8116728515625,-0.0028493159916251898,-0.0441802442073822,-0.02046079933643341
1749220064635663000,8.8216630859375,-0.0025012409314513206,-0.0575072355568409,-0.021620340645313263
1749220064645654300,8.831654296875,-0.0018852517241612077,-0.07017509639263153,-0.020682642236351967
1749220064655645200,8.841645263671875,-0.0043534692376852036,-0.0767831951379776,-0.015567507594823837
1749220064665635000,8.851635009765625,-0.0017566210590302944,-0.08417373150587082,-0.008490423671901226
1749220064675626000,8.8616259765625,-0.0057372478768229485,-0.08726992458105087,-0.0023640880826860666
1749220064685616000,8.8716162109375,-0.007662979885935783,-0.08215798437595367,0.009037969633936882
1749220064695607300,8.881607177734375,-0.008609733544290066,-0.07114075869321823,0.019575033336877823
1749220064705598200,8.89159814453125,-0.013350958935916424,-0.06343542784452438,0.02623373456299305
1749220064715588000,8.901588134765625,-0.01775502786040306,-0.05062589421868324,0.033665817230939865
1749220064725579000,8.9115791015625,-0.022355105727910995,-0.037870682775974274,0.04447878524661064
1749220064735569200,8.921569091796876,-0.028082234784960747,-0.03026389516890049,0.05338039994239807
1749220064745560000,8.93156005859375,-0.03217791020870209,-0.03328072652220726,0.0630524680018425
1749220064755551000,8.941551025390625,-0.033257823437452316,-0.04531315341591835,0.07496931403875351
1749220064765541000,8.951541015625,-0.03563815355300903,-0.06695213913917542,0.08791227638721466
1749220064775532300,8.9615322265625,-0.03513428568840027,-0.07852410525083542,0.09644105285406113
1749220064785522200,8.971522216796876,-0.03570127114653587,-0.0807904526591301,0.11530155688524246
1749220064795513000,8.98151318359375,-0.03592551127076149,-0.07316555827856064,0.12646712362766266
1749220064805504000,8.99150390625,-0.04218180850148201,-0.057920023798942566,0.14166259765625
1749220064815494100,9.001494140625,-0.04208513721823692,-0.03274649381637573,0.1493854969739914
1749220064825485300,9.0114853515625,-0.04356345534324646,-0.005902630276978016,0.16397908329963684
1749220064835475200,9.02147509765625,-0.043717920780181885,0.021041369065642357,0.17137175798416138
1749220064845466000,9.031466064453125,-0.044976796954870224,0.03473028168082237,0.17788344621658325
1749220064855457000,9.04145703125,-0.04261137545108795,0.042285673320293427,0.1859632134437561
1749220064865447200,9.051447265625,-0.034022681415081024,0.033842917531728745,0.18970201909542084
1749220064875438300,9.061438232421875,-0.029024461284279823,0.023512249812483788,0.19173188507556915
1749220064885428200,9.07142822265625,-0.023439012467861176,0.01785942353308201,0.19857487082481384
1749220064895419100,9.081419189453126,-0.01949673518538475,0.02178305946290493,0.19962549209594727
1749220064905410000,9.09141015625,-0.0211819838732481,0.02907399646937847,0.19976317882537842
1749220064915400000,9.10139990234375,-0.025239842012524605,0.04613926634192467,0.19715434312820435
1749220064925391000,9.11139111328125,-0.025053421035408974,0.053461361676454544,0.1946781426668167
1749220064935382000,9.121382080078124,-0.021471736952662468,0.05860206112265587,0.19292311370372772
1749220064945372200,9.1313720703125,-0.020851485431194305,0.05645608529448509,0.18895713984966278
1749220064955363000,9.141363037109375,-0.01571238413453102,0.051841095089912415,0.18185847997665405
1749220064965353000,9.15135302734375,-0.009140235371887684,0.04236236959695816,0.17694894969463348
1749220064975344000,9.16134423828125,-0.002275671111419797,0.02694772742688656,0.16887450218200684
1749220064985335000,9.1713349609375,0.0005478122038766742,0.018941201269626617,0.1571989357471466
1749220064995325200,9.1813251953125,0.003242132253944874,0.009325590915977955,0.1566591113805771
1749220065005312500,9.1913125,0.006706904619932175,0.004748149774968624,0.15051519870758057
1749220065015302400,9.201302490234376,0.009430785663425922,0.0023118900135159492,0.1468658745288849
1749220065025293300,9.211293212890626,0.012034558691084385,-0.000404534162953496,0.14013713598251343
1749220065035284200,9.2212841796875,0.01392939779907465,-0.007001716643571854,0.13699433207511902
1749220065045274400,9.2312744140625,0.01537895668298006,-0.005691175349056721,0.13186508417129517
1749220065055265500,9.241265625,0.018454374745488167,-0.016886571422219276,0.13334473967552185
1749220065065255400,9.25125537109375,0.018512165173888206,-0.02191142365336418,0.1340334415435791
1749220065075246300,9.261246337890626,0.021514080464839935,-0.02593253180384636,0.1350739300251007
1749220065085237200,9.2712373046875,0.023628097027540207,-0.03237392008304596,0.13722975552082062
1749220065095227100,9.28122705078125,0.023845944553613663,-0.033669013530015945,0.1437435895204544
1749220065105218300,9.29121826171875,0.022882679477334023,-0.027466777712106705,0.1474810689687729
1749220065115208400,9.30120849609375,0.023019831627607346,-0.014845791272819042,0.1569259613752365
1749220065125199400,9.311199462890626,0.020193684846162796,-0.006109557580202818,0.15561862289905548
1749220065135190300,9.321190185546875,0.02039661817252636,-0.006779609248042107,0.15894916653633118
1749220065145180200,9.33118017578125,0.019690347835421562,-0.013008742593228817,0.16527551412582397
1749220065155171300,9.34117138671875,0.0205681249499321,-0.014934208244085312,0.17063778638839722
1749220065165162200,9.351162353515624,0.022487998008728027,-0.01038339827209711,0.17334862053394318
1749220065175152400,9.36115234375,0.021529527381062508,-0.0026114957872778177,0.18575336039066315
1749220065185143300,9.371143310546875,0.02064242772758007,0.009060872718691826,0.19901803135871887
1749220065195133400,9.381133544921875,0.021253889426589012,0.021084511652588844,0.20805253088474274
1749220065205124400,9.391124267578125,0.01853320375084877,0.034867968410253525,0.21817733347415924
1749220065215115300,9.401115234375,0.01684955321252346,0.04399142786860466,0.23600107431411743
1749220065225105400,9.41110546875,0.011567706242203712,0.052624862641096115,0.2435079962015152
1749220065235096600,9.4210966796875,0.0015531554818153381,0.04797844588756561,0.25263065099716187
1749220065245086500,9.43108642578125,-0.0040978058241307735,0.04187554493546486,0.2728736102581024
1749220065255077400,9.441077392578125,-0.02479376271367073,0.038068290799856186,0.2979179620742798
1749220065265068300,9.451068359375,-0.05842282995581627,0.0707617849111557,0.3434239327907562
1749220065275058200,9.46105810546875,-0.09196241199970245,0.11303920298814774,0.4059467017650604
1749220065285049300,9.47104931640625,-0.11618465930223465,0.12086357176303864,0.45851483941078186
1749220065295039500,9.48103955078125,-0.1304517537355423,0.09454354643821716,0.5011483430862427
1749220065305030400,9.491030517578125,-0.12522609531879425,0.07069520652294159,0.5519856810569763
1749220065315021300,9.501021240234374,-0.11079682409763336,0.0718664675951004,0.5768486857414246
1749220065325011200,9.51101123046875,-0.12346654385328293,0.11265996843576431,0.5974056124687195
1749220065335002400,9.52100244140625,-0.14333266019821167,0.14715269207954407,0.6579509973526001
1749220065344992500,9.530992431640625,-0.16073189675807953,0.14554575085639954,0.7495411038398743
1749220065354983400,9.5409833984375,-0.176951602101326,0.11273134499788284,0.8235839009284973
1749220065364974300,9.550974365234374,-0.18390752375125885,0.03395184129476547,0.9114514589309692
1749220065374964200,9.560964111328126,-0.18850679695606232,-0.13432292640209198,1.0149275064468384
1749220065384955400,9.570955322265625,-0.18279510736465454,-0.3682190477848053,1.1140687465667725
1749220065394946300,9.5809462890625,-0.09971460700035095,-0.5605048537254333,1.1831750869750977
1749220065404936200,9.590936279296875,0.08351992815732956,-0.802313506603241,1.3269962072372437
1749220065414927400,9.60092724609375,0.37477362155914307,-1.104548454284668,1.4577475786209106
1749220065424917200,9.610917236328126,0.6469481587409973,-1.4419398307800293,1.4363775253295898
1749220065434908400,9.620908447265625,0.785873532295227,-1.708052396774292,1.401612401008606
1749220065444899300,9.6308994140625,0.905047595500946,-2.019953966140747,1.3905088901519775
1749220065454889200,9.64088916015625,0.9945335388183594,-2.2508983612060547,1.2994811534881592
1749220065464880000,9.650880126953124,1.0128693580627441,-2.4256012439727783,1.1897650957107544
1749220065474870500,9.66087060546875,0.9980539679527283,-2.6538519859313965,1.1048225164413452
1749220065484861400,9.670861328125,0.9943423271179199,-2.73591947555542,0.9735057353973389
1749220065494852400,9.680852294921875,1.0674068927764893,-2.647327184677124,0.8776021003723145
1749220065504842200,9.69084228515625,1.0706104040145874,-2.3745150566101074,0.7862751483917236
1749220065514833400,9.70083349609375,1.0587279796600342,-2.0827956199645996,0.735969603061676
1749220065524824300,9.71082421875,0.9537869095802307,-1.8244304656982422,0.5382837057113647
1749220065534814500,9.720814453125,0.3275829255580902,-0.8753179311752319,0.6198734045028687
1749220065544805400,9.730805419921875,-0.8712124228477478,0.16009272634983063,0.7518979907035828
1749220065554795300,9.740795166015625,-1.3143736124038696,0.6527599692344666,1.10284423828125
1749220065564786400,9.750786376953124,0.13547074794769287,0.7107992768287659,0.933739185333252
1749220065574777300,9.76077734375,1.198459506034851,1.7889022827148438,0.7039759755134583
1749220065584767200,9.770767333984375,0.6054153442382812,2.538255453109741,0.9404540657997131
1749220065594758400,9.78075830078125,-0.4835110008716583,1.3731783628463745,1.0070221424102783
1749220065604748300,9.790748291015625,-0.7561324238777161,-0.04013942927122116,0.7186796069145203
1749220065614739500,9.800739501953124,0.0009289105655625463,-0.6735227704048157,0.46073833107948303
1749220065624730400,9.81073046875,0.7458427548408508,-1.2566777467727661,0.37672144174575806
1749220065634720300,9.82072021484375,0.731559157371521,-1.6546739339828491,0.3324970006942749
1749220065644711200,9.830711181640625,0.39761874079704285,-1.399092674255371,0.22965475916862488
1749220065654701300,9.840701416015625,0.09193072468042374,-0.267639696598053,0.07860692590475082
1749220065664692500,9.8506923828125,-0.1245238184928894,0.9732306599617004,0.06108678877353668
1749220065674683400,9.860683349609374,-0.33047112822532654,1.4999191761016846,0.06389988958835602
1749220065684673300,9.87067333984375,-0.3962746262550354,1.2991820573806763,-0.17886002361774445
1749220065694664200,9.880664306640625,-0.23445777595043182,0.7520774602890015,-0.3927174508571625
1749220065704655400,9.8906552734375,0.04024116322398186,0.04921574890613556,-0.1176171749830246
1749220065714645500,9.9006455078125,0.18475227057933807,-0.6291038990020752,0.08357212692499161
1749220065724636400,9.910636474609374,0.24294234812259674,-1.0269114971160889,0.06018264591693878
1749220065734626300,9.920626220703125,0.23074692487716675,-1.0460108518600464,0.03741474822163582
1749220065744617200,9.9306171875,0.14780277013778687,-0.8427075147628784,0.23771029710769653
1749220065754608400,9.9406083984375,0.028541630133986473,-0.3688371479511261,0.25562751293182373
1749220065764598300,9.950598388671875,-0.07873103022575378,0.059118445962667465,0.19316625595092773
1749220065774589200,9.960589111328124,-0.174709752202034,0.2556277811527252,0.23619629442691803
1749220065784579300,9.970579345703126,-0.21880771219730377,0.30863428115844727,0.2159956842660904
1749220065794570500,9.980570556640625,-0.19633355736732483,0.2381121665239334,0.1597912609577179
1749220065804561400,9.9905615234375,-0.14509354531764984,0.05895812436938286,0.1735273152589798
1749220065814551300,10.00055126953125,-0.07483136653900146,-0.1302213817834854,0.19144293665885925
1749220065824542200,10.010542236328124,-0.02034362033009529,-0.27224430441856384,0.21686679124832153
1749220065834532400,10.020532470703126,-0.006779875606298447,-0.3796141743659973,0.25865206122398376
1749220065844523500,10.0305234375,-0.0027632960118353367,-0.46735334396362305,0.28924140334129333
1749220065854514400,10.040514404296875,-0.0054909056052565575,-0.5254682898521423,0.3259426951408386
1749220065864504300,10.05050439453125,-0.03161065652966499,-0.5550442934036255,0.35258999466896057
1749220065874495200,10.0604951171875,-0.06778331100940704,-0.5244573950767517,0.39596012234687805
1749220065884486400,10.070486328125,-0.09137625247240067,-0.42553213238716125,0.4345671534538269
1749220065894476300,10.080476318359375,-0.09956414252519608,-0.2216050922870636,0.46113431453704834
1749220065904467500,10.090467529296875,-0.14187005162239075,0.03274676203727722,0.535124659538269
1749220065914457300,10.100457275390625,-0.20736996829509735,0.21191491186618805,0.5460920929908752
1749220065924448300,10.1104482421875,-0.2026313990354538,0.2626042068004608,0.5634167790412903
1749220065934439400,10.120439453125,-0.17226950824260712,0.14199309051036835,0.625011146068573
1749220065944429300,10.13042919921875,-0.1361415982246399,-0.10131356865167618,0.5958058834075928
1749220065954420200,10.140420166015625,-0.05973363667726517,-0.3699719309806824,0.5815446376800537
1749220065964410400,10.150410400390625,-0.009381251409649849,-0.5036788582801819,0.6041018962860107
1749220065974401300,10.1604013671875,-0.0231695007532835,-0.4907396137714386,0.5968402028083801
1749220065984392400,10.170392333984376,-0.08508879691362381,-0.3967460095882416,0.5821323990821838
1749220065994382300,10.18038232421875,-0.14636147022247314,-0.3036898374557495,0.6258044838905334
1749220066004373000,10.190373046875,-0.1645127832889557,-0.3072829842567444,0.6466376185417175
1749220066014364000,10.200364013671875,-0.15535204112529755,-0.39201411604881287,0.6841999292373657
1749220066024354000,10.21035400390625,-0.16510745882987976,-0.528556764125824,0.7528266310691833
1749220066034345000,10.220344970703126,-0.1560567170381546,-0.6907912492752075,0.7844564914703369
1749220066044334800,10.2303349609375,-0.16520759463310242,-0.7750139832496643,0.818069577217102
1749220066054326000,10.240325927734375,-0.18173038959503174,-0.8207345604896545,0.8917930126190186
1749220066064317000,10.25031689453125,-0.17249614000320435,-0.7446550130844116,0.961469829082489
1749220066074307000,10.26030712890625,-0.2509091794490814,-0.7156614065170288,0.9953244924545288
1749220066084298000,10.270298095703126,-0.3660099506378174,-0.7785985469818115,0.9869318008422852
1749220066094288000,10.280287841796875,-0.3827873170375824,-0.8859399557113647,0.997706413269043
1749220066104279000,10.290279052734375,-0.2948177754878998,-0.9656209349632263,1.0300425291061401
1749220066114270000,10.30027001953125,-0.39473745226860046,-0.9584250450134277,1.1649664640426636
1749220066124259800,10.310259765625,-0.5222573280334473,-0.8891895413398743,1.3128012418746948
1749220066134250800,10.320250732421876,-0.6116745471954346,-0.780793309211731,1.4833213090896606
1749220066144241000,10.330240966796875,-0.6836347579956055,-0.7116736173629761,1.701696753501892
1749220066154232000,10.340232177734375,-0.7823418974876404,-0.7054101228713989,1.9354459047317505
1749220066164223000,10.350222900390625,-0.8254571557044983,-0.8676392436027527,2.026944637298584
1749220066174212900,10.360212890625,-0.8271413445472717,-0.9181447625160217,2.1272027492523193
1749220066184203800,10.370203857421876,-0.8338860869407654,-1.0637764930725098,2.2103586196899414
1749220066194195000,10.38019482421875,-1.0187551975250244,-0.6039626002311707,2.3119990825653076
1749220066204185000,10.39018505859375,-1.2076958417892456,-0.44608375430107117,2.523519277572632
1749220066214176000,10.400176025390625,-1.2509323358535767,-1.0045944452285767,2.694199562072754
1749220066224166000,10.410165771484374,-1.2532305717468262,-1.5448776483535767,2.9479448795318604
1749220066234156800,10.42015673828125,-1.09139883518219,-2.12626051902771,3.1205389499664307
1749220066244148000,10.43014794921875,-0.7306411862373352,-2.2772204875946045,3.407151222229004
1749220066254138000,10.44013818359375,-0.5763086080551147,-2.1090164184570312,3.7688276767730713
1749220066264129000,10.45012890625,-0.860005259513855,-1.8894901275634766,3.7109639644622803
1749220066274119000,10.460118896484374,-1.1243284940719604,-1.5448349714279175,3.623975992202759
1749220066284110000,10.470110107421876,-1.446534276008606,-0.889880359172821,3.6188626289367676
1749220066294101000,10.48010107421875,-1.8051989078521729,0.1059434786438942,3.4043567180633545
1749220066304091000,10.4900908203125,-1.6827497482299805,1.0347023010253906,2.6997885704040527
1749220066314081800,10.500081787109375,-1.3547409772872925,1.860011339187622,1.9601683616638184
1749220066324073000,10.510072998046875,-1.2029067277908325,2.7684781551361084,3.3506317138671875
1749220066334063000,10.52006298828125,-1.6891828775405884,4.2959418296813965,4.644292831420898
1749220066344054000,10.530053955078126,-2.1199026107788086,4.784963607788086,3.63777494430542
1749220066354044000,10.5400439453125,-2.0283477306365967,3.989751100540161,1.1838123798370361
1749220066364034800,10.550034912109375,-1.6875351667404175,3.119154930114746,-1.4446055889129639
1749220066374026000,10.56002587890625,-1.1530547142028809,3.0119760036468506,-3.152862071990967
1749220066384016100,10.57001611328125,0.40163931250572205,2.517246961593628,-1.9717506170272827
1749220066394007000,10.580007080078126,1.6896388530731201,1.2653589248657227,-0.27231913805007935
1749220066403997000,10.589996826171875,1.9113885164260864,0.2715212404727936,-1.4013077020645142
1749220066413987800,10.59998779296875,1.8887324333190918,-0.4918791949748993,-3.0745723247528076
1749220066423979000,10.60997900390625,1.7787220478057861,-0.9646313190460205,-4.024553298950195
1749220066433969000,10.619968994140624,1.5409244298934937,-1.17719304561615,-3.9209535121917725
1749220066443960000,10.6299599609375,1.3056466579437256,-1.0233790874481201,-3.8041253089904785
1749220066453951000,10.639950927734375,1.2375925779342651,-0.6691527962684631,-4.300056457519531
1749220066463940900,10.64994091796875,1.226569652557373,-0.3901970386505127,-4.986968994140625
1749220066473932000,10.65993212890625,1.1432527303695679,-0.35487818717956543,-5.276093006134033
1749220066483922000,10.669921875,1.0090078115463257,-0.4257071018218994,-5.263185977935791
1749220066493912800,10.679912841796876,0.9288706183433533,-0.4593481421470642,-5.49668025970459
1749220066503903700,10.68990380859375,0.9540635943412781,-0.400069922208786,-5.958507537841797
1749220066513894100,10.69989404296875,1.053747296333313,-0.17749755084514618,-6.288518905639648
1749220066523885000,10.709885009765625,1.1501843929290771,0.15104250609874725,-6.302934169769287
1749220066533875000,10.719875,1.1076925992965698,0.7622928619384766,-6.35393762588501
1749220066543865900,10.729865966796876,0.9956341981887817,1.661623477935791,-6.482601642608643
1749220066553856800,10.739856689453125,0.7872027158737183,2.510165214538574,-6.455227375030518
1749220066563847200,10.74984716796875,0.44282615184783936,2.9486114978790283,-6.298072338104248
1749220066573838000,10.759838134765625,0.08566457033157349,2.8250362873077393,-6.150449752807617
1749220066583828000,10.769827880859374,-0.15007871389389038,2.342693328857422,-5.880807399749756
1749220066593819000,10.77981884765625,-0.24041074514389038,1.8397712707519531,-5.472309112548828
1749220066603810000,10.78981005859375,-0.15005049109458923,1.427399754524231,-5.345414161682129
1749220066613800000,10.799800048828125,0.03352813422679901,1.1425403356552124,-5.283129692077637
1749220066623791000,10.809791015625,0.14397980272769928,0.9387254118919373,-4.943288803100586
1749220066633782000,10.819781982421874,0.23077329993247986,0.7256991267204285,-4.532857894897461
1749220066643772000,10.82977197265625,0.32157909870147705,0.5817475914955139,-4.269443511962891
1749220066653763000,10.83976318359375,0.4125225841999054,0.504782497882843,-3.9226882457733154
1749220066663753000,10.8497529296875,0.41067755222320557,0.5005789399147034,-3.29697322845459
1749220066673744000,10.859743896484375,0.2891005277633667,0.4764783978462219,-2.549673557281494
1749220066683734800,10.86973486328125,0.14743153750896454,0.3298564553260803,-1.7693538665771484
1749220066693725000,10.879724853515626,0.1291247010231018,0.09759340435266495,-0.8416563868522644
1749220066703716000,10.889716064453125,0.1755465269088745,-0.17917561531066895,-0.03560646250844002
1749220066713706000,10.8997060546875,0.07820958644151688,-0.39911118149757385,0.6118867993354797
1749220066723697000,10.90969677734375,-0.09124895185232162,-0.543340265750885,1.2773151397705078
1749220066733687800,10.919687744140624,-0.17499737441539764,-0.6394204497337341,1.8395036458969116
1749220066743678000,10.929677978515626,-0.034088727086782455,-1.1411371231079102,1.911936640739441
1749220066753669000,10.939669189453125,0.516452968120575,-1.8732198476791382,2.0193123817443848
1749220066763660000,10.949659912109375,0.13782630860805511,-2.1887378692626953,2.009932041168213
1749220066773650000,10.95964990234375,-1.215291976928711,-1.0215797424316406,2.623053550720215
1749220066783640800,10.969640869140624,-0.7381582260131836,0.16643159091472626,3.1112570762634277
1749220066793631000,10.979630859375,-0.08635805547237396,0.25080105662345886,2.5747861862182617
1749220066803622000,10.989621826171875,0.17089451849460602,0.08191563934087753,2.1554553508758545
1749220066813613000,10.999613037109375,0.11659079790115356,0.164865642786026,2.3221664428710938
1749220066823603000,11.00960302734375,-0.052494633942842484,0.4941016137599945,1.8759328126907349
1749220066833593900,11.01959375,0.08627283573150635,0.44799482822418213,1.5020358562469482
1749220066843584000,11.029583984375,0.4296395182609558,-0.05925692990422249,1.869653344154358
1749220066853575000,11.039574951171875,0.451477974653244,-0.6700976490974426,1.6662397384643555
1749220066863565800,11.04956591796875,0.2193983942270279,-1.3282041549682617,1.3395564556121826
1749220066873556000,11.059555908203125,0.05780763924121857,-1.7760006189346313,1.625244379043579
1749220066883547100,11.069547119140625,0.28557902574539185,-1.4849562644958496,1.4353079795837402
1749220066893538000,11.0795380859375,0.19943960011005402,-0.4111129641532898,1.1614197492599487
1749220066903528000,11.08952783203125,-0.01685754396021366,0.4265824854373932,1.3918074369430542
1749220066913518800,11.099518798828125,-0.1834968626499176,0.9449079036712646,1.1900771856307983
1749220066923509000,11.109509033203125,-0.325093150138855,1.2033053636550903,1.1410020589828491
1749220066933500200,11.119500244140625,-0.33879536390304565,1.042995572090149,1.1201868057250977
1749220066943491000,11.129490966796874,-0.16974322497844696,0.5085306167602539,1.0362436771392822
1749220066953481000,11.13948095703125,0.011634818278253078,-0.1539860963821411,1.0147721767425537
1749220066963472000,11.149471923828125,0.15679866075515747,-0.7187272310256958,0.9997767806053162
1749220066973463000,11.159463134765625,0.2558605372905731,-0.915280282497406,0.9820569157600403
1749220066983453000,11.169452880859374,0.23450730741024017,-0.776832103729248,0.9828798174858093
1749220066993443800,11.17944384765625,0.12837767601013184,-0.566135823726654,1.0031062364578247
1749220067003434500,11.1894345703125,0.049976881593465805,-0.4290618896484375,1.0212876796722412
1749220067013425400,11.19942529296875,0.046128079295158386,-0.3543005585670471,1.067023754119873
1749220067023416600,11.20941650390625,0.06383197754621506,-0.3616415560245514,1.0885164737701416
1749220067033406500,11.219406494140625,0.06631670892238617,-0.4681272506713867,1.07497239112854
1749220067043397400,11.2293974609375,0.06368683278560638,-0.523623526096344,1.0683974027633667
1749220067053387500,11.239387451171876,0.04132773354649544,-0.4972963333129883,1.0519379377365112
1749220067063378700,11.249378662109375,0.010557835921645164,-0.3980741500854492,1.1120975017547607
1749220067073369600,11.25936962890625,-0.001580053474754095,-0.38161394000053406,1.0498476028442383
1749220067083359500,11.269359375,-0.048161935061216354,-0.330772340297699,1.0665733814239502
1749220067093350400,11.279350341796874,-0.06661684066057205,-0.422078013420105,1.0853556394577026
1749220067103341600,11.289341552734374,-0.04447425901889801,-0.47587040066719055,1.0554616451263428
1749220067113331500,11.29933154296875,0.03519393876194954,-0.5417604446411133,1.0347265005111694
1749220067123322400,11.309322265625,0.12029445171356201,-0.6608253121376038,1.0100514888763428
1749220067133312500,11.3193125,0.04427691549062729,-0.8446638584136963,0.9257065057754517
1749220067143303400,11.329303466796874,-0.004658667836338282,-0.8240837454795837,0.9740673899650574
1749220067153294600,11.339294677734374,0.06011047586798668,-0.6981367468833923,1.0212879180908203
1749220067163284500,11.349284423828125,0.06592947989702225,-0.5624140501022339,1.0525907278060913
1749220067173275400,11.359275390625,-0.03133448585867882,-0.5915306806564331,1.1224896907806396
1749220067183265500,11.369265625,-0.18015113472938538,-0.6709016561508179,1.2135857343673706
1749220067193256400,11.37925634765625,-0.19273802638053894,-0.7318800687789917,1.3733000755310059
1749220067203247600,11.38924755859375,-0.17656651139259338,-0.770715057849884,1.532591700553894
1749220067213237500,11.399237548828125,-0.16597779095172882,-0.851323127746582,1.7114986181259155
1749220067223228400,11.409228515625,-0.1764935404062271,-0.8781027793884277,1.7966585159301758
1749220067233219300,11.41921923828125,-0.3046374022960663,-0.8658208250999451,1.9881701469421387
1749220067243209500,11.42920947265625,-0.4311700463294983,-0.7592126131057739,2.1679983139038086
1749220067253200600,11.43920068359375,-0.5245961546897888,-0.5669475793838501,2.3098790645599365
1749220067263190500,11.4491904296875,-0.642797589302063,-0.3562297523021698,2.563196897506714
1749220067273181400,11.459181396484375,-0.7710538506507874,-0.2606169283390045,2.7444639205932617
1749220067283172400,11.46917236328125,-0.8496690392494202,-0.307905375957489,2.8672053813934326
1749220067293162200,11.479162353515624,-0.8250156044960022,-0.4119358956813812,3.009204387664795
1749220067303153400,11.4891533203125,-0.7075209617614746,-0.6914351582527161,3.2559242248535156
1749220067313143600,11.4991435546875,-0.6914514303207397,-1.161163568496704,3.2165513038635254
1749220067323134500,11.509134521484375,-0.7997635006904602,-1.6646056175231934,2.9993762969970703
1749220067333125400,11.51912548828125,-0.8714249134063721,-1.5934371948242188,3.1865475177764893
1749220067343115500,11.529115478515624,-0.615153968334198,-1.1915898323059082,4.114274501800537
1749220067353106400,11.5391064453125,-0.46388643980026245,-0.9130674600601196,3.9876394271850586
1749220067363097300,11.549097412109376,-0.40484654903411865,-0.4491466283798218,3.785268783569336
1749220067373087500,11.55908740234375,-0.5737234354019165,-0.5538126230239868,3.6354825496673584
1749220067383078700,11.56907861328125,-0.6221525073051453,-1.2090243101119995,3.4738781452178955
1749220067393068500,11.579068603515625,-0.6563680171966553,-1.4769827127456665,2.697199821472168
1749220067403059500,11.5890595703125,-0.6024272441864014,-1.3397220373153687,1.9069823026657104
1749220067413050400,11.59905029296875,-0.515999436378479,-1.1375007629394531,2.5456273555755615
1749220067423040500,11.60904052734375,-0.6562588214874268,-0.43938055634498596,3.5179479122161865
1749220067433031700,11.61903173828125,-1.0256954431533813,0.8371204733848572,3.0336108207702637
1749220067443021600,11.629021484375,-0.9454943537712097,1.6397250890731812,1.2107195854187012
1749220067453012500,11.639012451171874,-0.6371583342552185,2.0029871463775635,-0.9446261525154114
1749220067463003400,11.64900341796875,-0.42007797956466675,1.9358645677566528,-2.4100537300109863
1749220067472993300,11.6589931640625,-0.13275937736034393,1.3226046562194824,-2.1481683254241943
1749220067482984400,11.668984375,0.16998876631259918,0.4991706609725952,-0.9712945222854614
1749220067492975400,11.678975341796875,0.3680264949798584,-0.24754029512405396,-0.9547110199928284
1749220067502965500,11.688965576171874,0.6125187873840332,-0.7871052622795105,-2.0458831787109375
1749220067512956400,11.698956298828126,0.8165880441665649,-0.9992947578430176,-3.14595890045166
1749220067522946300,11.7089462890625,0.8967441320419312,-1.036486029624939,-3.6204190254211426
1749220067532937500,11.7189375,0.9617676138877869,-0.9123010039329529,-3.551198720932007
1749220067542928400,11.728928466796875,1.02654230594635,-0.6583139896392822,-3.609607219696045
1749220067552918500,11.73891845703125,1.0701372623443604,-0.36203303933143616,-4.052553176879883
1749220067562909400,11.748909423828126,1.096858024597168,-0.07193757593631744,-4.458096027374268
1749220067572899600,11.758899658203125,1.1277134418487549,0.19157981872558594,-4.567656993865967
1749220067582890500,11.768890380859375,1.1533162593841553,0.360097736120224,-4.758406162261963
1749220067592881400,11.77888134765625,1.1551713943481445,0.4521363079547882,-5.0666608810424805
1749220067602871300,11.788871337890624,1.1593719720840454,0.5409052968025208,-5.311750411987305
1749220067612862500,11.798862548828126,1.2272988557815552,0.6129331588745117,-5.458189010620117
1749220067622853600,11.808853515625,1.328688383102417,0.7493866086006165,-5.559146404266357
1749220067632843500,11.818843505859375,1.3679012060165405,1.0690722465515137,-5.690471172332764
1749220067642834400,11.82883447265625,1.3009350299835205,1.4774229526519775,-5.8238348960876465
1749220067652824300,11.83882421875,1.1024874448776245,1.9563847780227661,-5.896450519561768
1749220067662815500,11.8488154296875,0.8423905968666077,2.4160120487213135,-5.856784343719482
1749220067672806400,11.858806396484376,0.6060553193092346,2.744741916656494,-5.758831024169922
1749220067682796500,11.868796630859375,0.4593643844127655,2.8148670196533203,-5.663867473602295
1749220067692787500,11.878787353515625,0.3751826584339142,2.545109748840332,-5.605863094329834
1749220067702778600,11.888778564453125,0.26742610335350037,2.1952147483825684,-5.417475700378418
1749220067712768500,11.8987685546875,0.23449265956878662,1.9392642974853516,-5.159755229949951
1749220067722759400,11.908759521484376,0.36006656289100647,1.8502013683319092,-4.933593273162842
1749220067732749600,11.91874951171875,0.4360566735267639,1.8642265796661377,-4.7217535972595215
1749220067742740500,11.928740478515625,0.37759947776794434,1.7727127075195312,-4.374622821807861
1749220067752731600,11.938731689453125,0.3747376501560211,1.4214211702346802,-3.878890037536621
1749220067762721500,11.948721435546876,0.4632973372936249,0.7984652519226074,-3.3355765342712402
1749220067772712400,11.95871240234375,0.6340517997741699,0.0810122936964035,-2.4129600524902344
1749220067782702300,11.968702392578125,0.8560755252838135,-0.5421639084815979,-1.4353439807891846
1749220067792693500,11.978693603515625,0.7304302453994751,-0.9256119728088379,-0.5231372714042664
1749220067802684700,11.9886845703125,0.4065432548522949,-1.0764092206954956,0.3928716480731964
1749220067812674600,11.998674560546876,0.05336868390440941,-0.8949970602989197,1.3145989179611206
1749220067822665500,12.00866552734375,-0.25488901138305664,-0.4737832844257355,2.0874924659729004
1749220067832656400,12.018656494140625,-0.38133883476257324,-0.051608599722385406,2.6808035373687744
1749220067842646300,12.028646240234375,-0.10099852085113525,-0.6183977127075195,2.3129470348358154
1749220067852637400,12.038637451171875,0.19862280786037445,-1.5845513343811035,1.3465685844421387
1749220067862627600,12.048627685546874,-0.8628500699996948,-0.3251466751098633,2.722578287124634
1749220067872618500,12.058618408203126,-1.1296788454055786,2.9654059410095215,4.0772175788879395
1749220067882609400,12.068609375,-0.9861088991165161,3.6686062812805176,2.823789358139038
1749220067892599600,12.078599609375,-0.8022586107254028,2.7707972526550293,2.013596296310425
1749220067902590500,12.088590576171875,-0.35811847448349,2.5757009983062744,2.964120864868164
1749220067912580600,12.09858056640625,0.15368516743183136,2.50589919090271,2.229726552963257
1749220067922571500,12.108571533203126,0.43019452691078186,2.0249850749969482,1.5144978761672974
1749220067932562400,12.1185625,0.4966169595718384,0.8118537068367004,2.015439033508301
1749220067942552600,12.128552490234375,0.3511819839477539,-0.2889375388622284,2.0458168983459473
1749220067952543500,12.13854345703125,0.2801477611064911,-1.1327662467956543,1.5070010423660278
1749220067962534400,12.148534423828124,0.18416637182235718,-1.7553517818450928,1.5854583978652954
1749220067972524300,12.158524169921876,0.10651845484972,-1.8662385940551758,1.6202621459960938
1749220067982515500,12.168515380859375,0.1155758649110794,-1.4645050764083862,1.3583282232284546
1749220067992505600,12.178505615234375,0.12053440511226654,-0.7544359564781189,1.3049020767211914
1749220068002496500,12.18849658203125,0.09244604408740997,-0.021191304549574852,1.3505688905715942
1749220068012491300,12.1984912109375,0.0678538829088211,0.4738549292087555,1.2669447660446167
1749220068022481200,12.208481201171875,0.13242141902446747,0.6752151846885681,1.263553500175476
1749220068032472000,12.21847216796875,0.18010905385017395,0.6634562611579895,1.1564502716064453
1749220068042462200,12.228462158203126,0.20535235106945038,0.3968442976474762,1.1791536808013916
1749220068052453400,12.238453369140625,0.22141067683696747,-0.07000305503606796,1.1355422735214233
1749220068062444300,12.2484443359375,0.2633972764015198,-0.6380361318588257,1.0500538349151611
1749220068072434200,12.25843408203125,0.2841358482837677,-1.108223557472229,1.0757179260253906
1749220068082425000,12.268425048828124,0.2929024398326874,-1.3033264875411987,1.0388528108596802
1749220068092415200,12.278415283203126,0.3040717542171478,-1.2360196113586426,1.0078072547912598
1749220068102406100,12.28840625,0.2981927990913391,-0.866654634475708,1.1132264137268066
1749220068112397300,12.298397216796875,0.23773398995399475,-0.2617889940738678,1.1689919233322144
1749220068122387200,12.30838720703125,0.023489080369472504,0.2967078387737274,1.0783692598342896
1749220068132378000,12.318378173828124,-0.06378377228975296,0.5684605240821838,1.1201481819152832
1749220068142369300,12.328369384765624,-0.07927484810352325,0.7247305512428284,1.154435634613037
1749220068152359200,12.338359130859375,-0.12161165475845337,0.55792236328125,1.0183876752853394
1749220068162350000,12.34835009765625,-0.02377643622457981,0.1586351841688156,0.974089503288269
1749220068172340200,12.35834033203125,0.0915088802576065,-0.1969708502292633,1.0175375938415527
1749220068182331400,12.368331298828124,0.1749742031097412,-0.43189868330955505,0.9707496166229248
1749220068192322300,12.378322265625,0.19780948758125305,-0.4977796971797943,0.888318657875061
1749220068202312200,12.388312255859375,0.10244674980640411,-0.39076003432273865,0.9016398191452026
1749220068212303000,12.39830322265625,0.04036233574151993,-0.19491276144981384,0.9798182249069214
1749220068222294300,12.408294189453125,0.025137044489383698,0.014183197170495987,0.958175778388977
1749220068232284400,12.418284423828124,-0.041682999581098557,0.08158061653375626,0.8918856978416443
1749220068242275300,12.428275390625,-0.05606966093182564,-0.15655872225761414,0.8739562630653381
1749220068252265200,12.43826513671875,-0.0173835176974535,-0.5742701888084412,0.8080163598060608
1749220068262256000,12.448256103515625,0.2006809115409851,-1.1046820878982544,0.7793437242507935
1749220068272247300,12.458247314453125,0.37870389223098755,-1.7134618759155273,0.76823490858078
1749220068282237200,12.4682373046875,0.3126729428768158,-2.0408496856689453,0.8562923073768616
1749220068292228000,12.47822802734375,0.24761885404586792,-1.9262702465057373,1.0875239372253418
1749220068302218200,12.48821826171875,0.22053822875022888,-1.4135321378707886,1.3396989107131958
1749220068312209200,12.498209228515625,0.07358180731534958,-0.7476390600204468,1.6038328409194946
1749220068322200300,12.508200439453125,-0.2768973708152771,-0.32789212465286255,1.8502840995788574
1749220068332190200,12.518190185546874,-0.6049567461013794,-0.1368260234594345,2.037191867828369
1749220068342181000,12.52818115234375,-0.6964059472084045,-0.004205131437629461,2.1858584880828857
1749220068352171300,12.538171142578125,-0.6984536647796631,-0.008204666897654533,2.3737449645996094
1749220068362162200,12.548162109375,-0.6046150326728821,-0.31325140595436096,2.3347525596618652
1749220068372153300,12.5581533203125,-0.5177174210548401,-0.6532571911811829,2.385807752609253
1749220068382143200,12.568143310546875,-0.4667469263076782,-0.8664317727088928,2.545269250869751
1749220068392134100,12.578134033203124,-0.43059292435646057,-0.9045530557632446,2.74706768989563
1749220068402125000,12.588125,-0.43978190422058105,-0.9306861162185669,2.7230303287506104
1749220068412115200,12.598115234375,-0.41814637184143066,-1.0487738847732544,2.8229267597198486
1749220068422106400,12.6081064453125,-0.37499144673347473,-1.4667210578918457,2.8779759407043457
1749220068432096300,12.61809619140625,-0.3469800651073456,-2.039586067199707,2.782536029815674
1749220068442087200,12.628087158203124,-0.4537499248981476,-2.448479175567627,2.7587409019470215
1749220068452078000,12.638078125,-0.26042440533638,-2.1829257011413574,3.5416293144226074
1749220068462068200,12.648068115234375,0.0786157175898552,-2.1731038093566895,3.795239210128784
1749220068472059100,12.65805908203125,0.08403578400611877,-1.636544942855835,3.7282345294952393
1749220068482049300,12.66804931640625,0.010991930961608887,-1.4651378393173218,3.614255428314209
1749220068492040200,12.678040283203124,-0.15932467579841614,-1.7264138460159302,3.614170551300049
1749220068502031400,12.68803125,-0.4145556390285492,-2.011030912399292,3.141862154006958
1749220068512021200,12.698021240234375,-0.6495338082313538,-1.6711183786392212,2.3427047729492188
1749220068522012200,12.70801220703125,-0.6336153149604797,-1.0324889421463013,2.0850977897644043
1749220068532002300,12.718002197265625,-0.41716739535331726,-0.4263758063316345,2.5207865238189697
1749220068541993200,12.7279931640625,-0.6735741496086121,0.9475207328796387,2.870203971862793
1749220068551984400,12.737984375,-1.2727347612380981,2.46382737159729,2.1463232040405273
1749220068561974300,12.747974365234375,-1.5655381679534912,3.111894369125366,0.8415655493736267
1749220068571965200,12.757965087890625,-1.6579443216323853,3.124997615814209,-0.5848192572593689
1749220068581956000,12.7679560546875,-1.6190104484558105,2.7395107746124268,-1.7220345735549927
1749220068591946200,12.7779462890625,-1.250913143157959,2.1855082511901855,-1.8821696043014526
1749220068601937400,12.7879375,-0.5224698781967163,1.5010629892349243,-1.177489995956421
1749220068611927300,12.79792724609375,0.04337383806705475,0.7472448945045471,-1.0678766965866089
1749220068621918200,12.807918212890625,0.33218806982040405,-0.15228301286697388,-1.8837862014770508
1749220068631909000,12.8179091796875,0.3860552906990051,-0.8718467354774475,-2.739410638809204
1749220068641899000,12.82789892578125,0.33143118023872375,-1.2427632808685303,-2.980088472366333
1749220068651890200,12.83789013671875,0.3274441659450531,-1.2375757694244385,-2.915856122970581
1749220068661880300,12.84788037109375,0.39009690284729004,-0.9916954040527344,-3.0886638164520264
1749220068671871200,12.857871337890625,0.4291550815105438,-0.6198603510856628,-3.523437738418579
1749220068681862100,12.867862060546875,0.41716712713241577,-0.20147612690925598,-4.009034156799316
1749220068691852300,12.877852294921874,0.41187331080436707,0.1588415801525116,-4.389175891876221
1749220068701843200,12.88784326171875,0.4518105983734131,0.45971086621284485,-4.595174789428711
1749220068711834000,12.897834228515626,0.5002226233482361,0.684782087802887,-4.823216915130615
1749220068721824300,12.90782421875,0.5538229942321777,0.8022306561470032,-5.093127727508545
1749220068731815200,12.917815185546875,0.631446123123169,0.8525124788284302,-5.3619489669799805
1749220068741805300,12.927805419921874,0.7370114326477051,0.8896726369857788,-5.55548620223999
1749220068751796200,12.937796142578126,0.8586995601654053,0.9024760723114014,-5.704473972320557
1749220068761787100,12.947787109375,0.9486595392227173,0.9467250108718872,-5.926599502563477
1749220068771777300,12.95777734375,1.0112688541412354,1.033035397529602,-6.1310625076293945
1749220068781768400,12.9677685546875,1.0214285850524902,1.1457939147949219,-6.255390167236328
1749220068791758300,12.97775830078125,0.9940115809440613,1.2307569980621338,-6.298886299133301
1749220068801749200,12.987749267578126,0.9604440331459045,1.277517557144165,-6.265857219696045
1749220068811740200,12.997740234375,0.9577541947364807,1.2602992057800293,-6.343812465667725
1749220068821730000,13.00772998046875,1.0553414821624756,1.2093709707260132,-6.273814678192139
1749220068831721200,13.01772119140625,1.170433759689331,0.7792731523513794,-5.936060428619385
1749220068841711400,13.02771142578125,1.2037701606750488,0.14774924516677856,-5.552525043487549
1749220068851702300,13.037702392578124,1.301344633102417,-0.15883705019950867,-5.205282688140869
1749220068861693200,13.047693115234376,1.376359224319458,0.013421799056231976,-4.915396213531494
1749220068871683000,13.05768310546875,1.159607172012329,0.21327552199363708,-4.504775524139404
1749220068881674200,13.06767431640625,0.8052864074707031,0.12598828971385956,-3.720233917236328
1749220068891665200,13.0776650390625,0.6575605869293213,-0.14498542249202728,-2.8465301990509033
1749220068901655300,13.0876552734375,0.6911036372184753,-0.3441866636276245,-1.866137981414795
1749220068911646200,13.097646240234376,0.786997377872467,-0.46571415662765503,-0.3882598578929901
1749220068921636000,13.107635986328125,0.5341627597808838,-0.4627506136894226,1.063366174697876
1749220068931627300,13.117627197265625,0.07637865841388702,-0.34527137875556946,1.9802501201629639
1749220068941618200,13.1276181640625,-0.3468109369277954,-0.20417417585849762,2.7277779579162598
1749220068951608000,13.137608154296874,-0.6296570301055908,0.08069724589586258,3.5481321811676025
1749220068961599200,13.14759912109375,-0.36323225498199463,-0.5762899518013,2.760648012161255
1749220068971589400,13.15758935546875,-0.10198522359132767,-1.0928521156311035,1.1496155261993408
1749220068981580300,13.167580322265625,-0.6690632700920105,0.6661668419837952,2.6370832920074463
1749220068991571200,13.1775712890625,-0.8637211918830872,3.850994348526001,4.728634357452393
1749220069001561000,13.18756103515625,-1.171584963798523,5.137222766876221,3.5316832065582275
1749220069011551700,13.1975517578125,-1.5291633605957031,3.944446325302124,1.0755356550216675
1749220069021542000,13.2075419921875,-1.075852870941162,2.956294059753418,2.0773563385009766
1749220069031532800,13.21753271484375,-0.06654733419418335,2.64461350440979,3.265000343322754
1749220069041524000,13.22752392578125,0.4144216775894165,2.409120798110962,2.0934653282165527
1749220069051513900,13.237513916015626,0.7634329199790955,1.300301194190979,1.7909108400344849
1749220069061504800,13.2475048828125,1.1901911497116089,0.016234098002314568,2.6121673583984375
1749220069071495700,13.25749560546875,0.5466915965080261,-0.7706897854804993,2.211637258529663
1749220069081485800,13.26748583984375,-0.1314789354801178,-1.749668836593628,1.533789873123169
1749220069091477000,13.27747705078125,-0.1371661126613617,-2.3300862312316895,1.6698582172393799
1749220069101467000,13.287466796875,-0.019937755540013313,-1.99203360080719,1.650889277458191
1749220069111457800,13.297457763671876,0.5338785648345947,-1.4963966608047485,1.2990607023239136
1749220069121448700,13.30744873046875,0.762338399887085,-1.0240600109100342,1.13003408908844
1749220069131438800,13.31743896484375,0.5468327403068542,-0.496648371219635,1.1334477663040161
1749220069141430000,13.327429931640625,0.3614170551300049,0.026669694110751152,1.1969934701919556
1749220069151420000,13.337419921875,0.2561667859554291,0.557990550994873,1.1352088451385498
1749220069161410800,13.347410888671876,0.15961416065692902,0.7774414420127869,0.9920506477355957
1749220069171401700,13.357401611328125,0.04958353191614151,0.5343499779701233,0.922678530216217
1749220069181392000,13.367391845703125,-0.04312723129987717,-0.062486279755830765,0.9294480085372925
1749220069191382800,13.3773828125,0.006281598005443811,-0.6473484039306641,0.9074739813804626
1749220069201373000,13.387373046875,0.21392346918582916,-1.0180542469024658,0.9009050726890564
1749220069211363800,13.39736376953125,0.3783190846443176,-1.1833348274230957,0.937109112739563
1749220069221354800,13.407354736328125,0.3675156831741333,-1.063969373703003,0.9843592047691345
1749220069231345000,13.417344970703125,0.23596352338790894,-0.6005183458328247,1.0086547136306763
1749220069241335800,13.427335693359375,0.11798842251300812,0.06317603588104248,1.0123071670532227
1749220069251326700,13.43732666015625,-0.000723048229701817,0.5371835827827454,0.9978659749031067
1749220069261316900,13.44731689453125,-0.15346279740333557,0.6485154032707214,0.9962211847305298
1749220069271308000,13.45730810546875,-0.19605979323387146,0.4434727728366852,0.9553051590919495
1749220069281298000,13.4672978515625,-0.1169697642326355,0.1252300888299942,0.8793243765830994
1749220069291288800,13.477288818359375,0.04430275037884712,-0.1727701723575592,0.8497627377510071
1749220069301279700,13.48727978515625,0.16481557488441467,-0.4212212562561035,0.8487457036972046
1749220069311270000,13.497269775390626,0.18222439289093018,-0.5715806484222412,0.8287946581840515
1749220069321261000,13.507260986328125,0.12364523857831955,-0.5808674097061157,0.8035875558853149
1749220069331251000,13.5172509765625,0.05566965416073799,-0.5203949809074402,0.8086406588554382
1749220069341241900,13.527241943359375,0.04506281763315201,-0.4751497507095337,0.8203332424163818
1749220069351232800,13.537232666015624,0.08098886162042618,-0.5495933294296265,0.8322857618331909
1749220069361222700,13.54722265625,0.0531122200191021,-0.7427537441253662,0.9110892415046692
1749220069371213800,13.5572138671875,0.07999923080205917,-1.0368034839630127,0.9818131923675537
1749220069381204000,13.567203857421875,0.2030753493309021,-1.2214244604110718,1.0098559856414795
1749220069391195000,13.57719482421875,0.25560858845710754,-1.1881780624389648,1.1212818622589111
1749220069401185800,13.587185791015624,0.22586162388324738,-1.1092119216918945,1.267898440361023
1749220069411175700,13.59717578125,0.16516712307929993,-0.9298701286315918,1.4346264600753784
1749220069421166800,13.607166748046875,0.05672319978475571,-0.6794189810752869,1.6312865018844604
1749220069431157000,13.617156982421875,-0.10131330788135529,-0.44307729601860046,1.7928270101547241
1749220069441148000,13.62714794921875,-0.2551337480545044,-0.22970536351203918,1.9790602922439575
1749220069451138800,13.637138916015624,-0.33606377243995667,-0.12610919773578644,2.152540445327759
1749220069461129000,13.64712890625,-0.3673529624938965,-0.14577451348304749,2.3178412914276123
1749220069471120000,13.657119873046875,-0.30922895669937134,-0.30745822191238403,2.4495792388916016
1749220069481109800,13.66710986328125,-0.3284468650817871,-0.5637800097465515,2.545746088027954
1749220069491100700,13.6771005859375,-0.36395344138145447,-0.7815884947776794,2.6128640174865723
1749220069501091800,13.687091796875,-0.33864036202430725,-0.9697903990745544,2.756397247314453
1749220069511082000,13.69708203125,-0.3379165232181549,-1.2001450061798096,2.829791784286499
1749220069521073000,13.707072998046876,-0.36067670583724976,-1.5393627882003784,2.875213146209717
1749220069531063800,13.717063720703125,-0.3944293260574341,-1.906174898147583,3.015594959259033
1749220069541053700,13.7270537109375,-0.33050841093063354,-2.3615024089813232,3.0436840057373047
1749220069551044900,13.737044921875,-0.26716992259025574,-2.2701239585876465,3.085466146469116
1749220069561035000,13.747034912109376,-0.014949122443795204,-1.7629224061965942,3.734389543533325
1749220069571026000,13.75702587890625,-0.007115433923900127,-1.3572051525115967,3.8903281688690186
1749220069581016800,13.767016845703125,-0.33423176407814026,-1.0643237829208374,3.804442882537842
1749220069591006700,13.7770068359375,-0.3851410150527954,-1.4145779609680176,3.602081298828125
1749220069600998000,13.786997802734374,-0.37437811493873596,-1.8126713037490845,3.178936004638672
1749220069610987800,13.79698779296875,-0.4516492187976837,-1.775160312652588,2.2592544555664062
1749220069620979000,13.80697900390625,-0.3610287606716156,-1.4364097118377686,1.7939609289169312
1749220069630969900,13.816969970703125,0.022232867777347565,-1.2489469051361084,3.0121829509735107
1749220069640959700,13.826959716796875,-0.19412100315093994,-0.251723051071167,4.055418968200684
1749220069650951000,13.836950927734375,-0.5285639762878418,0.9555816054344177,2.9984192848205566
1749220069660940800,13.84694091796875,-0.4713941514492035,1.4831793308258057,1.183146595954895
1749220069670931700,13.856931640625,-0.35472825169563293,1.567362666130066,-0.720129668712616
1749220069680922600,13.866922607421875,-0.2354854941368103,1.3121600151062012,-2.0371923446655273
1749220069690912800,13.876912841796875,0.09466472268104553,0.7854942679405212,-1.7634294033050537
1749220069700904000,13.886904052734375,0.4905116558074951,0.28571218252182007,-0.5634726881980896
1749220069710894800,13.896894775390624,0.6801678538322449,-0.06196616590023041,-0.5953390002250671
1749220069720884700,13.906884765625,0.8058384656906128,-0.4602416455745697,-1.617128610610962
1749220069730875600,13.916875732421875,0.8067319393157959,-0.7436166405677795,-2.619877815246582
1749220069740866000,13.926865966796875,0.756592869758606,-0.8862400650978088,-3.012455940246582
1749220069750857000,13.93685693359375,0.7412232160568237,-0.7992098331451416,-2.951246738433838
1749220069760848000,13.946847900390624,0.724003791809082,-0.5406933426856995,-2.9697792530059814
1749220069770837800,13.956837646484376,0.7102714776992798,-0.2544405460357666,-3.365692377090454
1749220069780829000,13.966828857421875,0.7158880829811096,0.03472229465842247,-3.9662322998046875
1749220069790818800,13.97681884765625,0.728426456451416,0.2576611042022705,-4.418355941772461
1749220069800810000,13.98681005859375,0.7294020056724548,0.3963111340999603,-4.565377235412598
1749220069810801000,13.99680078125,0.7085598111152649,0.4581475853919983,-4.701301574707031
1749220069820790800,14.006790771484376,0.7193725109100342,0.5133634209632874,-5.027256488800049
1749220069830782000,14.016781982421875,0.7549265623092651,0.5132188200950623,-5.4640045166015625
1749220069840771800,14.026771728515625,0.7978862524032593,0.43480977416038513,-5.7723259925842285
1749220069850762800,14.0367626953125,0.8490005731582642,0.3418036699295044,-5.91476583480835
1749220069860753700,14.046753662109374,0.9192622303962708,0.27011218667030334,-6.135629177093506
1749220069870743800,14.056743896484376,0.98372483253479,0.27290770411491394,-6.486496448516846
1749220069880735000,14.06673486328125,1.0492838621139526,0.2732997238636017,-6.719846248626709
1749220069890724900,14.076724853515625,1.0738345384597778,0.32808732986450195,-6.645754337310791
1749220069900715800,14.0867158203125,1.0217819213867188,0.47354331612586975,-6.604085445404053
1749220069910706700,14.096706787109374,0.9720165133476257,0.6822592616081238,-6.635679244995117
1749220069920696800,14.10669677734375,0.9076508283615112,0.9880915880203247,-6.619771480560303
1749220069930688000,14.11668798828125,0.8441498875617981,1.241297721862793,-6.401598930358887
1749220069940678000,14.126677978515625,0.8170700669288635,1.4894548654556274,-5.871585369110107
1749220069950668800,14.136668701171875,0.7959181666374207,1.887047529220581,-5.3613481521606445
1749220069960659700,14.14665966796875,0.6686190962791443,2.31229305267334,-4.98700475692749
1749220069970649900,14.15664990234375,0.4421992599964142,2.480271577835083,-4.115212440490723
1749220069980640800,14.166640869140625,0.3498900830745697,2.3014607429504395,-2.913231372833252
1749220069990632000,14.1766318359375,0.2510540783405304,1.2448930740356445,-2.14550518989563
1749220070000621800,14.186621826171875,0.39310067892074585,-0.2799927592277527,-0.9104532599449158
1749220070010613200,14.19661328125,0.7418197989463806,-1.3956087827682495,0.7481213808059692
1749220070020603100,14.20660302734375,0.6119653582572937,-1.7782001495361328,1.7667802572250366
1749220070030594000,14.216593994140625,0.1221967488527298,-1.6565905809402466,2.5851333141326904
1749220070040585200,14.226585205078125,-0.18917392194271088,-2.097975492477417,2.4724888801574707
1749220070050575400,14.236575439453125,-0.38286641240119934,-2.529322624206543,0.7053321003913879
1749220070060566300,14.246566162109374,-1.2105259895324707,0.09184816479682922,2.644766330718994
1749220070070556200,14.25655615234375,-1.032285451889038,3.9376471042633057,4.861434459686279
1749220070080547300,14.26654736328125,-1.415732741355896,4.618348121643066,3.563251256942749
1749220070090538200,14.276538330078125,-1.5228685140609741,2.8440334796905518,1.6390222311019897
1749220070100528000,14.286528076171875,-0.7999456524848938,2.177239418029785,2.7971174716949463
1749220070110519300,14.296519287109374,0.13292209804058075,2.1352717876434326,3.1319730281829834
1749220070120509200,14.30650927734375,0.5270845890045166,1.8044378757476807,2.1177568435668945
1749220070130500400,14.316500244140625,0.6868574619293213,0.3840658962726593,1.8927311897277832
1749220070140491300,14.3264912109375,0.855584979057312,-1.1294900178909302,2.775055408477783
1749220070150481200,14.336481201171875,0.8031574487686157,-1.6137789487838745,2.199522018432617
1749220070160472000,14.34647216796875,0.4070814847946167,-1.6900795698165894,1.5587133169174194
1749220070170462200,14.356462158203126,-0.10165978223085403,-1.6667732000350952,1.7582669258117676
1749220070180453400,14.366453369140626,-0.5561615228652954,-1.0412310361862183,1.6688395738601685
1749220070190444300,14.3764443359375,-0.39813432097435,0.14109240472316742,1.3846030235290527
1749220070200434200,14.38643408203125,-0.076266810297966,1.3339751958847046,1.3351675271987915
1749220070210425000,14.396425048828124,-0.08973494917154312,1.9341143369674683,1.3591653108596802
1749220070220415200,14.406415283203126,-0.2457389235496521,1.941297173500061,1.294344425201416
1749220070230406400,14.416406494140626,-0.35573333501815796,1.7626004219055176,1.190779685974121
1749220070240397300,14.426397216796875,-0.33882254362106323,1.3836109638214111,1.1383849382400513
1749220070250387200,14.43638720703125,-0.21911104023456573,0.7814420461654663,1.0725473165512085
1749220070260378000,14.446378173828125,-0.03646187111735344,0.07913289964199066,0.9812006950378418
1749220070270368000,14.456367919921876,0.20158398151397705,-0.6200528740882874,0.945400059223175
1749220070280359200,14.466359130859376,0.4027373194694519,-1.108113408088684,0.9431771636009216
1749220070290350000,14.47635009765625,0.45727619528770447,-1.1047186851501465,0.9522513151168823
1749220070300340200,14.48634033203125,0.39180293679237366,-0.6695602536201477,0.9376409649848938
1749220070310331100,14.4963310546875,0.26652196049690247,-0.13142752647399902,0.9337894916534424
1749220070320322300,14.506322265625,0.1044294685125351,0.21650327742099762,0.983427107334137
1749220070330312200,14.516312255859376,-0.039791353046894073,0.25635403394699097,1.0139501094818115
1749220070340303000,14.52630322265625,-0.12206998467445374,0.19820523262023926,0.985975444316864
1749220070350293200,14.536293212890625,-0.04144597798585892,0.08706379681825638,1.0445399284362793
1749220070360284400,14.546284423828125,0.096786729991436,-0.024392690509557724,1.0327911376953125
1749220070370275300,14.556275390625,0.09029340744018555,-0.22071506083011627,0.9086846709251404
1749220070380265200,14.56626513671875,0.08100297302007675,-0.38849499821662903,0.861416757106781
1749220070390256000,14.576256103515625,0.12810097634792328,-0.4604533612728119,0.8176589012145996
1749220070400246000,14.58624609375,0.19696766138076782,-0.47740569710731506,0.7207472324371338
1749220070410237400,14.596237548828125,0.1781281977891922,-0.5191153287887573,0.5897948145866394
1749220070420228400,14.606228271484374,0.040936246514320374,-0.5823315978050232,0.5351411700248718
1749220070430218200,14.61621826171875,0.010514159686863422,-0.5910806059837341,0.5386184453964233
1749220070440209200,14.626209228515625,0.09838516265153885,-0.5564467310905457,0.5399921536445618
1749220070450199000,14.636198974609375,0.1620115339756012,-0.6192401051521301,0.5542805194854736
1749220070460190200,14.646190185546875,0.17608873546123505,-0.8020415902137756,0.5976932644844055
1749220070470181000,14.65618115234375,0.18018175661563873,-0.9676893949508667,0.7011836767196655
1749220070480171300,14.666171142578126,0.17230093479156494,-1.0149424076080322,0.8565929532051086
1749220070490162200,14.676162109375,0.10988868027925491,-0.9688268303871155,1.0878310203552246
1749220070500152000,14.686152099609375,0.03969734534621239,-0.967075526714325,1.2684141397476196
1749220070510143200,14.696143310546875,-0.10470724105834961,-0.9111371636390686,1.484694480895996
1749220070520134100,14.706134033203124,-0.2531640827655792,-0.8158077001571655,1.7111701965332031
1749220070530124300,14.716124267578126,-0.3476245403289795,-0.6817785501480103,1.7907153367996216
1749220070540115200,14.726115234375,-0.4061286151409149,-0.4097776710987091,2.1310691833496094
1749220070550105300,14.736105224609375,-0.6092044711112976,-0.23145879805088043,2.3739142417907715
1749220070560096300,14.74609619140625,-0.8125203251838684,-0.1786150187253952,2.5409491062164307
1749220070570087200,14.756087158203124,-0.8487598299980164,-0.1484091728925705,2.672900676727295
1749220070580077000,14.7660771484375,-0.7801440358161926,-0.22675618529319763,2.8623735904693604
1749220070590068200,14.776068115234375,-0.7298792600631714,-0.46928173303604126,3.0847809314727783
1749220070600058400,14.786058349609375,-0.6780266761779785,-0.7710288166999817,3.1842989921569824
1749220070610049300,14.79604931640625,-0.5815459489822388,-1.1310460567474365,3.1622660160064697
1749220070620040200,14.806040283203124,-0.5251215696334839,-1.5734608173370361,3.0465619564056396
1749220070630030000,14.816030029296876,-0.5977795124053955,-1.536036729812622,3.242605686187744
1749220070640021200,14.826021240234375,-0.4902759790420532,-1.4716622829437256,3.6391642093658447
1749220070650011400,14.836011474609375,-0.26466840505599976,-1.509833574295044,4.019172191619873
1749220070660002300,14.846002197265625,-0.35407206416130066,-1.388038992881775,3.65606951713562
1749220070669993200,14.8559931640625,-0.3020804822444916,-1.1746095418930054,3.7836670875549316
1749220070679983000,14.865983154296876,-0.3992059826850891,-1.477845549583435,3.9603259563446045
1749220070689974300,14.875974365234375,-0.6767939329147339,-1.953342318534851,3.469745397567749
1749220070699964200,14.885964111328125,-0.8073258399963379,-1.8868693113327026,2.687568426132202
1749220070709955300,14.895955322265625,-0.644961416721344,-1.788053274154663,2.377260446548462
1749220070719946200,14.9059462890625,-0.3857855200767517,-1.4459196329116821,3.332608938217163
1749220070729936100,14.91593603515625,-0.6775811314582825,-0.18736563622951508,3.8004558086395264
1749220070739927300,14.92592724609375,-0.9233648180961609,0.8037829995155334,2.44449520111084
1749220070749917200,14.935917236328125,-0.6893102526664734,1.10170316696167,0.5374634265899658
1749220070759908000,14.945908203125,-0.3143773674964905,1.202059268951416,-1.121287226676941
1749220070769899000,14.95589892578125,0.17611271142959595,1.1639281511306763,-1.5837252140045166
1749220070779889200,14.96588916015625,0.7542673945426941,0.5039843320846558,-0.811509907245636
1749220070789880300,14.97588037109375,1.0105702877044678,-0.38794106245040894,-0.25986433029174805
1749220070799871200,14.985871337890625,1.0890613794326782,-1.0399603843688965,-0.8769003748893738
1749220070809861000,14.995861083984375,1.2446472644805908,-1.3440505266189575,-1.9555379152297974
1749220070819852000,15.00585205078125,1.3798478841781616,-1.2893049716949463,-2.5497219562530518
1749220070829842400,15.015842529296876,1.4572761058807373,-1.1133464574813843,-2.542983055114746
1749220070839833300,15.025833251953125,1.4987151622772217,-0.9143625497817993,-2.536747932434082
1749220070849824300,15.03582421875,1.5025421380996704,-0.7349344491958618,-2.941476821899414
1749220070859814100,15.045814208984375,1.526637077331543,-0.49878156185150146,-3.4318044185638428
1749220070869805000,15.05580517578125,1.620759129524231,-0.2969975769519806,-3.785098075866699
1749220070879795200,15.065795166015626,1.7376865148544312,-0.2137458473443985,-3.908369541168213
1749220070889786400,15.075786376953126,1.805097222328186,-0.1940736025571823,-4.0980963706970215
1749220070899777300,15.08577734375,1.8397239446640015,-0.1803940087556839,-4.443955421447754
1749220070909767200,15.09576708984375,1.8785368204116821,-0.11883370578289032,-4.832016944885254
1749220070919758300,15.10575830078125,1.94398033618927,0.011235610581934452,-5.113443851470947
1749220070929748200,15.115748291015626,1.9859575033187866,0.2598153352737427,-5.27689790725708
1749220070939739100,15.1257392578125,1.946837306022644,0.5806040167808533,-5.506190776824951
1749220070949730000,15.13572998046875,1.854123592376709,0.9151865243911743,-5.851226806640625
1749220070959720200,15.14572021484375,1.7187309265136719,1.2605105638504028,-6.188291072845459
1749220070969711400,15.15571142578125,1.5685465335845947,1.6250965595245361,-6.504463195800781
1749220070979701200,15.165701171875,1.4398934841156006,2.000148057937622,-6.711883544921875
1749220070989692200,15.175692138671875,1.2765814065933228,2.3147878646850586,-6.7418107986450195
1749220070999683000,15.18568310546875,0.9267510175704956,2.4586284160614014,-6.767442226409912
1749220071009669400,15.19566943359375,0.4653106927871704,2.378767490386963,-6.774940013885498
1749220071019660500,15.20566064453125,0.19472767412662506,1.8680617809295654,-6.670199871063232
1749220071029650400,15.215650390625,0.1804930716753006,1.5212244987487793,-6.164231300354004
1749220071039641300,15.225641357421875,0.39176031947135925,1.4479763507843018,-5.543980121612549
1749220071049632300,15.23563232421875,0.6159614324569702,2.115705966949463,-4.7499189376831055
1749220071059622400,15.245622314453126,0.6198022961616516,2.92988920211792,-3.948051929473877
1749220071069613600,15.255613525390626,0.5056149959564209,2.7736122608184814,-3.2642877101898193
1749220071079603500,15.265603515625,0.3899930417537689,1.5829943418502808,-2.22174334526062
1749220071089594400,15.275594482421875,0.706456184387207,0.35275325179100037,-0.6875155568122864
1749220071099585300,15.285585205078124,0.8197356462478638,-0.7824867963790894,0.4279992878437042
1749220071109575200,15.2955751953125,0.46867135167121887,-1.4603382349014282,1.3018975257873535
1749220071119566300,15.30556640625,0.11883237957954407,-1.4370694160461426,2.160306453704834
1749220071129556500,15.315556396484375,-0.152854785323143,-1.0234829187393188,2.6343531608581543
1749220071139547400,15.32554736328125,-0.003172357566654682,-0.9087323546409607,2.531435251235962
1749220071149538300,15.335538330078125,-0.5416502356529236,-0.8918433785438538,0.9726953506469727
1749220071159528400,15.345528564453126,-1.7494765520095825,1.75413978099823,3.1676008701324463
1749220071169519400,15.355519287109376,-1.1826903820037842,3.5911026000976562,4.246427059173584
1749220071179509500,15.365509521484375,-1.1630700826644897,3.285433053970337,2.634711742401123
1749220071189500400,15.37550048828125,-1.115739107131958,1.9524387121200562,1.4472945928573608
1749220071199491300,15.3854912109375,-0.28958040475845337,1.113808274269104,2.6894593238830566
1749220071209481500,15.3954814453125,0.39017120003700256,0.9066287279129028,2.7274324893951416
1749220071219472400,15.405472412109376,0.7821245789527893,0.7770427465438843,1.9155569076538086
1749220071229462300,15.415462158203125,1.192413091659546,0.24311065673828125,2.3137478828430176
1749220071239453400,15.425453369140625,0.7775437235832214,0.036920201033353806,2.251871347427368
1749220071249444600,15.435444580078125,-0.2091931700706482,-0.3029364347457886,1.949526071548462
1749220071259434500,15.4454345703125,-0.6059056520462036,-0.5626143217086792,1.8060194253921509
1749220071269425400,15.45542529296875,-0.7653837203979492,-0.09212300181388855,1.532537817955017
1749220071279415300,15.465415283203125,-0.6159555912017822,0.7216598987579346,1.460935354232788
1749220071289406200,15.47540625,-0.3337121903896332,1.361816167831421,1.407309889793396
1749220071299397400,15.4853974609375,-0.3060866892337799,1.6021054983139038,1.3274224996566772
1749220071309387500,15.495387451171876,-0.2625570595264435,1.438234806060791,1.3279130458831787
1749220071319378400,15.50537841796875,-0.07871025800704956,1.1633228063583374,1.3470375537872314
1749220071329368300,15.515368408203125,0.17278136312961578,0.7466928362846375,1.3290274143218994
1749220071339359200,15.525359130859375,0.3636314868927002,0.21461962163448334,1.3117517232894897
1749220071349350400,15.535350341796875,0.4232015907764435,-0.3339332342147827,1.3075201511383057
1749220071359340500,15.545340576171874,0.39759182929992676,-0.7597798705101013,1.3259340524673462
1749220071369331500,15.55533154296875,0.312544584274292,-1.0426597595214844,1.3111850023269653
1749220071379321300,15.5653212890625,0.16174069046974182,-1.12210214138031,1.2846386432647705
1749220071389312300,15.575312255859375,0.004836300387978554,-0.8261698484420776,1.2819594144821167
1749220071399303400,15.585303466796875,-0.05528908967971802,-0.13262462615966797,1.2449612617492676
1749220071409293300,15.595293212890626,-0.035834163427352905,0.6440828442573547,1.3191100358963013
1749220071419284200,15.6052841796875,-0.08327411860227585,1.1443229913711548,1.4292455911636353
1749220071429274400,15.6152744140625,-0.14488528668880463,1.283491849899292,1.3421058654785156
1749220071439265500,15.625265625,-0.1214718371629715,1.0704208612442017,1.2123864889144897
1749220071449256400,15.63525634765625,0.023427028208971024,0.5360991358757019,1.2159862518310547
1749220071459246300,15.645246337890624,0.23941338062286377,-0.18794167041778564,1.1347894668579102
1749220071469237200,15.6552373046875,0.3868398666381836,-0.6956024765968323,1.0626648664474487
1749220071479228400,15.665228515625,0.34333527088165283,-0.9781015515327454,0.9495477080345154
1749220071489218600,15.675218505859375,0.20176348090171814,-0.8736441135406494,0.8326676487922668
1749220071499209500,15.68520947265625,0.13407976925373077,-0.534604012966156,0.7693965435028076
1749220071509199400,15.695199462890624,0.12324416637420654,-0.2856013774871826,0.7207522988319397
1749220071519190300,15.705190185546876,0.10522814840078354,-0.2577252686023712,0.6404414772987366
1749220071529181400,15.715181396484375,0.20025239884853363,-0.5495126843452454,0.5985813736915588
1749220071539171600,15.725171630859375,0.15841281414031982,-0.9070822596549988,0.5856869220733643
1749220071549162500,15.73516259765625,0.16654103994369507,-1.091245174407959,0.6362004280090332
1749220071559152400,15.74515234375,0.2937093675136566,-1.0779041051864624,0.6564921140670776
1749220071569143300,15.755143310546876,0.3150879144668579,-0.9736519455909729,0.6994390487670898
1749220071579134500,15.765134521484375,0.21623030304908752,-0.9229174256324768,0.780935525894165
1749220071589124400,15.775124267578125,0.09114109724760056,-0.9138890504837036,0.8932910561561584
1749220071599115300,15.785115234375,0.03226819261908531,-0.8587703704833984,1.0437657833099365
1749220071609105400,15.79510546875,-0.024775920435786247,-0.8057154417037964,1.139675498008728
1749220071619096300,15.805096435546876,-0.17952315509319305,-0.8017470240592957,1.3796982765197754
1749220071629087500,15.81508740234375,-0.3192394971847534,-0.7436161041259766,1.655600666999817
1749220071639077400,15.825077392578125,-0.40880241990089417,-0.5097061395645142,1.9201332330703735
1749220071649068300,15.835068359375,-0.5005736351013184,-0.2908632755279541,2.235623836517334
1749220071659058400,15.845058349609374,-0.6624373197555542,-0.18032023310661316,2.427647352218628
1749220071669049300,15.85504931640625,-0.7648841142654419,-0.25126978754997253,2.539897918701172
1749220071679040500,15.86504052734375,-0.7391576766967773,-0.46425554156303406,2.697265148162842
1749220071689030400,15.875030517578125,-0.6349093317985535,-0.7229843139648438,2.90083646774292
1749220071699021300,15.885021240234375,-0.5613171458244324,-1.0737394094467163,2.9735958576202393
1749220071709011200,15.89501123046875,-0.5114467740058899,-1.6376065015792847,2.859825611114502
1749220071719002400,15.90500244140625,-0.6197341084480286,-1.8890912532806396,2.8250732421875
1749220071728993500,15.91499365234375,-0.6577919721603394,-1.8503425121307373,3.0044240951538086
1749220071738983400,15.9249833984375,-0.3995588421821594,-1.5983259677886963,3.7678518295288086
1749220071748974300,15.934974365234375,-0.2780023217201233,-1.6514581441879272,3.985781669616699
1749220071758964200,15.944964111328124,-0.39557501673698425,-1.1775288581848145,3.8770487308502197
1749220071768955400,15.954955322265626,-0.38652506470680237,-1.0053062438964844,4.144061088562012
1749220071778946300,15.9649462890625,-0.5526666641235352,-1.6787947416305542,3.876988649368286
1749220071788936400,15.9749365234375,-0.6816568374633789,-2.0020570755004883,3.200632333755493
1749220071798927400,15.98492724609375,-0.49220409989356995,-2.0382602214813232,2.555809497833252
1749220071808917200,15.994917236328124,-0.10116523504257202,-2.0098392963409424,2.977742910385132
1749220071818908400,16.004908447265624,-0.12133308500051498,-1.2112442255020142,4.193382263183594
1749220071828899300,16.0148994140625,-0.5619876980781555,-0.07544335722923279,3.757266044616699
1749220071838889500,16.024889404296875,-0.4093635380268097,0.29746097326278687,1.997957468032837
1749220071848880400,16.03488037109375,-0.04168912395834923,0.4913707971572876,0.07585401833057404
1749220071858870300,16.044870361328126,0.3060435354709625,0.7875329256057739,-1.1596587896347046
1749220071868861400,16.054861328125,0.7652683854103088,0.7994149327278137,-0.8905264139175415
1749220071878852400,16.064852294921874,1.0474315881729126,0.12265507876873016,0.028143754228949547
1749220071888842200,16.07484228515625,0.9354875087738037,-0.3104603886604309,0.02082645148038864
1749220071898833200,16.084833251953125,0.8896803259849548,-0.28886324167251587,-0.890174925327301
1749220071908823600,16.094823486328124,0.9304711818695068,0.2397974133491516,-1.7788621187210083
1749220071918814500,16.104814453125,0.8987082242965698,0.9349109530448914,-2.2107605934143066
1749220071928805400,16.114805419921876,0.7511578798294067,1.5646837949752808,-2.254112482070923
1749220071938795300,16.124795166015623,0.48472246527671814,2.0978167057037354,-2.3744025230407715
1749220071948786400,16.134786376953127,0.21641592681407928,2.565744161605835,-2.8273723125457764
1749220071958776600,16.144776611328126,0.06480855494737625,2.8522284030914307,-3.4865944385528564
1749220071968767500,16.154767578125,0.015082812868058681,2.928054094314575,-4.011764049530029
1749220071978758400,16.16475830078125,-0.039505332708358765,2.7729532718658447,-4.326861381530762
1749220071988748300,16.174748291015625,-0.13206136226654053,2.3521101474761963,-4.545826435089111
1749220071998739500,16.184739501953125,-0.21488593518733978,1.6759248971939087,-4.892285346984863
1749220072008729600,16.1947294921875,-0.18704524636268616,0.8500293493270874,-5.289906978607178
1749220072018720500,16.204720458984376,-0.009604157879948616,-0.019245866686105728,-5.610075950622559
1749220072028711700,16.214711669921876,0.2626902163028717,-0.7339469790458679,-5.856006622314453
1749220072038701600,16.22470166015625,0.5440372228622437,-1.1836248636245728,-6.127844333648682
1749220072048692700,16.234692626953127,0.7768582105636597,-1.4508198499679565,-6.464402675628662
1749220072058682600,16.2446826171875,0.947345495223999,-1.6434098482131958,-6.780592918395996
1749220072068673500,16.254673583984374,1.0708935260772705,-1.6737732887268066,-7.05363130569458
1749220072078664400,16.26466455078125,1.204683542251587,-1.457594633102417,-7.2652153968811035
1749220072088654600,16.274654541015625,1.341394066810608,-0.9183833599090576,-7.340000152587891
1749220072098645800,16.284645751953125,1.32937753200531,0.021346833556890488,-7.4526591300964355
1749220072108635600,16.2946357421875,1.0357046127319336,1.2793666124343872,-7.254270076751709
1749220072118626600,16.30462646484375,0.5508676767349243,2.170706272125244,-6.752707481384277
1749220072128617500,16.314617431640624,0.14360350370407104,2.553701400756836,-6.136796474456787
1749220072138607600,16.324607666015623,0.06465702503919601,2.720336675643921,-5.558867931365967
1749220072148598800,16.334598876953127,0.2670444846153259,2.873774528503418,-4.950222492218018
1749220072158588700,16.344588623046874,0.40410059690475464,2.8576033115386963,-3.9634549617767334
1749220072168579600,16.35457958984375,0.3305094838142395,2.2212674617767334,-2.930777072906494
1749220072178570500,16.364570556640626,0.1728048026561737,0.8927115797996521,-2.0825440883636475
1749220072188560400,16.374560302734373,0.3648224472999573,-0.5376948714256287,-0.635174572467804
1749220072198551600,16.384551513671877,0.5344498157501221,-1.4080119132995605,0.9440982937812805
1749220072208541700,16.394541748046876,0.36460086703300476,-1.5460784435272217,1.8662385940551758
1749220072218532600,16.40453271484375,-0.05697114020586014,-1.2616174221038818,2.5292105674743652
1749220072228523500,16.4145234375,-0.6358821988105774,-0.7003149390220642,3.275874376296997
1749220072238513700,16.424513671875,-0.5176112055778503,-1.7185189723968506,2.0896098613739014
1749220072248504600,16.434504638671875,-0.43965381383895874,-2.401263475418091,0.84864342212677
1749220072258494700,16.44449462890625,-0.8004378080368042,0.18314824998378754,3.9985454082489014
1749220072268485600,16.454485595703126,-0.7497578859329224,1.5815643072128296,4.196590900421143
1749220072278476500,16.4644765625,-0.554546594619751,0.9937425851821899,1.689510703086853
1749220072288466700,16.474466796875,0.25381630659103394,0.2641533613204956,1.3227699995040894
1749220072298457600,16.48445751953125,0.13735732436180115,1.234423041343689,3.2297706604003906
1749220072308447500,16.494447509765624,-0.1993008553981781,2.525014877319336,2.6175377368927
1749220072318438700,16.504438720703124,0.3891560137271881,2.84397554397583,1.9599579572677612
1749220072328429800,16.514429931640624,0.38339000940322876,2.7345285415649414,2.068331003189087
1749220072338419700,16.524419677734375,-0.44527387619018555,1.8483504056930542,2.185091733932495
1749220072348410600,16.53441064453125,-0.47825872898101807,0.36449113488197327,1.8170928955078125
1749220072358400500,16.544400390625,-0.11890401691198349,-0.48380234837532043,1.513270378112793
1749220072368391400,16.554391357421874,0.008704275824129581,-0.787602961063385,1.333164095878601
1749220072378382600,16.564382568359374,0.32810330390930176,-1.1085178852081299,1.2448488473892212
1749220072388372700,16.574372802734374,0.2815219461917877,-0.9543663859367371,1.1249027252197266
1749220072398363600,16.58436376953125,0.1923430860042572,-0.5564233064651489,1.0386223793029785
1749220072408354600,16.5943544921875,0.3010677099227905,-0.1480078399181366,1.0574877262115479
1749220072418344400,16.604344482421876,0.35879063606262207,0.23647139966487885,1.0278350114822388
1749220072428335600,16.614335693359376,0.29011571407318115,0.46539485454559326,0.9897661805152893
1749220072438325800,16.62432568359375,0.21224914491176605,0.417594850063324,0.9387690424919128
1749220072448316700,16.634316650390623,0.19650639593601227,0.06806454062461853,0.8709937334060669
1749220072458307600,16.6443076171875,0.23673585057258606,-0.4353890120983124,0.903855562210083
1749220072468297500,16.65429736328125,0.3281104862689972,-0.9098444581031799,0.9231427311897278
1749220072478288600,16.66428857421875,0.41589123010635376,-1.2482049465179443,0.9187031984329224
1749220072488278500,16.674278564453125,0.4369605481624603,-1.301358938217163,0.9714516401290894
1749220072498269400,16.68426953125,0.35349440574645996,-0.9277113676071167,1.0677955150604248
1749220072508260600,16.694260498046877,0.20887331664562225,-0.2487988919019699,1.1140855550765991
1749220072518250800,16.704250732421876,0.029392777010798454,0.45892152190208435,1.1130564212799072
1749220072528241700,16.71424169921875,-0.13378922641277313,0.8921962380409241,1.1252686977386475
1749220072538231600,16.7242314453125,-0.22927260398864746,0.9407685995101929,1.1211684942245483
1749220072548222500,16.734222412109375,-0.21557755768299103,0.6995058655738831,1.1102031469345093
1749220072558213400,16.74421337890625,-0.1104828342795372,0.3189665377140045,1.1012437343597412
1749220072568203800,16.754203857421874,0.012251606211066246,-0.09245163947343826,1.1025699377059937
1749220072578194700,16.764194580078126,0.06016666814684868,-0.42665305733680725,1.0737944841384888
1749220072588184600,16.7741845703125,0.08344695717096329,-0.5688996911048889,1.0504934787750244
1749220072598175500,16.784175537109373,0.09428922086954117,-0.5001376271247864,1.0451847314834595
1749220072608166700,16.794166748046877,0.03743286058306694,-0.3111189901828766,1.0829925537109375
1749220072618156500,16.804156494140624,-0.04996223375201225,-0.16073162853717804,1.0953352451324463
1749220072628147700,16.814147705078124,-0.12101217359304428,-0.05772028863430023,1.0528564453125
1749220072638137600,16.8241376953125,-0.08753784000873566,-0.08001973479986191,1.0645395517349243
1749220072648128500,16.83412841796875,0.005228051450103521,-0.22170603275299072,1.077507734298706
1749220072658119700,16.84411962890625,0.10906124114990234,-0.5150031447410583,1.0349071025848389
1749220072668109600,16.854109619140626,0.13621535897254944,-0.8335853815078735,0.9922562837600708
1749220072678100500,16.8641005859375,0.14387941360473633,-1.0266259908676147,1.015632152557373
1749220072688090600,16.874090576171874,0.15733449161052704,-0.9374969005584717,1.096319317817688
1749220072698081500,16.88408154296875,0.09204097837209702,-0.7520559430122375,1.1836988925933838
1749220072708072700,16.89407275390625,-0.05519401282072067,-0.5853729248046875,1.2922685146331787
1749220072718062600,16.9040625,-0.20124949514865875,-0.470866858959198,1.3973699808120728
1749220072728053500,16.914053466796876,-0.2539156377315521,-0.37064942717552185,1.5209717750549316
1749220072738043600,16.924043701171875,-0.2901820242404938,-0.3097671866416931,1.6993743181228638
1749220072748034600,16.93403466796875,-0.38320010900497437,-0.35442492365837097,1.845747470855713
1749220072758025700,16.944025634765627,-0.48711585998535156,-0.33858683705329895,2.017076253890991
1749220072768015600,16.954015625,-0.500751256942749,-0.3688603341579437,2.1326706409454346
1749220072778006500,16.964006591796874,-0.521382749080658,-0.4201139211654663,2.1549086570739746
1749220072787996400,16.973996337890625,-0.5193073749542236,-0.508749783039093,2.312980890274048
1749220072797987600,16.983987548828125,-0.5255950689315796,-0.6576972007751465,2.526235818862915
1749220072807978800,16.993978759765625,-0.5805536508560181,-0.902356743812561,2.5277652740478516
1749220072817968600,17.00396875,-0.6072494387626648,-1.2691501379013062,2.469792127609253
1749220072827959600,17.01395947265625,-0.5891516804695129,-1.547713041305542,2.587625026702881
1749220072837949400,17.023949462890624,-0.721844494342804,-1.7389013767242432,2.627378463745117
1749220072847940600,17.033940673828123,-0.7465692758560181,-1.8787264823913574,2.7407774925231934
1749220072857931500,17.043931640625,-0.5026612877845764,-1.7339216470718384,3.5350582599639893
1749220072867921700,17.053921630859374,-0.2320052683353424,-1.6277029514312744,3.759035348892212
1749220072877912600,17.06391259765625,-0.35683509707450867,-1.0503944158554077,3.6183037757873535
1749220072887902500,17.07390234375,-0.5749932527542114,-0.6923978924751282,3.652118682861328
1749220072897893600,17.0838935546875,-0.7353373765945435,-0.865227222442627,3.6045162677764893
1749220072907884500,17.093884521484377,-0.8814677000045776,-0.7686389088630676,3.0961923599243164
1749220072917874700,17.103874755859376,-1.0009411573410034,-0.23596538603305817,2.166442632675171
1749220072927865600,17.113865478515624,-0.9540278911590576,0.25229910016059875,1.5140269994735718
1749220072937855500,17.12385546875,-0.556196928024292,0.18054980039596558,1.5827709436416626
1749220072947846700,17.1338466796875,-0.2961767911911011,0.19990140199661255,3.0422191619873047
1749220072957837600,17.143837646484375,-0.8833955526351929,0.6499985456466675,3.21990704536438
1749220072967827500,17.153827392578126,-1.2398098707199097,0.5537649393081665,1.9789235591888428
1749220072977818400,17.163818359375,-1.1057971715927124,0.137837752699852,-0.0010370349045842886
1749220072987808800,17.173808837890626,-0.7881484031677246,0.035292744636535645,-1.7813122272491455
1749220072997799700,17.183799560546873,-0.321626752614975,0.29825326800346375,-2.4535486698150635
1749220073007790600,17.19379052734375,0.5474002361297607,-0.09547006338834763,-1.5533115863800049
1749220073017781000,17.203781005859376,1.065602421760559,-0.7878953814506531,-0.433845192193985
1749220073027772000,17.21377197265625,1.069657564163208,-1.1687016487121582,-0.9552924036979675
1749220073037762000,17.223761962890624,1.086090087890625,-1.3117961883544922,-2.0976321697235107
1749220073047753000,17.2337529296875,1.0365999937057495,-1.1745113134384155,-2.834963798522949
1749220073057744100,17.243744140625,0.8774106502532959,-0.9537253975868225,-2.9712941646575928
1749220073067734000,17.253734130859375,0.7712131142616272,-0.6470314860343933,-2.8975603580474854
1749220073077725000,17.263724853515626,0.7847217321395874,-0.32101529836654663,-3.1309189796447754
1749220073087714800,17.27371484375,0.8745996952056885,0.002041046740487218,-3.680419921875
1749220073097706000,17.2837060546875,1.0127851963043213,0.1809183806180954,-4.144807815551758
1749220073107697000,17.29369677734375,1.1294429302215576,0.2064085602760315,-4.317477226257324
1749220073117687000,17.30368701171875,1.234182596206665,0.10628542304039001,-4.434587001800537
1749220073127678000,17.313677978515624,1.346720576286316,-0.058032143861055374,-4.728927135467529
1749220073137667800,17.323667724609376,1.4764397144317627,-0.2450539618730545,-5.119027137756348
1749220073147659000,17.333658935546875,1.625319242477417,-0.39893460273742676,-5.396270751953125
1749220073157650000,17.34364990234375,1.7894014120101929,-0.400707483291626,-5.523427963256836
1749220073167640000,17.35364013671875,1.947567343711853,-0.21066056191921234,-5.706762313842773
1749220073177631000,17.363630859375,2.016096591949463,0.13933685421943665,-5.928980350494385
1749220073187620900,17.373620849609374,1.99868643283844,0.5929112434387207,-6.112786769866943
1749220073197612000,17.383612060546874,1.9657760858535767,1.1038062572479248,-6.256228923797607
1749220073207603000,17.39360302734375,1.933772087097168,1.669554352760315,-6.40696382522583
1749220073217592800,17.4035927734375,1.8816684484481812,2.108928918838501,-6.5975446701049805
1749220073227584000,17.413583984375,1.7885547876358032,2.2734286785125732,-6.737502574920654
1749220073237574000,17.423573974609376,1.5892925262451172,2.300525188446045,-6.585257053375244
1749220073247565000,17.43356494140625,1.143465518951416,2.190563201904297,-5.866990566253662
1749220073257556000,17.443555908203123,0.7492963671684265,1.856428623199463,-5.4121527671813965
1749220073267545900,17.4535458984375,0.6822206377983093,1.691152572631836,-5.180259704589844
1749220073277536800,17.463536865234374,0.7213675379753113,1.8897207975387573,-4.687664031982422
1749220073287527000,17.47352685546875,0.725125253200531,2.418734073638916,-3.755744695663452
1749220073297518000,17.48351806640625,0.6641239523887634,2.156534194946289,-3.0128612518310547
1749220073307509000,17.493509033203125,0.4584839642047882,1.0824894905090332,-1.721417784690857
1749220073317499000,17.503498779296876,0.7115228772163391,-0.24703001976013184,0.21424704790115356
1749220073327489800,17.51348974609375,0.7115180492401123,-0.5218842029571533,1.5389404296875
1749220073337480200,17.523480224609376,0.15147607028484344,-0.4677722454071045,2.0109758377075195
1749220073347471000,17.53347119140625,-0.6642866730690002,-0.3390291929244995,2.8118672370910645
1749220073357462000,17.5434619140625,-1.3022418022155762,0.09385885298252106,3.6629233360290527
1749220073367452000,17.553451904296875,-0.8742042183876038,-0.40168964862823486,2.8690202236175537
1749220073377443000,17.563443115234374,0.027632160112261772,-1.6768434047698975,0.458993136882782
1749220073387433000,17.573432861328126,-0.05450931563973427,-0.3485443890094757,3.316802978515625
1749220073397423900,17.583423828125,-0.6744452714920044,2.1269326210021973,4.62134313583374
1749220073407415000,17.5934150390625,-0.9960443377494812,2.586127758026123,2.730821132659912
1749220073417405000,17.603405029296876,-0.5347654223442078,1.575853943824768,0.878969669342041
1749220073427396000,17.61339599609375,-0.22769281268119812,1.2836047410964966,2.8563876152038574
1749220073437387000,17.623386962890624,-0.3207561671733856,1.9614551067352295,2.9233920574188232
1749220073447377000,17.633376953125,-0.08611784130334854,2.1040565967559814,1.48404860496521
1749220073457367800,17.643367919921875,0.21423107385635376,1.359480381011963,2.027932643890381
1749220073467358000,17.65335791015625,0.4169620871543884,0.3319968581199646,2.5448720455169678
1749220073477349000,17.66334912109375,0.21936218440532684,-0.3499867618083954,1.6677029132843018
1749220073487340000,17.673340087890626,0.16440226137638092,-0.950850248336792,1.587726354598999
1749220073497330000,17.683329833984374,0.1295452117919922,-1.081760048866272,1.728131890296936
1749220073507320800,17.69332080078125,0.1690651923418045,-0.6759792566299438,1.4419864416122437
1749220073517311000,17.70331103515625,0.13035108149051666,-0.17130570113658905,1.172835111618042
1749220073527302100,17.71330224609375,0.05192791298031807,0.2503504455089569,1.1380845308303833
1749220073537293000,17.72329296875,0.10344010591506958,0.4413142800331116,1.2335489988327026
1749220073547283000,17.733282958984375,0.1686268299818039,0.44108524918556213,1.1281720399856567
1749220073557273900,17.74327392578125,0.23859046399593353,0.22335772216320038,0.9799433946609497
1749220073567264000,17.753263916015626,0.29340124130249023,-0.15060974657535553,0.914995014667511
1749220073577255000,17.7632548828125,0.31514009833335876,-0.5271604657173157,0.8352288007736206
1749220073587245800,17.773245849609374,0.30305016040802,-0.8356503844261169,0.7306028008460999
1749220073597236000,17.783236083984374,0.27602919936180115,-1.0151914358139038,0.6655428409576416
1749220073607227000,17.793226806640625,0.26652809977531433,-1.019392490386963,0.7226325273513794
1749220073617217000,17.803217041015625,0.2593165338039398,-0.7789649963378906,0.797166109085083
1749220073627208000,17.8132080078125,0.23741655051708221,-0.4084905683994293,0.822414755821228
1749220073637198800,17.82319873046875,0.1378265768289566,-0.08230339735746384,0.8785371780395508
1749220073647189000,17.83318896484375,-0.009394301101565361,0.14002715051174164,0.9869611263275146
1749220073657180200,17.84318017578125,-0.10278923064470291,0.26343029737472534,1.0614198446273804
1749220073667170000,17.853170166015627,-0.12254509329795837,0.3006114959716797,1.0813169479370117
1749220073677161000,17.863160888671874,-0.11216675490140915,0.26461273431777954,1.1093155145645142
1749220073687151900,17.87315185546875,-0.09180928021669388,0.2115119844675064,1.1545826196670532
1749220073697141800,17.883141845703125,-0.09203805029392242,0.19053426384925842,1.2159274816513062
1749220073707133000,17.8931328125,-0.12642371654510498,0.11056672781705856,1.1628599166870117
1749220073717123000,17.903123046875,-0.13756798207759857,0.07770491391420364,1.0859431028366089
1749220073727114000,17.913114013671876,-0.09245190024375916,-0.014211160130798817,1.068663477897644
1749220073737105000,17.92310498046875,-0.022702382877469063,-0.09829754382371902,1.022266149520874
1749220073747094800,17.9330947265625,0.049972087144851685,-0.2372668832540512,0.9170693755149841
1749220073757086000,17.9430859375,0.030785342678427696,-0.36788293719291687,0.8364160656929016
1749220073767076000,17.953076171875,0.039030756801366806,-0.555527925491333,0.8208552002906799
1749220073777067000,17.96306689453125,0.1551496386528015,-0.7251699566841125,0.8207247257232666
1749220073787058000,17.973057861328126,0.2555745244026184,-0.8524496555328369,0.8531447052955627
1749220073797047800,17.9830478515625,0.2460547834634781,-0.9767431020736694,0.8896363973617554
1749220073807039000,17.9930390625,0.1421092003583908,-0.9420756697654724,1.0130808353424072
1749220073817029000,18.003029052734377,0.06274540722370148,-0.764655590057373,1.1560345888137817
1749220073827020000,18.01302001953125,-0.04322576895356178,-0.45364683866500854,1.3226467370986938
1749220073837011000,18.023010986328124,-0.23836782574653625,-0.29767563939094543,1.4806760549545288
1749220073847001000,18.0330009765625,-0.380310595035553,-0.21736720204353333,1.6121933460235596
1749220073856992000,18.042991943359375,-0.366603285074234,-0.13393117487430573,1.7411952018737793
1749220073866982000,18.05298193359375,-0.3578771948814392,-0.08281765133142471,1.8837424516677856
1749220073876972800,18.062972900390626,-0.42157360911369324,-0.0736292153596878,2.0256142616271973
1749220073886964000,18.0729638671875,-0.43195807933807373,-0.10087627917528152,2.153549909591675
1749220073896954000,18.0829541015625,-0.4380098283290863,-0.12709909677505493,2.1840057373046875
1749220073906945000,18.092945068359374,-0.5182048082351685,-0.3322644829750061,2.2628633975982666
1749220073916935000,18.102934814453125,-0.5508309006690979,-0.45358559489250183,2.455099582672119
1749220073926925800,18.11292578125,-0.4743574559688568,-0.6734572649002075,2.6769142150878906
1749220073936917000,18.1229169921875,-0.4455588459968567,-0.9736878871917725,2.695312976837158
1749220073946907100,18.1329072265625,-0.4389842748641968,-1.448478102684021,2.7509615421295166
1749220073956898000,18.14289794921875,-0.45232805609703064,-1.85769522190094,2.9623019695281982
1749220073966888000,18.152887939453127,-0.6500981450080872,-1.885577917098999,3.049720525741577
1749220073976878800,18.16287890625,-0.6830464601516724,-1.729177474975586,3.088784694671631
1749220073986870000,18.1728701171875,-0.22084476053714752,-1.4415946006774902,3.9771251678466797
1749220073996860000,18.18285986328125,-0.17560724914073944,-1.3265324831008911,3.9829444885253906
1749220074006851000,18.19285107421875,-0.3206475079059601,-1.3110425472259521,3.8063666820526123
1749220074016839700,18.202839599609376,-0.3941901922225952,-1.8657605648040771,3.585073232650757
1749220074026830800,18.212830810546876,-0.4231182336807251,-2.206237554550171,3.113569498062134
1749220074036821800,18.22282177734375,-0.450096070766449,-1.768276333808899,2.2573318481445312
1749220074046812000,18.23281201171875,-0.23130938410758972,-1.2131510972976685,2.0778250694274902
1749220074056802800,18.242802734375,0.060508616268634796,-0.8875815272331238,2.9461827278137207
1749220074066792700,18.252792724609375,-0.21332505345344543,-0.0698762834072113,3.295602798461914
1749220074076783900,18.262783935546874,-0.7614132165908813,0.8618798851966858,2.15231990814209
1749220074086774800,18.27277490234375,-0.8854339718818665,1.2630987167358398,0.38386911153793335
1749220074096765000,18.282764892578125,-0.6459217667579651,1.3454737663269043,-1.197336196899414
1749220074106755800,18.292755859375,-0.33463603258132935,1.4126596450805664,-1.8569234609603882
1749220074116746000,18.30274609375,0.021022194996476173,1.2259987592697144,-1.344014286994934
1749220074126737000,18.31273681640625,0.20485833287239075,0.8815885782241821,-0.6906951069831848
1749220074136727800,18.322727783203124,0.19306080043315887,0.5742685794830322,-1.1332544088363647
1749220074146717700,18.3327177734375,0.13518552482128143,0.3708694279193878,-2.065507173538208
1749220074156708900,18.342708984375,-0.008471248671412468,0.30424776673316956,-2.7447447776794434
1749220074166699000,18.352698974609375,-0.15787005424499512,0.33531782031059265,-2.8943653106689453
1749220074176690000,18.36268994140625,-0.22436705231666565,0.43385130167007446,-2.9093213081359863
1749220074186680800,18.372680908203126,-0.21963542699813843,0.4970172345638275,-3.1834328174591064
1749220074196670700,18.382670654296874,-0.19514578580856323,0.5320247411727905,-3.837690830230713
1749220074206662000,18.392661865234373,-0.11648000776767731,0.4407092034816742,-4.51344633102417
1749220074216652800,18.40265283203125,0.028848426416516304,0.19130870699882507,-4.878398895263672
1749220074226643000,18.412642822265624,0.22880521416664124,-0.2933511734008789,-5.08621883392334
1749220074236633900,18.4226337890625,0.4607172906398773,-0.9001686573028564,-5.3719305992126465
1749220074246623700,18.432623779296875,0.7334414720535278,-1.3707833290100098,-5.756137371063232
1749220074256615000,18.442614990234375,1.0657432079315186,-1.7056941986083984,-6.043711185455322
1749220074266605800,18.452605712890627,1.351929783821106,-1.8321254253387451,-6.036248207092285
1749220074276595700,18.462595703125,1.5949008464813232,-1.6399178504943848,-6.112682819366455
1749220074286587000,18.4725869140625,1.8081090450286865,-1.1518491506576538,-6.38051176071167
1749220074296576800,18.48257666015625,1.879510760307312,-0.5523012280464172,-6.518846035003662
1749220074306568000,18.49256787109375,1.7927374839782715,0.07094607502222061,-6.503292560577393
1749220074316558800,18.502558837890625,1.7009556293487549,0.6868079304695129,-6.5109639167785645
1749220074326548700,18.512548828125,1.6675114631652832,1.2440179586410522,-6.443880558013916
1749220074336539600,18.52253955078125,1.7300323247909546,1.7081400156021118,-6.331411838531494
1749220074346529800,18.53252978515625,1.869035243988037,2.080831527709961,-5.890542030334473
1749220074356521000,18.54252099609375,1.8867747783660889,2.385047435760498,-5.389074325561523
1749220074366511900,18.552511962890627,1.787994384765625,2.6903538703918457,-5.068536758422852
1749220074376501800,18.562501708984374,1.4371658563613892,2.592593193054199,-4.563676357269287
1749220074386492700,18.57249267578125,0.9825178980827332,2.308436870574951,-3.847553253173828
1749220074396483000,18.582483154296874,0.6508976221084595,1.985974907875061,-3.234727621078491
1749220074406474000,18.592473876953125,0.47092437744140625,1.5385140180587769,-2.9869630336761475
1749220074416465000,18.60246484375,0.2582230269908905,0.8580097556114197,-2.2185873985290527
1749220074426454800,18.612454833984376,0.6361777782440186,0.00284958234988153,0.10220865905284882
1749220074436446000,18.622446044921876,0.9177274107933044,-0.29979389905929565,1.8684866428375244
1749220074446435800,18.632435791015624,0.6015961170196533,-0.45402130484580994,2.006373643875122
1749220074456426800,18.6424267578125,-0.13817597925662994,-0.7148478031158447,2.3671340942382812
1749220074466417700,18.652417724609375,-0.9621396660804749,-0.9599524140357971,3.464559316635132
1749220074476407800,18.66240771484375,-0.9711443185806274,-1.7312448024749756,2.9190752506256104
1749220074486399000,18.67239892578125,-0.32272613048553467,-2.868973970413208,0.35330772399902344
1749220074496388900,18.682388916015626,-0.30216410756111145,-1.670613408088684,1.9735435247421265
1749220074506379800,18.6923798828125,-0.48018819093704224,1.4461688995361328,4.207008361816406
1749220074516370700,18.70237060546875,-0.5841143131256104,3.52213978767395,3.1221604347229004
1749220074526360800,18.71236083984375,-0.6755834817886353,3.5137810707092285,1.5366029739379883
1749220074536352000,18.72235205078125,-0.7821054458618164,2.718683958053589,2.231487989425659
1749220074546342000,18.732341796875,-0.4750139117240906,2.4404587745666504,2.53596568107605
1749220074556332800,18.742332763671875,-0.030350714921951294,2.682051658630371,1.9167656898498535
1749220074566323700,18.75232373046875,0.39128628373146057,1.7743773460388184,1.8259642124176025
1749220074576313900,18.76231396484375,0.9207258820533752,0.09092644602060318,2.611374855041504
1749220074586305000,18.772304931640626,0.8654341101646423,-0.7813466787338257,2.0410962104797363
1749220074596295000,18.782294921875,0.1304221898317337,-1.492488145828247,1.492401361465454
1749220074606285800,18.792285888671874,-0.4958166778087616,-1.797254204750061,1.7158981561660767
1749220074616276700,18.80227685546875,-0.7581039667129517,-0.9155833125114441,1.65939199924469
1749220074626267000,18.812266845703125,-0.6969820261001587,0.6562593579292297,1.3572847843170166
1749220074636257800,18.8222578125,-0.49994537234306335,1.7732964754104614,1.4192746877670288
1749220074646248700,18.832248779296876,-0.3856302499771118,2.232851505279541,1.5602723360061646
1749220074656238800,18.84223876953125,-0.472400039434433,2.214524745941162,1.4711732864379883
1749220074666229800,18.852229736328123,-0.3372185230255127,1.8760195970535278,1.403869390487671
1749220074676220000,18.862219970703126,0.04800587520003319,1.3905165195465088,1.4711296558380127
1749220074686210800,18.8722109375,0.3179401457309723,0.6560026407241821,1.3752446174621582
1749220074696201700,18.88220166015625,0.4369315207004547,-0.45450732111930847,1.211445927619934
1749220074706192000,18.89219189453125,0.44617536664009094,-1.5595263242721558,1.1696656942367554
1749220074716183000,18.90218310546875,0.422377347946167,-2.073521614074707,1.1293598413467407
1749220074726173000,18.9121728515625,0.45822909474372864,-1.871063470840454,1.0455623865127563
1749220074736163800,18.922163818359376,0.4545975923538208,-1.1831977367401123,1.0419199466705322
1749220074746154800,18.93215478515625,0.3173907399177551,-0.31658434867858887,1.1160399913787842
1749220074756144600,18.94214453125,0.10386940836906433,0.4315985441207886,1.2019429206848145
1749220074766135800,18.9521357421875,-0.08129751682281494,0.9384273886680603,1.2591612339019775
1749220074776126000,18.9621259765625,-0.164621964097023,1.13322114944458,1.221838116645813
1749220074786116900,18.972116943359374,-0.1429441124200821,0.9423574209213257,1.157362937927246
1749220074796107800,18.982107666015626,-0.06115097180008888,0.5180538296699524,1.1223468780517578
1749220074806097700,18.99209765625,0.05409359559416771,-0.0010458233300596476,1.0555822849273682
1749220074816088800,19.0020888671875,0.15131895244121552,-0.39985233545303345,1.041421890258789
1749220074826079000,19.012078857421876,0.16577911376953125,-0.5955270528793335,1.0161727666854858
1749220074836070000,19.02206982421875,0.06600698083639145,-0.5907852649688721,0.885543942451477
1749220074846060800,19.032060791015624,0.040954623371362686,-0.4186007082462311,0.8188943266868591
1749220074856050700,19.04205078125,0.07636001706123352,-0.2469000667333603,0.7804449200630188
1749220074866041900,19.052041748046875,0.06632096320390701,-0.26435574889183044,0.69404536485672
1749220074876032000,19.062031982421875,0.13727717101573944,-0.45612651109695435,0.6351130604743958
1749220074886023000,19.07202294921875,0.2403670698404312,-0.8296889066696167,0.5501776337623596
1749220074896013800,19.082013916015626,0.14465118944644928,-1.139366626739502,0.5474175810813904
1749220074906004000,19.09200390625,0.12104546278715134,-1.3028831481933594,0.6409648060798645
1749220074915995000,19.101994873046873,0.17350521683692932,-1.1979655027389526,0.7878466844558716
1749220074925984800,19.11198486328125,0.16248051822185516,-1.0115306377410889,1.0350618362426758
1749220074935975700,19.1219755859375,0.023214241489768028,-0.8804154992103577,1.2777966260910034
1749220074945966800,19.131966796875,-0.11505628377199173,-0.7728908658027649,1.4955008029937744
1749220074955957000,19.14195703125,-0.19258064031600952,-0.5783720016479492,1.7296525239944458
1749220074965948000,19.151947998046875,-0.32400256395339966,-0.43447795510292053,1.9750181436538696
1749220074975937800,19.161937744140626,-0.44928139448165894,-0.42375633120536804,2.153103828430176
1749220074985928700,19.1719287109375,-0.5304335355758667,-0.38667234778404236,2.3001203536987305
1749220074995920000,19.181919921875,-0.576972246170044,-0.4918062090873718,2.413736343383789
1749220075005910000,19.191909912109374,-0.6184541583061218,-0.5164593458175659,2.5118656158447266
1749220075015905500,19.201905517578126,-0.613430917263031,-0.6732963919639587,2.679931640625
1749220075025895700,19.211895751953126,-0.596920371055603,-0.873750627040863,2.741675853729248
1749220075035886600,19.221886474609374,-0.5749258995056152,-1.1611055135726929,2.8709211349487305
1749220075045877800,19.231877685546873,-0.5226549506187439,-1.7824736833572388,2.7944748401641846
1749220075055867600,19.24186767578125,-0.6066188216209412,-2.0334248542785645,2.8099050521850586
1749220075065858600,19.251858642578124,-0.7495054006576538,-2.274585247039795,2.857008457183838
1749220075075848700,19.2618486328125,-0.5842424035072327,-2.308063268661499,3.404446840286255
1749220075085839600,19.271839599609375,-0.21375009417533875,-2.098426342010498,3.987138509750366
1749220075095830800,19.281830810546875,-0.28541016578674316,-1.4612733125686646,3.892321825027466
1749220075105820700,19.291820556640626,-0.41520145535469055,-0.9727630019187927,3.9687066078186035
1749220075115811600,19.3018115234375,-0.7229334712028503,-1.1570550203323364,3.711872100830078
1749220075125802500,19.311802490234374,-0.9439337253570557,-1.3691444396972656,2.9954514503479004
1749220075135792400,19.32179248046875,-0.9834156632423401,-1.0728110074996948,2.178889751434326
1749220075145783600,19.331783447265625,-0.7131820321083069,-0.9041546583175659,2.476198196411133
1749220075155773700,19.341773681640625,-0.41323310136795044,-0.5535489320755005,3.791149139404297
1749220075165764600,19.3517646484375,-0.7524253129959106,0.4379728138446808,3.8630027770996094
1749220075175755500,19.361755615234376,-0.8992224335670471,0.8332024216651917,2.159208059310913
1749220075185745400,19.371745361328124,-0.6301805973052979,0.8321819305419922,0.07049573957920074
1749220075195736600,19.381736572265623,-0.20664718747138977,1.0200508832931519,-1.5501033067703247
1749220075205726700,19.391726806640627,0.47051745653152466,1.1636189222335815,-1.724785327911377
1749220075215717600,19.401717529296874,1.1257445812225342,0.4676327109336853,-0.7211413979530334
1749220075225708500,19.41170849609375,1.2487852573394775,-0.32166698575019836,-0.27242380380630493
1749220075235698700,19.42169873046875,1.1987534761428833,-0.8012357354164124,-1.066949725151062
1749220075245689600,19.431689697265625,1.2783247232437134,-0.8890963196754456,-2.1176490783691406
1749220075255679500,19.441679443359376,1.2385177612304688,-0.6683916449546814,-2.74985408782959
1749220075265670700,19.451670654296876,1.1516035795211792,-0.4404996335506439,-2.7892467975616455
1749220075275661800,19.461661865234376,1.0916547775268555,-0.2126009464263916,-2.735851764678955
1749220075285651700,19.471651611328124,1.0570731163024902,-0.031490813940763474,-3.1058621406555176
1749220075295642600,19.481642578125,1.0632039308547974,0.13737569749355316,-3.6457314491271973
1749220075305632500,19.491632568359375,1.1076992750167847,0.2432486116886139,-4.106462478637695
1749220075315623400,19.50162353515625,1.17927885055542,0.19084478914737701,-4.377065658569336
1749220075325614600,19.511614501953126,1.2438328266143799,0.003483148291707039,-4.533300876617432
1749220075335604700,19.521604736328126,1.2901524305343628,-0.20640429854393005,-4.751009941101074
1749220075345595600,19.531595703125,1.3832184076309204,-0.40185102820396423,-5.075320720672607
1749220075355585500,19.54158544921875,1.531623125076294,-0.5311318039894104,-5.368826389312744
1749220075365576400,19.551576416015624,1.7436541318893433,-0.5642783045768738,-5.572237014770508
1749220075375567600,19.561567626953124,1.989334225654602,-0.5043150782585144,-5.733081817626953
1749220075385557800,19.571557861328124,2.160419225692749,-0.28702086210250854,-5.887600421905518
1749220075395548700,19.581548583984375,2.2386624813079834,0.13055375218391418,-6.043656349182129
1749220075405538600,19.59153857421875,2.2261526584625244,0.7501717209815979,-6.196272850036621
1749220075415529500,19.601529541015626,2.081763505935669,1.5339008569717407,-6.3266472816467285
1749220075425520600,19.611520751953126,1.7856391668319702,2.2391011714935303,-6.3305344581604
1749220075435510500,19.621510498046874,1.3799091577529907,2.6276066303253174,-6.137060165405273
1749220075445501400,19.63150146484375,0.9283992648124695,2.6116528511047363,-5.987908840179443
1749220075455491600,19.64149169921875,0.5468133091926575,2.3537633419036865,-5.703713893890381
1749220075465482500,19.651482421875,0.42319467663764954,2.079349994659424,-5.29283332824707
1749220075475473700,19.6614736328125,0.5145218968391418,1.9919965267181396,-4.987881183624268
1749220075485463600,19.671463623046876,0.5446255207061768,2.0582849979400635,-4.689398288726807
1749220075495454500,19.681454345703123,0.48692837357521057,2.2108731269836426,-3.954657554626465
1749220075505444600,19.691444580078127,0.47274625301361084,2.358259916305542,-2.8962860107421875
1749220075515435800,19.701435791015626,0.3934261202812195,1.8584288358688354,-2.1488893032073975
1749220075525426700,19.7114267578125,0.4344063103199005,0.7301090955734253,-1.1171201467514038
1749220075535416600,19.72141650390625,0.6366297006607056,-0.4162920117378235,0.22764328122138977
1749220075545407500,19.731407470703125,0.59511399269104,-1.0719285011291504,1.3137693405151367
1749220075555397600,19.741397705078125,0.2952952980995178,-1.3328982591629028,2.088060140609741
1749220075565388800,19.751388916015625,-0.22346211969852448,-1.0977115631103516,2.7817256450653076
1749220075575379700,19.761379638671876,-0.16993577778339386,-1.4801348447799683,2.477538585662842
1749220075585369600,19.77136962890625,0.17260213196277618,-2.3335187435150146,0.7631368041038513
1749220075595360500,19.781360595703124,-1.170591115951538,0.009593771770596504,2.435549736022949
1749220075605351700,19.7913515625,-1.0588070154190063,2.9858295917510986,4.321290493011475
1749220075615341600,19.801341552734375,-1.037980556488037,3.671921491622925,3.028648614883423
1749220075625332500,19.81133251953125,-0.8536658883094788,2.2504501342773438,1.0501883029937744
1749220075635322600,19.821322509765626,-0.21832381188869476,1.2264301776885986,2.7231884002685547
1749220075645313500,19.8313134765625,-0.06719634681940079,1.4615715742111206,3.0778770446777344
1749220075655304700,19.8413046875,0.4408192038536072,1.569961667060852,2.4590773582458496
1749220075665294600,19.851294677734376,0.9325907826423645,1.3948982954025269,2.2593154907226562
1749220075675285500,19.861285400390624,0.03651406988501549,0.8253732919692993,2.0646326541900635
1749220075685275600,19.871275634765624,-0.39831143617630005,-0.6263065338134766,2.1791558265686035
1749220075695266600,19.8812666015625,-0.22501207888126373,-1.4769444465637207,2.038886547088623
1749220075705257700,19.8912578125,-0.20158478617668152,-1.4279968738555908,1.5267624855041504
1749220075715247600,19.90124755859375,0.31206390261650085,-1.240980863571167,1.3330426216125488
1749220075725238500,19.911238525390626,0.6274117231369019,-0.8721253275871277,1.4384526014328003
1749220075735228400,19.921228515625,0.48046115040779114,-0.1731337010860443,1.226771354675293
1749220075745219600,19.931219482421874,0.24303795397281647,0.2906334400177002,1.1060110330581665
1749220075755210800,19.941210693359373,0.010668889619410038,0.45609456300735474,1.1486845016479492
1749220075765200600,19.95120068359375,-0.1692313700914383,0.49141740798950195,1.0810649394989014
1749220075775191600,19.961191650390624,-0.14807814359664917,0.3324999213218689,0.9788597822189331
1749220075785181400,19.971181396484376,0.0009376989910379052,-0.0864507332444191,0.9055173993110657
1749220075795172600,19.981172607421875,0.1419411599636078,-0.677833080291748,0.8770761489868164
1749220075805163500,19.99116357421875,0.2665523290634155,-1.1408278942108154,0.9074918627738953
1749220075815153700,20.001153564453126,0.35302624106407166,-1.279990315437317,0.8491252064704895
1749220075825144600,20.01114453125,0.36082902550697327,-1.1257743835449219,0.8120750188827515
1749220075835134500,20.021134521484374,0.28912660479545593,-0.8645353317260742,0.8532275557518005
1749220075845125600,20.031125732421874,0.17683468759059906,-0.5871362090110779,0.89607834815979
1749220075855116500,20.041116455078125,0.06579366326332092,-0.3692494034767151,0.8694411516189575
1749220075865106700,20.051106689453125,-0.026153307408094406,-0.2234003245830536,0.8571282625198364
1749220075875097600,20.06109765625,-0.09733614325523376,-0.23277625441551208,0.8433687686920166
1749220075885087500,20.07108740234375,-0.11787497252225876,-0.3070840537548065,0.8253024220466614
1749220075895078700,20.08107861328125,-0.08879538625478745,-0.37954679131507874,0.8039222955703735
1749220075905069600,20.091069580078123,-0.06511642038822174,-0.4064908027648926,0.7780968546867371
1749220075915059500,20.1010595703125,-0.04914117977023125,-0.38428136706352234,0.7429924011230469
1749220075925050600,20.111050537109374,-0.03936871141195297,-0.3197002410888672,0.7016286849975586
1749220075935040500,20.12104052734375,-0.035712189972400665,-0.27594634890556335,0.6574234366416931
1749220075945031700,20.13103173828125,-0.027887290343642235,-0.3082185387611389,0.6103541851043701
1749220075955022600,20.141022705078125,-0.07141745835542679,-0.461899995803833,0.5719303488731384
1749220075965012500,20.151012451171876,-0.12133468687534332,-0.6757595539093018,0.5193297266960144
1749220075975003400,20.16100341796875,-0.06317257881164551,-0.7584983706474304,0.5350573062896729
1749220075984994600,20.17099462890625,0.06890583038330078,-0.755088746547699,0.5985278487205505
1749220075994984700,20.180984619140624,0.11127379536628723,-0.7735324501991272,0.6543346643447876
1749220076004975600,20.1909755859375,0.05174974724650383,-0.8437967300415039,0.7395222783088684
1749220076014962000,20.2009619140625,-0.0073388731107115746,-0.8923009037971497,0.8763403296470642
1749220076024952800,20.210952880859374,-0.018967298790812492,-0.7710985541343689,1.0519838333129883
1749220076034944000,20.220944091796873,-0.06265778839588165,-0.5709929466247559,1.2141207456588745
1749220076044934100,20.23093408203125,-0.2278296947479248,-0.45857396721839905,1.3407883644104004
1749220076054925000,20.240925048828124,-0.4051445722579956,-0.37525510787963867,1.4844329357147217
1749220076064915000,20.2509150390625,-0.47759559750556946,-0.2578011751174927,1.6218541860580444
1749220076074905900,20.26090576171875,-0.5089609622955322,-0.18191707134246826,1.750847578048706
1749220076084897000,20.27089697265625,-0.5503312945365906,-0.13818369805812836,1.914862036705017
1749220076094887000,20.280886962890627,-0.5728275775909424,-0.10987883061170578,2.0815749168395996
1749220076104877800,20.2908779296875,-0.6088252663612366,-0.11956874281167984,2.155837297439575
1749220076114868000,20.300867919921874,-0.6451483964920044,-0.26802825927734375,2.286376476287842
1749220076124859000,20.31085888671875,-0.6271379590034485,-0.3836264908313751,2.420443296432495
1749220076134850000,20.32085009765625,-0.5719396471977234,-0.5181488990783691,2.5680296421051025
1749220076144840000,20.33083984375,-0.5579476952552795,-0.8204048871994019,2.5768074989318848
1749220076154830800,20.340830810546876,-0.57008957862854,-1.2105236053466797,2.5998358726501465
1749220076164821000,20.350821044921876,-0.588326096534729,-1.7897465229034424,2.6091978549957275
1749220076174812200,20.360812255859376,-0.6383269429206848,-2.1852610111236572,2.7019691467285156
1749220076184803000,20.370802978515623,-0.7299596667289734,-2.2934529781341553,2.7247066497802734
1749220076194793000,20.38079296875,-0.6361343860626221,-2.366453170776367,2.678882598876953
1749220076204783900,20.390783935546875,-0.31137892603874207,-2.065645694732666,3.5063111782073975
1749220076214774000,20.40077392578125,-0.09547033160924911,-1.7367945909500122,3.8567771911621094
1749220076224765200,20.41076513671875,-0.269322007894516,-0.9887957572937012,3.8193717002868652
1749220076234756000,20.420756103515625,-0.5274813771247864,-0.7953237295150757,3.6176400184631348
1749220076244746000,20.43074609375,-0.6589078307151794,-1.203768253326416,3.2966148853302
1749220076254737000,20.44073681640625,-0.7195003628730774,-1.4266936779022217,2.6402578353881836
1749220076264726800,20.450726806640624,-0.7792393565177917,-1.1579426527023315,1.8603181838989258
1749220076274718000,20.460718017578124,-0.7684226632118225,-0.9329018592834473,1.8016828298568726
1749220076284708900,20.470708984375,-0.589069128036499,-0.9995701313018799,2.5268423557281494
1749220076294699000,20.480698974609375,-0.862456738948822,-0.518235981464386,3.6546854972839355
1749220076304690000,20.49068994140625,-1.3822181224822998,0.17499391734600067,3.0472967624664307
1749220076314679800,20.5006796875,-1.2805572748184204,0.49054256081581116,1.521609902381897
1749220076324671000,20.5106708984375,-0.9496161341667175,0.8678514957427979,-0.19670294225215912
1749220076334662000,20.520661865234374,-0.6281017661094666,1.234709620475769,-1.508697271347046
1749220076344652000,20.530652099609377,-0.29818350076675415,1.3902190923690796,-1.6283336877822876
1749220076354643000,20.540642822265625,-0.06721419095993042,1.058300495147705,-0.7713363766670227
1749220076364633000,20.550633056640624,-0.13159558176994324,0.590427577495575,-0.34548574686050415
1749220076374624000,20.5606240234375,-0.31957027316093445,0.4498840570449829,-0.9847229719161987
1749220076384615000,20.570614990234375,-0.3896545469760895,0.5790820121765137,-1.904834508895874
1749220076394604800,20.580604736328127,-0.40891292691230774,0.8259088397026062,-2.5234010219573975
1749220076404596000,20.590595947265626,-0.43497276306152344,0.9901813864707947,-2.7764811515808105
1749220076414587100,20.600587158203126,-0.43703219294548035,1.013528823852539,-2.94254469871521
1749220076424577000,20.610576904296874,-0.40423935651779175,0.9193711280822754,-3.2799763679504395
1749220076434568000,20.62056787109375,-0.3141810894012451,0.818972110748291,-3.7570831775665283
1749220076444557800,20.630557861328125,-0.15536455810070038,0.753002941608429,-4.202406883239746
1749220076454549000,20.640549072265625,0.030015690252184868,0.7425497770309448,-4.513015270233154
1749220076464540000,20.650539794921876,0.1349674016237259,0.7070378661155701,-4.6368937492370605
1749220076474530000,20.660530029296876,0.197554349899292,0.678652822971344,-4.631000995635986
1749220076484521000,20.67052099609375,0.27936720848083496,0.6662009358406067,-4.931396961212158
1749220076494510800,20.6805107421875,0.3759893476963043,0.7016220092773438,-5.2947211265563965
1749220076504502000,20.690501953125,0.4672907590866089,0.817177951335907,-5.464241027832031
1749220076514493000,20.700492919921874,0.598567545413971,1.0149450302124023,-5.537921905517578
1749220076524483000,20.710483154296874,0.7416749000549316,1.1371498107910156,-5.718865394592285
1749220076534474000,20.720473876953125,0.84124755859375,1.1740058660507202,-5.923478603363037
1749220076544464000,20.7304638671875,0.9489908218383789,1.1632388830184937,-6.124546527862549
1749220076554455000,20.740455078125,1.0970425605773926,1.1060630083084106,-6.159122943878174
1749220076564446000,20.750446044921876,1.2474616765975952,0.949431300163269,-6.223150253295898
1749220076574435800,20.760435791015624,1.42478346824646,0.5650578141212463,-6.354681491851807
1749220076584426800,20.7704267578125,1.6237330436706543,0.036501284688711166,-6.3052520751953125
1749220076594417000,20.7804169921875,1.8808321952819824,-0.44396892189979553,-6.040403842926025
1749220076604408000,20.790407958984375,2.281649351119995,-0.6653481721878052,-5.759138584136963
1749220076614399000,20.80039892578125,2.6492888927459717,-0.3787185549736023,-5.366039752960205
1749220076624388900,20.810388916015626,2.6169581413269043,-0.46522149443626404,-4.7433857917785645
1749220076634379800,20.8203798828125,2.1917271614074707,-0.886966347694397,-4.124876499176025
1749220076644370200,20.8303701171875,1.9070489406585693,-1.2456003427505493,-3.5215868949890137
1749220076654361000,20.840361083984376,1.627854585647583,-1.4976134300231934,-3.1995112895965576
1749220076664352000,20.85035205078125,1.2760493755340576,-1.5321381092071533,-2.9151644706726074
1749220076674342000,20.860341796875,1.120824933052063,-1.5475045442581177,-1.6102420091629028
1749220076684332800,20.870332763671875,1.1785331964492798,-0.9315913319587708,0.2929852604866028
1749220076694323000,20.880322998046875,0.9390846490859985,-0.1604922115802765,1.3141136169433594
1749220076704314000,20.890314208984375,0.446963369846344,0.2501824200153351,1.80868399143219
1749220076714305000,20.900304931640626,0.009690177626907825,0.10463346540927887,2.0570435523986816
1749220076724295000,20.910294921875,-0.1507871150970459,-0.3964805006980896,1.854719877243042
1749220076734286000,20.9202861328125,-0.4709446132183075,0.21303397417068481,1.6379034519195557
1749220076744276000,20.93027587890625,-1.2969621419906616,1.1514062881469727,1.052918553352356
1749220076754267000,20.940266845703125,-1.7962735891342163,5.899921417236328,3.5481185913085938
1749220076764257800,20.9502578125,-1.6390835046768188,7.066406726837158,3.022245407104492
1749220076774248000,20.960248046875,-1.7620501518249512,5.830790996551514,1.4435914754867554
1749220076784239000,20.970239013671875,-1.1560732126235962,4.612935543060303,2.6411335468292236
1749220076794230000,20.98022998046875,-0.5177257061004639,3.5363545417785645,2.4676666259765625
1749220076804220000,20.990219970703127,0.07171173393726349,1.7184278964996338,1.571101188659668
1749220076814210800,21.0002109375,1.0435724258422852,-0.8408110737800598,2.36979603767395
1749220076824201000,21.010200927734374,1.7447487115859985,-2.439828872680664,2.988374948501587
1749220076834192100,21.020192138671874,1.9072459936141968,-2.919344186782837,1.9828659296035767
1749220076844183000,21.03018310546875,0.9929335117340088,-3.7206897735595703,1.3480561971664429
1749220076854173000,21.0401728515625,-0.3174690306186676,-4.235507488250732,1.7168669700622559
1749220076864163800,21.050163818359376,-1.0827316045761108,-3.1297454833984375,1.6008538007736206
1749220076874153700,21.06015380859375,-1.071300983428955,-0.5876038670539856,1.2766733169555664
1749220076884145000,21.070144775390624,-0.7025171518325806,1.5017573833465576,1.2265526056289673
1749220076894136000,21.080135986328123,-0.46110770106315613,2.218092679977417,1.2914108037948608
1749220076904126000,21.0901259765625,-0.2919037640094757,2.0308568477630615,1.2652268409729004
1749220076914116900,21.100116943359374,-0.03605866804718971,1.604570746421814,1.117326021194458
1749220076924107000,21.11010693359375,0.3213311433792114,1.185485601425171,1.1299091577529907
1749220076934098000,21.120097900390626,0.5023525953292847,0.6178834438323975,1.1681891679763794
1749220076944088800,21.1300888671875,0.4812486469745636,-0.39520350098609924,1.02130925655365
1749220076954079000,21.140078857421877,0.2743434011936188,-1.5181668996810913,0.8742552995681763
1749220076964070100,21.150070068359376,0.09001004695892334,-2.0784475803375244,0.8523668050765991
1749220076974060000,21.16006005859375,0.0450870506465435,-1.820727825164795,0.8098132014274597
1749220076984051000,21.170051025390624,0.04640371724963188,-1.0076102018356323,0.7984095811843872
1749220076994041900,21.180041748046875,-0.012308064848184586,-0.020655743777751923,0.86269211769104
1749220077004032000,21.190031982421875,-0.1564314216375351,0.8560693860054016,0.9617912769317627
1749220077014023400,21.2000234375,-0.29869961738586426,1.357312560081482,1.0222351551055908
1749220077024013600,21.210013671875,-0.3452628552913666,1.4210577011108398,1.0276120901107788
1749220077034004500,21.22000439453125,-0.29215115308761597,1.071964144706726,1.012489914894104
1749220077043995600,21.22999560546875,-0.16183364391326904,0.4055110216140747,1.0057296752929688
1749220077053985500,21.239985595703125,-0.0024314660113304853,-0.28524133563041687,1.0310324430465698
1749220077063976400,21.2499765625,0.1301116645336151,-0.7691707015037537,0.9814736843109131
1749220077073966600,21.259966552734376,0.16699005663394928,-0.873227596282959,0.8730909824371338
1749220077083957500,21.26995751953125,0.12448706477880478,-0.6672919988632202,0.8581336140632629
1749220077093948700,21.27994873046875,0.015902267768979073,-0.34123802185058594,0.8757064938545227
1749220077103938600,21.2899384765625,-0.14053048193454742,-0.0015305186389014125,0.8315901756286621
1749220077113929500,21.299929443359375,-0.2696636915206909,0.175081267952919,0.8055034279823303
1749220077123919400,21.30991943359375,-0.29386383295059204,0.1828600913286209,0.8202077746391296
1749220077133910500,21.31991064453125,-0.1883390098810196,0.013925403356552124,0.8659082055091858
1749220077143901700,21.329901611328125,-0.03663551062345505,-0.2737092971801758,0.8706808090209961
1749220077153891600,21.3398916015625,0.1169431284070015,-0.5456262826919556,0.8815031051635742
1749220077163882500,21.349882568359376,0.22264160215854645,-0.7098008394241333,0.9260772466659546
1749220077173873400,21.359873291015624,0.1463841050863266,-0.7267851829528809,0.9463159441947937
1749220077183863300,21.36986328125,0.047333694994449615,-0.641071081161499,0.9728644490242004
1749220077193854500,21.3798544921875,-0.030817300081253052,-0.3914790749549866,1.018764615058899
1749220077203844600,21.3898447265625,-0.08962362259626389,-0.1796182245016098,1.088631510734558
1749220077213835500,21.39983544921875,-0.14558808505535126,-0.1414383500814438,1.1487196683883667
1749220077223826400,21.409826416015626,-0.1825660765171051,-0.22522060573101044,1.2046507596969604
1749220077233816600,21.419816650390626,-0.1831407994031906,-0.30534765124320984,1.2916669845581055
1749220077243807500,21.429807373046874,-0.20208118855953217,-0.37423405051231384,1.4203910827636719
1749220077253797600,21.439797607421873,-0.2692706286907196,-0.4002837538719177,1.5933910608291626
1749220077263788500,21.44978857421875,-0.3400004506111145,-0.31421011686325073,1.790687918663025
1749220077273779500,21.459779541015624,-0.4387616515159607,-0.2161639928817749,1.9385825395584106
1749220077283769600,21.46976953125,-0.5411266088485718,-0.16669976711273193,2.0971977710723877
1749220077293760500,21.479760498046875,-0.562696099281311,-0.20704638957977295,2.313854694366455
1749220077303750400,21.48975048828125,-0.4429159164428711,-0.4554141163825989,2.3795080184936523
1749220077313741600,21.499741455078127,-0.3216318190097809,-0.6625273823738098,2.4353363513946533
1749220077323732700,21.509732666015626,-0.27763399481773376,-1.0405774116516113,2.598940372467041
1749220077333722600,21.51972265625,-0.28876787424087524,-1.4388155937194824,2.5426583290100098
1749220077343713500,21.529713623046874,-0.28222689032554626,-1.6254398822784424,2.542672634124756
1749220077353703400,21.539703369140625,-0.23608869314193726,-1.5864040851593018,2.8084022998809814
1749220077363694300,21.5496943359375,-0.1531570553779602,-1.8450361490249634,2.82564377784729
1749220077373685500,21.559685546875,-0.20943525433540344,-2.2196907997131348,2.910905599594116
1749220077383675600,21.569675537109376,-0.22477026283740997,-2.5804948806762695,3.117790460586548
1749220077393666600,21.57966650390625,0.11875700950622559,-2.624401807785034,3.4886269569396973
1749220077403656400,21.589656494140623,0.16721296310424805,-2.2931408882141113,3.415407419204712
1749220077413647400,21.5996474609375,0.10881756246089935,-1.726059913635254,3.494499444961548
1749220077423638500,21.609638427734374,-0.1021905466914177,-1.3602910041809082,3.4830236434936523
1749220077433628700,21.619628662109374,-0.27738845348358154,-1.459607481956482,2.9365220069885254
1749220077443619600,21.62961962890625,-0.46933820843696594,-1.1590628623962402,2.2292239665985107
1749220077453609500,21.639609375,-0.639360785484314,-0.7076120376586914,1.6804828643798828
1749220077463600400,21.649600341796877,-0.5659518241882324,-0.5359976291656494,1.9502922296524048
1749220077473591600,21.659591552734376,-0.31072723865509033,-0.3335856795310974,2.7290220260620117
1749220077483581400,21.66958154296875,-0.4366239309310913,0.13673360645771027,2.681197166442871
1749220077493572400,21.679572265625,-0.6315534710884094,0.21736560761928558,1.3763221502304077
1749220077503562500,21.6895625,-0.5513153672218323,0.09738408029079437,-0.32254210114479065
1749220077513553700,21.6995537109375,-0.28857293725013733,0.09782509505748749,-1.6814922094345093
1749220077523544600,21.709544677734375,0.25050145387649536,0.03429698571562767,-2.0480313301086426
1749220077533534500,21.719534423828126,0.9000877141952515,-0.6022600531578064,-1.2584415674209595
1749220077543525400,21.729525390625,1.12151038646698,-1.2523959875106812,-0.7418072819709778
1749220077553515500,21.739515625,1.143322467803955,-1.6158732175827026,-1.2976592779159546
1749220077563506700,21.749506591796877,1.2124820947647095,-1.5820820331573486,-2.1388227939605713
1749220077573497600,21.75949755859375,1.1839293241500854,-1.20383620262146,-2.64017915725708
1749220077583487500,21.769487548828124,1.0934278964996338,-0.6953774690628052,-2.8023695945739746
1749220077593478400,21.779478515625,1.0263047218322754,-0.16420598328113556,-2.9429500102996826
1749220077603469600,21.789469482421875,1.0075279474258423,0.3662208616733551,-3.2862167358398438
1749220077613459700,21.799459716796875,1.0243498086929321,0.8398526310920715,-3.750617027282715
1749220077623450600,21.80945068359375,1.0274653434753418,1.198694109916687,-3.982536554336548
1749220077633440500,21.8194404296875,0.9614259004592896,1.4618178606033325,-4.133770942687988
1749220077643431400,21.829431396484374,0.9084646701812744,1.5919336080551147,-4.42025089263916
1749220077653422600,21.839422607421874,0.8551351428031921,1.6729469299316406,-4.7761077880859375
1749220077663412500,21.84941259765625,0.8114166855812073,1.6443493366241455,-5.030087947845459
1749220077673403400,21.8594033203125,0.7755609750747681,1.4086641073226929,-5.119294166564941
1749220077683393500,21.8693935546875,0.816962480545044,0.8051795959472656,-5.168072700500488
1749220077693384400,21.879384521484376,0.9459476470947266,0.0769733414053917,-5.391524314880371
1749220077703375600,21.889375732421875,1.1797633171081543,-0.3984464406967163,-5.676912307739258
1749220077713365500,21.899365478515627,1.5439196825027466,-0.6148970127105713,-5.605135917663574
1749220077723356400,21.9093564453125,1.7850958108901978,-0.685010552406311,-5.409851551055908
1749220077733346600,21.9193466796875,1.7579355239868164,-0.6600034832954407,-5.470404624938965
1749220077743337500,21.92933740234375,1.6585460901260376,-0.6576127409934998,-5.425601005554199
1749220077753328600,21.93932861328125,1.6205731630325317,-0.6609278917312622,-5.264933109283447
1749220077763318500,21.949318603515625,1.6114475727081299,-0.6907787322998047,-5.072526931762695
1749220077773309400,21.959309326171876,1.6394786834716797,-0.9023303985595703,-4.887388229370117
1749220077783299300,21.96929931640625,1.690029501914978,-1.198914885520935,-4.695131778717041
1749220077793290500,21.97929052734375,1.711013913154602,-1.5256397724151611,-4.471738338470459
1749220077803281700,21.98928173828125,1.687052607536316,-1.9606362581253052,-4.249963760375977
1749220077813271600,21.999271484375,1.5977826118469238,-2.437591314315796,-4.007971286773682
1749220077823262500,22.009262451171875,1.4495223760604858,-2.820354461669922,-3.6084694862365723
1749220077833252400,22.01925244140625,1.2981884479522705,-2.9289612770080566,-3.1666383743286133
1749220077843243500,22.029243408203126,1.129446029663086,-2.697026252746582,-2.7099621295928955
1749220077853234400,22.039234375,0.962815523147583,-2.429065227508545,-2.3244988918304443
1749220077863224600,22.049224609375,0.8714675307273865,-2.3275489807128906,-1.8070826530456543
1749220077873215500,22.059215576171876,0.8328112363815308,-2.455075979232788,-1.1526293754577637
1749220077883205400,22.069205322265624,0.6697831153869629,-2.567082166671753,-0.5325557589530945
1749220077893196500,22.079196533203124,0.41121363639831543,-2.484915256500244,-0.056896038353443146
1749220077903187500,22.0891875,0.0403309129178524,-2.1242525577545166,0.5774034261703491
1749220077913177600,22.099177490234375,-0.3932943046092987,-1.6611357927322388,1.2057414054870605
1749220077923168500,22.10916845703125,-0.5736970901489258,-1.669761300086975,1.0424411296844482
1749220077933158400,22.119158447265626,-0.40453577041625977,-1.88197922706604,0.09704984724521637
1749220077943149600,22.129149658203126,0.1609763652086258,-1.5532599687576294,-0.2073473334312439
1749220077953140500,22.139140380859374,0.4418959319591522,-0.6895225048065186,-0.08226904273033142
1749220077963130400,22.14913037109375,-0.13909371197223663,1.3854477405548096,0.59437495470047
1749220077973121300,22.159121337890625,-0.49960261583328247,2.1897189617156982,0.493773490190506
1749220077983111700,22.169111572265624,-0.9271861910820007,1.8234330415725708,0.1689445525407791
1749220077993102600,22.1791025390625,-1.2748546600341797,1.0485155582427979,0.6134791374206543
1749220078003093500,22.189093505859375,-0.7192412614822388,0.7063819169998169,0.7480699419975281
1749220078013083400,22.19908349609375,-0.10748597979545593,0.5942170023918152,0.5960753560066223
1749220078023073500,22.209073486328126,-0.030777620151638985,0.1280093640089035,0.7148246765136719
1749220078033064400,22.219064453125,0.3177337646484375,-0.3610266447067261,0.8496591448783875
1749220078043054600,22.2290546875,-0.104857437312603,-0.06302663683891296,0.6174117922782898
1749220078053045500,22.23904541015625,-0.5974823236465454,0.2519640624523163,0.6850462555885315
1749220078063035400,22.249035400390625,-0.782206654548645,0.3551732897758484,0.6960434913635254
1749220078073026300,22.2590263671875,-0.5959256887435913,0.3532523512840271,0.5125924348831177
1749220078083017500,22.269017578125,-0.5078813433647156,0.22690318524837494,0.42202553153038025
1749220078093007600,22.279007568359376,-0.3855000138282776,0.024230238050222397,0.45578405261039734
1749220078102998500,22.28899853515625,-0.24124696850776672,-0.07781144231557846,0.42749089002609253
1749220078112988400,22.298988525390627,-0.1909358650445938,-0.004767591133713722,0.35272929072380066
1749220078122979300,22.308979248046874,-0.2235822230577469,0.06494464725255966,0.2784622609615326
1749220078132970500,22.318970458984374,-0.19741639494895935,0.06796254217624664,0.2562493681907654
1749220078142960600,22.328960693359374,-0.23420052230358124,0.016205601394176483,0.19783131778240204
1749220078152951600,22.33895166015625,-0.23792387545108795,-0.08455722779035568,0.075959213078022
1749220078162941400,22.34894140625,-0.1778336465358734,-0.24426166713237762,0.021288510411977768
1749220078172932400,22.358932373046876,-0.12783998250961304,-0.4533594846725464,-0.018581407144665718
1749220078182923500,22.368923583984376,-0.09619790315628052,-0.5981118679046631,-0.07865513116121292
1749220078192913400,22.378913330078124,-0.11441686004400253,-0.6009787917137146,-0.11501819640398026
1749220078202904600,22.388904541015624,-0.11739480495452881,-0.5219675898551941,-0.09702587872743607
1749220078212894500,22.39889453125,-0.13132792711257935,-0.41269755363464355,-0.09569296985864639
1749220078222885400,22.408885498046875,-0.16464674472808838,-0.34014931321144104,-0.07508356869220734
1749220078232876500,22.41887646484375,-0.18866099417209625,-0.3119342029094696,-0.03003113530576229
1749220078242866400,22.428866455078126,-0.2100570946931839,-0.31281542778015137,0.0007419566973112524
1749220078252857300,22.438857421875,-0.23957504332065582,-0.3733839690685272,0.05691654607653618
1749220078262847500,22.448847412109377,-0.26063957810401917,-0.44371405243873596,0.1199069619178772
1749220078272838400,22.45883837890625,-0.30773839354515076,-0.49632561206817627,0.14612790942192078
1749220078282829600,22.46882958984375,-0.34501466155052185,-0.5069947838783264,0.19763478636741638
1749220078292819500,22.4788193359375,-0.3842240869998932,-0.4909750521183014,0.2287258505821228
1749220078302810400,22.488810302734375,-0.4094730019569397,-0.4690636098384857,0.23487642407417297
1749220078312800500,22.498800537109375,-0.4147058427333832,-0.4429313540458679,0.24031805992126465
1749220078322791700,22.508791748046875,-0.4191565215587616,-0.4279923439025879,0.22597827017307281
1749220078332782600,22.518782470703126,-0.4098152220249176,-0.40197327733039856,0.2165895700454712
1749220078342772500,22.5287724609375,-0.4066660404205322,-0.38209810853004456,0.182871013879776
1749220078352763400,22.538763427734374,-0.39093661308288574,-0.38304245471954346,0.15153706073760986
1749220078362753300,22.548753173828125,-0.37474164366722107,-0.4088650047779083,0.11391458660364151
1749220078372744400,22.558744384765625,-0.35273194313049316,-0.4857557713985443,0.06448312103748322
1749220078382735600,22.568735595703124,-0.33618733286857605,-0.5847236514091492,0.006735933478921652
1749220078392725500,22.5787255859375,-0.33117154240608215,-0.6847016215324402,-0.0034549187403172255
1749220078402716400,22.58871630859375,-0.3465190529823303,-0.7388951182365417,-0.02863856963813305
1749220078412707600,22.59870751953125,-0.35090795159339905,-0.7393078804016113,-0.04018177464604378
1749220078422697500,22.608697509765626,-0.3636016547679901,-0.7165431976318359,-0.0238784346729517
1749220078432688400,22.6186884765625,-0.36870187520980835,-0.6712489724159241,-0.025433721020817757
1749220078442678500,22.628678466796874,-0.37584367394447327,-0.5665963292121887,-0.0139019675552845
1749220078452669400,22.63866943359375,-0.39056456089019775,-0.42953726649284363,-0.006090649403631687
1749220078462660600,22.64866064453125,-0.39840197563171387,-0.31821125745773315,-0.017653295770287514
1749220078472650500,22.658650390625,-0.40898165106773376,-0.22878311574459076,-0.041493382304906845
1749220078482641400,22.668641357421876,-0.4208409786224365,-0.14129720628261566,-0.057501375675201416
1749220078492631600,22.678631591796876,-0.4399835169315338,-0.0663478672504425,-0.076874278485775
1749220078502622500,22.68862255859375,-0.4815860688686371,-0.049253299832344055,-0.09484501928091049
1749220078512613600,22.698613525390623,-0.5206117630004883,-0.09626288712024689,-0.11848696321249008
1749220078522603500,22.708603515625,-0.5437330603599548,-0.1700601428747177,-0.11184344440698624
1749220078532594400,22.718594482421874,-0.5940718650817871,-0.2698485255241394,-0.1213594526052475
1749220078542584300,22.728584228515626,-0.6156509518623352,-0.4532220661640167,-0.14693431556224823
1749220078552575200,22.7385751953125,-0.5598715543746948,-0.7307682037353516,-0.16339798271656036
1749220078562566400,22.74856640625,-0.5290446877479553,-1.0366442203521729,-0.15756113827228546
1749220078572556500,22.758556640625,-0.5394773483276367,-1.220969319343567,-0.10765509307384491
1749220078582547500,22.76854736328125,-0.5663571357727051,-1.2345041036605835,-0.0486234612762928
1749220078592537300,22.778537353515624,-0.5951126217842102,-1.1948575973510742,-0.026853984221816063
1749220078602528500,22.788528564453124,-0.6377277374267578,-1.201533317565918,-0.007417702581733465
1749220078612519400,22.79851953125,-0.6463435888290405,-1.2080128192901611,0.02515222504734993
1749220078622509600,22.808509521484375,-0.610593318939209,-1.1715128421783447,0.04915023595094681
1749220078632500500,22.81850048828125,-0.5876640677452087,-1.1217114925384521,0.044137366116046906
1749220078642490400,22.828490478515626,-0.590337336063385,-1.0528967380523682,0.036444295197725296
1749220078652481500,22.8384814453125,-0.5757482647895813,-0.956078827381134,0.04321857541799545
1749220078662472400,22.848472412109373,-0.5043811202049255,-0.8697737455368042,0.06393051147460938
1749220078672462300,22.85846240234375,-0.45245933532714844,-0.792227029800415,0.0806165486574173
1749220078682453500,22.86845361328125,-0.4230223596096039,-0.7528018355369568,0.09228305518627167
1749220078692443400,22.878443359375,-0.25361841917037964,-0.9076926708221436,0.10273463279008865
1749220078702434600,22.8884345703125,0.00686269998550415,-1.2059639692306519,0.07700902968645096
1749220078712425500,22.898425537109375,-0.006166549399495125,-1.477518081665039,-0.04388276860117912
1749220078722415400,22.908415283203126,0.0000697748182574287,-1.872805118560791,-0.08571703732013702
1749220078732406300,22.91840625,0.016520652920007706,-2.132514715194702,-0.10678823292255402
1749220078742396400,22.928396484375,0.0575714185833931,-2.3547770977020264,-0.1523708999156952
1749220078752387600,22.9383876953125,0.16971206665039062,-2.6207287311553955,-0.22729893028736115
1749220078762378500,22.94837841796875,0.25171878933906555,-2.7886807918548584,-0.2901410162448883
1749220078772368400,22.958368408203125,0.34045612812042236,-2.8555173873901367,-0.31716784834861755
1749220078782359300,22.968359375,0.39052486419677734,-2.849745273590088,-0.3185572028160095
1749220078792349700,22.978349609375,0.36642032861709595,-2.8372533321380615,-0.35451680421829224
1749220078802340600,22.988340576171876,0.30794957280158997,-2.762570381164551,-0.3659164607524872
1749220078812331500,22.99833154296875,0.28924113512039185,-2.592694044113159,-0.36252546310424805
1749220078822321400,23.0083212890625,0.273203045129776,-2.3756566047668457,-0.34687167406082153
1749220078832312300,23.018312255859374,0.23355789482593536,-2.0817008018493652,-0.2924680709838867
1749220078842302500,23.028302490234374,0.28100183606147766,-1.8775568008422852,-0.3198573589324951
1749220078852293400,23.03829345703125,0.2013871818780899,-1.5096392631530762,-0.27999570965766907
1749220078862284500,23.048284423828125,0.14219895005226135,-1.3127392530441284,-0.2574821412563324
1749220078872274400,23.0582744140625,0.13494104146957397,-1.1822240352630615,-0.2580461800098419
1749220078882265600,23.068265625,0.10935898125171661,-1.0720539093017578,-0.24594026803970337
1749220078892255500,23.07825537109375,0.07836830615997314,-1.0343890190124512,-0.22283335030078888
1749220078902246400,23.088246337890624,0.05736102908849716,-0.9951881170272827,-0.2129351794719696
1749220078912237300,23.0982373046875,0.04314880073070526,-0.8867769837379456,-0.1643276959657669
1749220078922227500,23.1082275390625,0.0009986853692680597,-0.8024490475654602,-0.13705852627754211
1749220078932218600,23.118218505859375,-0.01799977384507656,-0.7972835898399353,-0.16907770931720734
1749220078942208500,23.12820849609375,-0.1395387202501297,-0.5362927317619324,-0.1088457927107811
1749220078952199400,23.138199462890626,-0.20752575993537903,-0.31575077772140503,-0.006339122075587511
1749220078962190300,23.1481904296875,-0.2928590476512909,-0.1186121329665184,0.03519314154982567
1749220078972180500,23.158180419921877,-0.3191241919994354,-0.022401180118322372,0.03521817550063133
1749220078982171600,23.168171630859376,-0.2411859929561615,-0.0087218526750803,0.066414974629879
1749220078992161500,23.17816162109375,-0.14570073783397675,-0.01739550195634365,0.06413344293832779
1749220079002152400,23.18815234375,-0.11722303181886673,-0.06030302122235298,0.0031443943735212088
1749220079012143400,23.198143310546875,-0.1431100219488144,-0.09555874764919281,-0.015210910700261593
1749220079022133500,23.208133544921875,-0.14721421897411346,-0.11609172075986862,-0.020982246845960617
1749220079032124400,23.21812451171875,-0.11880068480968475,-0.15453897416591644,-0.06726079434156418
1749220079042115600,23.228115478515626,-0.10605879127979279,-0.1614392250776291,-0.10096815973520279
1749220079052105700,23.238105712890626,-0.12860697507858276,-0.1687069982290268,-0.12935052812099457
1749220079062096600,23.2480966796875,-0.14671140909194946,-0.18839387595653534,-0.14877749979496002
1749220079072086500,23.25808642578125,-0.13275031745433807,-0.18631288409233093,-0.15151947736740112
1749220079082077700,23.26807763671875,-0.09698167443275452,-0.1563941389322281,-0.14245328307151794
1749220079092067800,23.27806787109375,-0.07328912615776062,-0.14411696791648865,-0.13548965752124786
1749220079102058800,23.288058837890624,-0.06741072982549667,-0.13752271234989166,-0.13440467417240143
1749220079112049700,23.298049560546875,-0.059354137629270554,-0.10742845386266708,-0.1291649043560028
1749220079122039600,23.30803955078125,-0.04677895829081535,-0.06414489448070526,-0.11331058293581009
1749220079132030700,23.31803076171875,-0.05000617355108261,-0.029291043058037758,-0.10251092910766602
1749220079142021600,23.328021728515626,-0.05961832404136658,-0.006079197861254215,-0.09633132815361023
1749220079152011500,23.338011474609374,-0.06740088015794754,-0.0075876121409237385,-0.09167984873056412
1749220079162002700,23.348002685546874,-0.07582765072584152,-0.031922247260808945,-0.09110407531261444
1749220079171992600,23.35799267578125,-0.0729016363620758,-0.0782652422785759,-0.09316349774599075
1749220079181983700,23.367983642578125,-0.07099960744380951,-0.1399853378534317,-0.09547831863164902
1749220079191974700,23.377974609375,-0.06924565136432648,-0.1955074518918991,-0.09786877036094666
1749220079201964500,23.387964599609376,-0.061099305748939514,-0.23483514785766602,-0.09776677191257477
1749220079211955500,23.39795556640625,-0.057020142674446106,-0.24847692251205444,-0.09696462750434875
1749220079221945600,23.407945556640627,-0.056055013090372086,-0.22821718454360962,-0.0935983955860138
1749220079231936800,23.417936767578126,-0.06196190416812897,-0.18203690648078918,-0.08537136018276215
1749220079241927700,23.427927734375,-0.06936842203140259,-0.1303313672542572,-0.072439044713974
1749220079251917600,23.43791748046875,-0.07411950081586838,-0.07131625711917877,-0.0694134309887886
1749220079261908500,23.447908447265625,-0.07481458783149719,-0.03826190158724785,-0.054373227059841156
1749220079271898600,23.457898681640625,-0.07921838760375977,-0.02845720760524273,-0.056410010904073715
1749220079281889800,23.467889892578125,-0.07314398139715195,-0.03111424297094345,-0.05673119053244591
1749220079291880700,23.477880615234376,-0.07357434928417206,-0.04060255363583565,-0.05242166295647621
1749220079301870600,23.48787060546875,-0.07841385155916214,-0.06324554979801178,-0.05507124215364456
1749220079311861500,23.497861572265624,-0.08683902770280838,-0.09171421080827713,-0.06718862801790237
1749220079321851600,23.5078515625,-0.0897274911403656,-0.13112153112888336,-0.07847563177347183
1749220079331842600,23.517842529296875,-0.0905354917049408,-0.16928143799304962,-0.08906383067369461
1749220079341833500,23.52783349609375,-0.0861322209239006,-0.1974470317363739,-0.10054045915603638
1749220079351823600,23.53782373046875,-0.08418118953704834,-0.2051994949579239,-0.11103783547878265
1749220079361814800,23.547814697265625,-0.08386081457138062,-0.19898739457130432,-0.11728081852197647
1749220079371804700,23.5578046875,-0.07786417007446289,-0.18773074448108673,-0.11842011660337448
1749220079381795600,23.567795654296877,-0.06957561522722244,-0.16597618162631989,-0.11940761655569077
1749220079391786500,23.577786376953124,-0.064863421022892,-0.14014379680156708,-0.11552207171916962
1749220079401776600,23.587776611328124,-0.059529904276132584,-0.11106819659471512,-0.10867481678724289
1749220079411767800,23.597767822265624,-0.06109531223773956,-0.08499957621097565,-0.10228615999221802
1749220079421757700,23.6077578125,-0.061283331364393234,-0.0648098886013031,-0.09369692951440811
1749220079431748600,23.61774853515625,-0.06296831369400024,-0.04851054400205612,-0.08720121532678604
1749220079441739500,23.627739501953126,-0.06618807464838028,-0.045335523784160614,-0.07603271305561066
1749220079451729700,23.637729736328126,-0.06650099903345108,-0.050385940819978714,-0.07040093094110489
1749220079461720800,23.647720947265626,-0.07132557779550552,-0.052562810480594635,-0.06142421066761017
1749220079471710700,23.657710693359373,-0.07921519130468369,-0.06184419244527817,-0.05390557646751404
1749220079481701600,23.66770166015625,-0.07827802747488022,-0.07227525860071182,-0.047275371849536896
1749220079491692500,23.677692626953124,-0.0795893669128418,-0.08038565516471863,-0.041799645870923996
1749220079501682400,23.687682373046876,-0.07794513553380966,-0.08447866141796112,-0.02935709059238434
1749220079511673600,23.697673583984376,-0.07638958096504211,-0.08279208838939667,-0.0184708870947361
1749220079521663700,23.707663818359375,-0.07555601000785828,-0.07604975998401642,-0.009695503860712051
1749220079531654700,23.717654541015627,-0.0734742134809494,-0.05637405812740326,-0.0026871294248849154
1749220079541645600,23.7276455078125,-0.0721796527504921,-0.04212907701730728,0.0068184914998710155
1749220079551635700,23.7376357421875,-0.06821899861097336,-0.022372683510184288,0.013738182373344898
1749220079561626600,23.747626708984374,-0.06624852865934372,-0.015006646513938904,0.018741197884082794
1749220079571616800,23.75761669921875,-0.06409882754087448,-0.015690812841057777,0.02214684709906578
1749220079581607700,23.767607666015625,-0.06101355329155922,-0.023131418973207474,0.026012692600488663
1749220079591598800,23.777598876953125,-0.05624889209866524,-0.034098848700523376,0.03254516050219536
1749220079601588700,23.787588623046876,-0.05588403716683388,-0.041190579533576965,0.03731141984462738
1749220079611579600,23.79757958984375,-0.049440253525972366,-0.04339700937271118,0.044324588030576706
1749220079621569500,23.807569580078123,-0.04532061144709587,-0.03328578546643257,0.048351820558309555
1749220079631560400,23.817560546875,-0.0465262234210968,-0.013893445022404194,0.05282672867178917
1749220079641551600,23.827551513671875,-0.0478905588388443,0.023478960618376732,0.06307484209537506
1749220079651541800,23.837541748046874,-0.050270095467567444,0.05615860968828201,0.07044833153486252
1749220079661532700,23.84753271484375,-0.04881654307246208,0.08485789597034454,0.07443082332611084
1749220079671522600,23.8575224609375,-0.051647480577230453,0.10840769857168198,0.07870706170797348
1749220079681513500,23.867513427734377,-0.04881121590733528,0.1172746941447258,0.08093453198671341
1749220079691504600,23.877504638671876,-0.04790254309773445,0.11284638941287994,0.07957632094621658
1749220079701494800,23.887494873046876,-0.04575337469577789,0.10188695043325424,0.0822429433465004
1749220079711485700,23.897485595703124,-0.03966352343559265,0.09180129319429398,0.08220911771059036
1749220079721475600,23.9074755859375,-0.037634193897247314,0.07212958484888077,0.07955847680568695
1749220079731466500,23.917466552734375,-0.03160399943590164,0.058181282132864,0.07863648980855942
1749220079741457700,23.927457763671875,-0.030114492401480675,0.04890522360801697,0.07434533536434174
1749220079751447600,23.937447509765626,-0.030108101665973663,0.04469769820570946,0.07528436928987503
1749220079761438700,23.947438720703126,-0.027649205178022385,0.0453813299536705,0.07277913391590118
1749220079771428600,23.9574287109375,-0.026384469121694565,0.05212791636586189,0.06774016469717026
1749220079781419500,23.96741943359375,-0.02424461953341961,0.053472280502319336,0.0680251196026802
1749220079791410700,23.97741064453125,-0.022899456322193146,0.05540866404771805,0.06451907008886337
1749220079801400600,23.987400634765624,-0.01804850809276104,0.058934155851602554,0.06238960847258568
1749220079811391500,23.9973916015625,-0.009868077002465725,0.06065775454044342,0.059429239481687546
1749220079821381600,24.007381591796875,-0.010646519251167774,0.05866064876317978,0.05290529131889343
1749220079831372800,24.017372802734375,-0.009227586910128593,0.05921218916773796,0.05000511184334755
1749220079841363700,24.02736376953125,-0.005943376570940018,0.053888797760009766,0.04115835577249527
1749220079851353600,24.037353515625,-0.0014602112350985408,0.05540360510349274,0.03533428907394409
1749220079861344500,24.047344482421874,0.0031374699901789427,0.049969423562288284,0.029047098010778427
1749220079871334700,24.057334716796873,0.005437642335891724,0.040410540997982025,0.02112339437007904
1749220079881325800,24.067325927734377,0.011841479688882828,0.025009213015437126,0.012926717288792133
1749220079891316700,24.077316650390625,0.019238408654928207,0.010279801674187183,0.0049673281610012054
1749220079901306600,24.087306640625,0.020972393453121185,-0.004987301770597696,-0.003931624814867973
1749220079911297500,24.097297607421876,0.027695810422301292,-0.020791297778487206,-0.013638313859701157
1749220079921287400,24.107287353515623,0.028745096176862717,-0.030827954411506653,-0.019827766343951225
1749220079931278600,24.117278564453127,0.032891638576984406,-0.03942517191171646,-0.023058447986841202
1749220079941269800,24.127269775390626,0.03239362686872482,-0.0450095534324646,-0.027832429856061935
1749220079951259600,24.137259765625,0.034980885684490204,-0.04664846137166023,-0.03512150049209595
1749220079961250600,24.14725048828125,0.03404931351542473,-0.050340134650468826,-0.03175739571452141
1749220079971241700,24.15724169921875,0.03931784629821777,-0.052866674959659576,-0.036130838096141815
1749220079981231600,24.167231689453125,0.03819425776600838,-0.04965224117040634,-0.0416284017264843
1749220079991222500,24.177222412109376,0.03656679764389992,-0.053459230810403824,-0.03928189352154732
1749220080001212700,24.187212646484376,0.0356283001601696,-0.05145866423845291,-0.03514067828655243
1749220080011203600,24.19720361328125,0.03478354588150978,-0.05041869729757309,-0.034929223358631134
1749220080021192700,24.207192626953123,0.030968835577368736,-0.04591449350118637,-0.030603982508182526
1749220080031184000,24.217183837890627,0.03148895129561424,-0.04791106656193733,-0.02797091379761696
1749220080041174800,24.2271748046875,0.027423102408647537,-0.04541967809200287,-0.025077123194932938
1749220080051165000,24.2371650390625,0.03307193145155907,-0.0536978505551815,-0.04470648616552353
1749220080061155800,24.24715576171875,0.05516019091010094,-0.10561111569404602,-0.10085257887840271
1749220080071146800,24.257146728515625,0.026144783943891525,-0.17926429212093353,-0.14197604358196259
1749220080081137000,24.267136962890625,0.004707669839262962,-0.2337871938943863,-0.15450862050056458
1749220080091127800,24.2771279296875,-0.00890800729393959,-0.1488368809223175,-0.14196033775806427
1749220080101118000,24.287117919921876,0.010688064619898796,-0.19956983625888824,-0.1468336582183838
1749220080111108900,24.29710888671875,0.06363143771886826,-0.08533220738172531,0.04373230040073395
1749220080121100000,24.30710009765625,0.07344625145196915,-0.033904172480106354,0.007792941760271788
1749220080131090000,24.31708984375,0.06740167737007141,-0.11909070611000061,-0.08289594948291779
1749220080141080800,24.327080810546875,0.047021303325891495,-0.19956104457378387,-0.0589650496840477
1749220080151070700,24.33707080078125,0.02701750211417675,-0.13002723455429077,-0.025484055280685425
1749220080161062000,24.347061767578126,0.00926460511982441,0.026104038581252098,-0.04459116980433464
1749220080171053000,24.357052978515625,-0.049842655658721924,0.15304253995418549,-0.028739236295223236
1749220080181043000,24.36704296875,-0.08586031198501587,0.24472106993198395,-0.010529606603085995
1749220080191033900,24.377033935546876,-0.08711093664169312,0.29437118768692017,-0.00815166998654604
1749220080201023700,24.387023681640624,-0.08333616703748703,-0.05443767458200455,0.1379229873418808
1749220080211014700,24.3970146484375,-0.17644160985946655,0.10752192884683609,0.12131337821483612
1749220080221005800,24.407005859375,0.06944272667169571,0.1747576892375946,-0.03524613752961159
1749220080230996000,24.416995849609375,0.05790324509143829,0.06900676339864731,0.0819862112402916
1749220080240987000,24.42698681640625,0.08423951268196106,0.004197141621261835,0.03873834013938904
1749220080250976800,24.436976806640626,0.16609495878219604,-0.08497614413499832,-0.0016812535468488932
1749220080260967700,24.4469677734375,0.16683904826641083,-0.0997186005115509,0.010542921721935272
1749220080270958800,24.456958740234374,0.13053031265735626,-0.054244063794612885,0.017944112420082092
1749220080280949000,24.466948974609377,0.0657808780670166,0.026550916954874992,0.0028336034156382084
1749220080290940000,24.47693994140625,-0.00027616979787126184,0.106938436627388,0.012548282742500305
1749220080300929800,24.4869296875,-0.045331262052059174,0.200576514005661,-0.007697600871324539
1749220080310921000,24.4969208984375,-0.072941854596138,0.2873907685279846,0.011839881539344788
1749220080320912000,24.506911865234375,-0.08711332827806473,0.3723794221878052,0.03338618576526642
1749220080330901800,24.51690185546875,-0.04929085075855255,0.32073086500167847,0.03923102468252182
1749220080340892700,24.526892578125,0.0008719189208932221,0.21291999518871307,0.05878022685647011
1749220080350882800,24.5368828125,0.06384209543466568,0.21406595408916473,0.08971577137708664
1749220080360874000,24.5468740234375,0.07916512340307236,0.2411835938692093,0.114064522087574
1749220080370865000,24.556864990234374,0.06363330781459808,0.21481110155582428,0.09352755546569824
1749220080380854800,24.566854736328125,0.05417641997337341,0.16431143879890442,0.08555937558412552
1749220080390845700,24.576845703125,0.03648264333605766,0.14376622438430786,0.10721726715564728
1749220080400835800,24.5868359375,0.015802398324012756,0.141515851020813,0.10270054638385773
1749220080410827000,24.596826904296876,0.0035534559283405542,0.1561531126499176,0.08463099598884583
1749220080420818000,24.60681787109375,-0.02569178119301796,0.16067489981651306,0.09436458349227905
1749220080430807800,24.616807861328127,-0.03051742911338806,0.1710151582956314,0.11183678358793259
1749220080440798700,24.626798828125,-0.04451660066843033,0.19021014869213104,0.12177170813083649
1749220080450788900,24.636788818359374,-0.07065526396036148,0.19020669162273407,0.13455408811569214
1749220080460780000,24.646780029296874,-0.103024922311306,0.19199340045452118,0.14921878278255463
1749220080470771000,24.65677099609375,-0.137144535779953,0.17648741602897644,0.14058268070220947
1749220080480760800,24.6667607421875,-0.16675356030464172,0.17578434944152832,0.1082519069314003
1749220080490751700,24.676751708984376,-0.16948117315769196,0.16587072610855103,0.09895507246255875
1749220080500741600,24.68674169921875,-0.13359694182872772,0.1720162332057953,0.11178698390722275
1749220080510732800,24.69673291015625,-0.10427181422710419,0.15199433267116547,0.10042674094438553
1749220080520723700,24.7067236328125,-0.056117597967386246,0.13342995941638947,0.11794554442167282
1749220080530713900,24.7167138671875,0.0038517299108207226,0.13493038713932037,0.12906770408153534
1749220080540704800,24.726704833984375,0.06822432577610016,0.1962781697511673,0.11517532169818878
1749220080550695000,24.73669482421875,0.1442013829946518,0.27186667919158936,0.11555562168359756
1749220080560685800,24.746685791015626,0.18111492693424225,0.352444052696228,0.11085647344589233
1749220080570676700,24.7566767578125,0.1616954207420349,0.3528078496456146,0.11561368405818939
1749220080580667000,24.7666669921875,0.09395153075456619,0.26196715235710144,0.13353969156742096
1749220080590658000,24.776657958984377,0.09013868123292923,0.19972030818462372,0.1543235331773758
1749220080600648000,24.78664794921875,0.06508046388626099,0.15976649522781372,0.173176571726799
1749220080610638800,24.796638916015624,0.07339805364608765,0.08886834979057312,0.1854713261127472
1749220080620629800,24.806629638671875,0.08000881224870682,0.07729851454496384,0.17068971693515778
1749220080630619600,24.81661962890625,0.1316365897655487,0.03447461873292923,0.21540924906730652
1749220080640610800,24.82661083984375,0.09795985370874405,0.018692195415496826,0.19674475491046906
1749220080650601000,24.83660107421875,0.15030641853809357,0.023063506931066513,0.1832534521818161
1749220080660591900,24.846591796875,0.21948841214179993,0.009860087186098099,0.21718132495880127
1749220080670582800,24.856582763671874,0.24280332028865814,-0.009375126101076603,0.21398046612739563
1749220080680572700,24.86657275390625,0.19636179506778717,0.024651017040014267,0.21100811660289764
1749220080690563800,24.876563720703125,0.16270795464515686,0.03780250623822212,0.1773846298456192
1749220080700554000,24.886553955078124,0.16547471284866333,0.057913366705179214,0.21732193231582642
1749220080710545000,24.896544921875,0.0957355797290802,0.1496584713459015,0.15422552824020386
1749220080720535800,24.906535888671876,-0.10094472020864487,0.09663892537355423,0.12024438381195068
1749220080730525700,24.916525634765627,-0.045941926538944244,0.08575911074876785,0.1392819881439209
1749220080740516900,24.926516845703127,-0.08247437328100204,0.04766365885734558,0.09306523203849792
1749220080750506800,24.9365068359375,-0.14371748268604279,-0.011799667961895466,0.08447466790676117
1749220080760498000,24.946497802734374,-0.12374724447727203,-0.040162332355976105,0.09495740383863449
1749220080770488800,24.95648876953125,-0.1602455973625183,-0.08101309090852737,0.09362742304801941
1749220080780479000,24.96647900390625,-0.19332179427146912,-0.15643034875392914,0.1134013906121254
1749220080790470000,24.976469970703125,-0.1608695685863495,-0.1941407173871994,0.15161003172397614
1749220080800459800,24.986459716796876,-0.16145573556423187,-0.20289824903011322,0.130716472864151
1749220080810450700,24.99645068359375,-0.06608607620000839,-0.15312562882900238,0.10140598565340042
1749220080820441600,25.006441650390624,-0.06660033017396927,-0.06777771562337875,0.04175490513443947
1749220080830432000,25.016431884765623,-0.02172819897532463,-0.03253716975450516,-0.022523950785398483
1749220080840423000,25.0264228515625,0.031194403767585754,-0.0013611416798084974,-0.04902772977948189
1749220080850413800,25.036413818359375,0.05064639821648598,0.003040797309949994,-0.06317577511072159
1749220080860403700,25.04640380859375,0.03846483305096626,0.011788482777774334,-0.07899627834558487
1749220080870395000,25.056394775390626,0.01708444394171238,-0.029329925775527954,-0.05980394408106804
1749220080880385000,25.066385009765625,-0.31233498454093933,-0.25913649797439575,-0.01059325598180294
1749220080890376000,25.0763759765625,-0.44296491146087646,-0.16503529250621796,-0.04724900424480438
1749220080900366800,25.086366943359376,-0.1443859338760376,0.04769694805145264,-0.047335557639598846
1749220080910356700,25.096356689453124,-0.24447791278362274,-0.016745423898100853,-0.09915987402200699
1749220080920348000,25.106347900390624,-0.3122236728668213,0.01062148530036211,-0.06186709553003311
1749220080930337800,25.116337890625,-0.20256376266479492,-0.15759016573429108,-0.039989229291677475
1749220080940329000,25.126328857421875,-0.12134720385074615,-0.08278542757034302,0.0032115059439092875
1749220080950319900,25.13631982421875,-0.13207121193408966,-0.07421058416366577,0.028971463441848755
1749220080960309800,25.146309814453126,-0.08094864338636398,-0.13471227884292603,0.09161300957202911
1749220080970301000,25.156301025390626,-0.09139569103717804,-0.11119549721479416,0.09265883266925812
1749220080980290800,25.166290771484373,-0.09733960032463074,-0.12656007707118988,0.10945192724466324
1749220080990281700,25.17628173828125,-0.09425006806850433,-0.09024947136640549,0.06598620861768723
1749220081000272600,25.186272705078125,-0.07045259326696396,-0.03549381345510483,-0.006414489820599556
1749220081010262800,25.1962626953125,-0.04284892976284027,0.015184545889496803,-0.06452199816703796
1749220081020254700,25.206254638671876,-0.06397418677806854,0.03431323170661926,-0.1267765909433365
1749220081030244600,25.21624462890625,-0.2536778151988983,-0.310714989900589,-0.097319096326828
1749220081040235500,25.226235595703123,-0.046658314764499664,0.08533859997987747,-0.2687843143939972
1749220081050226700,25.236226806640627,-0.13694293797016144,0.048953428864479065,-0.29588279128074646
1749220081060216600,25.246216552734374,-0.32023951411247253,-0.12064093351364136,-0.26954758167266846
1749220081070207500,25.25620751953125,-0.18067790567874908,-0.07495652884244919,-0.19820202887058258
1749220081080197600,25.26619775390625,-0.270255446434021,-0.06196510046720505,-0.1690281629562378
1749220081090188800,25.276188720703125,-0.5461136698722839,-0.21516476571559906,-0.0637078732252121
1749220081100179700,25.2861796875,-0.26631665229797363,-0.10938987135887146,-0.03373505920171738
1749220081110169600,25.296169677734376,-0.2146100401878357,-0.07299937307834625,0.06281784176826477
1749220081120160500,25.306160400390624,-0.42575183510780334,0.16414660215377808,0.029525667428970337
1749220081130150700,25.316150634765624,-0.5990322828292847,0.03394358605146408,0.050512973219156265
1749220081140141800,25.326141845703123,-0.436801552772522,0.18862716853618622,-0.01420237123966217
1749220081150132700,25.3361328125,-0.8966445326805115,0.1525285542011261,-0.10678663104772568
1749220081160122600,25.34612255859375,-0.7000023126602173,-0.02334447018802166,-0.09611987322568893
1749220081170113500,25.356113525390626,-1.1299086809158325,-0.04211656004190445,-0.2077113837003708
1749220081180104700,25.366104736328126,-0.9683613181114197,-0.2060793936252594,-0.1796959936618805
1749220081190094600,25.376094482421873,-1.135399580001831,-0.23924614489078522,-0.20712308585643768
1749220081200085800,25.386085693359377,-0.9055770039558411,-0.3175731599330902,-0.15475308895111084
1749220081210075600,25.39607568359375,-0.4413566291332245,-0.11281389743089676,-0.08826461434364319
1749220081220066600,25.406066650390624,-0.16409972310066223,0.04463085159659386,0.0036647759843617678
1749220081230057700,25.4160576171875,0.006993727292865515,0.034571826457977295,0.11366558074951172
1749220081240047600,25.426047607421875,0.2494303286075592,0.0882989689707756,0.22126607596874237
1749220081250038500,25.43603857421875,0.48738110065460205,0.1524667739868164,0.3322479724884033
1749220081260028700,25.446028564453126,0.7703320980072021,0.21396848559379578,0.41788458824157715
1749220081270019600,25.45601953125,1.1187238693237305,0.3853625953197479,0.49911606311798096
1749220081280010800,25.4660107421875,1.4516537189483643,0.5719460844993591,0.6093669533729553
1749220081290000600,25.476000732421873,1.7130991220474243,0.6236582398414612,0.7059270143508911
1749220081299991600,25.485991455078125,2.2726476192474365,0.9008054137229919,0.7867560982704163
1749220081309981700,25.495981689453124,2.567547082901001,0.9512078762054443,0.84512859582901
1749220081319972600,25.50597265625,2.618217945098877,0.9857174158096313,0.8567585945129395
1749220081329963800,25.5159638671875,2.4071991443634033,0.9817628860473633,0.8244621753692627
1749220081339953700,25.52595361328125,1.9944807291030884,0.888468861579895,0.7764339447021484
1749220081349944600,25.535944580078127,1.5008031129837036,0.9184014797210693,0.6934626698493958
1749220081359935500,25.545935546875,0.8881101608276367,0.6361935138702393,0.6106969118118286
1749220081369925600,25.555925537109374,0.365407794713974,0.6443544626235962,0.7388657927513123
1749220081379916500,25.56591650390625,-0.2788928747177124,0.6105397939682007,0.5551398992538452
1749220081389906700,25.57590673828125,-1.1334704160690308,0.6557344198226929,0.2601514160633087
1749220081399897600,25.585897705078125,-2.020019292831421,0.37077248096466064,0.37999579310417175
1749220081409888800,25.595888671875,-2.5374772548675537,-0.26017963886260986,0.2734525799751282
1749220081419878700,25.605878662109376,-3.4491357803344727,0.28180745244026184,-0.17216937243938446
1749220081429869600,25.61586962890625,-4.010504722595215,0.26045021414756775,-0.19738657772541046
1749220081439859700,25.625859619140623,-4.1870036125183105,-0.16438095271587372,0.06762325018644333
1749220081449850600,25.6358505859375,-3.5806527137756348,-0.04111681133508682,0.47435933351516724
1749220081459841800,25.645841796875,-2.6201164722442627,0.1930094063282013,0.8001030683517456
1749220081469831700,25.655831787109374,-1.7432711124420166,0.14152278006076813,1.0489094257354736
1749220081479822600,25.665822509765626,-1.1273627281188965,0.2530258595943451,1.0223755836486816
1749220081489813500,25.6758134765625,-0.9213956594467163,0.30485525727272034,0.8027739524841309
1749220081499803600,25.6858037109375,-1.0134366750717163,0.15785621106624603,0.6627089977264404
1749220081509794800,25.695794921875,-1.0724128484725952,-0.0579405315220356,0.7033091187477112
1749220081519784700,25.70578466796875,-0.9905827045440674,-0.20776385068893433,0.9043493270874023
1749220081529775600,25.715775634765624,-0.813683032989502,-0.2553713023662567,1.1955993175506592
1749220081539766500,25.7257666015625,-0.6743763089179993,-0.20204071700572968,1.4247757196426392
1749220081549756400,25.73575634765625,-0.6434322595596313,-0.24419616162776947,1.6088515520095825
1749220081559747600,25.74574755859375,-0.6680230498313904,-0.2085052728652954,1.7288082838058472
1749220081569738800,25.75573876953125,-0.6768471598625183,-0.25303706526756287,1.694354772567749
1749220081579728600,25.765728759765626,-0.7775239944458008,-0.3006439805030823,1.5226542949676514
1749220081589719600,25.775719482421874,-0.8917387127876282,-0.4960672855377197,1.3060379028320312
1749220081599709700,25.785709716796877,-1.0452531576156616,-0.5147309899330139,0.8716177344322205
1749220081609700600,25.79570068359375,-1.1145302057266235,-0.43322253227233887,0.3105304539203644
1749220081619691500,25.80569140625,-1.0574957132339478,-0.5374722480773926,-0.1699051558971405
1749220081629681700,25.815681640625,-0.9607670307159424,-0.5078445672988892,-0.680156409740448
1749220081639672600,25.825672607421875,-0.8138687014579773,-0.6345798969268799,-1.1847386360168457
1749220081649663700,25.835663818359375,-0.7308382391929626,-0.5963259935379028,-1.6613205671310425
1749220081659653600,25.845653564453126,-0.7446129322052002,-0.5637616515159607,-2.097203493118286
1749220081669644500,25.85564453125,-0.8537628054618835,-0.5701473355293274,-2.421093463897705
1749220081679634700,25.865634765625,-0.9879864454269409,-0.6010403037071228,-2.645984411239624
1749220081689625900,25.8756259765625,-1.1134098768234253,-0.72803795337677,-2.7998366355895996
1749220081699616800,25.88561669921875,-1.218712329864502,-0.8530845046043396,-2.895679473876953
1749220081709606700,25.895606689453125,-1.2825541496276855,-0.9337138533592224,-2.9586236476898193
1749220081719597600,25.90559765625,-1.3209813833236694,-0.9903672933578491,-2.9974586963653564
1749220081729588700,25.915588623046876,-1.3559061288833618,-1.0756003856658936,-2.987457752227783
1749220081739578600,25.92557861328125,-1.4109946489334106,-1.1524217128753662,-2.940065622329712
1749220081749569500,25.935569580078123,-1.4597967863082886,-1.1624062061309814,-2.8195624351501465
1749220081759559700,25.9455595703125,-1.5127625465393066,-1.1438982486724854,-2.5908350944519043
1749220081769550600,25.955550537109374,-1.5083699226379395,-1.1750847101211548,-2.3134963512420654
1749220081779541800,25.965541748046874,-1.4103659391403198,-1.2667711973190308,-2.0196239948272705
1749220081789531600,25.97553173828125,-1.197494626045227,-1.3502793312072754,-1.6833345890045166
1749220081799522600,25.9855224609375,-0.8860597610473633,-1.426072120666504,-1.33138108253479
1749220081809513500,25.995513427734377,-0.6210499405860901,-1.4591031074523926,-0.9936959743499756
1749220081819503600,26.005503662109376,-0.4889012575149536,-1.5357975959777832,-0.629563570022583
1749220081829494800,26.015494873046876,-0.36024367809295654,-2.079177141189575,-0.2452491670846939
1749220081839485700,26.025485595703124,-0.184251070022583,-2.0660619735717773,-0.11250017583370209
1749220081849475600,26.0354755859375,-0.11052784323692322,-2.0518860816955566,0.032407741993665695
1749220081859466500,26.045466552734375,0.034743599593639374,-0.8352253437042236,-1.1262867450714111
1749220081869456600,26.05545654296875,0.20156294107437134,-1.633175253868103,-1.8594385385513306
1749220081879447800,26.06544775390625,0.2966178059577942,-1.7615386247634888,-1.8401694297790527
1749220081889438700,26.075438720703126,0.25586214661598206,-1.5214612483978271,-2.1364948749542236
1749220081899428600,26.0854287109375,0.22697189450263977,-1.4012432098388672,-2.2568862438201904
1749220081909419500,26.09541943359375,0.10378684848546982,-1.1125552654266357,-2.395656108856201
1749220081919409400,26.105409423828124,0.04478451609611511,-1.1941497325897217,-2.37860107421875
1749220081929400600,26.115400634765624,-0.0765317901968956,-1.3070091009140015,-2.2534806728363037
1749220081939391500,26.1253916015625,-0.242643803358078,-1.2039570808410645,-2.147252082824707
1749220081949381600,26.135381591796875,-0.3698320984840393,-1.1064387559890747,-2.008288860321045
1749220081959372500,26.14537255859375,-0.28287723660469055,-1.087663173675537,-1.8481080532073975
1749220081969363700,26.15536376953125,-0.07295756042003632,-1.0184297561645508,-1.707889437675476
1749220081979353600,26.165353515625,0.08484618365764618,-0.9731470346450806,-1.662028431892395
1749220081989344500,26.175344482421874,0.19662198424339294,-0.957209050655365,-1.6808122396469116
1749220081999335400,26.18533544921875,0.28180480003356934,-1.0077977180480957,-1.7110170125961304
1749220082009325800,26.195325927734373,0.3224147856235504,-1.0770175457000732,-1.7408636808395386
1749220082019316200,26.205316162109376,0.3500269949436188,-1.0781434774398804,-1.755245566368103
1749220082029306000,26.21530615234375,0.3948186933994293,-1.051581859588623,-1.713725209236145
1749220082039297000,26.225297119140624,0.4021565020084381,-0.9963008165359497,-1.6093517541885376
1749220082049288200,26.2352880859375,0.3578321635723114,-0.8882254958152771,-1.4802712202072144
1749220082059278300,26.2452783203125,0.3019697070121765,-0.7944286465644836,-1.354185700416565
1749220082069269200,26.255269287109375,0.2882560193538666,-0.782813310623169,-1.2325141429901123
1749220082079260200,26.26526025390625,0.34336161613464355,-0.8146753311157227,-1.1218891143798828
1749220082089250300,26.275250244140626,0.3981340527534485,-0.8263580799102783,-1.006606936454773
1749220082099241200,26.2852412109375,0.4178025722503662,-0.7248740792274475,-0.881222665309906
1749220082109232000,26.295232177734373,0.4047911763191223,-0.5589578151702881,-0.7505459189414978
1749220082119222300,26.30522216796875,0.3579576015472412,-0.3418673276901245,-0.6206169128417969
1749220082129213400,26.31521337890625,0.28384530544281006,-0.1478041112422943,-0.5295552015304565
1749220082139203300,26.325203369140624,0.24336525797843933,-0.09634704142808914,-0.49887850880622864
1749220082149194200,26.3351943359375,0.305779367685318,-0.23675528168678284,-0.5323416590690613
1749220082159185200,26.34518505859375,0.3860057592391968,-0.4492363929748535,-0.5391486883163452
1749220082169175000,26.355175048828126,0.3805297613143921,-0.5732009410858154,-0.5756974220275879
1749220082179166200,26.365166259765626,0.33341896533966064,-0.6148954033851624,-0.6530518531799316
1749220082189157000,26.3751572265625,0.2576744258403778,-0.6581909656524658,-0.6963558793067932
1749220082199147300,26.385147216796874,0.15588653087615967,-0.638317883014679,-0.7090772986412048
1749220082209138200,26.39513818359375,0.058404721319675446,-0.5232011675834656,-0.680606484413147
1749220082219129300,26.40512939453125,-0.024826254695653915,-0.36016589403152466,-0.5950596332550049
1749220082229119200,26.415119140625,-0.07332401722669601,-0.2037145048379898,-0.47587838768959045
1749220082239110100,26.425110107421876,-0.0898052528500557,-0.09230196475982666,-0.3572462797164917
1749220082249101000,26.43510107421875,-0.09249664098024368,-0.03826190158724785,-0.24488139152526855
1749220082259091200,26.44509130859375,-0.08894132077693939,-0.06326525658369064,-0.16339904069900513
1749220082269082400,26.455082275390627,-0.07619703561067581,-0.13117559254169464,-0.10490324348211288
1749220082279072300,26.465072265625,-0.06644480675458908,-0.1741587519645691,-0.07856191694736481
1749220082289063200,26.475063232421874,-0.05913442745804787,-0.17790554463863373,-0.06857213377952576
1749220082299054000,26.48505419921875,-0.04699334129691124,-0.18821358680725098,-0.06904298067092896
1749220082309044200,26.495044189453125,-0.026041720062494278,-0.19953973591327667,-0.05638125166296959
1749220082319035400,26.505035400390625,-0.012183163315057755,-0.19150018692016602,-0.04819415882229805
1749220082329026300,26.5150263671875,-0.0315864235162735,-0.19986172020435333,-0.052984654903411865
1749220082339016200,26.52501611328125,-0.06467007100582123,-0.25441789627075195,-0.05891577899456024
1749220082349007000,26.535007080078124,-0.06801500171422958,-0.30759671330451965,-0.08430609107017517
1749220082358998300,26.544998291015624,-0.01882481947541237,-0.2823512554168701,-0.01810949482023716
1749220082368988200,26.55498828125,0.0734180212020874,-0.16126932203769684,0.06145830079913139
1749220082378979300,26.564979248046875,0.13944284617900848,0.012090484611690044,0.10813978314399719
1749220082388970200,26.57497021484375,0.10143208503723145,0.16799592971801758,0.1302538812160492
1749220082398960000,26.584960205078126,0.05343339592218399,0.21130292117595673,0.11018881946802139
1749220082408951300,26.594951416015626,0.03380350396037102,0.15328063070774078,0.027481691911816597
1749220082418941200,26.604941162109377,0.03183356299996376,0.03278191387653351,-0.10401827841997147
1749220082428932000,26.61493212890625,0.06276005506515503,-0.10060863196849823,-0.21837495267391205
1749220082438923000,26.624923095703124,0.1209155023097992,-0.24940156936645508,-0.23977318406105042
