time,seconds_elapsed,z,y,x
1749220596219198000,0.019197998046875,-0.5638503432273865,-0.2564821243286133,0.7392717003822327
1749220596229188900,0.02918896484375,-0.7035749554634094,0.0140156839042902,1.0974764823913574
1749220596239179000,0.039178955078125,-0.8929376602172852,0.34342101216316223,1.4769468307495117
1749220596249170000,0.049169921875,-1.1902718544006348,0.5814410448074341,1.890205979347229
1749220596259161000,0.0591611328125,-1.6117738485336304,0.5732664465904236,2.4605109691619873
1749220596269152000,0.069152099609375,-2.313906669616699,0.9638419151306152,2.760355234146118
1749220596279142000,0.079141845703125,-2.7692549228668213,1.4536206722259521,3.007305860519409
1749220596289132800,0.0891328125,-2.9803736209869385,1.8196386098861694,3.1598591804504395
1749220596299124000,0.0991240234375,-2.9061784744262695,1.436951994895935,3.0419838428497314
1749220596309115000,0.109114990234375,-2.660970449447632,0.4048369824886322,2.5525062084198
1749220596319105000,0.11910498046875,-2.4599769115448,-0.7739883661270142,1.916791558265686
1749220596329096000,0.129095947265625,-2.421680450439453,-1.6958730220794678,1.2671840190887451
1749220596339087000,0.139087158203125,-2.542465925216675,-2.2118639945983887,0.5691625475883484
1749220596349078000,0.149078125,-2.833369255065918,-2.356778860092163,-0.055564191192388535
1749220596359068000,0.15906787109375,-3.0460405349731445,-2.196409225463867,-0.5072435140609741
1749220596369058800,0.169058837890625,-3.2284436225891113,-1.7748130559921265,-0.8091689944267273
1749220596379050000,0.179050048828125,-3.491014003753662,-1.089005947113037,-0.9079490900039673
1749220596389039900,0.189039794921875,-3.8142292499542236,-0.41008633375167847,-0.7995792031288147
1749220596399031000,0.199031005859375,-4.08444356918335,0.049909237772226334,-0.5804122686386108
1749220596409022000,0.20902197265625,-4.327804088592529,0.41810643672943115,-0.3349854350090027
1749220596419013000,0.21901318359375,-4.482378005981445,0.8061180710792542,-0.1152578815817833
1749220596429003000,0.2290029296875,-4.507953643798828,1.0856586694717407,-0.03798146918416023
1749220596438994000,0.238993896484375,-4.455170154571533,1.3436076641082764,-0.07330111414194107
1749220596448984800,0.24898486328125,-4.36021614074707,1.550605297088623,-0.24114736914634705
1749220596458976000,0.25897607421875,-4.221158981323242,1.704371690750122,-0.490035742521286
1749220596468966000,0.2689658203125,-4.13749885559082,1.9314954280853271,-0.7515928149223328
1749220596478957000,0.27895703125,-4.137449264526367,2.2338130474090576,-0.8851034641265869
1749220596488948000,0.288947998046875,-4.172422409057617,2.4283454418182373,-0.8616407513618469
1749220596498939100,0.298939208984375,-4.147759437561035,2.4631354808807373,-0.6297752857208252
1749220596508929000,0.308928955078125,-3.52128529548645,1.7150096893310547,0.025345835834741592
1749220596518920000,0.318919921875,-2.427880048751831,0.5359350442886353,0.8101791143417358
1749220596528910800,0.328910888671875,-1.693670630455017,0.35354235768318176,1.252790093421936
1749220596538902000,0.338902099609375,-1.4311718940734863,0.6539804935455322,1.5898597240447998
1749220596548896500,0.348896484375,-1.3223804235458374,0.4725196063518524,1.890409231185913
1749220596558887400,0.358887451171875,-1.290586233139038,-0.04709587246179581,2.132368803024292
1749220596568878600,0.368878662109375,-1.3892602920532227,-0.21038280427455902,2.302168369293213
1749220596578869500,0.378869384765625,-1.5570459365844727,0.044428981840610504,2.3489813804626465
1749220596588859600,0.388859619140625,-1.7348798513412476,0.42045268416404724,2.2198264598846436
1749220596598850600,0.3988505859375,-1.9004902839660645,0.6877363324165344,1.9092726707458496
1749220596608841700,0.408841796875,-2.2370500564575195,0.5401476621627808,1.4276151657104492
1749220596618831600,0.41883154296875,-2.5219991207122803,0.26186808943748474,1.0928478240966797
1749220596628822500,0.428822509765625,-2.769988536834717,-0.3002980351448059,0.9632810950279236
1749220596638813400,0.4388134765625,-2.9802865982055664,-0.5378488302230835,1.0185033082962036
1749220596648804600,0.4488046875,-3.0833284854888916,-0.5388275384902954,1.2905478477478027
1749220596658794800,0.458794677734375,-3.069929599761963,-0.3348189890384674,1.6960806846618652
1749220596668785700,0.46878564453125,-2.8611323833465576,0.06456141918897629,1.9920023679733276
1749220596678776600,0.478776611328125,-2.483184814453125,0.4664137661457062,2.091095209121704
1749220596688767700,0.488767822265625,-2.137608289718628,0.7920904159545898,2.0075058937072754
1749220596698757600,0.498757568359375,-1.8107556104660034,0.9374313354492188,1.8446323871612549
1749220596708748500,0.50874853515625,-1.5159565210342407,1.0276387929916382,1.7388417720794678
1749220596718739500,0.518739501953125,-1.4738730192184448,1.332653522491455,1.653804898262024
1749220596728730400,0.52873046875,-1.6140023469924927,1.6412113904953003,1.5238972902297974
1749220596738720800,0.538720703125,-1.7232660055160522,1.7580006122589111,1.3168977499008179
1749220596748711700,0.548711669921875,-1.4987202882766724,1.9008839130401611,0.91836017370224
1749220596758702600,0.55870263671875,-0.1660401076078415,2.0966126918792725,0.41056835651397705
1749220596768693500,0.568693603515625,-0.2545910179615021,1.9834126234054565,0.47170308232307434
1749220596778683600,0.57868359375,-0.6224068403244019,2.118459463119507,0.7583423256874084
1749220596788674600,0.588674560546875,-0.7448744177818298,2.117811441421509,1.1844350099563599
1749220596798665500,0.59866552734375,-0.4201453626155853,2.586963653564453,1.344106674194336
1749220596808656400,0.608656494140625,-0.362308144569397,2.7925851345062256,1.4674006700515747
1749220596818646800,0.618646728515625,-0.5072919726371765,2.6443614959716797,1.643250823020935
1749220596828637700,0.6286376953125,-0.6888583302497864,2.4505398273468018,1.5101993083953857
1749220596838628600,0.638628662109375,-0.9919782280921936,2.2654857635498047,1.3286532163619995
1749220596848618500,0.648618408203125,-1.2624661922454834,1.7608453035354614,0.9781132936477661
1749220596858609400,0.658609375,-1.3359733819961548,1.3221875429153442,0.7122200727462769
1749220596868600600,0.6686005859375,-1.293215036392212,0.8985942006111145,0.5924928784370422
1749220596878591500,0.678591552734375,-1.2142568826675415,0.637931227684021,0.48711133003234863
1749220596888581600,0.68858154296875,-1.2700005769729614,0.4823320209980011,0.44925424456596375
1749220596898572500,0.698572509765625,-1.3090475797653198,0.4996654689311981,0.4725358486175537
1749220596908563700,0.708563720703125,-1.2166028022766113,0.5520711541175842,0.5410861372947693
1749220596918554600,0.7185546875,-1.083329200744629,0.5406680107116699,0.614399790763855
1749220596928544500,0.72854443359375,-0.9066540002822876,0.5217124819755554,0.7113699913024902
1749220596938535400,0.738535400390625,-0.6935625076293945,0.613434910774231,0.804929256439209
1749220596948526600,0.748526611328125,-0.3854563534259796,0.6482967734336853,0.9724367260932922
1749220596958517500,0.758517578125,-0.013635118491947651,0.8082312941551208,1.1914393901824951
1749220596968507600,0.768507568359375,0.3568696975708008,1.012406826019287,1.3871636390686035
1749220596978498600,0.77849853515625,0.5939528346061707,1.0238949060440063,1.3756177425384521
1749220596988489700,0.78848974609375,0.6585161089897156,0.9084963798522949,1.1832795143127441
1749220596998479600,0.798479736328125,0.5313957333564758,0.6289936304092407,0.7947828769683838
1749220597008470500,0.808470458984375,0.3784565031528473,0.3960064649581909,0.5284143090248108
1749220597018461400,0.81846142578125,0.20633932948112488,0.3106321692466736,0.5176069140434265
1749220597028452600,0.82845263671875,0.13379108905792236,0.3672941327095032,0.6318230032920837
1749220597038443500,0.838443603515625,0.3274441659450531,0.4845821261405945,0.7831573486328125
1749220597048433700,0.84843359375,0.6763188242912292,0.7053326368331909,0.9286708831787109
1749220597058424600,0.858424560546875,0.978058397769928,0.994408905506134,1.1406971216201782
1749220597068415700,0.868415771484375,1.0961503982543945,1.3846237659454346,1.3741474151611328
1749220597078405600,0.878405517578125,1.0877268314361572,1.6944007873535156,1.4565706253051758
1749220597088396500,0.888396484375,1.025273084640503,1.7366122007369995,1.3416616916656494
1749220597098387500,0.898387451171875,0.938525915145874,1.5552724599838257,1.0783655643463135
1749220597108378600,0.908378662109375,0.7754760384559631,1.4211757183074951,0.8067348599433899
1749220597118368500,0.918368408203125,0.6124466061592102,1.3217095136642456,0.6339671015739441
1749220597128359700,0.928359619140625,0.5717804431915283,1.2139884233474731,0.5889269113540649
1749220597138350600,0.9383505859375,0.6117006540298462,1.2826085090637207,0.5613282918930054
1749220597148341800,0.948341796875,0.6208856701850891,1.2382380962371826,0.5004817247390747
1749220597158331600,0.95833154296875,0.6542379856109619,1.0236682891845703,0.4959549009799957
1749220597168322600,0.968322509765625,0.6843463778495789,0.906327486038208,0.5697026252746582
1749220597178313500,0.9783134765625,0.6879315376281738,0.8899258971214294,0.630977988243103
1749220597188304600,0.9883046875,0.7146337032318115,1.0039360523223877,0.6166288256645203
1749220597198294500,0.99829443359375,0.6876748204231262,1.0429892539978027,0.5374922156333923
1749220597208285700,1.00828564453125,0.5939139723777771,1.0789905786514282,0.48367106914520264
1749220597218276600,1.018276611328125,0.4005673825740814,0.989179253578186,0.4312264919281006
1749220597228267800,1.028267822265625,0.22642168402671814,0.8310521841049194,0.3786034882068634
1749220597238257700,1.038257568359375,0.13619139790534973,0.5923551917076111,0.33690160512924194
1749220597248248600,1.04824853515625,0.1653929501771927,0.3641017973423004,0.3267695903778076
1749220597258239500,1.058239501953125,0.2913804352283478,0.2730136811733246,0.3512254059314728
1749220597268230400,1.06823046875,0.4148368835449219,0.3219711184501648,0.4306216835975647
1749220597278220500,1.078220458984375,0.45376190543174744,0.47821104526519775,0.5601269602775574
1749220597288211700,1.088211669921875,0.438362181186676,0.6042198538780212,0.6483827829360962
1749220597298202600,1.09820263671875,0.42602986097335815,0.6352499127388,0.6546321511268616
1749220597308192500,1.108192626953125,0.4273260235786438,0.6453800797462463,0.6485817432403564
1749220597318183700,1.11818359375,0.402239054441452,0.5813326239585876,0.6364150643348694
1749220597328174600,1.128174560546875,0.38607046008110046,0.4850974380970001,0.5646543502807617
1749220597338165500,1.13816552734375,0.37371179461479187,0.4314139783382416,0.4490821957588196
1749220597348155400,1.1481552734375,0.4038718342781067,0.24470269680023193,0.3781965672969818
1749220597358146600,1.158146484375,0.48492860794067383,0.06813883781433105,0.35027945041656494
1749220597368137500,1.168137451171875,0.5753484964370728,0.0496559701859951,0.3591003715991974
1749220597378128600,1.178128662109375,0.7249193787574768,0.09348707646131516,0.3496650457382202
1749220597388118500,1.188118408203125,0.9187447428703308,0.0799345150589943,0.3191651999950409
1749220597398109400,1.198109375,1.0652161836624146,0.06509830802679062,0.2687518298625946
1749220597408100600,1.2081005859375,0.9742551445960999,-0.46758130192756653,0.022174011915922165
1749220597418091500,1.218091552734375,0.8675971627235413,-0.5581372976303101,-0.1864985078573227
1749220597428081400,1.228081298828125,0.7267374992370605,-0.3896380364894867,-0.0781850814819336
1749220597438072300,1.238072265625,0.4569750130176544,-0.49394872784614563,-0.008461128920316696
1749220597448063500,1.2480634765625,0.24666304886341095,-0.45683518052101135,-0.1479111611843109
1749220597458054700,1.2580546875,0.102297343313694,-0.36354517936706543,-0.35800981521606445
1749220597468044500,1.26804443359375,-0.03479579836130142,-0.318071186542511,-0.5223582983016968
1749220597478035500,1.278035400390625,0.035468511283397675,-0.41524752974510193,-0.6618823409080505
1749220597488026600,1.288026611328125,0.15547028183937073,-0.3834781348705292,-0.6145736575126648
1749220597498017500,1.298017578125,0.21155458688735962,-0.46028319001197815,-0.6035063862800598
1749220597508007400,1.30800732421875,0.2737756073474884,-0.4059333801269531,-0.6631345748901367
1749220597517998300,1.317998291015625,0.3044983744621277,-0.023123960942029953,-0.7871564030647278
1749220597527989500,1.327989501953125,0.11500807851552963,0.03928136080503464,-0.9701573252677917
1749220597537980700,1.337980712890625,0.05083122104406357,-0.16351036727428436,-1.0895318984985352
1749220597547969300,1.34796923828125,0.11293693631887436,-0.3536944091320038,-0.9849128723144531
1749220597557960200,1.357960205078125,0.3185841143131256,-0.5751035213470459,-0.8682136535644531
1749220597567951000,1.367951171875,0.4480190575122833,-0.5872251391410828,-0.8692626953125
1749220597577942300,1.3779423828125,0.4047083258628845,-0.3642114996910095,-0.9169389009475708
1749220597587932400,1.387932373046875,0.31168705224990845,-0.22708934545516968,-0.9248173236846924
1749220597597923300,1.39792333984375,0.19277185201644897,-0.24776452779769897,-0.9320299625396729
1749220597607914200,1.407914306640625,0.18757416307926178,-0.36196112632751465,-0.9431387782096863
1749220597617905400,1.417905517578125,0.2689925730228424,-0.31750473380088806,-0.9265118837356567
1749220597627895300,1.427895263671875,0.3532896339893341,-0.05145120620727539,-0.8577096462249756
1749220597637886200,1.43788623046875,0.307723730802536,0.2651054263114929,-0.8645204305648804
1749220597647877000,1.447877197265625,0.2441687285900116,0.06882327049970627,-0.6238406896591187
1749220597657868300,1.457868408203125,0.09477977454662323,-0.18616214394569397,-0.5037214756011963
1749220597667858400,1.4678583984375,-0.005032841581851244,-0.2969573736190796,-0.4004315733909607
1749220597677849300,1.477849365234375,0.10851875692605972,-0.1362113654613495,-0.28222209215164185
1749220597687840300,1.48784033203125,0.2333589494228363,-0.06746000051498413,-0.20034055411815643
1749220597697831400,1.49783154296875,0.2424595057964325,-0.162677600979805,-0.18903890252113342
1749220597707821300,1.5078212890625,0.24322357773780823,-0.16507630050182343,-0.13758689165115356
1749220597717812200,1.517812255859375,0.27318066358566284,0.07159082591533661,-0.048276450484991074
1749220597727803100,1.52780322265625,0.34505805373191833,0.19552528858184814,0.033182721585035324
1749220597737794300,1.537794189453125,0.49168452620506287,0.3104090094566345,0.1579933613538742
1749220597747784400,1.547784423828125,0.6295454502105713,0.4639471471309662,0.4040800929069519
1749220597757775400,1.557775390625,0.7667669653892517,0.6820869445800781,0.7296683192253113
1749220597767766300,1.567766357421875,0.8420484066009521,0.6729035973548889,0.735366702079773
1749220597777757400,1.57775732421875,0.7669363021850586,0.7499338984489441,0.7139138579368591
1749220597787747300,1.587747314453125,0.5494226217269897,0.8817824721336365,0.6663825511932373
1749220597797738200,1.59773828125,0.1368156373500824,0.7168492078781128,0.6411834359169006
1749220597807729200,1.607729248046875,-0.3363138437271118,0.4290967583656311,0.6533554196357727
1749220597817720300,1.61772021484375,-0.6807082295417786,0.03308072313666344,0.6442831158638
1749220597827710500,1.62771044921875,-1.0223326683044434,-0.22815647721290588,0.6575357913970947
1749220597837701400,1.637701416015625,-1.3493843078613281,-0.31940728425979614,0.6673668622970581
1749220597847692300,1.6476923828125,-1.6162703037261963,-0.19023998081684113,0.6748964190483093
1749220597857683500,1.657683349609375,-1.8086844682693481,0.06532654166221619,0.6474735736846924
1749220597867673300,1.66767333984375,-1.8558546304702759,0.23517709970474243,0.5370274782180786
1749220597877664300,1.677664306640625,-1.754530429840088,-0.000833036785479635,0.46075189113616943
1749220597887655200,1.6876552734375,-1.5932872295379639,-0.30120590329170227,0.45354723930358887
1749220597897646000,1.69764599609375,-1.4107354879379272,-0.3725341558456421,0.4980614483356476
1749220597907636500,1.707636474609375,-0.7309048175811768,-0.4162755012512207,0.5788103342056274
1749220597917627400,1.71762744140625,0.7124818563461304,-0.3011915385723114,0.6507828235626221
1749220597927618300,1.727618408203125,1.5384011268615723,0.17268788814544678,0.4247901737689972
1749220597937609200,1.737609130859375,1.4119523763656616,0.3382265269756317,0.18831291794776917
1749220597947599400,1.747599365234375,0.9840604066848755,0.2875436246395111,0.0028040423057973385
1749220597957590300,1.75759033203125,0.7041072845458984,0.11017177999019623,0.03357953205704689
1749220597967581200,1.767581298828125,0.62544846534729,-0.04800507798790932,0.1585875153541565
1749220597977572000,1.777572021484375,0.5987622141838074,0.09929250180721283,0.2807914614677429
1749220597987562500,1.7875625,0.6524782180786133,0.3143201172351837,0.3542819023132324
1749220597997553400,1.797553466796875,0.695689857006073,0.43361374735832214,0.49174603819847107
1749220598007544300,1.80754443359375,0.6121392846107483,0.48136982321739197,0.6506614089012146
1749220598017535200,1.81753515625,0.4655735492706299,0.4841237962245941,0.6966110467910767
1749220598027525000,1.827525146484375,0.2923889756202698,0.41074198484420776,0.5912957787513733
1749220598037516300,1.837516357421875,0.09195762127637863,0.39600831270217896,0.37779176235198975
1749220598047507200,1.847507080078125,-0.11102558672428131,0.23228463530540466,0.15664340555667877
1749220598057498000,1.857498046875,-0.25411322712898254,-0.028184765949845314,-0.03026549331843853
1749220598067488300,1.86748828125,-0.26047927141189575,-0.23831510543823242,-0.20978198945522308
1749220598077479400,1.8774794921875,-0.23759205639362335,-0.30952802300453186,-0.3303140103816986
1749220598087470300,1.88747021484375,-0.19481129944324493,-0.31986188888549805,-0.41504380106925964
1749220598097461200,1.897461181640625,-0.1476925164461136,-0.20939290523529053,-0.3337862193584442
1749220598107451100,1.907451171875,-0.12057541310787201,-0.06930343806743622,-0.10325475037097931
1749220598117442300,1.9174423828125,-0.242384135723114,0.3151843249797821,0.3675668239593506
1749220598127433200,1.92743310546875,-0.4861973226070404,0.43677306175231934,0.6529937982559204
1749220598137424100,1.937424072265625,-0.6736662983894348,0.4884282648563385,0.8244438171386719
1749220598147414300,1.947414306640625,-0.7975751757621765,0.48039722442626953,0.883467972278595
1749220598157405400,1.957405517578125,-0.6834734082221985,0.6552579998970032,0.8709300756454468
1749220598167396400,1.967396240234375,-0.3133358061313629,0.5142044425010681,0.7291293144226074
1749220598177387300,1.97738720703125,0.1349080204963684,0.001987250754609704,0.5005626678466797
1749220598187377200,1.987377197265625,0.33777618408203125,-0.44897326827049255,0.2886400520801544
1749220598197368300,1.997368408203125,0.4098389148712158,-0.3944341242313385,0.3435022234916687
1749220598207359200,2.007359130859375,0.47924622893333435,-0.14192570745944977,0.6105757355690002
1749220598217350100,2.01735009765625,0.50755375623703,0.005465871654450893,0.7011871337890625
1749220598227340300,2.02734033203125,0.40105316042900085,0.2927815318107605,0.631439208984375
1749220598237331500,2.03733154296875,0.34958064556121826,0.534160315990448,0.5153048634529114
1749220598247322400,2.047322265625,0.46326884627342224,0.7095209956169128,0.28337952494621277
1749220598257313300,2.057313232421875,0.6409049034118652,0.758227527141571,0.25474172830581665
1749220598267303200,2.06730322265625,0.7150824666023254,0.7852048277854919,0.29930174350738525
1749220598277294300,2.07729443359375,0.6293749809265137,0.7032345533370972,0.12344017624855042
1749220598287285200,2.08728515625,0.3170730173587799,0.26165103912353516,-0.12912309169769287
1749220598297276200,2.097276123046875,-0.015693476423621178,-0.6124650239944458,-0.3499540090560913
1749220598307266300,2.107266357421875,-0.14844539761543274,-1.332506775856018,-0.5207779407501221
1749220598317257500,2.117257568359375,-0.08992456644773483,-1.845732569694519,-0.6191982626914978
1749220598327248400,2.127248291015625,0.004686897154897451,-1.9806722402572632,-0.4858926832675934
1749220598337239300,2.1372392578125,-0.1339210420846939,-1.4433493614196777,-0.3537498116493225
1749220598347229200,2.147229248046875,-0.3465198576450348,-0.18924155831336975,-0.4794563353061676
1749220598357220400,2.157220458984375,-0.3746252655982971,-0.10500417649745941,-0.25342506170272827
1749220598367211300,2.167211181640625,-0.2758539617061615,-0.4913526773452759,0.09537099301815033
1749220598377202200,2.1772021484375,-0.20463676750659943,-0.5307698845863342,0.021379856392741203
1749220598387193000,2.187193115234375,-0.3535061478614807,-0.338358074426651,-0.3056352734565735
1749220598397183500,2.19718359375,-0.49050554633140564,-0.08828592300415039,-0.5093854665756226
1749220598407174400,2.20717431640625,-0.40088775753974915,0.06976044178009033,-0.4107497036457062
1749220598417165300,2.217165283203125,-0.13221663236618042,0.35100674629211426,0.017580324783921242
1749220598427156200,2.22715625,0.266408771276474,-0.13909956812858582,0.37078046798706055
1749220598437146000,2.23714599609375,0.390209823846817,-0.007451790850609541,0.5587143898010254
1749220598447137300,2.24713720703125,0.18100067973136902,0.14629755914211273,0.3347090184688568
1749220598457128200,2.257128173828125,0.12542769312858582,-0.014945393428206444,0.3422446846961975
1749220598467119000,2.267119140625,-0.09021911025047302,-0.24878185987472534,0.2098373919725418
1749220598477109200,2.277109130859375,-0.339070200920105,-0.09677714109420776,-0.0010804444318637252
1749220598487100400,2.287100341796875,-0.5512413382530212,0.07194875925779343,-0.09996122121810913
1749220598497091300,2.29709130859375,-0.8570390343666077,0.5403987765312195,-0.04918086156249046
1749220598507082200,2.307082275390625,-1.1318259239196777,0.8626322150230408,0.07251734286546707
1749220598517072100,2.317072021484375,-1.29978346824646,1.1341403722763062,0.2538008391857147
1749220598527063300,2.327063232421875,-1.1925404071807861,1.4540773630142212,0.5433085560798645
1749220598537054200,2.33705419921875,-0.6333348751068115,1.055522084236145,0.5806732177734375
1749220598547042000,2.3470419921875,0.562475860118866,1.0191267728805542,1.0254325866699219
1749220598557032200,2.3570322265625,1.1536645889282227,1.457414150238037,1.323250651359558
1749220598567023000,2.367023193359375,1.1501902341842651,2.016327381134033,1.4387402534484863
1749220598577014300,2.37701416015625,1.033939242362976,2.177651882171631,1.5227707624435425
1749220598587005200,2.387005126953125,1.1692917346954346,1.8403990268707275,1.150051474571228
1749220598596995000,2.3969951171875,1.4116026163101196,1.7284570932388306,0.770038366317749
1749220598606986000,2.406986083984375,1.6331076622009277,1.5466725826263428,0.6444458365440369
1749220598616977000,2.416976806640625,1.8411998748779297,1.274901032447815,0.3334200382232666
1749220598626968000,2.426968017578125,1.932580590248108,1.275658369064331,0.006395581178367138
1749220598636958200,2.436958251953125,1.9065511226654053,1.0015251636505127,-0.31716224551200867
1749220598646949000,2.44694921875,1.7847118377685547,0.3477233350276947,-0.550661563873291
1749220598656940000,2.45693994140625,1.7932461500167847,-0.16055825352668762,-0.6438983082771301
1749220598666931200,2.46693115234375,1.8758633136749268,-0.14134328067302704,-0.6189354062080383
1749220598676922000,2.476922119140625,1.8571476936340332,-0.07016364485025406,-0.6049714088439941
1749220598686912000,2.486912109375,1.7265172004699707,0.010746654123067856,-0.4649959206581116
1749220598696903000,2.49690283203125,1.5420626401901245,0.05206187069416046,-0.30546724796295166
1749220598706894000,2.50689404296875,1.316080927848816,-0.0355534665286541,-0.12689164280891418
1749220598716885000,2.516885009765625,0.9365988373756409,-0.1621026247739792,-0.0036389431916177273
1749220598726875100,2.526875244140625,0.5086589455604553,-0.17250145971775055,0.046845268458127975
1749220598736866000,2.536865966796875,0.20511400699615479,-0.014975753612816334,0.06394915282726288
1749220598746857200,2.546857177734375,0.010865431278944016,0.027039073407649994,-0.004807538352906704
1749220598756848000,2.55684814453125,-0.12646420300006866,-0.10149866342544556,-0.07956886291503906
1749220598766838000,2.566838134765625,-0.20852310955524445,-0.2712525427341461,-0.13079769909381866
1749220598776829000,2.576828857421875,-0.28644320368766785,-0.380500465631485,-0.1815010905265808
1749220598786820000,2.586820068359375,-0.42418375611305237,-0.35219240188598633,-0.19399690628051758
1749220598796811000,2.59681103515625,-0.5992104411125183,-0.1842164397239685,-0.20283326506614685
1749220598806801200,2.60680126953125,-0.5878099799156189,0.07190561294555664,-0.2731361985206604
1749220598816792000,2.6167919921875,-0.35502147674560547,0.26671770215034485,-0.32233890891075134
1749220598826783200,2.626783203125,0.09173498302698135,0.3017215132713318,-0.37297704815864563
1749220598836774100,2.636774169921875,0.46783432364463806,0.1873382031917572,-0.448378324508667
1749220598846765000,2.64676513671875,0.6259933114051819,0.19834931194782257,-0.5795424580574036
1749220598856755000,2.6567548828125,0.596391499042511,0.1912011206150055,-0.6244705319404602
1749220598866746000,2.66674609375,0.6308557391166687,0.20002682507038116,-0.4804036319255829
1749220598876737000,2.676737060546875,0.7309237122535706,-0.17929811775684357,-0.2552160620689392
1749220598886728000,2.68672802734375,0.8303182125091553,-0.5224557518959045,-0.10045816749334335
1749220598896718000,2.696718017578125,0.9871422052383423,-0.5783016681671143,-0.08080669492483139
1749220598906709200,2.706709228515625,1.1159135103225708,-0.5492804050445557,-0.13036386668682098
1749220598916700200,2.7167001953125,1.1450822353363037,-0.5051915645599365,-0.20278453826904297
1749220598926691000,2.726691162109375,1.1957499980926514,-0.31610363721847534,-0.26531076431274414
1749220598936681000,2.736680908203125,1.2868887186050415,-0.134881392121315,-0.2674333155155182
1749220598946672000,2.746672119140625,1.3530570268630981,-0.2344929277896881,-0.20081539452075958
1749220598956663000,2.7566630859375,1.3261075019836426,-0.6508310437202454,-0.05030498281121254
1749220598966654000,2.766654052734375,1.3427493572235107,-0.9981394410133362,0.2210109382867813
1749220598976644000,2.77664404296875,1.4449782371520996,-1.05315101146698,0.4589255154132843
1749220598986635300,2.78663525390625,1.565626621246338,-1.0400266647338867,0.4413374662399292
1749220598996626200,2.796626220703125,1.7882945537567139,-0.9640219807624817,0.40636536478996277
1749220599006617000,2.8066171875,1.846725344657898,-0.786767840385437,0.45527616143226624
1749220599016608000,2.81660791015625,1.7726266384124756,-0.8410659432411194,0.3787901997566223
1749220599026598000,2.826597900390625,1.7504475116729736,-0.972447395324707,0.48415815830230713
1749220599036589000,2.836589111328125,1.6575360298156738,-1.1186389923095703,0.6360052227973938
1749220599046580000,2.846580078125,1.474697470664978,-1.2898024320602417,0.7905324697494507
1749220599056571000,2.85657080078125,1.399536371231079,-1.382558822631836,0.9024019837379456
1749220599066561000,2.86656103515625,1.3812668323516846,-1.2982702255249023,0.9018334150314331
1749220599076552200,2.87655224609375,1.2803993225097656,-1.1170626878738403,0.7363510131835938
1749220599086543000,2.886543212890625,1.1718518733978271,-0.7860767245292664,0.5008492469787598
1749220599096534000,2.896533935546875,1.1646195650100708,-0.632188081741333,0.43694883584976196
1749220599106524000,2.90652392578125,0.9826710224151611,-0.7171775698661804,0.345193088054657
1749220599116515000,2.91651513671875,1.007773995399475,-0.6036102771759033,0.4307761490345001
1749220599126506000,2.926506103515625,1.0041004419326782,-0.9481157064437866,0.37350621819496155
1749220599136497000,2.936496826171875,0.804331362247467,-1.0264121294021606,0.3811092674732208
1749220599146487000,2.946487060546875,0.7857781648635864,-1.1397082805633545,0.4597044885158539
1749220599156478200,2.956478271484375,0.9402191638946533,-1.2357783317565918,0.47422003746032715
1749220599166469000,2.96646923828125,0.9875541925430298,-1.1166179180145264,0.3948085606098175
1749220599176460000,2.9764599609375,0.9564061164855957,-0.9390739798545837,0.3464519679546356
1749220599186451200,2.986451171875,1.113892674446106,-0.6826837658882141,0.2655126452445984
1749220599196441000,2.996441162109375,1.3462803363800049,-0.3996216952800751,0.1941625475883484
1749220599206432000,3.006431884765625,1.6347936391830444,-0.319229394197464,0.19554074108600616
1749220599216423000,3.0164228515625,1.8100595474243164,-0.45456749200820923,0.22320884466171265
1749220599226414000,3.0264140625,1.7440533638000488,-0.5545950531959534,0.18658852577209473
1749220599236404200,3.036404296875,1.5237363576889038,-0.6696379780769348,0.14866510033607483
1749220599246395100,3.04639501953125,1.3494112491607666,-0.7276619076728821,0.16272740066051483
1749220599256386000,3.056385986328125,1.3352376222610474,-0.6932687759399414,0.11139976233243942
1749220599266377200,3.066377197265625,1.4099434614181519,-0.6867139339447021,-0.030919566750526428
1749220599276368100,3.0763681640625,1.4963796138763428,-0.5708549618721008,-0.14117923378944397
1749220599286358000,3.08635791015625,1.5526623725891113,-0.38919302821159363,-0.26342523097991943
1749220599296349000,3.096348876953125,1.6240019798278809,-0.12604421377182007,-0.35708969831466675
1749220599306340000,3.106340087890625,1.7101444005966187,0.15683728456497192,-0.3921371400356293
1749220599316331300,3.116331298828125,1.6904069185256958,0.2892877459526062,-0.5234981179237366
1749220599326321200,3.126321044921875,1.6119376420974731,0.32264143228530884,-0.5655086636543274
1749220599336312000,3.13631201171875,1.4744298458099365,0.4950808584690094,-0.5553726553916931
1749220599346303000,3.146302978515625,1.2684050798416138,0.5587983131408691,-0.6610926985740662
1749220599356294100,3.156294189453125,0.966923713684082,0.5226179361343384,-0.7446233034133911
1749220599366284000,3.166283935546875,0.6038880348205566,0.5897146463394165,-0.6785939335823059
1749220599376275000,3.17627490234375,0.16979914903640747,0.6132218837738037,-0.5855404138565063
1749220599386266000,3.18626611328125,-0.3542046844959259,0.3896484375,-0.4008278548717499
1749220599396257300,3.19625732421875,-0.8944173455238342,0.033054888248443604,-0.14522910118103027
1749220599406248200,3.206248291015625,-1.3498737812042236,-0.06729461997747421,0.09363780915737152
1749220599416238000,3.216238037109375,-1.6095261573791504,-0.016761403530836105,0.28852739930152893
1749220599426229000,3.22622900390625,-1.6264559030532837,0.0934886708855629,0.5134918093681335
1749220599436220200,3.23622021484375,-1.5437703132629395,0.31447991728782654,0.39479124546051025
1749220599446211000,3.246211181640625,-1.339741826057434,0.7079009413719177,0.3272005021572113
1749220599456201000,3.256200927734375,-1.1527156829833984,0.9838734269142151,0.24618740379810333
1749220599466192100,3.266192138671875,-0.9347034692764282,1.1052017211914062,0.07492377609014511
1749220599476183300,3.276183349609375,-0.7290675044059753,1.1571341753005981,-0.0029854036401957273
1749220599486174200,3.28617431640625,-0.5249649882316589,1.2064385414123535,-0.0911051407456398
1749220599496165000,3.2961650390625,-0.30798497796058655,1.1847519874572754,-0.1963719129562378
1749220599506155000,3.306155029296875,-0.07279990613460541,1.041115164756775,-0.2643674612045288
1749220599516146200,3.316146240234375,0.1654142588376999,0.7419065833091736,-0.4363706707954407
1749220599526137000,3.32613720703125,0.33801132440567017,0.34143030643463135,-0.5028101205825806
1749220599536128000,3.3361279296875,0.45731642842292786,0.035943884402513504,-0.5695961117744446
1749220599546117000,3.3461171875,0.2919948399066925,0.04225531220436096,-0.6642773151397705
1749220599556108300,3.3561083984375,0.2567433714866638,-0.05728938803076744,-0.6766543388366699
1749220599566099200,3.36609912109375,0.41266265511512756,-0.024685371667146683,-0.6235346794128418
1749220599576090000,3.376090087890625,0.18305131793022156,0.07286062836647034,-0.5567295551300049
1749220599586081300,3.386081298828125,0.2977869510650635,-0.14668691158294678,-0.2334018349647522
1749220599596071200,3.3960712890625,-0.016811471432447433,-0.2225598394870758,-0.02484782598912716
1749220599606062000,3.40606201171875,-0.3899538815021515,-0.4300552308559418,0.2040274292230606
1749220599616053000,3.416052978515625,-0.7321344017982483,-0.35778236389160156,0.48276397585868835
1749220599626044200,3.426044189453125,-0.9801351428031921,0.3687588572502136,0.5924183130264282
1749220599636034300,3.436034423828125,-0.6673485040664673,0.7804092764854431,0.6340288519859314
1749220599646025200,3.446025146484375,0.15049229562282562,0.4984753131866455,0.8632999062538147
1749220599656016100,3.45601611328125,0.5781403183937073,0.5780580043792725,0.9809090495109558
1749220599666007300,3.46600732421875,0.4899531900882721,0.3729996681213379,0.8689990639686584
1749220599675997200,3.4759970703125,0.41293618083000183,0.1282690167427063,0.6872585415840149
1749220599685988000,3.485988037109375,0.3113251328468323,-0.018453842028975487,0.4879302680492401
1749220599695979000,3.49597900390625,0.07566866278648376,-0.2060098946094513,0.32153940200805664
1749220599705970200,3.50597021484375,-0.17252090573310852,-0.2621232271194458,0.18304438889026642
1749220599715961300,3.51596142578125,-0.28735029697418213,0.12262951582670212,0.13470402359962463
1749220599725951200,3.525951171875,-0.2686269283294678,-0.21433120965957642,0.05603450536727905
1749220599735942100,3.535942138671875,-0.22682195901870728,-0.35945403575897217,0.1005774736404419
1749220599745933300,3.545933349609375,-0.33716392517089844,0.7694921493530273,0.3520427346229553
1749220599755924200,3.55592431640625,-0.4995911717414856,0.8198256492614746,0.20400026440620422
1749220599765914000,3.5659140625,-0.3876952528953552,0.5885626077651978,0.1224268451333046
1749220599775905000,3.575905029296875,-0.20726290345191956,0.027213245630264282,0.21971851587295532
1749220599785896000,3.58589599609375,-0.07005045562982559,0.07551872730255127,0.5809387564659119
1749220599795887000,3.59588720703125,0.17145271599292755,0.40174582600593567,0.5487949252128601
1749220599805878300,3.605878173828125,0.3509548306465149,0.9310112595558167,0.25073421001434326
1749220599815868200,3.6158681640625,0.3963468074798584,1.1078534126281738,-0.165237694978714
1749220599825859000,3.625859130859375,0.30568403005599976,0.7390719652175903,-0.3542696535587311
1749220599835850200,3.635850341796875,0.22187727689743042,-0.3921121060848236,-0.4906719923019409
1749220599845841200,3.645841064453125,0.20579656958580017,-0.8155496716499329,-0.5393007397651672
1749220599855831000,3.6558310546875,0.07005312293767929,0.09809141606092453,-0.46322864294052124
1749220599865822000,3.665822021484375,0.06441174447536469,0.14557930827140808,-0.27852964401245117
1749220599875813000,3.675813232421875,0.14536118507385254,0.0932372659444809,-0.20879395306110382
1749220599885804300,3.68580419921875,0.31075841188430786,0.09797583520412445,0.028862008824944496
1749220599895795200,3.695795166015625,0.33651649951934814,0.2811634838581085,0.18005312979221344
1749220599905785000,3.70578515625,0.3046507239341736,0.30521875619888306,0.25180375576019287
1749220599915776300,3.7157763671875,0.29412642121315,-0.04659653082489967,0.31278666853904724
1749220599925767200,3.72576708984375,0.16179049015045166,-0.05846996605396271,0.36112862825393677
1749220599935758000,3.735758056640625,-0.06486235558986664,0.19891203939914703,0.33742809295654297
1749220599945748000,3.745748046875,-0.2758353054523468,0.39228254556655884,0.268388569355011
1749220599955739100,3.7557392578125,-0.4476483464241028,-0.031748875975608826,0.15124890208244324
1749220599965730300,3.765730224609375,-0.5629557371139526,-0.13509656488895416,-0.04370300471782684
1749220599975721200,3.77572119140625,-0.6158820986747742,-0.12741175293922424,-0.22255024313926697
1749220599985712400,3.78571240234375,-0.46871528029441833,-0.3893227279186249,-0.3183577358722687
1749220599995702300,3.795702392578125,-0.32203981280326843,-0.23089154064655304,-0.19818125665187836
1749220600005693200,3.805693115234375,-0.3115488290786743,0.028738170862197876,-0.09632574021816254
1749220600015684000,3.81568408203125,-0.515408456325531,-0.9430423974990845,-0.15789268910884857
1749220600025675300,3.82567529296875,-0.6490150094032288,-0.6880897283554077,-0.05607738345861435
1749220600035665200,3.8356650390625,-0.6900473833084106,-0.34642770886421204,0.03567330911755562
1749220600045656300,3.84565625,-0.3791124224662781,-0.16546592116355896,0.020560402423143387
1749220600055647200,3.855647216796875,-0.12086543440818787,0.01575339585542679,-0.11849255859851837
1749220600065638100,3.86563818359375,-0.020720724016427994,0.315304696559906,-0.2873572111129761
1749220600075629300,3.87562939453125,0.0856107771396637,0.247389554977417,-0.3144015967845917
1749220600085619200,3.885619140625,0.010909905657172203,0.7349008917808533,-0.42409801483154297
1749220600095610000,3.895610107421875,-0.18280017375946045,0.7850181460380554,-0.3573589324951172
1749220600105601000,3.90560107421875,-0.37233150005340576,0.3222835063934326,-0.28384822607040405
1749220600115592200,3.91559228515625,-0.2989310324192047,0.40264731645584106,-0.36051878333091736
1749220600125582300,3.925582275390625,0.0783241018652916,0.07142997533082962,-0.2118249088525772
1749220600135573200,3.9355732421875,0.38649123907089233,-0.009983391501009464,-0.24131222069263458
1749220600145564200,3.945564208984375,0.3612098693847656,-0.08112068474292755,-0.3480740785598755
1749220600155555300,3.955555419921875,0.22809627652168274,-0.0338868610560894,-0.4836939573287964
1749220600165546200,3.965546142578125,0.09979183971881866,-0.22479476034641266,-0.43027496337890625
1749220600175536000,3.9755361328125,0.09559363126754761,-0.21824391186237335,-0.19414576888084412
1749220600185527000,3.985527099609375,0.2367752641439438,-0.08608561754226685,-0.0000798948312876746
1749220600195518200,3.995518310546875,0.31456220149993896,-0.06533506512641907,0.05017395317554474
1749220600205509000,4.005509033203125,0.3402920663356781,-0.09078556299209595,0.04065661504864693
1749220600215499300,4.015499267578125,0.2192966639995575,0.07887830585241318,0.07504255324602127
1749220600225490200,4.025490234375,0.12931591272354126,0.5053489208221436,-0.019154518842697144
1749220600235481300,4.0354814453125,0.003976366017013788,0.010890730656683445,-0.09633506089448929
1749220600245472300,4.04547216796875,-0.07996993511915207,-0.004299407359212637,-0.16911152005195618
1749220600255463200,4.055463134765625,-0.02418762817978859,0.0033547841012477875,-0.22408023476600647
1749220600265453000,4.065453125,0.04042891412973404,0.06590684503316879,-0.2750856280326843
1749220600275444200,4.0754443359375,0.10588648170232773,0.0907655879855156,-0.2684114873409271
1749220600285435100,4.08543505859375,0.10689875483512878,0.02700924687087536,-0.17314381897449493
1749220600295426000,4.095426025390625,0.07557305693626404,-0.13792777061462402,-0.05934162065386772
1749220600305416200,4.105416259765625,0.08107993751764297,-0.2988503575325012,0.002007490722462535
1749220600315407400,4.115407470703125,0.07656534761190414,0.0846903845667839,0.0524941012263298
1749220600325398300,4.125398193359375,0.027835093438625336,-0.11059841513633728,0.06440722197294235
1749220600335389200,4.13538916015625,-0.03370549902319908,0.18625801801681519,0.08786007761955261
1749220600345380000,4.145380126953125,-0.053760964423418045,0.1948041021823883,0.011873969808220863
1749220600355370200,4.155370361328125,-0.09670577198266983,0.03675375506281853,0.12099353224039078
1749220600365361200,4.165361083984375,-0.03659289702773094,0.09890580922365189,0.003876497270539403
1749220600375352000,4.17535205078125,-0.001445830101147294,-0.36574602127075195,0.20989571511745453
1749220600385343000,4.185343017578125,0.10621698200702667,0.05150526762008667,0.1995605081319809
1749220600395334100,4.195334228515625,0.13989771902561188,-0.1717672348022461,0.08031933754682541
1749220600405324300,4.20532421875,0.18052875995635986,-0.30241259932518005,0.07684551179409027
1749220600415315200,4.215315185546875,0.1440138965845108,-0.48506149649620056,0.09385219216346741
1749220600425306000,4.22530615234375,0.10612750053405762,-0.57547527551651,0.03965393453836441
1749220600435297300,4.23529736328125,0.16333459317684174,-0.709138810634613,-0.022837406024336815
1749220600445287200,4.245287109375,0.16258332133293152,-0.6799673438072205,-0.14718864858150482
1749220600455278000,4.255278076171875,0.19923214614391327,-0.707494854927063,-0.1930922269821167
1749220600465269000,4.26526904296875,0.1659727245569229,-0.5458415150642395,-0.055934637784957886
1749220600475260200,4.27526025390625,0.16123177111148834,-0.7813624143600464,0.1005319356918335
1749220600485251000,4.2852509765625,0.08716286718845367,-0.759131133556366,0.11159870028495789
1749220600495241200,4.2952412109375,0.10219454765319824,-0.6698465347290039,0.20161433517932892
1749220600505232100,4.305232177734375,0.12585407495498657,-0.5052746534347534,0.2538357377052307
1749220600515223300,4.315223388671875,0.1388620138168335,-0.34592118859291077,0.24349841475486755
1749220600525214200,4.325214111328125,0.07844367623329163,-0.18194130063056946,0.24402332305908203
1749220600535204000,4.3352041015625,0.016813334077596664,-0.11807204782962799,0.24738875031471252
1749220600545199400,4.345199462890625,-0.03472708910703659,-0.014426343142986298,0.1954837441444397
1749220600555190300,4.355190185546875,-0.07981733232736588,-0.0611610934138298,0.12455577403306961
1749220600565181200,4.36518115234375,-0.13424435257911682,0.07580368220806122,0.05246347561478615
1749220600575172000,4.375172119140625,-0.07889295369386673,-0.04409236088395119,0.015842612832784653
1749220600585162500,4.38516259765625,-0.1024259701371193,0.0857657715678215,0.09619071334600449
1749220600595153400,4.3951533203125,-0.015966715291142464,0.06631111353635788,0.09603758156299591
1749220600605144300,4.405144287109375,0.001576857641339302,0.1839434653520584,-0.021039238199591637
1749220600615135200,4.41513525390625,0.19046421349048615,-0.15179219841957092,-0.32815444469451904
1749220600625126400,4.42512646484375,0.2366895079612732,0.08312471210956573,-0.7960502505302429
1749220600635116300,4.4351162109375,0.29781463742256165,0.07480046898126602,-0.9684915542602539
1749220600645107200,4.445107177734375,0.24150237441062927,0.023927969858050346,-0.7492108345031738
1749220600655098000,4.45509814453125,0.1450463980436325,-0.028295554220676422,-0.32667532563209534
1749220600665089300,4.46508935546875,0.08523713052272797,-0.019528694450855255,0.1374012678861618
1749220600675079400,4.475079345703125,0.034978754818439484,0.028550151735544205,0.4021588861942291
1749220600685070300,4.4850703125,0.0758950337767601,0.01600506529211998,0.3580460250377655
1749220600695061200,4.495061279296875,0.03339444100856781,0.1452605277299881,0.34427136182785034
1749220600705052400,4.505052490234375,0.19901563227176666,-0.2865699827671051,0.34090885519981384
1749220600715043300,4.515043212890625,-0.011240936815738678,-0.005917277652770281,0.27378812432289124
1749220600725033200,4.525033203125,-0.014435664750635624,0.10466595739126205,-0.020721789449453354
1749220600735024000,4.535024169921875,-0.061099838465452194,-0.10143714398145676,-0.10278762876987457
1749220600745015300,4.545015380859375,-0.2506687045097351,-0.01242018397897482,-0.012626312673091888
1749220600755006200,4.555006103515625,-0.37606924772262573,-0.14889121055603027,-0.09579337388277054
1749220600764996400,4.564996337890625,-0.5047939419746399,-0.2382865995168686,-0.17918066680431366
1749220600774987300,4.5749873046875,-0.535497784614563,-0.18565614521503448,-0.10836535692214966
1749220600784978400,4.584978515625,-0.5079761147499084,-0.10499938577413559,-0.03567597270011902
1749220600794969300,4.59496923828125,-0.4829099178314209,0.14896072447299957,-0.047868456691503525
1749220600804960300,4.604960205078125,-0.30835065245628357,0.13806545734405518,0.025239575654268265
1749220600814950100,4.6149501953125,-0.13628514111042023,0.13590644299983978,0.12152483314275742
1749220600824941300,4.62494140625,-0.07308859378099442,0.15723329782485962,0.08404909819364548
1749220600834932200,4.63493212890625,-0.028698755428195,0.17332598567008972,0.09331769496202469
1749220600844923100,4.644923095703125,0.0182863287627697,0.2893247604370117,0.05655781924724579
1749220600854914300,4.654914306640625,0.022818762809038162,0.31866133213043213,-0.0046663908287882805
1749220600864904400,4.664904541015625,-0.040885645896196365,0.2820037305355072,0.04300951957702637
1749220600874895400,4.674895263671875,-0.06965071707963943,0.11393243074417114,-0.03911064937710762
1749220600884886300,4.68488623046875,-0.1315566897392273,0.1606285572052002,-0.15245744585990906
1749220600894877200,4.694877197265625,0.007051517721265554,-0.1447124481201172,-0.27761244773864746
1749220600904867300,4.704867431640625,-0.1124328002333641,0.38792163133621216,-0.30116942524909973
1749220600914858200,4.714858154296875,-0.07367315888404846,0.3092486560344696,-0.08632130920886993
1749220600924849200,4.72484912109375,-0.08434443920850754,0.2235390841960907,0.04352457448840141
1749220600934840300,4.73484033203125,-0.08279767632484436,0.07771982997655869,0.09102045744657516
1749220600944831500,4.74483154296875,-0.08086022734642029,0.08440516144037247,0.042999397963285446
1749220600954821400,4.7548212890625,0.08396653831005096,-0.2230043262243271,0.011723501607775688
1749220600964812300,4.764812255859375,-0.10580792278051376,0.21648968756198883,-0.1951119750738144
1749220600974803200,4.77480322265625,-0.08630798757076263,0.22640277445316315,-0.23923522233963013
1749220600984794400,4.78479443359375,-0.1045442521572113,0.3626290559768677,-0.22260324656963348
1749220600994785300,4.794785400390625,-0.06270093470811844,0.4106977880001068,0.02961275354027748
1749220601004775200,4.804775146484375,-0.020252540707588196,0.36234569549560547,0.18135301768779755
1749220601014766300,4.814766357421875,-0.011781025677919388,0.29959869384765625,0.06048731133341789
1749220601024757500,4.824757568359375,-0.03874180465936661,0.257402241230011,-0.1472589522600174
1749220601034748400,4.83474853515625,-0.08018910884857178,0.3185039460659027,-0.23231233656406403
1749220601044738300,4.84473828125,-0.03508421778678894,0.3196570873260498,-0.13859036564826965
1749220601054729200,4.854729248046875,-0.08066342025995255,0.21693338453769684,-0.07831664383411407
1749220601064720400,4.864720458984375,-0.0885157510638237,0.3196120858192444,-0.0819566547870636
1749220601074711300,4.874711181640625,-0.09126120060682297,0.3664624094963074,-0.04531581699848175
1749220601084702200,4.8847021484375,-0.06323409825563431,0.3576388359069824,0.0004111920716241002
1749220601094692400,4.8946923828125,-0.025834793224930763,0.29051464796066284,0.10280520468950272
1749220601104683500,4.90468359375,0.0553082637488842,0.24113404750823975,0.25049611926078796
1749220601114674400,4.91467431640625,0.06192302331328392,0.14721634984016418,0.2021901160478592
1749220601124665300,4.924665283203125,0.06336671859025955,0.1206744834780693,0.08814343810081482
1749220601134656300,4.93465625,0.05089060962200165,0.017498832195997238,0.049260225147008896
1749220601144646400,4.944646484375,0.041788458824157715,-0.09617500007152557,0.09183671325445175
1749220601154637300,4.95463720703125,0.050460509955883026,-0.0619877353310585,0.11344826221466064
1749220601164628200,4.964628173828125,0.040944769978523254,0.033799510449171066,0.10050583630800247
1749220601174619100,4.974619140625,0.03333105891942978,0.1935015618801117,0.0698200911283493
1749220601184609500,4.984609619140625,0.055211856961250305,0.2741103768348694,0.09655290096998215
1749220601194600400,4.994600341796875,0.04318581894040108,0.2504977285861969,0.12487509101629257
1749220601204591400,5.00459130859375,0.06920810043811798,0.22442804276943207,0.13709260523319244
1749220601214582300,5.014582275390625,0.046725958585739136,0.19872747361660004,0.08950458467006683
1749220601224573400,5.024573486328125,0.039394278079271317,0.21260733902454376,0.04074662923812866
1749220601234563300,5.034563232421875,-0.014830611646175385,0.15751905739307404,-0.03323731571435928
1749220601244554200,5.04455419921875,-0.05186080187559128,0.1267576813697815,-0.062064703553915024
1749220601254545200,5.054545166015625,-0.06811753660440445,0.07844633609056473,-0.06784749031066895
1749220601264536300,5.064536376953125,-0.08382432907819748,0.0794583410024643,-0.0667145848274231
1749220601274527200,5.07452734375,0.005284510552883148,0.10128560662269592,-0.10065817087888718
1749220601284517400,5.084517333984375,0.07777389138936996,0.21430723369121552,-0.14111238718032837
1749220601294508300,5.09450830078125,0.11534390598535538,0.004069043789058924,-0.10786254703998566
1749220601304499500,5.10449951171875,0.10728491097688675,-0.17002339661121368,-0.07900107651948929
1749220601314490400,5.114490478515625,0.10075590759515762,-0.32978135347366333,-0.05186106637120247
1749220601324480300,5.124480224609375,0.10683324187994003,-0.46916696429252625,-0.006237922236323357
1749220601334471200,5.13447119140625,0.08489811420440674,-0.588036060333252,0.03434385731816292
1749220601344462300,5.14446240234375,0.04656030982732773,-0.5435788631439209,0.024055002257227898
1749220601354453200,5.154453369140625,0.041248638182878494,-0.4974183142185211,0.0027654264122247696
1749220601364444200,5.164444091796875,0.043166644871234894,-0.34466123580932617,-0.01907861977815628
1749220601374434300,5.174434326171875,0.039383359253406525,-0.11559184640645981,-0.037161216139793396
1749220601384425500,5.184425537109375,0.06867893040180206,-0.17535291612148285,-0.04723888635635376
1749220601394416400,5.19441650390625,0.0463872067630291,-0.23334909975528717,-0.04495123028755188
1749220601404407300,5.2044072265625,0.10463293641805649,0.011857991106808186,-0.07112663984298706
1749220601414398200,5.214398193359375,0.24626995623111725,0.23766981065273285,-0.06330759823322296
1749220601424388400,5.224388427734375,0.09823841601610184,-0.5238126516342163,0.015207981690764427
1749220601434379300,5.234379150390625,0.007567372173070908,-0.42195817828178406,-0.11704912781715393
1749220601444370200,5.2443701171875,0.03881344199180603,-0.3768301010131836,-0.13415567576885223
1749220601454361000,5.254361083984375,0.020602745935320854,-0.21598902344703674,-0.1212068498134613
1749220601464352300,5.264352294921875,0.03513748198747635,-0.14899933338165283,-0.07823115587234497
1749220601474342400,5.27434228515625,0.04651130735874176,-0.10255619883537292,-0.07889295369386673
1749220601484333300,5.284333251953125,0.08598015457391739,-0.03344690799713135,-0.07454001158475876
1749220601494324200,5.29432421875,0.048225052654743195,-0.05043094977736473,-0.0539252832531929
1749220601504315400,5.3043154296875,0.051300205290317535,-0.0728776678442955,-0.03871037811040878
1749220601514305300,5.31430517578125,0.06250012665987015,-0.1027815043926239,-0.04066194221377373
1749220601524296200,5.324296142578125,0.06681285053491592,-0.14281867444515228,-0.035718318074941635
1749220601534287000,5.334287109375,0.07959868758916855,-0.13551148772239685,-0.0394214428961277
1749220601544278300,5.3442783203125,0.0978541225194931,-0.09717608243227005,-0.04581382870674133
1749220601554266600,5.3542666015625,0.1035652756690979,-0.08189699798822403,-0.03470977768301964
1749220601564257000,5.364257080078125,0.08488906174898148,-0.06660939007997513,-0.025011876598000526
1749220601574248000,5.374248046875,0.07671155780553818,-0.0447821170091629,-0.00863210391253233
1749220601584238800,5.38423876953125,0.07534854859113693,-0.11149270832538605,0.0033574472181499004
1749220601594229800,5.394229736328125,0.4204103350639343,-0.4900591969490051,-0.14644137024879456
1749220601604221000,5.404220947265625,0.11742196977138519,-0.7221068143844604,0.2294771373271942
1749220601614210800,5.4142109375,0.1691887527704239,-0.5353488922119141,0.08370181918144226
1749220601624201700,5.42420166015625,0.20661762356758118,-0.31689831614494324,-0.08694501966238022
1749220601634192600,5.434192626953125,0.09283673018217087,-0.2590147852897644,-0.041367147117853165
1749220601644183800,5.444183837890625,0.020961208269000053,-0.22395692765712738,0.06439017504453659
1749220601654174700,5.4541748046875,0.0408204011619091,-0.1143295019865036,0.029402097687125206
1749220601664164900,5.464164794921875,0.04531475156545639,0.01564447395503521,0.008212389424443245
1749220601674155800,5.47415576171875,0.019945211708545685,0.017491642385721207,0.03544001653790474
1749220601684147000,5.48414697265625,-0.005307946354150772,-0.0031063109636306763,0.03830903768539429
1749220601694137900,5.494137939453125,0.0032858080230653286,0.008197476156055927,0.029327262192964554
1749220601704128800,5.504128662109375,0.019641345366835594,-0.004335093777626753,0.03465384989976883
1749220601714118700,5.51411865234375,0.011326157487928867,-0.02761405147612095,0.0434393510222435
1749220601724109800,5.52410986328125,0.005314338020980358,-0.021329523995518684,0.04921894520521164
1749220601734100700,5.534100830078125,0.004954544827342033,0.0062397862784564495,0.05002322047948837
1749220601744091600,5.544091552734375,-0.00036139096482656896,0.015974706038832664,0.04939205199480057
1749220601754081800,5.554081787109375,-0.007576426956802607,0.013922473415732384,0.052689045667648315
1749220601764073000,5.564072998046875,-0.012130964547395706,0.023998010903596878,0.059792760759592056
1749220601774063900,5.57406396484375,-0.01786261983215809,0.03875298798084259,0.05872722715139389
1749220601784054800,5.5840546875,-0.02305605076253414,0.050867706537246704,0.05992911383509636
1749220601794045700,5.594045654296875,-0.029804501682519913,0.05862389877438545,0.05727607384324074
1749220601804035800,5.604035888671875,-0.028509939089417458,0.06317736953496933,0.05813733860850334
1749220601814026800,5.61402685546875,-0.02786199189722538,0.06859663873910904,0.053155362606048584
1749220601824017700,5.624017578125,-0.028959745541214943,0.06732018291950226,0.053948454558849335
1749220601834008600,5.634008544921875,-0.026572754606604576,0.05668458342552185,0.052800096571445465
1749220601843999700,5.643999755859375,-0.02455434575676918,0.04807884618639946,0.053222209215164185
1749220601853990000,5.653989990234375,-0.02280331589281559,0.04590597376227379,0.05137503892183304
1749220601863980800,5.663980712890625,-0.02612055093050003,0.04012185335159302,0.04506254941225052
1749220601873971700,5.6739716796875,-0.028800223022699356,0.047814395278692245,0.04685938358306885
1749220601883963000,5.683962890625,-0.036506880074739456,0.06836467981338501,0.05000431090593338
1749220601893953800,5.693953857421875,-0.04445827752351761,0.1021822914481163,0.05104986950755119
1749220601903943700,5.703943603515625,-0.06210651248693466,0.13361585140228271,0.055393751710653305
1749220601913934600,5.7139345703125,-0.07912065088748932,0.17224819958209991,0.06843657791614532
1749220601923925800,5.72392578125,-0.09300104528665543,0.202165886759758,0.0757826417684555
1749220601933917000,5.7339169921875,-0.11155422776937485,0.22012384235858917,0.08234653621912003
1749220601943906800,5.74390673828125,-0.1279028356075287,0.22287942469120026,0.09503170847892761
1749220601953897700,5.753897705078125,-0.14697399735450745,0.22200830280780792,0.10615226626396179
1749220601963889000,5.763888916015625,-0.15485961735248566,0.2184780091047287,0.1096106469631195
1749220601973879800,5.7738798828125,-0.16074547171592712,0.20431426167488098,0.1254572570323944
1749220601983870700,5.78387060546875,-0.1580468863248825,0.18243718147277832,0.1401429921388626
1749220601993860600,5.793860595703125,-0.15776406228542328,0.16435672342777252,0.14553269743919373
1749220602003851800,5.803851806640625,-0.1489950716495514,0.15024888515472412,0.14879773557186127
1749220602013843000,5.813843017578125,-0.1471516340970993,0.1393110156059265,0.14930133521556854
1749220602023833900,5.823833740234375,-0.13986974954605103,0.13454130291938782,0.14284849166870117
1749220602033825000,5.833824951171875,-0.12810124456882477,0.12177783250808716,0.1391935795545578
1749220602043815000,5.84381494140625,-0.11270151287317276,0.10738451033830643,0.13706810772418976
1749220602053805800,5.853805908203125,-0.09848635643720627,0.09012536704540253,0.12370516359806061
1749220602063796700,5.863796630859375,-0.0835348442196846,0.06936602294445038,0.11456013470888138
1749220602073787600,5.87378759765625,-0.06675080209970474,0.05196945741772652,0.10594187676906586
1749220602083778800,5.88377880859375,-0.05451570451259613,0.03226606175303459,0.09851805120706558
1749220602093769000,5.89376904296875,-0.04073145240545273,0.018193384632468224,0.09518350660800934
1749220602103760000,5.903759765625,-0.03067961521446705,0.011343467980623245,0.09487218409776688
1749220602113750800,5.913750732421875,-0.020836306735873222,0.008672583848237991,0.09770578891038895
1749220602123742000,5.923741943359375,-0.014946458861231804,0.009335977025330067,0.09600269794464111
1749220602133732900,5.93373291015625,-0.015546469017863274,0.011601794511079788,0.09689965099096298
1749220602143722800,5.94372265625,-0.015185610391199589,0.014575480483472347,0.09233871847391129
1749220602153713700,5.953713623046875,-0.01098527293652296,0.020020047202706337,0.09229344129562378
1749220602163704800,5.963704833984375,-0.013405553996562958,0.024931715801358223,0.08889152109622955
1749220602173695700,5.97369580078125,-0.015797073021531105,0.022821160033345222,0.08140431344509125
1749220602183686700,5.983686767578125,-0.022899189963936806,0.019834158942103386,0.08402352780103683
1749220602193676800,5.9936767578125,-0.026681678369641304,0.014358699321746826,0.08532022684812546
1749220602203668000,6.00366796875,-0.02935948595404625,0.00395825644955039,0.08314788341522217
1749220602213659000,6.013658935546875,-0.029889455065131187,-0.01324070431292057,0.08611597865819931
1749220602223649800,6.02364990234375,-0.030365362763404846,-0.03248656913638115,0.08652317523956299
1749220602233641000,6.033640869140625,-0.03230920433998108,-0.04923971742391586,0.08691306412220001
1749220602243630800,6.043630859375,-0.031389880925416946,-0.06371372938156128,0.08633195608854294
1749220602253621800,6.053621826171875,-0.032521724700927734,-0.07705483585596085,0.08757059276103973
1749220602263612700,6.06361279296875,-0.037764690816402435,-0.07865885645151138,0.09290677309036255
1749220602273603800,6.073603759765625,-0.03917110338807106,-0.07831557840108871,0.09744027256965637
1749220602283594000,6.083593994140625,-0.04363829270005226,-0.07076391577720642,0.10470404475927353
1749220602293585000,6.0935849609375,-0.04549451544880867,-0.054910387843847275,0.10961038619279861
1749220602303575800,6.103575927734375,-0.04604658856987953,-0.04271017760038376,0.11502911895513535
1749220602313566700,6.113566650390625,-0.05086424574255943,-0.030437534675002098,0.12336960434913635
1749220602323558000,6.123557861328125,-0.05211007222533226,-0.021445371210575104,0.1301036775112152
1749220602333547800,6.1335478515625,-0.04529504477977753,-0.007937285117805004,0.13795040547847748
1749220602343538700,6.14353857421875,-0.047328367829322815,-0.00446878420189023,0.1387680023908615
1749220602353529600,6.153529541015625,-0.04703941568732262,-0.0017707358347252011,0.14365756511688232
1749220602363520800,6.163520751953125,-0.04499543830752373,-0.00012490226072259247,0.1443326771259308
1749220602373511700,6.17351171875,-0.044866807758808136,0.006134857889264822,0.1464030146598816
1749220602383501800,6.183501708984375,-0.04374321922659874,0.009531453251838684,0.14913435280323029
1749220602393492700,6.19349267578125,-0.04343908652663231,0.021677331998944283,0.1506664752960205
1749220602403484000,6.20348388671875,-0.04786179959774017,0.029447903856635094,0.15082520246505737
1749220602413474800,6.213474853515625,-0.0510844886302948,0.04213280603289604,0.14951838552951813
1749220602423465700,6.2234658203125,-0.06281518191099167,0.05824173614382744,0.14800703525543213
1749220602433455600,6.23345556640625,-0.06317178159952164,0.06239679828286171,0.1506907045841217
1749220602443446800,6.24344677734375,-0.06691325455904007,0.05994056537747383,0.15484869480133057
1749220602453437700,6.253437744140625,-0.0687985047698021,0.0403764508664608,0.15899977087974548
1749220602463428600,6.2634287109375,-0.07101665437221527,0.015237542800605297,0.16546086966991425
1749220602473420000,6.273419921875,-0.07025392353534698,-0.005279184319078922,0.17288842797279358
1749220602483410000,6.283409912109375,-0.07849694043397903,-0.013043629936873913,0.1814395636320114
1749220602493400800,6.29340087890625,-0.09051898121833801,-0.004063184838742018,0.19350208342075348
1749220602503391700,6.303391845703125,-0.10199853777885437,0.01732705906033516,0.20278958976268768
1749220602513383000,6.3133828125,-0.11621075868606567,0.04693102464079857,0.20585888624191284
1749220602523373800,6.323373779296875,-0.13159051537513733,0.08099418133497238,0.21558155119419098
1749220602533363700,6.33336376953125,-0.14421230554580688,0.11278939992189407,0.22647841274738312
1749220602543354600,6.343354736328125,-0.1617974191904068,0.11793862283229828,0.2392812967300415
1749220602553345300,6.35334521484375,-0.16748939454555511,0.13161155581474304,0.2313392162322998
1749220602563336200,6.363336181640625,-0.18436823785305023,0.1507847160100937,0.25109586119651794
1749220602573327000,6.3733271484375,-0.20491479337215424,0.15836167335510254,0.28064364194869995
1749220602583317200,6.383317138671875,-0.2346777468919754,0.16934269666671753,0.30815383791923523
1749220602593308200,6.39330810546875,-0.273574560880661,0.18748360872268677,0.34145718812942505
1749220602603299000,6.403299072265625,-0.30584168434143066,0.2159261703491211,0.3730849027633667
1749220602613290000,6.4132900390625,-0.33551302552223206,0.2384280115365982,0.4061184823513031
1749220602623281200,6.42328125,-0.3588694632053375,0.2480606734752655,0.4418674111366272
1749220602633271300,6.433271240234375,-0.376541405916214,0.2638489603996277,0.47894367575645447
1749220602643262200,6.44326220703125,-0.3816016912460327,0.2652689516544342,0.5096573829650879
1749220602653253000,6.453253173828125,-0.38843002915382385,0.24984152615070343,0.5374639630317688
1749220602663244300,6.463244384765625,-0.3982885181903839,0.24686332046985626,0.5603775382041931
1749220602673235200,6.473235107421875,-0.4245707392692566,0.2254514992237091,0.6076164245605469
1749220602683225000,6.48322509765625,-0.4098042845726013,0.24958932399749756,0.5899463891983032
1749220602693216000,6.493216064453125,-0.41207730770111084,0.27764013409614563,0.6215950846672058
1749220602703207200,6.503207275390625,-0.42449456453323364,0.27499961853027344,0.6654139757156372
1749220602713198000,6.513197998046875,-0.428021639585495,0.30805209279060364,0.6978424787521362
1749220602723189000,6.52318896484375,-0.4191250801086426,0.35108426213264465,0.7247262597084045
1749220602733179100,6.53317919921875,-0.42723122239112854,0.48569026589393616,0.752105176448822
1749220602743170300,6.54317041015625,-0.43665722012519836,0.44697749614715576,0.782896101474762
1749220602753161200,6.5531611328125,-0.407431960105896,0.6140730381011963,0.7470118999481201
1749220602763152100,6.563152099609375,-0.3861580789089203,0.7780606150627136,0.7677909135818481
1749220602773143300,6.573143310546875,-0.3197324573993683,0.7426853179931641,0.7808135151863098
1749220602783133200,6.58313330078125,-0.24667157232761383,1.1879475116729736,0.8812757134437561
1749220602793124000,6.5931240234375,-0.2231193631887436,1.510324478149414,0.6447198987007141
1749220602803115000,6.603114990234375,-0.07433761656284332,1.7923673391342163,0.4496747553348541
1749220602813106200,6.613106201171875,0.07655443251132965,1.9874675273895264,0.3257128596305847
1749220602823097300,6.623097412109375,0.2226216197013855,2.0675904750823975,0.17072300612926483
1749220602833087200,6.633087158203125,0.36589330434799194,1.7210465669631958,-0.02382623590528965
1749220602843078100,6.643078125,0.45541173219680786,1.1412020921707153,-0.23523461818695068
1749220602853069000,6.653069091796875,0.597594141960144,0.5316652059555054,-0.4279201924800873
1749220602863060200,6.663060302734375,0.7681224942207336,-0.12375496327877045,-0.5834501385688782
1749220602873051100,6.673051025390625,0.8622689843177795,-0.6825447678565979,-0.7019684910774231
1749220602883041000,6.683041015625,0.9427750110626221,-1.0749982595443726,-0.8182128071784973
1749220602893032200,6.6930322265625,1.0054497718811035,-1.246658444404602,-0.8913488388061523
1749220602903023400,6.7030234375,1.0336745977401733,-1.2707664966583252,-0.9280176162719727
1749220602913014300,6.71301416015625,1.0503642559051514,-1.1829090118408203,-0.9355551600456238
1749220602923005200,6.723005126953125,1.0432757139205933,-0.981711208820343,-0.8975862264633179
1749220602932995000,6.7329951171875,0.9971668720245361,-0.6790274977684021,-0.8601794242858887
1749220602942986200,6.742986328125,0.9311694502830505,-0.3749461770057678,-0.8369279503822327
1749220602952977200,6.75297705078125,0.8284785151481628,-0.13900448381900787,-0.8107959032058716
1749220602962968000,6.762968017578125,0.7463487386703491,0.06735587120056152,-0.7652190923690796
1749220602972959200,6.772959228515625,0.7340830564498901,0.23695528507232666,-0.7376567125320435
1749220602982949400,6.782949462890625,0.7372000217437744,0.37908846139907837,-0.7419649362564087
1749220602992940300,6.792940185546875,0.7082620859146118,0.4659922122955322,-0.7661070227622986
1749220603002931200,6.80293115234375,0.6879101991653442,0.5050016641616821,-0.7862737774848938
1749220603012922400,6.81292236328125,0.6948919892311096,0.48842853307724,-0.8220914602279663
1749220603022913300,6.822913330078125,0.7058495283126831,0.38444167375564575,-0.8705649971961975
1749220603032903200,6.832903076171875,0.7223497033119202,0.23756009340286255,-0.8854560256004333
1749220603042894000,6.84289404296875,0.754565417766571,0.09129875153303146,-0.8936594128608704
1749220603052885200,6.85288525390625,0.7832298278808594,-0.016918262466788292,-0.8882014751434326
1749220603062876200,6.862876220703125,0.8126894235610962,-0.14962545037269592,-0.8701375722885132
1749220603072867000,6.8728671875,0.8357428312301636,-0.29097670316696167,-0.8057902455329895
1749220603082857200,6.882857177734375,0.8677340149879456,-0.38520148396492004,-0.7161934971809387
1749220603092848000,6.89284814453125,0.8917954564094543,-0.4443207383155823,-0.6483473777770996
1749220603102839300,6.90283935546875,0.8593027591705322,-0.5112310647964478,-0.5575380921363831
1749220603112830200,6.912830322265625,0.792977511882782,-0.5219262838363647,-0.4239203929901123
1749220603122820000,6.922820068359375,0.7098253965377808,-0.47345757484436035,-0.2739407420158386
1749220603132811000,6.93281103515625,0.5875841379165649,-0.35891449451446533,-0.10160385817289352
1749220603142802200,6.94280224609375,0.4451790750026703,-0.19871123135089874,0.06449589878320694
1749220603152793000,6.95279296875,0.29907140135765076,-0.05366189777851105,0.2154260277748108
1749220603162784000,6.962783935546875,0.15959471464157104,0.05495539307594299,0.35362571477890015
1749220603172775200,6.972775146484375,0.05319211632013321,0.08757911622524261,0.5032240152359009
1749220603182765300,6.982765380859375,-0.035161182284355164,0.05110020190477371,0.6540430784225464
1749220603192756200,6.992756103515625,-0.11736977100372314,-0.02792883664369583,0.8055763840675354
1749220603202747100,7.0027470703125,-0.1932315081357956,-0.13118970394134521,0.9505248069763184
1749220603212738300,7.01273828125,-0.2523273229598999,-0.26853957772254944,1.028401494026184
1749220603222729200,7.022729248046875,-0.28087136149406433,-0.468143492937088,1.077268123626709
1749220603232719000,7.032718994140625,-0.25151026248931885,-0.7655940651893616,1.066314458847046
1749220603242710000,7.0427099609375,-0.1969948261976242,-1.151311993598938,0.9541328549385071
1749220603252701200,7.052701171875,0.05397721379995346,-1.7393465042114258,0.9102716445922852
1749220603262692000,7.062692138671875,-0.43392106890678406,-0.5516647696495056,1.7018872499465942
1749220603272683300,7.072683349609375,-1.3642425537109375,0.25070518255233765,1.8293548822402954
1749220603282673200,7.082673095703125,-1.4170863628387451,0.695540726184845,1.754976511001587
1749220603292664300,7.092664306640625,-1.0746885538101196,1.1543018817901611,2.1534266471862793
1749220603302655200,7.1026552734375,-0.8921323418617249,1.1859852075576782,1.874064326286316
1749220603312646100,7.112646240234375,-0.9000840187072754,0.8350496292114258,1.3434585332870483
1749220603322637000,7.122636962890625,-0.8868680596351624,0.35401907563209534,1.4040653705596924
1749220603332627200,7.132627197265625,-0.5089823007583618,0.06577182561159134,1.554572582244873
1749220603342618000,7.1426181640625,-0.11516121029853821,-0.6324898600578308,1.299118161201477
1749220603352609300,7.152609375,0.04272589087486267,-1.1014983654022217,0.851105272769928
1749220603362600200,7.16260009765625,0.24795760214328766,-1.5947527885437012,0.8677481412887573
1749220603372591400,7.17259130859375,0.4631846845149994,-1.4702409505844116,0.8054144978523254
1749220603382581200,7.182581298828125,0.5362746119499207,-0.8933456540107727,0.6473356485366821
1749220603392572200,7.192572265625,0.456817090511322,-0.3599754869937897,0.5619352459907532
1749220603402563000,7.20256298828125,0.2982844114303589,-0.15366731584072113,0.5903556942939758
1749220603412554200,7.21255419921875,0.19686539471149445,-0.08584326505661011,0.4789831042289734
1749220603422545200,7.222545166015625,0.19094757735729218,-0.0830589309334755,0.2788201868534088
1749220603432535300,7.232535400390625,0.17466793954372406,-0.2345597743988037,0.1328515261411667
1749220603442526200,7.242526123046875,0.1037205383181572,-0.46471041440963745,0.035181690007448196
1749220603452517400,7.252517333984375,-0.0022101574577391148,-0.4875560700893402,-0.025365544483065605
1749220603462508300,7.26250830078125,-0.06388018280267715,-0.2347049117088318,-0.02208665944635868
1749220603472499200,7.272499267578125,-0.07277487218379974,0.08335427939891815,0.04572860524058342
1749220603482489000,7.282489013671875,-0.06209905818104744,0.22920788824558258,0.09928690642118454
1749220603492480300,7.292480224609375,-0.025118403136730194,0.20424075424671173,0.12182923406362534
1749220603502471200,7.30247119140625,0.03299523517489433,0.03278138116002083,0.12951645255088806
1749220603512462000,7.312462158203125,0.09803654998540878,-0.21717599034309387,0.1421334445476532
1749220603522453000,7.322452880859375,0.1290983259677887,-0.42421332001686096,0.17773590981960297
1749220603532443400,7.332443359375,0.1273752599954605,-0.5020753741264343,0.2117956131696701
1749220603542434300,7.342434326171875,0.08633914589881897,-0.35965511202812195,0.2674303650856018
1749220603552425200,7.35242529296875,-0.004656004719436169,-0.13736265897750854,0.3082726001739502
1749220603562416000,7.362416015625,-0.09914975613355637,0.04223879799246788,0.3639625012874603
1749220603572407000,7.372406982421875,-0.15675845742225647,0.11848536878824234,0.40971294045448303
1749220603582397000,7.38239697265625,-0.14409619569778442,0.04632754996418953,0.45803865790367126
1749220603592388000,7.39238818359375,-0.09685970097780228,-0.06849570572376251,0.49236494302749634
1749220603602379000,7.40237890625,-0.07131359726190567,-0.1736101359128952,0.48919951915740967
1749220603612370000,7.412369873046875,-0.07345344126224518,-0.2451690137386322,0.47565069794654846
1749220603622360800,7.42236083984375,-0.09082391113042831,-0.2397441565990448,0.47145166993141174
1749220603632351200,7.432351318359375,-0.09531533718109131,-0.1448083221912384,0.47205621004104614
1749220603642342100,7.442342041015625,-0.10237403959035873,-0.06524744629859924,0.4576767385005951
1749220603652333000,7.4523330078125,-0.14024658501148224,-0.05447735637426376,0.42571136355400085
1749220603662324000,7.462323974609375,-0.1589696705341339,-0.09890048205852509,0.4121553301811218
1749220603672315100,7.472315185546875,-0.14376889169216156,-0.15147261321544647,0.4064311385154724
1749220603682305000,7.482304931640625,-0.12118794023990631,-0.21209441125392914,0.39775773882865906
1749220603692296000,7.4922958984375,-0.11151774227619171,-0.2787783741950989,0.4017719328403473
1749220603702286800,7.502286865234375,-0.11147486418485641,-0.2943011224269867,0.42493849992752075
1749220603712278000,7.512278076171875,-0.14288870990276337,-0.2206713855266571,0.4615660309791565
1749220603722269200,7.522269287109375,-0.23260155320167542,-0.058942943811416626,0.5151781439781189
1749220603732260000,7.532260009765625,-0.3640996515750885,0.12201005965471268,0.6081386804580688
1749220603742250000,7.54225,-0.512404203414917,0.2937384247779846,0.7235789895057678
1749220603752241200,7.5522412109375,-0.6772317290306091,0.38805294036865234,0.8687465786933899
1749220603762232000,7.562232177734375,-0.8363401889801025,0.3850129246711731,1.0317347049713135
1749220603772223000,7.572222900390625,-0.9455190896987915,0.43348777294158936,1.1826480627059937
1749220603782214100,7.582214111328125,-0.9668265581130981,0.46761777997016907,1.3275789022445679
1749220603792204000,7.5922041015625,-0.968271017074585,0.43127548694610596,1.412979245185852
1749220603802195200,7.6021953125,-0.9844702482223511,0.3427871763706207,1.4293336868286133
1749220603812186000,7.61218603515625,-0.970432698726654,0.2983914911746979,1.4077041149139404
1749220603822177300,7.62217724609375,-0.8935922980308533,0.25513190031051636,1.3255075216293335
1749220603832168200,7.632168212890625,-0.7930121421813965,0.24653707444667816,1.2130744457244873
1749220603842158000,7.642157958984375,-0.6772045493125916,0.24126587808132172,1.0493097305297852
1749220603852149000,7.65214892578125,-0.5575974583625793,0.14414678514003754,0.8362464308738708
1749220603862140000,7.662139892578125,-0.4384135603904724,0.02400466799736023,0.6655479073524475
1749220603872131000,7.672131103515625,-0.3142945468425751,-0.07365477830171585,0.5451014041900635
1749220603882122000,7.6821220703125,-0.19972988963127136,-0.11998632550239563,0.4489881694316864
1749220603892112100,7.692112060546875,-0.1041860580444336,-0.14429938793182373,0.33416786789894104
1749220603902103000,7.70210302734375,-0.0500144325196743,-0.18831904232501984,0.21408459544181824
1749220603912094200,7.71209423828125,-0.026077406480908394,-0.213914155960083,0.1411384791135788
1749220603922085000,7.722085205078125,0.009760218672454357,-0.24777331948280334,0.08888886123895645
1749220603932076000,7.732075927734375,0.04411765933036804,-0.3021036684513092,0.06556542962789536
1749220603942066000,7.74206591796875,0.07083049416542053,-0.3930061459541321,0.07006777077913284
1749220603952057000,7.75205712890625,0.08400089293718338,-0.4976675808429718,0.0665966048836708
1749220603962048000,7.762048095703125,0.08530984073877335,-0.5433093309402466,0.08065436780452728
1749220603972039000,7.772038818359375,0.07192292809486389,-0.47731277346611023,0.11769760400056839
1749220603982030000,7.782030029296875,0.04026033729314804,-0.3087807297706604,0.13370080292224884
1749220603992021000,7.79202099609375,-0.02587740309536457,-0.08131696283817291,0.13579218089580536
1749220604002011100,7.80201123046875,-0.10946417599916458,0.14892156422138214,0.13995736837387085
1749220604012002000,7.812001953125,-0.1726149171590805,0.35681459307670593,0.16647127270698547
1749220604021993200,7.8219931640625,-0.1908130943775177,0.5296210050582886,0.19423551857471466
1749220604031984000,7.831984130859375,-0.17171210050582886,0.638005793094635,0.21189174056053162
1749220604041975000,7.84197509765625,-0.1581619381904602,0.6559211015701294,0.19505152106285095
1749220604051965000,7.85196484375,-0.14058800041675568,0.5456140637397766,0.18706202507019043
1749220604061956000,7.8619560546875,-0.08745528012514114,0.3334490656852722,0.1730026751756668
1749220604071947000,7.871947021484375,0.011285677552223206,0.08062133938074112,0.1650206446647644
1749220604081938000,7.88193798828125,0.10700075328350067,-0.16144348680973053,0.1584000289440155
1749220604091928800,7.8919287109375,0.16734957695007324,-0.35020995140075684,0.16113722324371338
1749220604101919000,7.9019189453125,0.18536213040351868,-0.4554045498371124,0.15908712148666382
1749220604111910100,7.91191015625,0.1808217167854309,-0.46444302797317505,0.15735580027103424
1749220604121901000,7.921901123046875,0.16340650618076324,-0.4221091568470001,0.1450653076171875
1749220604131892000,7.93189208984375,0.14176085591316223,-0.3528488576412201,0.14316993951797485
1749220604141883100,7.941883056640625,0.11765366047620773,-0.27980074286460876,0.1347367763519287
1749220604151873000,7.951873046875,0.08405788242816925,-0.19824731349945068,0.12397067993879318
1749220604161864000,7.961864013671875,0.05735010653734207,-0.1228012889623642,0.10872940719127655
1749220604171854800,7.971854736328125,0.02907452918589115,-0.05054493248462677,0.09690151363611221
1749220604181846000,7.981845947265625,-0.006327670533210039,-0.003308178624138236,0.0820048525929451
1749220604191837200,7.991837158203125,-0.03092888742685318,0.03158082813024521,0.07037882506847382
1749220604201827000,8.0018271484375,-0.048058073967695236,0.0662357434630394,0.06151502579450607
1749220604211818000,8.01181787109375,-0.059788499027490616,0.09909116476774216,0.057608965784311295
1749220604221809200,8.02180908203125,-0.06922993808984756,0.1262655258178711,0.04862133041024208
1749220604231800000,8.031800048828124,-0.08391354233026505,0.13838237524032593,0.036671992391347885
1749220604241791000,8.041791015625,-0.08794450014829636,0.1311015635728836,0.026314694434404373
1749220604251782000,8.051781982421875,-0.08247703313827515,0.11940842121839523,0.01133707631379366
1749220604261772000,8.06177197265625,-0.06885789334774017,0.11486373841762543,0.007388407830148935
1749220604271763200,8.07176318359375,-0.05080752074718475,0.10390695929527283,0.004030694253742695
1749220604281754000,8.081754150390625,-0.04225717484951019,0.06649859994649887,-0.00013928332191426307
1749220604291745000,8.0917451171875,-0.03768399730324745,0.011085407808423042,0.003492203075438738
1749220604301736200,8.101736083984376,-0.01907595619559288,-0.030376814305782318,0.011653726920485497
1749220604311726000,8.11172607421875,-0.004481301177293062,-0.06148919463157654,0.017483385279774666
1749220604321717000,8.121717041015625,0.0012532835826277733,-0.06271291524171829,0.021279722452163696
1749220604331708000,8.1317080078125,-0.007680556736886501,-0.03681021183729172,0.03099173866212368
1749220604341699000,8.141698974609374,-0.028184499591588974,0.01564500667154789,0.0343683585524559
1749220604351690000,8.15168994140625,-0.05107623338699341,0.06453478336334229,0.03991732373833656
1749220604361680100,8.16168017578125,-0.0654546394944191,0.0962037667632103,0.049617886543273926
1749220604371671000,8.171671142578125,-0.07843861728906631,0.12192617356777191,0.06017785146832466
1749220604381662200,8.181662109375,-0.08768671005964279,0.1379200518131256,0.06252676248550415
1749220604391653000,8.191653076171875,-0.09674358367919922,0.1314709335565567,0.0604148730635643
1749220604401644000,8.20164404296875,-0.09669271856546402,0.11082851141691208,0.05580094829201698
1749220604411635200,8.21163525390625,-0.09024307876825333,0.0950532779097557,0.05116278678178787
1749220604421625000,8.221625,-0.07888975739479065,0.06480642408132553,0.03983423113822937
1749220604431616000,8.231615966796875,-0.06557101756334305,0.02839781902730465,0.031429827213287354
1749220604441607000,8.24160693359375,-0.05622332543134689,0.0016207997687160969,0.028714202344417572
1749220604451598000,8.25159814453125,-0.05625182017683983,-0.0032535837963223457,0.025769012048840523
1749220604461589000,8.261589111328124,-0.05794718861579895,0.021945778280496597,0.024014787748456
1749220604471579100,8.2715791015625,-0.06645332276821136,0.052323125302791595,0.024951422587037086
1749220604481570000,8.281570068359375,-0.07826497405767441,0.07928763329982758,0.027942951768636703
1749220604491561000,8.29156103515625,-0.0853591039776802,0.10132795572280884,0.033368874341249466
1749220604501552000,8.30155224609375,-0.08537082374095917,0.10744203627109528,0.037171870470047
1749220604511543000,8.31154296875,-0.07952838391065598,0.11022450774908066,0.04208140820264816
1749220604521533000,8.321532958984376,-0.08007778972387314,0.10085204243659973,0.04427319020032883
1749220604531523800,8.33152392578125,-0.07900400459766388,0.09150701016187668,0.04785194620490074
1749220604541515000,8.341514892578125,-0.07342495024204254,0.08865077048540115,0.04680425673723221
1749220604551509800,8.351509765625,-0.06736519187688828,0.08784649521112442,0.04481247812509537
1749220604561501000,8.3615009765625,-0.0662330836057663,0.08582542836666107,0.03957537189126015
1749220604571491000,8.371490966796875,-0.05422116070985794,0.0743328183889389,0.027720578014850616
1749220604581482000,8.38148193359375,-0.04160177335143089,0.061526212841272354,0.018848521634936333
1749220604591473000,8.391472900390625,-0.02480122074484825,0.034822963178157806,0.010556237772107124
1749220604601464000,8.401464111328124,-0.013515009544789791,0.0062645538710057735,-0.004511395003646612
1749220604611455000,8.411455078125,-0.0073657711036503315,-0.019043199717998505,-0.009564743377268314
1749220604621446000,8.42144580078125,0.0009603358921594918,-0.038894668221473694,-0.007169495802372694
1749220604631435800,8.431435791015625,0.009031045250594616,-0.055031027644872665,-0.008678176440298557
1749220604641427000,8.441427001953125,0.009426258504390717,-0.06774628907442093,-0.00580888707190752
1749220604651417900,8.45141796875,0.00941906776279211,-0.0668216422200203,-0.0006631271098740399
1749220604661409000,8.461408935546874,0.00443975580856204,-0.050393134355545044,0.007120760157704353
1749220604671400000,8.47139990234375,-0.0062184808775782585,-0.03416728973388672,0.011010839603841305
1749220604681390000,8.48139013671875,-0.016767261549830437,-0.019472766667604446,0.019524432718753815
1749220604691381000,8.491381103515625,-0.025306155905127525,-0.003658917034044862,0.029941920191049576
1749220604701372000,8.501371826171875,-0.0307464599609375,0.009311210364103317,0.029999177902936935
1749220604711362800,8.51136279296875,-0.03353479132056236,0.012027900665998459,0.028149612247943878
1749220604721354000,8.52135400390625,-0.03640834242105484,0.00042557314736768603,0.028920331969857216
1749220604731344000,8.53134375,-0.02792643941938877,0.004349208436906338,0.028324848040938377
1749220604741335000,8.5413349609375,-0.015864983201026917,0.010695787146687508,0.025292307138442993
1749220604751326000,8.551325927734375,-0.015858059749007225,0.01577097363770008,0.021088773384690285
1749220604761317000,8.561317138671875,-0.02087332308292389,0.011690477840602398,0.009876333177089691
1749220604771308000,8.57130810546875,-0.018193917348980904,0.010494984686374664,0.006981476675719023
1749220604781299000,8.581298828125,-0.010754376649856567,0.012236160226166248,0.006087453570216894
1749220604791288800,8.591288818359375,-0.007673099637031555,0.0015627428656443954,0.003212837502360344
1749220604801280000,8.601280029296875,-0.00860201008617878,-0.01738271862268448,0.005327387247234583
1749220604811271000,8.61127099609375,-0.005245628301054239,-0.015201323665678501,0.01444125734269619
1749220604821261800,8.62126171875,-0.005344165489077568,-0.0010604707058519125,0.0226158294826746
1749220604831252700,8.631252685546874,-0.016402941197156906,0.008924252353608608,0.02845960482954979
1749220604841243100,8.6412431640625,-0.025611087679862976,0.036917805671691895,0.044257741421461105
1749220604851234000,8.651234130859375,-0.035777702927589417,0.06938173621892929,0.05264589935541153
1749220604861225000,8.661224853515625,-0.03863980248570442,0.0861322209239006,0.0551639199256897
1749220604871215900,8.6712158203125,-0.039685893803834915,0.08512847870588303,0.05560147762298584
1749220604881207000,8.68120703125,-0.02750086598098278,0.07820718735456467,0.061168283224105835
1749220604891198000,8.691197998046874,-0.011924836784601212,0.058520302176475525,0.04933132976293564
1749220604901187800,8.701187744140626,0.0012628709664568305,0.012795424088835716,0.03160266578197479
1749220604911178800,8.7111787109375,0.022757509723305702,-0.053999584168195724,0.0016737966798245907
1749220604921170000,8.721169921875,0.05300676077604294,-0.10013538599014282,-0.02267388626933098
1749220604931160800,8.731160888671875,0.07748999446630478,-0.13191808760166168,-0.03561791405081749
1749220604941151700,8.74115185546875,0.082740418612957,-0.15409129858016968,-0.04959365352988243
1749220604951142000,8.751141845703126,0.07331948727369308,-0.15263135731220245,-0.0575873963534832
1749220604961133000,8.761133056640626,0.06130117550492287,-0.12071096897125244,-0.058989815413951874
1749220604971124000,8.7711240234375,0.04414802044630051,-0.06771247088909149,-0.04946688562631607
1749220604981115000,8.781114990234375,0.006739661563187838,-0.013483851216733456,-0.032157137989997864
1749220604991106000,8.79110595703125,-0.03134673833847046,0.04842505604028702,-0.014201040379703045
1749220605001096000,8.801095947265624,-0.0701386108994484,0.10530059039592743,0.004142280668020248
1749220605011086800,8.8110869140625,-0.10604813694953918,0.15716911852359772,0.03305515646934509
1749220605021077800,8.821077880859375,-0.13589338958263397,0.20830607414245605,0.06096907705068588
1749220605031069000,8.83106884765625,-0.16526831686496735,0.2490154206752777,0.08056355267763138
1749220605041060000,8.84106005859375,-0.1849440187215805,0.273540735244751,0.08791733533143997
1749220605051051000,8.851051025390625,-0.2004457414150238,0.28186312317848206,0.09727542102336884
1749220605061041000,8.861041015625,-0.2015131413936615,0.28105777502059937,0.10365475714206696
1749220605071032000,8.871031982421876,-0.1938706636428833,0.27473488450050354,0.10752885788679123
1749220605081023000,8.88102294921875,-0.1802605837583542,0.25832581520080566,0.10237351059913635
1749220605091014000,8.891013916015625,-0.16851231455802917,0.22628134489059448,0.09263326227664948
1749220605101004800,8.9010048828125,-0.15121029317378998,0.19014038145542145,0.08494924753904343
1749220605110994700,8.91099462890625,-0.1321290135383606,0.15096154808998108,0.07727374881505966
1749220605120986000,8.920986083984374,-0.11106553673744202,0.10990439355373383,0.07051464915275574
1749220605130977000,8.93097705078125,-0.09618725627660751,0.06955990195274353,0.06096881255507469
1749220605140968000,8.940968017578125,-0.0819057822227478,0.016265256330370903,0.05415138602256775
1749220605150959000,8.950958984375,-0.08149406313896179,-0.062064435333013535,0.06411107629537582
1749220605160949000,8.960948974609375,-0.056467268615961075,-0.20257627964019775,0.05239929258823395
1749220605170940000,8.97093994140625,0.013116068206727505,-0.3432503044605255,0.035114578902721405
1749220605180930800,8.980930908203124,0.0801616832613945,-0.4447422921657562,0.005272259935736656
1749220605190922000,8.990921875,0.10755815356969833,-0.5108504891395569,-0.02954404428601265
1749220605200913000,9.000912841796875,0.10054178535938263,-0.5307394862174988,-0.05666008219122887
1749220605210903800,9.01090380859375,0.08064611256122589,-0.464597225189209,-0.07936779409646988
1749220605220894000,9.02089404296875,0.04400420933961868,-0.3130609691143036,-0.08169406652450562
1749220605230885000,9.030885009765624,0.011856126599013805,-0.19810935854911804,-0.07872969657182693
1749220605240876000,9.0408759765625,-0.016378439962863922,-0.10668330639600754,-0.05621799826622009
1749220605250867000,9.050866943359376,-0.04933292791247368,-0.043532829731702805,-0.0232925396412611
1749220605260857900,9.06085791015625,-0.06729861348867416,-0.018729479983448982,-0.01366467960178852
1749220605270848000,9.070847900390625,-0.06675958633422852,-0.04550356790423393,0.01732146553695202
1749220605280839000,9.0808388671875,-0.04331072047352791,-0.13869689404964447,0.06548180431127548
1749220605290829800,9.090829833984374,0.03792288154363632,-0.24011991918087006,0.10812833160161972
1749220605300820700,9.10082080078125,0.08364003896713257,-0.2557116746902466,0.10377779603004456
1749220605310812000,9.11081201171875,0.058277156203985214,-0.19563661515712738,0.06656411290168762
1749220605320802800,9.120802734375,0.03375476598739624,-0.1458245813846588,0.06421493738889694
1749220605330793000,9.13079296875,0.036856818944215775,-0.16853681206703186,0.07840240001678467
1749220605340783900,9.140783935546875,0.06792286038398743,-0.28569406270980835,0.09190116077661514
1749220605350775000,9.150775146484374,0.10812859982252121,-0.4870727062225342,0.11180349439382553
1749220605360766000,9.160765869140626,0.12522129714488983,-0.6770338416099548,0.140316903591156
1749220605370756900,9.1707568359375,0.11576122045516968,-0.7773604989051819,0.18251840770244598
1749220605380746800,9.180746826171875,0.08253109455108643,-0.7723766565322876,0.23660480976104736
1749220605390738000,9.190738037109375,0.015164838172495365,-0.6737368702888489,0.3005600869655609
1749220605400728800,9.200728759765624,-0.07692407816648483,-0.5264403820037842,0.3793342709541321
1749220605410719700,9.2107197265625,-0.18441244959831238,-0.3816176652908325,0.46539485454559326
1749220605420711200,9.220711181640626,-0.28418058156967163,-0.26968181133270264,0.5579482316970825
1749220605430701000,9.230701171875,-0.375419944524765,-0.175456240773201,0.6443805694580078
1749220605440692000,9.24069189453125,-0.458538293838501,-0.11392790079116821,0.7457159757614136
1749220605450683000,9.250682861328125,-0.5493832230567932,-0.07595521956682205,0.8505403995513916
1749220605460674000,9.260674072265624,-0.6501750946044922,-0.04980697110295296,0.9449273347854614
1749220605470665000,9.2706650390625,-0.762334942817688,-0.009912019595503807,1.0348186492919922
1749220605480656000,9.28065576171875,-0.8916271328926086,0.026825489476323128,1.1585177183151245
1749220605490645800,9.290645751953125,-1.0087697505950928,0.03315049782395363,1.2942547798156738
1749220605500637000,9.300636962890625,-1.0974793434143066,-0.008982576429843903,1.4114367961883545
1749220605510628000,9.310628173828125,-1.1564992666244507,-0.11894529312849045,1.4901200532913208
1749220605520619000,9.320618896484374,-1.188476324081421,-0.2940579950809479,1.5415524244308472
1749220605530610000,9.33060986328125,-1.1897187232971191,-0.5150412321090698,1.5902730226516724
1749220605540599800,9.340599853515625,-1.1726422309875488,-0.6744330525398254,1.6056818962097168
1749220605550586400,9.35058642578125,-1.1355210542678833,-0.6674011945724487,1.5902997255325317
1749220605560577300,9.360577392578126,-1.1315481662750244,-0.41912004351615906,1.6046555042266846
1749220605570568400,9.370568359375,-1.2225699424743652,0.16256600618362427,1.7156741619110107
1749220605580559600,9.3805595703125,-1.4145989418029785,0.9842212200164795,1.748470664024353
1749220605590550500,9.390550537109375,-1.6134474277496338,1.682572364807129,1.4893882274627686
1749220605600540400,9.40054052734375,-1.5739414691925049,1.7305572032928467,0.9047317504882812
1749220605610531600,9.410531494140624,-1.1677980422973633,1.1733880043029785,0.3075042963027954
1749220605620522500,9.4205224609375,-0.5511292219161987,0.35875576734542847,-0.045521412044763565
1749220605630513400,9.430513427734375,0.04532886669039726,-0.5379822254180908,-0.29755231738090515
1749220605640504300,9.44050439453125,0.46358656883239746,-1.3557891845703125,-0.6538950204849243
1749220605650494500,9.450494384765625,0.6885685324668884,-1.9693785905838013,-1.0938804149627686
1749220605660485600,9.460485595703124,0.7993237972259521,-2.352128267288208,-1.5243371725082397
1749220605670476500,9.4704765625,0.9369157552719116,-2.4296603202819824,-1.8602336645126343
1749220605680467500,9.480467529296876,1.1355867385864258,-2.210341215133667,-2.1103479862213135
1749220605690458600,9.490458740234375,1.323472023010254,-1.764597773551941,-2.31428599357605
1749220605700449500,9.500449462890625,1.4762879610061646,-1.1444867849349976,-2.5156824588775635
1749220605710439400,9.510439453125,1.6210919618606567,-0.4041173756122589,-2.7035295963287354
1749220605720430300,9.520430419921874,1.7422964572906494,0.40627187490463257,-2.840104341506958
1749220605730421500,9.53042138671875,1.828260064125061,1.2082610130310059,-2.954176187515259
1749220605740412400,9.540412353515626,1.8790931701660156,1.9094680547714233,-3.0667240619659424
1749220605750403300,9.5504033203125,1.883703589439392,2.4353578090667725,-3.1974854469299316
1749220605760393500,9.5603935546875,1.8404842615127563,2.747361898422241,-3.3186237812042236
1749220605770384600,9.570384521484375,1.803692102432251,2.8574583530426025,-3.4507269859313965
1749220605780375600,9.58037548828125,1.7641743421554565,2.7909858226776123,-3.610832929611206
1749220605790366500,9.590366455078126,1.7225106954574585,2.533249855041504,-3.76023006439209
1749220605800357600,9.600357666015626,1.6875042915344238,2.074826717376709,-3.8512165546417236
1749220605810347500,9.610347412109375,1.7175346612930298,1.4638051986694336,-3.864328622817993
1749220605820338400,9.62033837890625,1.8166720867156982,0.9677962064743042,-3.842559814453125
1749220605830329300,9.630329345703124,1.9225757122039795,0.6414707899093628,-3.8663768768310547
1749220605840320500,9.640320556640624,1.9556182622909546,0.34243670105934143,-3.9081809520721436
1749220605850311400,9.6503115234375,1.9135395288467407,-0.006905843038111925,-3.9225008487701416
1749220605860302300,9.66030224609375,1.8434292078018188,-0.36765816807746887,-3.894747018814087
1749220605870292500,9.67029248046875,1.7872191667556763,-0.6875858306884766,-3.8248987197875977
1749220605880283400,9.680283447265625,1.7218372821807861,-0.8893972635269165,-3.7079660892486572
1749220605890274600,9.690274658203125,1.6432116031646729,-1.1030914783477783,-3.52095890045166
1749220605900265500,9.700265380859374,1.5552852153778076,-1.4611715078353882,-3.3386497497558594
1749220605910256400,9.71025634765625,1.465943455696106,-1.6802197694778442,-3.0671639442443848
1749220605920246300,9.720246337890625,1.387568712234497,-1.2443004846572876,-2.5162837505340576
1749220605930237400,9.730237548828125,1.3133312463760376,-0.6507530212402344,-2.0568935871124268
1749220605940228400,9.740228271484375,1.0690010786056519,-0.2136787325143814,-1.6925406455993652
1749220605950219500,9.750219482421874,0.6756652593612671,-0.04234585911035538,-1.2021034955978394
1749220605960210700,9.760210693359374,0.2841116189956665,0.03146205097436905,-0.6144090890884399
1749220605970201600,9.77020166015625,-0.028361067175865173,0.056536778807640076,-0.04952840507030487
1749220605980191500,9.78019140625,-0.22306610643863678,-0.09974230825901031,0.4892226755619049
1749220605990182400,9.790182373046875,-0.3223996162414551,-0.3738681375980377,1.060328483581543
1749220606000173600,9.800173583984375,-0.3252401351928711,-0.65489262342453,1.5888605117797852
1749220606010164500,9.81016455078125,-0.2736344635486603,-0.8519436120986938,2.0031466484069824
1749220606020155400,9.8201552734375,-0.23540613055229187,-1.0353549718856812,2.3010191917419434
1749220606030145300,9.830145263671875,-0.21993635594844818,-1.3466311693191528,2.302389621734619
1749220606040136400,9.840136474609375,-0.10477595031261444,-2.316957473754883,1.0191088914871216
1749220606050127600,9.850127685546875,0.48535391688346863,-2.6008167266845703,0.5218924880027771
1749220606060118500,9.860118408203125,-0.9387925267219543,3.1051342487335205,2.2250635623931885
1749220606070109400,9.870109375,-2.1559441089630127,4.717060565948486,2.020540237426758
1749220606080100600,9.8801005859375,-2.4431328773498535,4.624593257904053,2.831838607788086
1749220606090090500,9.890090576171875,-2.251187324523926,3.595445156097412,2.902799129486084
1749220606100081400,9.900081298828125,-1.4583262205123901,2.6064677238464355,1.9536044597625732
1749220606110072300,9.910072265625,-0.6069498658180237,2.3236684799194336,1.2712314128875732
1749220606120063500,9.9200634765625,-0.28684189915657043,1.146897792816162,1.47201669216156
1749220606130054400,9.930054443359374,-0.19254282116889954,-0.16348053514957428,2.062608480453491
1749220606140044500,9.94004443359375,-0.04972228407859802,-1.131587266921997,1.924360752105713
1749220606150035500,9.950035400390625,-0.000940095866099,-1.8611764907836914,1.3001667261123657
1749220606160026600,9.960026611328125,-0.10995259881019592,-2.1017348766326904,0.967898964881897
1749220606170017500,9.970017578125,0.07827536016702652,-1.6244382858276367,1.153125524520874
1749220606180008400,9.980008544921875,0.3593006432056427,-0.5464843511581421,1.275579571723938
1749220606189999600,9.98999951171875,0.3983268737792969,0.2323560118675232,1.2298994064331055
1749220606199989500,9.999989501953126,0.24413436651229858,0.11176541447639465,1.1574798822402954
1749220606209980400,10.00998046875,0.04411579668521881,-0.5114960074424744,0.9815889596939087
1749220606219971300,10.019971435546875,0.007178816944360733,-1.1593211889266968,0.7971251010894775
1749220606229962500,10.02996240234375,0.15571662783622742,-1.6856938600540161,0.7017195224761963
1749220606239953400,10.039953369140624,0.29504549503326416,-1.9243602752685547,0.6634200811386108
1749220606249943600,10.049943603515626,0.29763808846473694,-1.7142136096954346,0.6197391748428345
1749220606259934500,10.0599345703125,0.1675485223531723,-1.0974156856536865,0.5975385308265686
1749220606269925400,10.06992529296875,-0.028726719319820404,-0.46066373586654663,0.6432932019233704
1749220606279916500,10.07991650390625,-0.21141664683818817,-0.16917970776557922,0.6874510645866394
1749220606289907500,10.089907470703125,-0.3027209937572479,-0.16277480125427246,0.6726734638214111
1749220606299898400,10.0998984375,-0.28783950209617615,-0.31394460797309875,0.640023410320282
1749220606309888300,10.10988818359375,-0.23296694457530975,-0.5738565921783447,0.6374643445014954
1749220606319879400,10.11987939453125,-0.18573658168315887,-0.8017611503601074,0.6477952599525452
1749220606329870300,10.129870361328125,-0.17839530110359192,-0.884663999080658,0.6430854797363281
1749220606339861500,10.139861572265625,-0.20323194563388824,-0.7804470658302307,0.6559035778045654
1749220606349852700,10.149852783203125,-0.25299763679504395,-0.5286454558372498,0.6992848515510559
1749220606359842600,10.159842529296874,-0.33813223242759705,-0.2874525487422943,0.7323386669158936
1749220606369833500,10.16983349609375,-0.41642412543296814,-0.13972488045692444,0.7532386183738708
1749220606379824400,10.179824462890625,-0.44961002469062805,-0.1084820032119751,0.7695478200912476
1749220606389815600,10.189815673828125,-0.4412325322628021,-0.16653704643249512,0.7876541018486023
1749220606399806500,10.199806396484375,-0.39321279525756836,-0.32568541169166565,0.8066328763961792
1749220606409796400,10.20979638671875,-0.3046855926513672,-0.5083212852478027,0.8330005407333374
1749220606419787500,10.21978759765625,-0.23305721580982208,-0.6646509766578674,0.876288652420044
1749220606429778700,10.22977880859375,-0.257064551115036,-0.7679587006568909,0.9082247614860535
1749220606439769600,10.23976953125,-0.3368123769760132,-0.8089532852172852,0.9117510318756104
1749220606449760500,10.249760498046875,-0.42138585448265076,-0.7524569630622864,0.9265148043632507
1749220606459751400,10.25975146484375,-0.48750999569892883,-0.6815130114555359,0.9608240127563477
1749220606469741600,10.269741455078124,-0.5280558466911316,-0.6665351390838623,1.0330820083618164
1749220606479732500,10.279732421875,-0.5991870164871216,-0.675068736076355,1.1125762462615967
1749220606489723400,10.289723388671876,-0.7163985967636108,-0.6619265675544739,1.2127121686935425
1749220606499714300,10.29971435546875,-0.8568819165229797,-0.5384150147438049,1.3258280754089355
1749220606509705500,10.30970556640625,-1.0152760744094849,-0.3346637487411499,1.4517394304275513
1749220606519695600,10.319695556640625,-1.1869127750396729,-0.12974761426448822,1.5660021305084229
1749220606529686500,10.3296865234375,-1.321916937828064,-0.01751028373837471,1.660598874092102
1749220606539677400,10.339677490234376,-1.419499158859253,-0.011178884655237198,1.7331106662750244
1749220606549668600,10.349668701171876,-1.481863260269165,-0.14201626181602478,1.7931886911392212
1749220606559663900,10.359663818359374,-1.4951788187026978,-0.35234925150871277,1.8363574743270874
1749220606569654800,10.36965478515625,-1.4888702630996704,-0.549549400806427,1.8992857933044434
1749220606579645000,10.37964501953125,-1.5159250497817993,-0.7059025168418884,1.961781620979309
1749220606589635800,10.3896357421875,-1.5557923316955566,-0.832352340221405,2.0404000282287598
1749220606599626800,10.399626708984375,-1.6059681177139282,-0.8852248787879944,2.1457178592681885
1749220606609617700,10.40961767578125,-1.624215006828308,-0.9165114164352417,2.0315299034118652
1749220606619608800,10.41960888671875,-1.8565490245819092,-0.9712897539138794,1.856816291809082
1749220606629599000,10.429598876953126,-1.799784541130066,-1.4147156476974487,1.95355224609375
1749220606639590000,10.43958984375,-1.5083273649215698,-2.0368077754974365,2.280719518661499
1749220606649580800,10.449580810546875,-1.369556188583374,-2.534929037094116,2.5127148628234863
1749220606659572000,10.459572021484375,-1.3502229452133179,-2.7975826263427734,2.466012477874756
1749220606669563000,10.46956298828125,-1.5551302433013916,-2.842857599258423,2.559652805328369
1749220606679553800,10.4795537109375,-1.802026391029358,-2.539534091949463,2.7814764976501465
1749220606689543700,10.489543701171876,-1.7982723712921143,-0.794319212436676,2.885498523712158
1749220606699534800,10.499534912109375,-1.8154641389846802,1.8204998970031738,2.541675090789795
1749220606709525800,10.50952587890625,-2.080281972885132,3.753279685974121,2.448842763900757
1749220606719516700,10.5195166015625,-2.7424590587615967,4.315879821777344,2.217331647872925
1749220606729507600,10.529507568359374,-3.0313239097595215,3.774613380432129,1.8344918489456177
1749220606739498000,10.539498046875,-2.575261354446411,2.6844117641448975,0.937623918056488
1749220606749489000,10.549489013671876,-1.4833236932754517,1.6296290159225464,-0.12907196581363678
1749220606759479800,10.559479736328125,-0.31766530871391296,0.8016753792762756,-0.6749318242073059
1749220606769470700,10.569470703125,0.5917786359786987,0.14218243956565857,-0.8232613801956177
1749220606779462000,10.5794619140625,1.121802806854248,-0.5721335411071777,-1.0053821802139282
1749220606789452800,10.589452880859374,1.3950718641281128,-1.2240625619888306,-1.524009108543396
1749220606799442700,10.599442626953126,1.4535002708435059,-1.5752619504928589,-2.1458733081817627
1749220606809433600,10.60943359375,1.4914157390594482,-1.6313667297363281,-2.701292037963867
1749220606819424800,10.6194248046875,1.7041910886764526,-1.4081668853759766,-3.0673811435699463
1749220606829415700,10.629415771484375,2.0754218101501465,-0.8809606432914734,-3.2412545680999756
1749220606839406800,10.63940673828125,2.4684884548187256,-0.15764422714710236,-3.4227166175842285
1749220606849396700,10.649396728515624,2.7802016735076904,0.6615185737609863,-3.7470474243164062
1749220606859388000,10.659387939453126,2.9947550296783447,1.506018877029419,-4.158710479736328
1749220606869378800,10.66937890625,3.0169284343719482,2.1138627529144287,-4.475004196166992
1749220606879369700,10.67936962890625,2.9001779556274414,2.2441651821136475,-4.458847522735596
1749220606889361000,10.68936083984375,2.7392537593841553,2.073925018310547,-4.406949520111084
1749220606899351800,10.699351806640625,2.645883321762085,1.7617117166519165,-4.625669956207275
1749220606909341700,10.709341796875,2.6380040645599365,1.3086848258972168,-4.857156276702881
1749220606919332900,10.719332763671876,2.613764762878418,0.6366425156593323,-5.032375812530518
1749220606929324000,10.729323974609375,2.5633676052093506,-0.04647295922040939,-5.179625511169434
1749220606939315000,10.73931494140625,2.576275110244751,-0.35924071073532104,-5.292696952819824
1749220606949305900,10.749305908203125,2.658876657485962,-0.04843943938612938,-5.329941749572754
1749220606959295700,10.759295654296874,2.764158010482788,0.8220653533935547,-5.183355808258057
1749220606969287000,10.769286865234376,2.803938627243042,1.787007212638855,-4.924959182739258
1749220606979277800,10.77927783203125,2.632533550262451,2.3057193756103516,-4.743894100189209
1749220606989268700,10.789268798828125,2.3078670501708984,2.1963579654693604,-4.6712965965271
1749220606999259600,10.799259765625,2.006492853164673,1.5472899675369263,-4.640273571014404
1749220607009250800,10.809250732421875,1.9312652349472046,0.726102888584137,-4.553930282592773
1749220607019241000,10.819240966796874,2.0407044887542725,0.22902359068393707,-4.241042137145996
1749220607029231900,10.82923193359375,2.105076313018799,0.08199446648359299,-3.7389020919799805
1749220607039222800,10.839222900390626,1.9670741558074951,0.06810901314020157,-3.152416944503784
1749220607049214000,10.8492138671875,1.5540242195129395,0.22479848563671112,-2.454284191131592
1749220607059204900,10.859204833984375,0.9606162905693054,0.2738560438156128,-1.6710922718048096
1749220607069194800,10.86919482421875,0.3705082833766937,0.01944640278816223,-0.7836628556251526
1749220607079185700,10.879185546875,-0.03080371953547001,-0.5281533002853394,0.11722276359796524
1749220607089176800,10.8891767578125,-0.25321921706199646,-1.2123640775680542,0.9494339823722839
1749220607099167700,10.899167724609375,-0.3507721424102783,-1.6822266578674316,1.675993800163269
1749220607109158700,10.90915869140625,-0.3262297809123993,-1.8823137283325195,2.1102781295776367
1749220607119148800,10.919148681640625,0.49168771505355835,-3.279852867126465,1.517210841178894
1749220607129140000,10.929139892578124,0.40242865681648254,-1.0005443096160889,3.369663715362549
1749220607139131000,10.939130859375,-2.9340879917144775,2.502768039703369,3.2992711067199707
1749220607149121800,10.949121826171876,-3.9716203212738037,2.654360771179199,3.1989781856536865
1749220607159112700,10.95911279296875,-2.980062484741211,3.089689254760742,3.5626461505889893
1749220607169104000,10.969103759765625,-1.9008021354675293,2.9655301570892334,2.8917689323425293
1749220607179093800,10.97909375,-0.9466482996940613,3.368784189224243,2.249929666519165
1749220607189084700,10.989084716796874,-0.4579574465751648,2.9058420658111572,2.3145875930786133
1749220607199075600,10.99907568359375,-0.5331579446792603,1.0401164293289185,2.4085607528686523
1749220607209066800,11.009066650390626,-0.683517575263977,-0.5833768844604492,2.2208428382873535
1749220607219058000,11.019057861328125,-0.5230235457420349,-1.6315768957138062,1.7812563180923462
1749220607229048800,11.029048828125,-0.34094321727752686,-2.4577276706695557,1.4986417293548584
1749220607239038700,11.039038818359375,-0.19450902938842773,-2.6520020961761475,1.5514521598815918
1749220607249030000,11.04902978515625,0.2530708611011505,-1.778279423713684,1.6363396644592285
1749220607259020800,11.059020751953126,0.7512641549110413,-0.5863319039344788,1.5502718687057495
1749220607269011700,11.06901171875,0.8204898238182068,-0.05016303434967995,1.436948537826538
1749220607279003000,11.0790029296875,0.3742462992668152,-0.02701723575592041,1.3398467302322388
1749220607288992800,11.08899267578125,-0.1930869072675705,-0.47307220101356506,1.1211249828338623
1749220607298984000,11.09898388671875,-0.4011830985546112,-0.8668855428695679,0.8178176283836365
1749220607308974800,11.108974853515624,-0.24394822120666504,-1.0848594903945923,0.6535906195640564
1749220607318966000,11.118966064453126,0.005877329967916012,-1.2194910049438477,0.6541283130645752
1749220607328957000,11.12895703125,0.16688857972621918,-1.2794721126556396,0.6914461255073547
1749220607338946800,11.13894677734375,0.12675261497497559,-1.1881825923919678,0.740451991558075
1749220607348937700,11.148937744140625,-0.05645022541284561,-0.8683870434761047,0.7676588296890259
1749220607358929000,11.158928955078125,-0.1906365305185318,-0.6074979305267334,0.707055389881134
1749220607368919800,11.168919921875,-0.29871559143066406,-0.45978569984436035,0.6539040207862854
1749220607378910700,11.17891064453125,-0.3565296232700348,-0.46080729365348816,0.6496294140815735
1749220607388901600,11.188901611328125,-0.37880298495292664,-0.5446771383285522,0.6749691367149353
1749220607398891800,11.198891845703125,-0.35088157653808594,-0.5949387550354004,0.7241023182868958
1749220607408883000,11.208883056640625,-0.29510408639907837,-0.5463994145393372,0.7629234790802002
1749220607418873900,11.218873779296874,-0.3027375042438507,-0.45894840359687805,0.7885732054710388
1749220607428864800,11.22886474609375,-0.3666650950908661,-0.4066077172756195,0.8278942108154297
1749220607438856000,11.23885595703125,-0.41213589906692505,-0.4144057035446167,0.8607085943222046
1749220607448845800,11.248845703125,-0.40102943778038025,-0.4708370268344879,0.8999093174934387
1749220607458836700,11.258836669921875,-0.35652828216552734,-0.582125723361969,0.9419906735420227
1749220607468827600,11.26882763671875,-0.342538982629776,-0.7073395848274231,0.9742588996887207
1749220607478818800,11.27881884765625,-0.35233861207962036,-0.8390265107154846,1.0046453475952148
1749220607488809700,11.288809814453124,-0.3693564832210541,-0.931723952293396,1.0246407985687256
1749220607498800600,11.298800537109376,-0.4199267029762268,-0.9816771149635315,1.0673768520355225
1749220607508790800,11.308790771484375,-0.493848592042923,-1.0338274240493774,1.1454898118972778
1749220607518782000,11.318781982421875,-0.5779237747192383,-1.0514838695526123,1.2558902502059937
1749220607528772900,11.32877294921875,-0.6632040739059448,-1.0413117408752441,1.3872398138046265
1749220607538763800,11.338763671875,-0.8036985993385315,-1.0028334856033325,1.5170958042144775
1749220607548754700,11.348754638671876,-1.0167951583862305,-0.8981673121452332,1.6540358066558838
1749220607558741000,11.358740966796875,-1.2405318021774292,-0.6828403472900391,1.8013818264007568
1749220607568732200,11.368732177734374,-1.4328504800796509,-0.4066082239151001,1.9539135694503784
1749220607578723000,11.37872314453125,-1.6202900409698486,-0.19634102284908295,2.096381425857544
1749220607588714200,11.38871435546875,-1.7853765487670898,-0.1601734310388565,2.20188307762146
1749220607598705400,11.398705322265625,-1.9017926454544067,-0.2998117506504059,2.294854164123535
1749220607608696300,11.4086962890625,-1.9468657970428467,-0.5571487545967102,2.3737707138061523
1749220607618686200,11.418686279296875,-1.8919647932052612,-0.9852145910263062,2.5455994606018066
1749220607628677000,11.428677001953124,-1.826294183731079,-1.523709774017334,2.7967920303344727
1749220607638668000,11.43866796875,-1.690561294555664,-2.256537914276123,2.8370203971862793
1749220607648659200,11.4486591796875,-1.8338772058486938,-3.080176591873169,2.498242139816284
1749220607658650000,11.458650146484375,-1.9667439460754395,-3.7512826919555664,2.3071811199188232
1749220607668640300,11.46864013671875,-1.6503773927688599,-4.290139198303223,2.3928840160369873
1749220607678631200,11.478631103515625,-1.5857036113739014,-4.06360387802124,2.710761070251465
1749220607688622300,11.488622314453124,-1.7659010887145996,-2.901095390319824,3.0549371242523193
1749220607698613200,11.49861328125,-2.059126853942871,-1.26742422580719,3.261901617050171
1749220607708604200,11.508604248046876,-2.6538798809051514,0.7308558225631714,2.6863584518432617
1749220607718595300,11.51859521484375,-3.1984944343566895,2.9008779525756836,2.12918758392334
1749220607728585200,11.528585205078125,-3.5260322093963623,4.0988969802856445,2.0344526767730713
1749220607738576100,11.538576171875,-3.7084007263183594,4.459575653076172,1.9465811252593994
1749220607748567000,11.548567138671874,-3.397606134414673,3.974437713623047,1.2811440229415894
1749220607758558200,11.55855810546875,-2.425636053085327,2.893800973892212,0.03723179176449776
1749220607768549000,11.568549072265625,-1.0846620798110962,2.039825201034546,-1.0737849473953247
1749220607778539300,11.578539306640625,-0.11130255460739136,1.4326049089431763,-1.5973293781280518
1749220607788530200,11.5885302734375,0.5220389366149902,0.06622562557458878,-1.739351749420166
1749220607798521300,11.598521240234374,1.0621951818466187,-1.061819076538086,-2.035008668899536
1749220607808512300,11.60851220703125,1.4387943744659424,-1.908055067062378,-2.5712876319885254
1749220607818503200,11.618503173828126,1.7026609182357788,-2.3024046421051025,-3.1874427795410156
1749220607828493000,11.6284931640625,1.9275506734848022,-2.2999699115753174,-3.6641860008239746
1749220607838484200,11.638484130859375,2.2107176780700684,-2.019812822341919,-3.9772982597351074
1749220607848475100,11.64847509765625,2.5486135482788086,-1.540069580078125,-4.143261909484863
1749220607858466000,11.658466064453124,2.8891830444335938,-0.8607765436172485,-4.235841274261475
1749220607868457000,11.66845703125,3.200605869293213,0.04998673498630524,-4.362338066101074
1749220607878448000,11.6784482421875,3.449241876602173,1.0597516298294067,-4.579453468322754
1749220607888438300,11.688438232421875,3.5483899116516113,1.9882795810699463,-4.779715061187744
1749220607898429200,11.69842919921875,3.5088086128234863,2.7228171825408936,-4.941310882568359
1749220607908420000,11.708420166015625,3.4300520420074463,3.2560064792633057,-5.1192731857299805
1749220607918411300,11.718411376953124,3.3442745208740234,3.5513412952423096,-5.321664810180664
1749220607928402200,11.728402099609376,3.183262586593628,3.5857691764831543,-5.51747465133667
1749220607938393000,11.73839306640625,2.957392454147339,3.0944433212280273,-5.751947402954102
1749220607948383000,11.748383056640625,2.7996578216552734,1.6081165075302124,-6.217691898345947
1749220607958374100,11.7583740234375,2.87233829498291,-0.5507760643959045,-6.7566728591918945
1749220607968365300,11.768365234375,3.318420171737671,-2.3570382595062256,-6.922701835632324
1749220607978356200,11.778356201171874,4.154320240020752,-2.9940390586853027,-6.6736016273498535
1749220607988347400,11.788347412109376,5.116528034210205,-2.5188684463500977,-6.120019912719727
1749220607998337300,11.798337158203125,5.7876996994018555,-1.4918007850646973,-5.529746055603027
1749220608008328200,11.808328125,5.530719757080078,-0.8340058922767639,-5.079462051391602
1749220608018319000,11.818319091796875,4.124225616455078,-1.2594048976898193,-4.509634494781494
1749220608028310000,11.82831005859375,2.5959019660949707,-2.358638286590576,-3.8315062522888184
1749220608038301200,11.83830126953125,1.8980878591537476,-2.8016726970672607,-3.02844500541687
1749220608048291300,11.848291259765626,1.778037428855896,-2.2948832511901855,-1.6625016927719116
1749220608058282200,11.8582822265625,1.2711515426635742,-1.7226194143295288,0.46283474564552307
1749220608068273200,11.868273193359375,0.08156729489564896,-0.5441165566444397,2.3762922286987305
1749220608078264300,11.878264404296875,-1.1893928050994873,0.6313838362693787,3.1306591033935547
1749220608088255200,11.888255126953124,-2.3437745571136475,1.6285089254379272,3.3072385787963867
1749220608098246100,11.89824609375,-3.0694379806518555,2.2700867652893066,3.5378024578094482
1749220608108236000,11.908236083984375,-2.447183609008789,1.0619187355041504,2.2688889503479004
1749220608118227200,11.918227294921875,0.991346001625061,-0.8575871586799622,0.5857660174369812
1749220608128218000,11.928218017578125,-0.5230168700218201,7.877346038818359,3.641270875930786
1749220608138209000,11.938208984375,-3.381603717803955,7.825281620025635,4.0742011070251465
1749220608148200200,11.9482001953125,-5.12886905670166,3.9325430393218994,5.420521259307861
1749220608158190300,11.9581904296875,-5.400759696960449,0.611042857170105,3.479139804840088
1749220608168181200,11.96818115234375,-3.759012222290039,0.794760525226593,2.398574113845825
1749220608178172200,11.978172119140625,-1.3710302114486694,2.329688310623169,2.072585344314575
1749220608188163300,11.988163330078125,0.4471668601036072,1.6680046319961548,2.2269680500030518
1749220608198154200,11.998154296875,0.9398159384727478,0.25937485694885254,2.508784532546997
1749220608208145200,12.008145263671874,0.7716080546379089,-1.1983681917190552,2.6692450046539307
1749220608218135000,12.018135009765626,0.5109556913375854,-2.6443228721618652,2.018908739089966
1749220608228126200,12.028126220703125,0.045638058334589005,-3.157391309738159,1.1157238483428955
1749220608238117000,12.0381171875,-0.13777251541614532,-2.138657569885254,0.8708509802818298
1749220608248108000,12.04810791015625,0.07019932568073273,-0.6508182287216187,1.4337782859802246
1749220608258099200,12.05809912109375,0.06674520671367645,0.11339287459850311,1.8922276496887207
1749220608268089300,12.06808935546875,-0.1466381698846817,0.35099318623542786,1.6044509410858154
1749220608278080300,12.078080322265626,-0.254525750875473,0.11275078356266022,1.110590934753418
1749220608288071200,12.0880712890625,-0.27724093198776245,-0.31830766797065735,0.9268524646759033
1749220608298062000,12.09806201171875,-0.22971895337104797,-0.7275732159614563,0.8876193165779114
1749220608308053200,12.10805322265625,-0.12133654952049255,-0.9928948879241943,0.8172264099121094
1749220608318044200,12.118044189453125,-0.11264292150735855,-0.9329602122306824,0.7502462863922119
1749220608328034000,12.128033935546876,-0.20709753036499023,-0.6945422887802124,0.7547821998596191
1749220608338025200,12.138025146484376,-0.3262801170349121,-0.47791996598243713,0.8104936480522156
1749220608348016400,12.148016357421875,-0.41092947125434875,-0.2968444526195526,0.8561080098152161
1749220608358007300,12.15800732421875,-0.4256695508956909,-0.19185012578964233,0.8186876773834229
1749220608367998200,12.167998291015625,-0.39626532793045044,-0.2730634808540344,0.7396621108055115
1749220608377988000,12.177988037109374,-0.3454415500164032,-0.48588067293167114,0.6921758055686951
1749220608387979300,12.187979248046876,-0.2715817093849182,-0.7134028077125549,0.6910791397094727
1749220608397970200,12.19797021484375,-0.17044496536254883,-0.9220779538154602,0.6981191635131836
1749220608407961000,12.207961181640625,-0.09748154878616333,-1.1449824571609497,0.6916553974151611
1749220608417952000,12.217951904296875,-0.11664512008428574,-1.3440043926239014,0.6823511123657227
1749220608427942400,12.2279423828125,-0.17030435800552368,-1.447360634803772,0.6786474585533142
1749220608437933300,12.237933349609374,-0.20119303464889526,-1.448699712753296,0.7095358967781067
1749220608447924200,12.24792431640625,-0.2286992222070694,-1.2918323278427124,0.7947455644607544
1749220608457915100,12.2579150390625,-0.31248998641967773,-1.0376402139663696,0.8914151191711426
1749220608467906300,12.26790625,-0.4932970702648163,-0.7468499541282654,0.9851951599121094
1749220608477897200,12.277897216796875,-0.6870598793029785,-0.5072312355041504,1.1274266242980957
1749220608487887000,12.28788720703125,-0.8480753898620605,-0.3463917672634125,1.2940385341644287
1749220608497878000,12.2978779296875,-0.9832220077514648,-0.2503323554992676,1.459609031677246
1749220608507869200,12.307869140625,-1.099841594696045,-0.22496546804904938,1.6217588186264038
1749220608517860000,12.317860107421875,-1.2026822566986084,-0.2710336446762085,1.7833913564682007
1749220608527851000,12.32785107421875,-1.3197091817855835,-0.33389779925346375,1.9171593189239502
1749220608537841200,12.337841064453125,-1.44183349609375,-0.422451376914978,2.0405561923980713
1749220608547832300,12.347832275390624,-1.5668779611587524,-0.519582211971283,2.1806564331054688
1749220608557823000,12.357822998046874,-1.6950982809066772,-0.6227315068244934,2.3243606090545654
1749220608567814000,12.36781396484375,-1.7961479425430298,-0.7506737112998962,2.4589171409606934
1749220608577805000,12.37780517578125,-1.8601980209350586,-0.904456377029419,2.577465295791626
1749220608587796000,12.3877958984375,-1.8981879949569702,-1.0636934041976929,2.728879690170288
1749220608597785900,12.397785888671875,-1.9035569429397583,-1.2320529222488403,2.961043119430542
1749220608607776800,12.40777685546875,-1.7455116510391235,-1.664262294769287,2.8764595985412598
1749220608617768000,12.417767822265626,-1.8532007932662964,-2.2428619861602783,2.483772039413452
1749220608627759000,12.427759033203126,-1.8245505094528198,-2.928337335586548,2.3795206546783447
1749220608637750000,12.43775,-1.5017889738082886,-3.860008716583252,2.5522918701171875
1749220608647741200,12.4477412109375,-1.4262069463729858,-4.596967697143555,2.666729211807251
1749220608657731000,12.45773095703125,-1.4028451442718506,-4.222377777099609,2.733243942260742
1749220608667722000,12.467721923828124,-1.3249380588531494,-1.6496520042419434,3.086344003677368
1749220608677713000,12.477712890625,-1.5017930269241333,2.3734805583953857,2.1346418857574463
1749220608687704000,12.4877041015625,-2.2299723625183105,5.214609622955322,1.1164929866790771
1749220608697695000,12.497695068359375,-3.195826530456543,5.3779683113098145,0.7093747854232788
1749220608707685000,12.50768505859375,-3.772484064102173,4.578217506408691,0.49591416120529175
1749220608717676000,12.517676025390625,-3.55644154548645,3.771836996078491,0.01696486957371235
1749220608727667000,12.5276669921875,-2.9122185707092285,2.9788143634796143,-0.8537703156471252
1749220608737658000,12.537658203125,-2.076840877532959,1.7627774477005005,-1.9483582973480225
1749220608747649000,12.54764892578125,-0.9597761034965515,0.395698606967926,-2.732344627380371
1749220608757640000,12.557639892578125,0.2886355221271515,-0.653409481048584,-3.1002542972564697
1749220608767629800,12.5676298828125,1.200028896331787,-1.3784383535385132,-3.2670669555664062
1749220608777621000,12.57762109375,1.7735373973846436,-1.9357287883758545,-3.537118673324585
1749220608787612000,12.58761181640625,2.172811269760132,-2.1428816318511963,-3.918435573577881
1749220608797602800,12.597602783203126,2.4377217292785645,-1.7942315340042114,-4.314793109893799
1749220608807594000,12.607593994140625,2.5949482917785645,-1.0062814950942993,-4.550060749053955
1749220608817584000,12.617584228515625,2.689177989959717,0.009073656052350998,-4.5638837814331055
1749220608827575000,12.627574951171875,2.70381760597229,1.137337565422058,-4.4551167488098145
1749220608837566000,12.63756591796875,2.7204091548919678,2.1125500202178955,-4.411057949066162
1749220608847557000,12.64755712890625,2.7374675273895264,2.724797248840332,-4.548518657684326
1749220608857548000,12.657548095703126,2.640064239501953,2.835233688354492,-4.678769111633301
1749220608867539000,12.6675390625,2.4646670818328857,2.2972934246063232,-4.7851409912109375
1749220608877528800,12.67752880859375,2.328242301940918,1.173749327659607,-4.971850395202637
1749220608887520000,12.68752001953125,2.4207592010498047,-0.24874350428581238,-5.264486312866211
1749220608897511000,12.697510986328124,2.7474122047424316,-1.3121623992919922,-5.410763740539551
1749220608907501800,12.707501708984376,3.193650722503662,-1.8011109828948975,-5.33148193359375
1749220608917493000,12.717492919921876,3.5789034366607666,-1.999427080154419,-5.2022480964660645
1749220608927483100,12.727483154296875,3.744964361190796,-2.046971321105957,-5.071191310882568
1749220608937474000,12.73747412109375,3.7475192546844482,-2.043456792831421,-5.026076316833496
1749220608947465000,12.74746484375,3.6800403594970703,-2.0214221477508545,-4.932342052459717
1749220608957456000,12.757455810546874,3.619518995285034,-1.9508882761001587,-4.643014430999756
1749220608967447000,12.767447021484376,3.4926254749298096,-1.9485377073287964,-4.108302116394043
1749220608977437000,12.77743701171875,3.336987257003784,-2.3252689838409424,-3.6922051906585693
1749220608987427800,12.787427734375,3.1477715969085693,-2.670259714126587,-3.3282690048217773
1749220608997419000,12.7974189453125,2.8535447120666504,-2.528752326965332,-2.7014598846435547
1749220609007410200,12.80741015625,2.3467655181884766,-1.844860315322876,-1.8601937294006348
1749220609017401000,12.817401123046874,1.5369731187820435,-0.8120452165603638,-0.8387377858161926
1749220609027392000,12.82739208984375,0.5043963193893433,0.3139118552207947,0.30788883566856384
1749220609037382000,12.8373818359375,-0.5161088705062866,1.2833956480026245,1.1937224864959717
1749220609047373000,12.847373046875,-1.2791905403137207,2.087899923324585,1.6932224035263062
1749220609057364000,12.857364013671875,-1.7198611497879028,2.538700580596924,1.9900723695755005
1749220609067355000,12.86735498046875,-1.8356008529663086,2.5741541385650635,2.1845574378967285
1749220609077346000,12.877345947265624,-1.171115517616272,1.4606021642684937,1.4916740655899048
1749220609087336000,12.8873359375,0.6511785387992859,1.426203966140747,2.50689435005188
1749220609097327000,12.8973271484375,-0.6769784688949585,5.773415565490723,4.457711219787598
1749220609107318000,12.907318115234375,-3.878591537475586,3.6875784397125244,3.0419301986694336
1749220609117309000,12.917308837890625,-5.2476019859313965,1.702529788017273,3.6010398864746094
1749220609127300000,12.927300048828124,-4.734243869781494,0.6883562803268433,3.4019272327423096
1749220609137291000,12.937291015625,-2.5019795894622803,0.5444324016571045,3.1728103160858154
1749220609147281000,12.947281005859375,-0.2998218834400177,1.6545436382293701,2.6103227138519287
1749220609157271800,12.957271728515625,0.41239553689956665,1.7188169956207275,2.4025070667266846
1749220609167263000,12.967262939453125,0.44043704867362976,0.01726953499019146,2.1943628787994385
1749220609177254000,12.97725390625,0.4441249966621399,-1.553605318069458,1.8337821960449219
1749220609187244800,12.987244873046874,0.24873365461826324,-2.515509843826294,1.4426237344741821
1749220609197235000,12.99723486328125,0.011476093903183937,-2.8647053241729736,1.2093573808670044
1749220609207226000,13.00722607421875,0.11536361277103424,-2.4055967330932617,1.1882718801498413
1749220609217217000,13.017217041015625,0.23500478267669678,-1.3222179412841797,1.1394102573394775
1749220609227208000,13.0272080078125,0.30934080481529236,-0.21189840137958527,1.0603806972503662
1749220609237199000,13.03719921875,0.29141053557395935,0.6109720468521118,0.962289571762085
1749220609247190000,13.04718994140625,-0.00683180708438158,0.8450362086296082,0.8687833547592163
1749220609257180000,13.057179931640626,-0.4268120527267456,0.5497875213623047,0.7941849827766418
1749220609267170800,13.0671708984375,-0.6048254370689392,0.10087228566408157,0.6318323016166687
1749220609277162000,13.077161865234375,-0.5081396698951721,-0.33786246180534363,0.4625846743583679
1749220609287153000,13.08715283203125,-0.2711564004421234,-0.7151926755905151,0.42549216747283936
1749220609297144000,13.09714404296875,-0.05655941739678383,-0.9784871935844421,0.5110885500907898
1749220609307134000,13.107134033203126,0.04358929023146629,-1.0314987897872925,0.6054164171218872
1749220609317125000,13.117125,0.04121241718530655,-0.9148895740509033,0.6538220047950745
1749220609327116000,13.127115966796875,-0.045573875308036804,-0.8196914196014404,0.6570010185241699
1749220609337107000,13.13710693359375,-0.17620804905891418,-0.7417755722999573,0.64130038022995
1749220609347097900,13.147097900390625,-0.2812657654285431,-0.6130777597427368,0.635918378829956
1749220609357089000,13.157089111328125,-0.34809327125549316,-0.41144347190856934,0.6646072864532471
1749220609367079000,13.167078857421876,-0.3932647407054901,-0.24776026606559753,0.7174656987190247
1749220609377069800,13.17706982421875,-0.4269025921821594,-0.22797563672065735,0.7523965239524841
1749220609387061000,13.18706103515625,-0.44532233476638794,-0.34315070509910583,0.7822375297546387
1749220609397052200,13.19705224609375,-0.4343003034591675,-0.49846652150154114,0.8564073443412781
1749220609407043000,13.20704296875,-0.38874003291130066,-0.5961422324180603,0.9790834784507751
1749220609417033000,13.217032958984374,-0.357260137796402,-0.5770425796508789,1.1015132665634155
1749220609427024000,13.22702392578125,-0.40239110589027405,-0.5248664617538452,1.159906029701233
1749220609437015000,13.23701513671875,-0.5275484919548035,-0.473260760307312,1.1796445846557617
1749220609447006000,13.247005859375,-0.6742578148841858,-0.5410259366035461,1.1766284704208374
1749220609456996900,13.256996826171875,-0.7435287237167358,-0.6541211009025574,1.2215405702590942
1749220609466987000,13.266987060546874,-0.7511001229286194,-0.8074246048927307,1.2817131280899048
1749220609476978200,13.276978271484374,-0.7592024803161621,-0.9787172675132751,1.365526795387268
1749220609486969000,13.286968994140626,-0.8339281678199768,-1.0498987436294556,1.4924317598342896
1749220609496960000,13.2969599609375,-0.9671128392219543,-0.9804975986480713,1.62166428565979
1749220609506951000,13.306950927734375,-1.1597278118133545,-0.734777569770813,1.739559292793274
1749220609516942000,13.316942138671875,-1.3935788869857788,-0.37600240111351013,1.8749274015426636
1749220609526932000,13.326931884765624,-1.623391032218933,-0.06911728531122208,2.0450527667999268
1749220609536923000,13.3369228515625,-1.8214775323867798,0.1347397118806839,2.1923506259918213
1749220609546913800,13.346913818359376,-1.9492831230163574,0.19330129027366638,2.307218313217163
1749220609556905000,13.356905029296875,-1.9924678802490234,0.12170752882957458,2.4159016609191895
1749220609566895900,13.366895751953125,-1.9726459980010986,-0.062122225761413574,2.553748369216919
1749220609576886000,13.376885986328125,-1.923295021057129,-0.3322570323944092,2.7177014350891113
1749220609586877000,13.386876953125,-1.8336430788040161,-0.6229658126831055,2.931384801864624
1749220609596868000,13.3968681640625,-1.836858868598938,-0.942107617855072,2.6774203777313232
1749220609606859000,13.40685888671875,-2.163719892501831,-1.1862950325012207,2.398162364959717
1749220609616850000,13.416849853515625,-1.8792539834976196,-1.779001235961914,2.557893991470337
1749220609626840800,13.4268408203125,-1.59380304813385,-2.39298415184021,2.6992616653442383
1749220609636831000,13.4368310546875,-1.464845061302185,-3.0649871826171875,2.6546239852905273
1749220609646822000,13.44682177734375,-1.2688031196594238,-3.617978811264038,2.4434845447540283
1749220609656812800,13.456812744140626,-1.2576093673706055,-2.483572483062744,3.069248676300049
1749220609666803700,13.4668037109375,-1.6328657865524292,0.07911133021116257,3.433093786239624
1749220609676795000,13.476794921875,-1.9902607202529907,2.0462212562561035,2.433790445327759
1749220609686785000,13.486784912109375,-2.087556838989258,2.185272455215454,1.0621110200881958
1749220609696776000,13.49677587890625,-2.081312656402588,1.8593932390213013,0.2896224856376648
1749220609706766800,13.506766845703124,-1.6502751111984253,1.0481916666030884,-0.003492469433695078
1749220609716758000,13.516758056640626,-0.9006118178367615,0.19665686786174774,-0.09828049689531326
1749220609726749000,13.5267490234375,-0.10637997090816498,-0.5357853770256042,-0.503288984298706
1749220609736739800,13.53673974609375,0.6779726147651672,-1.1367665529251099,-1.2155975103378296
1749220609746729700,13.546729736328125,1.2547837495803833,-1.2748754024505615,-1.951991319656372
1749220609756721000,13.556720947265624,1.555975079536438,-1.1646240949630737,-2.399294376373291
1749220609766712000,13.566712158203124,1.7692265510559082,-1.0165128707885742,-2.6747653484344482
1749220609776703000,13.576702880859376,1.9467710256576538,-0.6164820790290833,-2.872905731201172
1749220609786694000,13.58669384765625,2.097789764404297,0.18342095613479614,-2.9886746406555176
1749220609796684000,13.59668408203125,2.281893491744995,1.116644024848938,-3.225660562515259
1749220609806675000,13.606675048828125,2.4843249320983887,1.9323878288269043,-3.5924956798553467
1749220609816665900,13.616665771484374,2.5996880531311035,2.534975290298462,-3.924755573272705
1749220609826656800,13.62665673828125,2.648837089538574,2.8401341438293457,-4.214045524597168
1749220609836648000,13.63664794921875,2.668323040008545,2.893953561782837,-4.439433574676514
1749220609846638800,13.646638916015625,2.666715383529663,2.7560787200927734,-4.685993194580078
1749220609856629000,13.65662890625,2.673427104949951,2.348536968231201,-4.99818754196167
1749220609866620000,13.666619873046875,2.7199628353118896,1.6584174633026123,-5.299822807312012
1749220609876611000,13.676611083984374,2.8385486602783203,0.8680011630058289,-5.57411527633667
1749220609886602000,13.68660205078125,3.071420907974243,0.19077527523040771,-5.805479049682617
1749220609896593000,13.696593017578126,3.3742411136627197,-0.2325109988451004,-5.9326982498168945
1749220609906582800,13.706582763671875,3.6304070949554443,-0.3498770594596863,-5.959462642669678
1749220609916574000,13.716573974609375,3.751242160797119,-0.30128127336502075,-5.824827194213867
1749220609926564900,13.72656494140625,3.723964214324951,-0.11578838527202606,-5.569390773773193
1749220609936555800,13.7365556640625,3.5924103260040283,0.0628330260515213,-5.315289497375488
1749220609946547000,13.746546875,3.3879823684692383,-0.08560917526483536,-4.99347448348999
1749220609956537900,13.756537841796876,3.1474955081939697,-0.588476300239563,-4.595073699951172
1749220609966528000,13.766528076171875,2.9464094638824463,-1.209366798400879,-4.104134559631348
1749220609976519000,13.776518798828125,2.8935348987579346,-1.7739827632904053,-3.522212028503418
1749220609986510000,13.786510009765625,2.934384346008301,-2.1503777503967285,-2.796933174133301
1749220609996501000,13.7965009765625,2.7101263999938965,-2.4876699447631836,-1.6910699605941772
1749220610006492000,13.806491943359376,2.0204551219940186,-2.378066062927246,-0.2659642994403839
1749220610016481800,13.816481689453125,1.0275484323501587,-1.8291983604431152,0.8584697246551514
1749220610026473000,13.826472900390625,-0.09066066145896912,-0.9894953370094299,1.5567513704299927
1749220610036463900,13.8364638671875,-1.0595940351486206,-0.0013273194199427962,1.9479657411575317
1749220610046454800,13.846454833984374,-1.5678389072418213,0.9662507772445679,2.396703004837036
1749220610056446000,13.856446044921874,-1.7064111232757568,1.7965396642684937,2.8642842769622803
1749220610066435800,13.866435791015626,-1.6865400075912476,2.2255699634552,2.968313217163086
1749220610076427000,13.876427001953125,-1.2859177589416504,1.6171544790267944,2.106149911880493
1749220610086418000,13.88641796875,1.067097783088684,-0.5566678047180176,-0.05769951641559601
1749220610096408800,13.896408935546875,0.20388148725032806,6.688689708709717,3.213228464126587
1749220610106400000,13.90639990234375,-3.3878605365753174,7.626030921936035,3.1962943077087402
1749220610116391000,13.916390869140624,-5.435333728790283,4.7293701171875,4.182345390319824
1749220610126380800,13.926380859375,-5.444442272186279,2.3760428428649902,3.953202962875366
1749220610136372000,13.9363720703125,-3.9067764282226562,1.3322713375091553,3.6634230613708496
1749220610146363100,13.946363037109375,-2.391329288482666,1.5215086936950684,2.929455518722534
1749220610156354000,13.95635400390625,-0.8113959431648254,0.5404435396194458,2.212338924407959
1749220610166345000,13.966344970703124,0.78326016664505,-0.9378452301025391,1.9637800455093384
1749220610176334800,13.9763349609375,1.433822751045227,-2.10077166557312,2.194200038909912
1749220610186326000,13.986325927734375,1.5209448337554932,-3.6703288555145264,2.21787691116333
1749220610196317000,13.99631689453125,1.562037706375122,-4.541017055511475,1.7702841758728027
1749220610206307800,14.006307861328125,1.5230138301849365,-3.684933662414551,1.1818677186965942
1749220610216298800,14.016298828125,1.2061890363693237,-1.7203881740570068,0.6940360069274902
1749220610226290000,14.0262900390625,0.5105761885643005,-0.19707418978214264,0.6683852672576904
1749220610236280000,14.036280029296876,-0.5887279510498047,0.6243586540222168,1.0917503833770752
1749220610246271000,14.04627099609375,-1.2610387802124023,1.1863900423049927,1.2420306205749512
1749220610256262000,14.056261962890625,-1.197584629058838,1.4239392280578613,0.9000264406204224
1749220610266253000,14.066253173828125,-0.9024456739425659,0.9132232069969177,0.5126523971557617
1749220610276244000,14.076243896484375,-0.6720750331878662,0.02123604714870453,0.4374111592769623
1749220610286233900,14.08623388671875,-0.4233914911746979,-0.7842796444892883,0.5601927638053894
1749220610296224800,14.096224853515626,-0.13864603638648987,-1.14451265335083,0.6524502038955688
1749220610306216000,14.1062158203125,0.06175524368882179,-1.1389524936676025,0.6492091417312622
1749220610316206800,14.116206787109375,0.11050067842006683,-1.0234192609786987,0.6101176738739014
1749220610326197800,14.12619775390625,-0.02141554281115532,-0.9274338483810425,0.5951616168022156
1749220610336189000,14.13618896484375,-0.21866096556186676,-0.873068630695343,0.6316602826118469
1749220610346179000,14.146178955078126,-0.2817144989967346,-0.833686888217926,0.6554372310638428
1749220610356170000,14.156169921875,-0.251831978559494,-0.838994026184082,0.6477468013763428
1749220610366161000,14.166160888671875,-0.24744628369808197,-0.9400961399078369,0.6553605198860168
1749220610376152000,14.176152099609375,-0.25626879930496216,-1.1165236234664917,0.6815074682235718
1749220610386143000,14.18614306640625,-0.267863392829895,-1.236939787864685,0.7363805770874023
1749220610396132900,14.1961328125,-0.28185245394706726,-1.1929856538772583,0.8227857351303101
1749220610406123800,14.206123779296876,-0.32298657298088074,-0.9662989377975464,0.9299668073654175
1749220610416115000,14.216114990234376,-0.45588764548301697,-0.6559996604919434,0.9917276501655579
1749220610426105900,14.22610595703125,-0.6671604514122009,-0.3742161989212036,1.0380905866622925
1749220610436097000,14.236096923828125,-0.841772198677063,-0.19538787007331848,1.094544529914856
1749220610446088000,14.246087890625,-0.9086931943893433,-0.16945481300354004,1.1597874164581299
1749220610456077800,14.256077880859374,-0.9150254130363464,-0.29252293705940247,1.2414168119430542
1749220610466069000,14.266069091796876,-0.918567419052124,-0.4865874946117401,1.3607280254364014
1749220610476060000,14.276059814453125,-0.9613942503929138,-0.6655588150024414,1.4999676942825317
1749220610486050800,14.28605078125,-1.0625032186508179,-0.7286128997802734,1.6117815971374512
1749220610496042000,14.2960419921875,-1.2044481039047241,-0.6335697174072266,1.700710654258728
1749220610506031900,14.306031982421874,-1.3896294832229614,-0.4435156583786011,1.7974510192871094
1749220610516023000,14.31602294921875,-1.5664710998535156,-0.2630966007709503,1.9298266172409058
1749220610526014000,14.326013916015626,-1.7207847833633423,-0.18155302107334137,2.0547754764556885
1749220610536005000,14.336005126953125,-1.8392733335494995,-0.19773279130458832,2.1672048568725586
1749220610545996000,14.34599609375,-1.9256150722503662,-0.2753745913505554,2.2845892906188965
1749220610555986000,14.35598583984375,-1.956102967262268,-0.4671802222728729,2.4122636318206787
1749220610565976800,14.365976806640624,-1.9326448440551758,-0.7396812438964844,2.579704999923706
1749220610575968000,14.375968017578124,-1.7986422777175903,-1.1215626001358032,2.762145519256592
1749220610585959000,14.385958984375,-1.7963287830352783,-1.742880940437317,2.4434359073638916
1749220610595949800,14.39594970703125,-2.0931766033172607,-2.385282516479492,2.0918495655059814
1749220610605941000,14.40594091796875,-1.7841224670410156,-3.2810773849487305,2.164963483810425
1749220610615931100,14.41593115234375,-1.2815335988998413,-4.157395362854004,2.3339710235595703
1749220610625922000,14.425922119140624,-0.871651828289032,-4.461076259613037,2.285423517227173
1749220610635913000,14.435912841796876,-0.8267946243286133,-2.9223861694335938,2.8218047618865967
1749220610645904100,14.445904052734376,-1.3991388082504272,0.28382906317710876,3.239056348800659
1749220610655895000,14.45589501953125,-2.4269487857818604,3.2269253730773926,2.2224645614624023
1749220610665886000,14.465885986328125,-2.922165632247925,3.615678548812866,1.1004842519760132
1749220610675875800,14.475875732421875,-2.7736928462982178,3.0269737243652344,0.27935919165611267
1749220610685867000,14.485866943359374,-2.242969274520874,2.279320478439331,-0.246808722615242
1749220610695858000,14.49585791015625,-1.3698110580444336,1.042459487915039,-0.5288848876953125
1749220610705848800,14.505848876953126,-0.28274354338645935,-0.0943126529455185,-0.9316078424453735
1749220610715839700,14.51583984375,0.886521577835083,-1.2319620847702026,-1.574280023574829
1749220610725830100,14.525830078125,1.828568458557129,-1.9946056604385376,-2.1114954948425293
1749220610735821000,14.535821044921875,2.4377033710479736,-2.267634630203247,-2.4835968017578125
1749220610745812000,14.54581201171875,2.8434150218963623,-2.3210537433624268,-2.772582530975342
1749220610755803000,14.555802978515626,2.9904251098632812,-2.069760799407959,-2.9125895500183105
1749220610765794000,14.5657939453125,2.9116857051849365,-1.238882303237915,-2.958364486694336
1749220610775784000,14.575783935546875,2.890847682952881,0.05673305317759514,-3.073559284210205
1749220610785774800,14.58577490234375,3.032158613204956,1.5129159688949585,-3.276618719100952
1749220610795765800,14.595765869140624,3.1410040855407715,2.6872763633728027,-3.5136406421661377
1749220610805757000,14.6057568359375,3.1502699851989746,3.393953561782837,-3.724890947341919
1749220610815748000,14.615748046875,3.0676896572113037,3.5974791049957275,-3.9163331985473633
1749220610825739000,14.625739013671875,2.92375111579895,3.27675461769104,-4.115882873535156
1749220610835729000,14.63572900390625,2.7806222438812256,2.3901853561401367,-4.355924606323242
1749220610845720000,14.645719970703125,2.756049156188965,0.9932045936584473,-4.81675910949707
1749220610855711000,14.6557109375,2.9749183654785156,-0.5145559906959534,-5.279635906219482
1749220610865702000,14.665701904296874,3.425496816635132,-1.5580346584320068,-5.42648983001709
1749220610875693000,14.675693115234376,3.9082722663879395,-2.130720376968384,-5.318212509155273
1749220610885683000,14.685682861328125,4.253381729125977,-2.1842870712280273,-5.149927139282227
1749220610895674000,14.695674072265625,4.367669582366943,-1.8656213283538818,-4.980257511138916
1749220610905665000,14.7056650390625,4.235159397125244,-1.4682129621505737,-4.785434246063232
1749220610915656000,14.715656005859374,3.93027663230896,-1.068842887878418,-4.505497455596924
1749220610925647000,14.725647216796874,3.6322689056396484,-0.7215232849121094,-4.266838550567627
1749220610935638000,14.735637939453126,3.3871421813964844,-0.5711225867271423,-4.164179801940918
1749220610945628000,14.7456279296875,3.0921902656555176,-0.6238968968391418,-4.021674633026123
1749220610955618800,14.755618896484375,2.7985527515411377,-0.5822879076004028,-3.6669983863830566
1749220610965610000,14.76560986328125,2.5083420276641846,-0.11873730272054672,-2.9110336303710938
1749220610975601000,14.775600830078124,2.0489532947540283,0.7170955538749695,-1.777664065361023
1749220610985591800,14.785591796875,1.3074967861175537,1.4095972776412964,-0.6660685539245605
1749220610995582000,14.79558203125,0.42937082052230835,1.8432475328445435,0.27049726247787476
1749220611005573000,14.805572998046875,-0.3822728097438812,2.2477293014526367,0.9747598171234131
1749220611015564000,14.81556396484375,-1.037766456604004,2.6446542739868164,1.45034921169281
1749220611025555000,14.825554931640625,-1.473961353302002,2.921381711959839,1.8970335721969604
1749220611035546000,14.835546142578124,-1.71439528465271,3.0882606506347656,2.3314144611358643
1749220611045537000,14.845537109375,-1.8092190027236938,3.1080708503723145,2.6484782695770264
1749220611055527000,14.85552685546875,-1.7906421422958374,2.8208765983581543,2.7502245903015137
1749220611065517800,14.865517822265625,-1.3925246000289917,1.5310001373291016,2.1064670085906982
1749220611075509000,14.875509033203125,1.0540472269058228,-1.9663753509521484,-0.0564425028860569
1749220611085500000,14.8855,0.4649317264556885,4.142788410186768,4.085358142852783
1749220611095490800,14.89549072265625,-2.7505290508270264,4.508644104003906,3.188504934310913
1749220611105481000,14.90548095703125,-4.571926593780518,2.029466152191162,3.6483023166656494
1749220611115472100,14.91547216796875,-4.614451885223389,0.23795104026794434,3.01802659034729
1749220611125463000,14.925463134765625,-3.0525479316711426,0.4450424313545227,3.112872838973999
1749220611135454000,14.935453857421875,-1.1950600147247314,1.9977349042892456,2.7557992935180664
1749220611145444900,14.94544482421875,-0.23696593940258026,2.360990524291992,2.320873975753784
1749220611155436000,14.95543603515625,0.05703345686197281,0.8358970284461975,2.0808780193328857
1749220611165426000,14.965426025390625,0.15227875113487244,-0.7595918774604797,1.918945550918579
1749220611175416800,14.975416748046875,0.22564217448234558,-2.0189132690429688,1.6044578552246094
1749220611185408000,14.985407958984375,0.25312840938568115,-2.7889442443847656,1.3044251203536987
1749220611195399200,14.995399169921875,0.3656746447086334,-2.5667715072631836,1.0983067750930786
1749220611205390000,15.00539013671875,0.4527014195919037,-1.6200847625732422,0.9292948842048645
1749220611215380000,15.0153798828125,0.46037718653678894,-0.5463136434555054,0.87718665599823
1749220611225371000,15.025370849609375,0.2865561246871948,0.4520649313926697,0.9029127955436707
1749220611235362000,15.035362060546875,-0.1479274183511734,0.8864813446998596,0.8583360314369202
1749220611245353000,15.04535302734375,-0.5505805611610413,0.7247475981712341,0.7579241991043091
1749220611255343900,15.05534375,-0.6559376120567322,0.4473029375076294,0.5599165558815002
1749220611265335000,15.0653349609375,-0.49008822441101074,-0.10443559288978577,0.3847692608833313
1749220611275325200,15.0753251953125,-0.1781734675168991,-0.7768446207046509,0.3601275682449341
1749220611285316000,15.085316162109375,0.12614275515079498,-1.252996563911438,0.4818020462989807
1749220611295307000,15.09530712890625,0.30859431624412537,-1.408710241317749,0.5615831613540649
1749220611305298000,15.1052978515625,0.3243684768676758,-1.296412706375122,0.5630665421485901
1749220611315289000,15.1152890625,0.19336466491222382,-1.0235705375671387,0.5782644152641296
1749220611325279000,15.125279052734374,-0.054600659757852554,-0.6646912097930908,0.6319902539253235
1749220611335270000,15.135269775390626,-0.33309221267700195,-0.29864636063575745,0.6577741503715515
1749220611345260800,15.1452607421875,-0.5052160620689392,0.013421799056231976,0.6819652318954468
1749220611355252000,15.155251953125,-0.5429319739341736,0.14617851376533508,0.7080333232879639
1749220611365243000,15.165242919921875,-0.5116672515869141,0.039631832391023636,0.7487019300460815
1749220611375233800,15.17523388671875,-0.4271031320095062,-0.20522825419902802,0.7921820282936096
1749220611385224000,15.185223876953126,-0.2985358238220215,-0.4525517523288727,0.8433946371078491
1749220611395215000,15.195215087890626,-0.20326204597949982,-0.5943368673324585,0.8972325325012207
1749220611405206000,15.2052060546875,-0.17056028544902802,-0.6875346899032593,0.9417107701301575
1749220611415197000,15.215197021484375,-0.21953848004341125,-0.7357898354530334,0.9323835968971252
1749220611425188000,15.22518798828125,-0.3127187490463257,-0.8000506162643433,0.8963350653648376
1749220611435178000,15.235177978515624,-0.38734880089759827,-0.8869415521621704,0.8679364323616028
1749220611445169000,15.2451689453125,-0.45633745193481445,-0.9285513162612915,0.9045567512512207
1749220611455159800,15.255159912109375,-0.5085614919662476,-0.9022685885429382,1.0154225826263428
1749220611465151000,15.26515087890625,-0.5805739164352417,-0.7749039530754089,1.1681220531463623
1749220611475142000,15.275141845703125,-0.7496532201766968,-0.5512354373931885,1.3238108158111572
1749220611485133000,15.285133056640625,-1.0019294023513794,-0.258335679769516,1.4884066581726074
1749220611495123000,15.295123046875,-1.2722290754318237,0.025891784578561783,1.6665194034576416
1749220611505114000,15.305114013671876,-1.50180983543396,0.20528364181518555,1.828115463256836
1749220611515105000,15.31510498046875,-1.652383804321289,0.23714517056941986,1.9840097427368164
1749220611525096000,15.325095947265625,-1.7755366563796997,0.13422970473766327,2.1325366497039795
1749220611535086800,15.3350869140625,-1.8817946910858154,-0.051123905926942825,2.2567386627197266
1749220611545077000,15.345076904296874,-1.9439061880111694,-0.28039729595184326,2.3461577892303467
1749220611555068000,15.35506787109375,-1.9547452926635742,-0.5237140655517578,2.4508605003356934
1749220611565062400,15.3650625,-1.9304841756820679,-0.7633628845214844,2.577533006668091
1749220611575053600,15.375053466796874,-1.8898004293441772,-1.00907301902771,2.6891422271728516
1749220611585044700,15.385044677734374,-1.8400605916976929,-1.258595585823059,2.7988953590393066
1749220611595035600,15.39503564453125,-1.8227859735488892,-1.5181299448013306,2.9787442684173584
1749220611605025500,15.405025634765625,-1.7541669607162476,-2.0960588455200195,2.6347832679748535
1749220611615016400,15.415016357421875,-2.058093547821045,-2.5271034240722656,2.322357416152954
1749220611625007600,15.425007568359375,-1.8685592412948608,-3.2055273056030273,2.364394426345825
1749220611634998500,15.43499853515625,-1.5830801725387573,-3.6729326248168945,2.5377721786499023
1749220611644989400,15.444989501953126,-1.4032230377197266,-3.5080270767211914,2.555849552154541
1749220611654979600,15.4549794921875,-1.3310081958770752,-1.977403163909912,2.5867204666137695
1749220611664970800,15.464970703125,-1.4928538799285889,1.0697060823440552,2.611124038696289
1749220611674961700,15.474961669921875,-2.2025861740112305,4.100837230682373,2.226571559906006
1749220611684952600,15.48495263671875,-3.1673052310943604,4.641140460968018,1.528106689453125
1749220611694943700,15.49494384765625,-3.4296932220458984,4.203682899475098,0.5617781281471252
1749220611704934700,15.5049345703125,-3.1380038261413574,3.9608168601989746,-0.10541430860757828
1749220611714924500,15.514924560546875,-2.512028217315674,3.4254343509674072,-0.5802796483039856
1749220611724915500,15.52491552734375,-1.7397522926330566,1.953037977218628,-1.383772373199463
1749220611734906400,15.53490625,-0.7921620607376099,0.06036267802119255,-2.0183918476104736
1749220611744897500,15.5448974609375,0.3527929484844208,-1.2122434377670288,-2.4027204513549805
1749220611754888400,15.554888427734374,1.2744618654251099,-1.7994121313095093,-2.787569046020508
1749220611764878600,15.564878662109376,1.8932989835739136,-2.2653119564056396,-3.157554864883423
1749220611774869500,15.574869384765625,2.2995777130126953,-2.4678854942321777,-3.5032386779785156
1749220611784860700,15.584860595703125,2.516617774963379,-2.0828797817230225,-3.8406760692596436
1749220611794851600,15.5948515625,2.6134283542633057,-1.0815248489379883,-4.145346641540527
1749220611804842500,15.604842529296874,2.6145026683807373,0.272422730922699,-4.310977935791016
1749220611814833700,15.614833740234374,2.4904074668884277,1.5592246055603027,-4.292264938354492
1749220611824823600,15.624823486328125,2.303370714187622,2.519829511642456,-4.174896240234375
1749220611834814500,15.634814453125,2.130385637283325,3.0317294597625732,-4.2220563888549805
1749220611844805400,15.644805419921875,1.9369322061538696,2.884042739868164,-4.508940696716309
1749220611854796500,15.654796630859375,1.7700819969177246,1.986970067024231,-4.841455459594727
1749220611864787500,15.664787353515624,1.8368918895721436,0.6532084345817566,-5.160529613494873
1749220611874777600,15.674777587890626,2.2761874198913574,-0.3817673325538635,-5.440482139587402
1749220611884768500,15.6847685546875,2.922260046005249,-0.6229714155197144,-5.489749908447266
1749220611894759700,15.694759765625,3.4774389266967773,-0.36850905418395996,-5.3345046043396
1749220611904750600,15.70475048828125,3.7514584064483643,0.04187261685729027,-5.189279556274414
1749220611914741500,15.714741455078125,3.6414706707000732,0.25644269585609436,-5.069107532501221
1749220611924732400,15.724732421875,3.3133034706115723,0.16762575507164001,-5.017613887786865
1749220611934722600,15.73472265625,3.1007983684539795,-0.013544304296374321,-4.880949020385742
1749220611944713500,15.74471337890625,3.164621591567993,-0.2622412145137787,-4.813555717468262
1749220611954704600,15.75470458984375,3.387059450149536,-0.47910746932029724,-4.711592674255371
1749220611964695600,15.764695556640625,3.680858612060547,-0.4696598947048187,-4.506289005279541
1749220611974686700,15.774686767578125,3.828674554824829,-0.17123007774353027,-4.179939270019531
1749220611984676600,15.784676513671876,3.5799248218536377,0.20733481645584106,-3.769833564758301
1749220611994667500,15.79466748046875,2.848515272140503,0.40923863649368286,-3.3931868076324463
1749220612004658400,15.804658447265625,1.6914892196655273,1.4655407667160034,-2.5368223190307617
1749220612014649600,15.814649658203125,0.5777301788330078,2.2969987392425537,-1.4488935470581055
1749220612024640500,15.824640625,-0.366375595331192,2.1542017459869385,-0.19638095796108246
1749220612034631400,15.83463134765625,-0.9725779294967651,1.9065107107162476,1.4848140478134155
1749220612044621600,15.84462158203125,-1.2892764806747437,1.5623083114624023,2.423459768295288
1749220612054612700,15.85461279296875,-1.5175528526306152,1.2120211124420166,2.680140733718872
1749220612064603600,15.864603759765625,-1.6235415935516357,0.9382699728012085,2.710615634918213
1749220612074594600,15.874594482421875,-1.5341706275939941,0.8893141746520996,2.933058977127075
1749220612084585700,15.884585693359375,-1.3533649444580078,0.8161853551864624,3.2639060020446777
1749220612094575600,15.89457568359375,0.09795452654361725,-2.2190213203430176,0.34871989488601685
1749220612104566500,15.90456640625,2.8869986534118652,-3.5822722911834717,-0.21831822395324707
1749220612114557400,15.914557373046875,0.15173333883285522,5.699158191680908,2.853240489959717
1749220612124548400,15.92454833984375,-1.9664353132247925,5.192116737365723,4.411270618438721
1749220612134539500,15.93453955078125,-3.353989601135254,2.6971824169158936,4.50129508972168
1749220612144530400,15.944530517578125,-3.9709033966064453,0.8076382279396057,2.6923537254333496
1749220612154520600,15.9545205078125,-3.011715888977051,1.535067081451416,2.5275208950042725
1749220612164511500,15.964511474609376,-1.8847107887268066,2.3516218662261963,2.367847204208374
1749220612174502700,15.974502685546875,-0.4570929706096649,1.921657919883728,2.2795183658599854
1749220612184493600,15.98449365234375,0.48771587014198303,1.1473842859268188,2.1875805854797363
1749220612194484500,15.994484375,0.693291962146759,0.23646260797977448,2.0438101291656494
1749220612204474400,16.004474365234376,0.5658205151557922,-1.4606798887252808,1.6350657939910889
1749220612214465500,16.014465576171876,0.0938015952706337,-2.6465976238250732,1.2065091133117676
1749220612224456400,16.02445654296875,-0.15287822484970093,-2.7088277339935303,0.9753321409225464
1749220612234447400,16.034447265625,0.16031616926193237,-1.773479700088501,1.058315396308899
1749220612244438500,16.0444384765625,0.7511869072914124,-0.4983922243118286,1.23603355884552
1749220612254429700,16.0544296875,0.9614746570587158,0.2420501857995987,1.1549570560455322
1749220612264419600,16.064419677734374,0.6631843447685242,0.2836010754108429,0.8959089517593384
1749220612274410500,16.074410400390626,0.10463692992925644,-0.07140734046697617,0.6930575966835022
1749220612284401700,16.084401611328126,-0.29026326537132263,-0.6259711980819702,0.5248624682426453
1749220612294392600,16.094392578125,-0.2611415982246399,-1.2268506288528442,0.33211028575897217
1749220612304383500,16.104383544921873,0.09467671066522598,-1.6115319728851318,0.27908197045326233
1749220612314373400,16.114373291015625,0.4993312358856201,-1.592763900756836,0.35330265760421753
1749220612324364500,16.124364501953124,0.6169449687004089,-1.477165699005127,0.44600358605384827
1749220612334355700,16.134355712890624,0.48436376452445984,-1.4623675346374512,0.4938371479511261
1749220612344346600,16.1443466796875,0.2527819275856018,-1.4631742238998413,0.5305211544036865
1749220612354337500,16.154337646484375,0.04954012110829353,-1.1576380729675293,0.5902451872825623
1749220612364328700,16.16432861328125,-0.09103403240442276,-0.6316322684288025,0.6625279188156128
1749220612374318600,16.174318603515626,-0.24467232823371887,-0.2726259231567383,0.7459436655044556
1749220612384309500,16.1843095703125,-0.38130128383636475,-0.15717816352844238,0.8240901827812195
1749220612394300400,16.194300537109374,-0.43007999658584595,-0.1935494989156723,0.8932202458381653
1749220612404291600,16.20429150390625,-0.4323681890964508,-0.32053887844085693,0.9900572896003723
1749220612414282500,16.214282470703125,-0.4113856852054596,-0.5241095423698425,1.1071420907974243
1749220612424272600,16.224272705078125,-0.4033048450946808,-0.7012116312980652,1.190702199935913
1749220612434263600,16.234263671875,-0.4317950904369354,-0.7777391672134399,1.2336885929107666
1749220612444254700,16.244254638671876,-0.4941343665122986,-0.7613477110862732,1.2829461097717285
1749220612454245600,16.25424560546875,-0.5628191232681274,-0.7328265309333801,1.3246281147003174
1749220612464236500,16.264236572265624,-0.6424564719200134,-0.7105708122253418,1.3667446374893188
1749220612474227700,16.274227783203123,-0.7336071133613586,-0.7017676830291748,1.39601731300354
1749220612484217600,16.284217529296875,-0.7892261743545532,-0.6758722066879272,1.414113998413086
1749220612494208500,16.29420849609375,-0.8008410334587097,-0.655189573764801,1.4227190017700195
1749220612504199400,16.304199462890626,-0.7962886095046997,-0.6462945938110352,1.410428762435913
1749220612514190300,16.3141904296875,-0.796638548374176,-0.6658304929733276,1.3909584283828735
1749220612524181500,16.324181396484374,-0.823523998260498,-0.68180251121521,1.40855073928833
1749220612534171600,16.334171630859377,-0.8829233646392822,-0.7399859428405762,1.424714207649231
1749220612544162600,16.34416259765625,-0.9663522243499756,-0.8280052542686462,1.47963285446167
1749220612554153500,16.354153564453124,-1.0742688179016113,-0.8047183156013489,1.5926581621170044
1749220612564140500,16.364140625,-1.2070116996765137,-0.7101622819900513,1.749891757965088
1749220612574131500,16.37413134765625,-1.3953509330749512,-0.5622654557228088,1.9380440711975098
1749220612584122400,16.384122314453126,-1.6187480688095093,-0.4585350751876831,2.1250641345977783
1749220612594112500,16.394112548828126,-1.831097960472107,-0.3937385082244873,2.3191514015197754
1749220612604103700,16.404103759765626,-1.98054039478302,-0.3968173861503601,2.563460111618042
1749220612614094600,16.414094482421874,-2.0641114711761475,-0.5685063004493713,2.7783195972442627
1749220612624085500,16.42408544921875,-2.104616641998291,-0.894748866558075,2.9494059085845947
1749220612634076400,16.434076416015625,-1.9932775497436523,-1.365027666091919,2.998680830001831
1749220612644066600,16.444066650390624,-1.9856678247451782,-1.903441071510315,2.3680126667022705
1749220612654057500,16.454057373046876,-2.140913486480713,-2.1789848804473877,1.9742076396942139
1749220612664048400,16.46404833984375,-1.7752515077590942,-2.9936301708221436,1.9255740642547607
1749220612674039300,16.474039306640623,-1.4172872304916382,-3.801776885986328,1.952089548110962
1749220612684030500,16.484030517578127,-1.2465578317642212,-3.812654972076416,1.8398940563201904
1749220612694021400,16.494021484375,-0.8944985270500183,-2.6710546016693115,1.5366932153701782
1749220612704011500,16.504011474609374,-0.7658846378326416,0.22837671637535095,1.8652857542037964
1749220612714002400,16.51400244140625,-1.6466971635818481,3.2291879653930664,1.9930328130722046
1749220612723993600,16.52399365234375,-2.837001085281372,3.8829565048217773,1.3262685537338257
1749220612733984500,16.533984619140625,-3.030951976776123,3.2280383110046387,0.32199427485466003
1749220612743975400,16.543975341796877,-2.5125770568847656,2.8267815113067627,-0.344634085893631
1749220612753966600,16.553966552734376,-1.7056063413619995,2.0718748569488525,-0.6905968189239502
1749220612763956500,16.56395654296875,-0.9217717051506042,1.196881890296936,-0.8909938335418701
1749220612773947400,16.573947509765624,-0.13780659437179565,0.29396212100982666,-1.1533087491989136
1749220612783938300,16.583938232421875,0.5489640235900879,-0.8131288290023804,-1.578343391418457
1749220612793929500,16.593929443359375,1.0034239292144775,-1.7784419059753418,-2.1192409992218018
1749220612803920400,16.60392041015625,1.3013182878494263,-2.461962938308716,-2.5286810398101807
1749220612813910500,16.61391064453125,1.533409833908081,-2.9203364849090576,-2.7465322017669678
1749220612823901400,16.6239013671875,1.8180161714553833,-3.189223527908325,-2.940640926361084
1749220612833892600,16.633892578125,2.2279212474823,-3.072355270385742,-3.076669454574585
1749220612843883500,16.643883544921874,2.7034056186676025,-2.378638505935669,-3.150728225708008
1749220612853874400,16.65387451171875,3.146616220474243,-1.1632953882217407,-3.1527507305145264
1749220612863865300,16.663865234375,3.4519495964050293,0.255313515663147,-3.0704803466796875
1749220612873855200,16.673855224609376,3.513188123703003,1.3523694276809692,-3.03604793548584
1749220612883846400,16.683846435546876,3.354487419128418,1.876097321510315,-3.093012571334839
1749220612893837600,16.693837646484376,3.154723644256592,1.8818581104278564,-3.2441141605377197
1749220612903828500,16.703828369140624,3.1023409366607666,1.5225917100906372,-3.465679407119751
1749220612913819600,16.713819580078123,3.280038356781006,1.0026894807815552,-3.7063097953796387
1749220612923809500,16.7238095703125,3.6030845642089844,0.5937837362289429,-3.8862946033477783
1749220612933800400,16.733800537109374,3.8820934295654297,0.3567839562892914,-3.944340944290161
1749220612943791400,16.743791259765626,4.0124711990356445,0.2762763202190399,-3.9190282821655273
1749220612953782500,16.753782470703126,3.9788460731506348,0.3718646466732025,-3.9166414737701416
1749220612963773400,16.7637734375,3.813328981399536,0.543876588344574,-3.92435622215271
1749220612973764400,16.773764404296877,3.631739854812622,0.6149609088897705,-3.949284315109253
1749220612983754500,16.78375439453125,3.5178096294403076,0.481141597032547,-3.986461639404297
1749220612993745700,16.79374560546875,3.4699721336364746,0.10955365747213364,-3.982556104660034
1749220613003736600,16.803736572265624,3.4893393516540527,-0.3569759726524353,-3.9105138778686523
1749220613013727500,16.8137275390625,3.5281991958618164,-0.642345130443573,-3.7626583576202393
1749220613023718400,16.823718505859375,3.4735429286956787,-0.7455686926841736,-3.5436484813690186
1749220613033708500,16.83370849609375,3.1829757690429688,-0.8379148840904236,-3.183647871017456
1749220613043699500,16.843699462890626,2.7257184982299805,-0.9746400117874146,-2.663076400756836
1749220613053690400,16.8536904296875,2.294487476348877,-0.890404999256134,-2.045948028564453
1749220613063681300,16.863681396484374,1.7859104871749878,-0.8272351026535034,-1.1470674276351929
1749220613073672400,16.87367236328125,1.1010881662368774,-0.7047643065452576,0.04457012936472893
1749220613083663400,16.883663330078125,0.3105171322822571,-0.5036309361457825,1.0646010637283325
1749220613093653500,16.893653564453125,-0.4669932723045349,-0.12371688336133957,1.7284884452819824
1749220613103644400,16.90364453125,-1.0847158432006836,0.41357746720314026,2.1751978397369385
1749220613113635600,16.913635498046876,-1.3953334093093872,1.0115453004837036,2.587307929992676
1749220613123626500,16.92362646484375,-1.5598996877670288,1.5616592168807983,2.9246139526367188
1749220613133617400,16.933617431640624,-1.5221515893936157,1.432946801185608,2.762025833129883
1749220613143607300,16.943607177734375,0.7762920260429382,-1.7065887451171875,-0.5434097647666931
1749220613153598500,16.953598388671875,1.4320133924484253,4.841136932373047,2.1789863109588623
1749220613163589400,16.96358935546875,-2.204831123352051,9.244294166564941,2.889195203781128
1749220613173580300,16.973580322265626,-5.153317928314209,6.067150115966797,4.903234481811523
1749220613183571500,16.983571533203126,-6.495609760284424,2.951223850250244,4.464898586273193
1749220613193562600,16.993562744140625,-5.550191402435303,0.6764780879020691,2.6509811878204346
1749220613203552500,17.003552490234377,-2.882613182067871,1.415077805519104,1.6910630464553833
1749220613213543400,17.01354345703125,-0.016142217442393303,2.2446129322052,1.6125277280807495
1749220613223534600,17.02353466796875,1.545835256576538,1.1018434762954712,2.155179977416992
1749220613233525500,17.033525390625,1.7765207290649414,-0.5057196617126465,2.466432571411133
1749220613243516400,17.043516357421876,1.5623801946640015,-2.2141125202178955,2.1005775928497314
1749220613253506300,17.05350634765625,0.9635851979255676,-3.7534799575805664,1.3013908863067627
1749220613263497500,17.06349755859375,0.04376106336712837,-4.063631534576416,0.6910730004310608
1749220613273488600,17.073488525390626,-0.3504490852355957,-2.78769850730896,0.7198393940925598
1749220613283479600,17.0834794921875,-0.12166491895914078,-0.6905624866485596,1.2134051322937012
1749220613293470500,17.093470458984374,0.05215534567832947,1.005624532699585,1.453277349472046
1749220613303461600,17.103461669921874,-0.1593630313873291,1.5315303802490234,1.2172491550445557
1749220613313451500,17.113451416015625,-0.543336808681488,1.0605159997940063,0.855736494064331
1749220613323442400,17.1234423828125,-0.7488774061203003,0.1815279871225357,0.6453055143356323
1749220613333433300,17.133433349609376,-0.5827619433403015,-0.7029986381530762,0.5470521450042725
1749220613343424500,17.143424560546876,-0.1729765683412552,-1.2384036779403687,0.5119456052780151
1749220613353415400,17.15341552734375,0.1549709439277649,-1.3223226070404053,0.5652748346328735
1749220613363405600,17.163405517578123,0.22557853162288666,-1.232987403869629,0.6330661177635193
1749220613373396500,17.173396484375,0.08589360117912292,-1.009437918663025,0.6114226579666138
1749220613383387600,17.1833876953125,-0.17211051285266876,-0.6868287324905396,0.5558693408966064
1749220613393378600,17.193378662109374,-0.3856707215309143,-0.38541319966316223,0.5503041744232178
1749220613403369500,17.203369384765626,-0.4577435851097107,-0.16885985434055328,0.5904901623725891
1749220613413360400,17.2133603515625,-0.43695443868637085,-0.10704522579908371,0.6125590205192566
1749220613423350500,17.2233505859375,-0.39603549242019653,-0.26406919956207275,0.5985918045043945
1749220613433341400,17.233341552734377,-0.3273235261440277,-0.5604771375656128,0.581083357334137
1749220613443332400,17.243332275390625,-0.19350475072860718,-0.8799355626106262,0.6034120917320251
1749220613453323300,17.2533232421875,-0.05856610834598541,-1.1281102895736694,0.6548888683319092
1749220613463314400,17.263314453125,-0.05745051056146622,-1.2473801374435425,0.709446132183075
1749220613473304600,17.2733046875,-0.1517343968153,-1.1434950828552246,0.760913610458374
1749220613483295500,17.28329541015625,-0.29412615299224854,-0.8290806412696838,0.8068563342094421
1749220613493286400,17.293286376953127,-0.4721449017524719,-0.4671544134616852,0.8540880084037781
1749220613503277600,17.303277587890626,-0.6192110180854797,-0.2507033348083496,0.9210529327392578
1749220613513268500,17.3132685546875,-0.6888327598571777,-0.22777697443962097,0.9877437949180603
1749220613523259400,17.32325927734375,-0.7012665271759033,-0.34154054522514343,1.073993444442749
1749220613533249300,17.333249267578125,-0.6747502088546753,-0.48558080196380615,1.173366904258728
1749220613543240400,17.343240478515625,-0.6957300305366516,-0.5553620457649231,1.2749449014663696
1749220613553231400,17.3532314453125,-0.7941746115684509,-0.5309088826179504,1.3703572750091553
1749220613563222500,17.363222412109376,-0.9332901239395142,-0.45101749897003174,1.451096534729004
1749220613573213700,17.373213623046876,-1.0963752269744873,-0.32179906964302063,1.5515552759170532
1749220613583204600,17.38320458984375,-1.2583987712860107,-0.19008950889110565,1.6660003662109375
1749220613593194500,17.393194580078124,-1.3857814073562622,-0.1143321692943573,1.7811943292617798
1749220613603185700,17.403185546875,-1.490822672843933,-0.10200199484825134,1.8963145017623901
1749220613613176600,17.413176513671875,-1.575114369392395,-0.1714945286512375,1.9948642253875732
1749220613623167500,17.42316748046875,-1.6179145574569702,-0.3118830621242523,2.098271369934082
1749220613633158700,17.43315869140625,-1.6342581510543823,-0.4453553557395935,2.202233076095581
1749220613643148500,17.4431484375,-1.6187236309051514,-0.6095219254493713,2.334897994995117
1749220613653139700,17.4531396484375,-1.5727322101593018,-0.7624872326850891,2.4882798194885254
1749220613663130600,17.463130615234373,-1.5340217351913452,-0.828694224357605,2.801119804382324
1749220613673121800,17.473121826171877,-1.3603557348251343,-1.12383234500885,2.4910855293273926
1749220613683112700,17.48311279296875,-1.754726767539978,-1.38906729221344,2.156569719314575
1749220613693103600,17.493103515625,-1.6669864654541016,-1.9558148384094238,2.268718719482422
1749220613703093500,17.503093505859376,-1.3458023071289062,-2.712538480758667,2.4982218742370605
1749220613713084700,17.513084716796875,-1.1742126941680908,-3.319788694381714,2.608612537384033
1749220613723075600,17.52307568359375,-0.9611316323280334,-3.8323416709899902,2.4778385162353516
1749220613733066500,17.53306640625,-0.935835599899292,-3.736427068710327,2.3384573459625244
1749220613743057400,17.543057373046874,-1.169254183769226,-2.471376657485962,2.667114019393921
1749220613753047800,17.5530478515625,-1.6991281509399414,-0.5687319040298462,3.000091791152954
1749220613763038700,17.563038818359374,-2.6036629676818848,1.05464506149292,2.80428409576416
1749220613773029600,17.573029541015625,-3.0955188274383545,1.6799076795578003,2.3546228408813477
1749220613783020500,17.5830205078125,-2.97359037399292,1.6192368268966675,1.3575208187103271
1749220613793011700,17.59301171875,-2.442636489868164,1.1811169385910034,0.35076016187667847
1749220613803002600,17.603002685546876,-1.4792709350585938,0.4433753192424774,-0.24713122844696045
1749220613812992500,17.612992431640624,-0.24004775285720825,-0.29343241453170776,-0.3034954369068146
1749220613822983400,17.6229833984375,0.6654216647148132,-1.1883677244186401,-0.30414578318595886
1749220613832974600,17.632974609375,1.1501529216766357,-2.42399001121521,-0.6138157248497009
1749220613842965500,17.642965576171875,1.5315871238708496,-3.323965549468994,-1.1795566082000732
1749220613852956400,17.652956298828126,1.9259482622146606,-3.4177942276000977,-1.7921206951141357
1749220613862947600,17.662947509765626,2.2476203441619873,-2.847079277038574,-2.2123236656188965
1749220613872937700,17.672937744140626,2.4632818698883057,-1.9288588762283325,-2.3613083362579346
1749220613882928600,17.6829287109375,2.551584243774414,-0.7774611115455627,-2.379866361618042
1749220613892919600,17.69291943359375,2.540349245071411,0.5402243733406067,-2.456138849258423
1749220613902910700,17.70291064453125,2.5567400455474854,1.7563965320587158,-2.747509002685547
1749220613912901600,17.712901611328125,2.6602299213409424,2.766502857208252,-3.1510543823242188
1749220613922891500,17.7228916015625,2.6873741149902344,3.603083848953247,-3.4958345890045166
1749220613932882400,17.73288232421875,2.6952545642852783,4.06362247467041,-3.82051682472229
1749220613942873600,17.74287353515625,2.6943655014038086,4.032864093780518,-4.16351318359375
1749220613952864800,17.75286474609375,2.634552001953125,3.5241594314575195,-4.465419292449951
1749220613962855700,17.762855712890627,2.5711374282836914,2.541045665740967,-4.740624904632568
1749220613972846600,17.7728466796875,2.6181535720825195,1.385926604270935,-5.004648685455322
1749220613982836500,17.78283642578125,2.863142728805542,0.4677533507347107,-5.298070430755615
1749220613992827600,17.79282763671875,3.235851764678955,-0.18806017935276031,-5.56920862197876
1749220614002818600,17.802818603515625,3.580544948577881,-0.5703787803649902,-5.758691310882568
1749220614012809500,17.8128095703125,3.8609414100646973,-0.5745724439620972,-5.89973258972168
1749220614022800600,17.822800537109377,4.061078071594238,-0.1271694004535675,-6.003298282623291
1749220614032790800,17.832790771484376,4.065760612487793,0.6751749515533447,-5.987602710723877
1749220614042781700,17.84278173828125,3.862790584564209,1.386910319328308,-5.76566743850708
1749220614052772600,17.852772705078124,3.539973020553589,1.5241705179214478,-5.415610313415527
1749220614062763800,17.862763671875,3.1403136253356934,1.0398163795471191,-5.042232990264893
1749220614072754700,17.872754638671875,2.7340667247772217,0.2603050768375397,-4.6773576736450195
1749220614082745600,17.88274560546875,2.512275457382202,-0.41454100608825684,-4.34078311920166
1749220614092735500,17.892735595703126,2.4886181354522705,-0.6093096733093262,-3.7146921157836914
1749220614102726700,17.9027265625,2.4200563430786133,-0.5070986151695251,-2.5661981105804443
1749220614112717600,17.912717529296874,2.040083885192871,-1.223813533782959,-1.2821011543273926
1749220614122708500,17.92270849609375,1.1968508958816528,-1.823709487915039,0.4446176588535309
1749220614132699400,17.932699462890625,0.24815282225608826,-1.7560782432556152,1.6873407363891602
1749220614142690600,17.942690673828125,-0.6415067911148071,-1.1295976638793945,2.168459892272949
1749220614152680700,17.9526806640625,-1.4550135135650635,-0.11697482317686081,2.362577438354492
1749220614162671600,17.962671630859376,-1.9739501476287842,0.8639219999313354,2.705115795135498
1749220614172662500,17.97266259765625,-2.0566799640655518,1.7376327514648438,3.132434844970703
1749220614182653700,17.98265380859375,-1.8898589611053467,2.0593931674957275,3.159395694732666
1749220614192644600,17.99264453125,-0.046720635145902634,-1.0881742238998413,-0.4938821494579315
1749220614202634500,18.002634521484374,2.166123151779175,0.0356818325817585,0.7007466554641724
1749220614212625400,18.01262548828125,-1.1199865341186523,8.253711700439453,2.797807455062866
1749220614222616600,18.022616455078126,-3.592316150665283,6.522338390350342,4.201207637786865
1749220614232607500,18.032607421875,-4.45213508605957,3.4909749031066895,4.077223777770996
1749220614242598700,18.0425986328125,-4.117197036743164,1.321459174156189,2.5302510261535645
1749220614252589800,18.05258984375,-2.8113415241241455,1.3709276914596558,2.496145725250244
1749220614262579700,18.062579833984376,-1.576841950416565,1.8778718709945679,2.3546104431152344
1749220614272570600,18.072570556640624,0.1265997588634491,0.9884213209152222,2.229125738143921
1749220614282561500,18.0825615234375,1.061950445175171,0.06837479770183563,2.118828773498535
1749220614292552700,18.092552734375,1.1122468709945679,-0.9008552432060242,1.8776081800460815
1749220614302543600,18.102543701171875,0.8838216662406921,-2.584339141845703,1.602820873260498
1749220614312533500,18.112533447265626,0.5195198655128479,-3.666325330734253,1.3110451698303223
1749220614322524700,18.122524658203126,0.046535808593034744,-3.681173801422119,0.988882303237915
1749220614332515600,18.132515625,-0.09349586069583893,-2.643195867538452,0.917976438999176
1749220614342506800,18.1425068359375,0.20142285525798798,-0.9127553105354309,1.0747863054275513
1749220614352497700,18.15249755859375,0.2906875014305115,0.5450699925422668,1.150114893913269
1749220614362488600,18.162488525390625,-0.08029590547084808,1.2521547079086304,1.0874602794647217
1749220614372478500,18.172478515625,-0.5312356352806091,1.28238046169281,0.9411278367042542
1749220614382469600,18.1824697265625,-0.7159807085990906,0.9891840219497681,0.7908778786659241
1749220614392460500,18.19246044921875,-0.6530662178993225,0.3928716480731964,0.6384249329566956
1749220614402451500,18.202451416015624,-0.46830540895462036,-0.44730454683303833,0.5561319589614868
1749220614412442600,18.212442626953123,-0.2200884222984314,-1.091770052909851,0.6063759326934814
1749220614422433500,18.22243359375,0.08334442228078842,-1.2958593368530273,0.7319011092185974
1749220614432423700,18.232423583984374,0.28289666771888733,-1.170602560043335,0.7837523221969604
1749220614442414600,18.24241455078125,0.2863824963569641,-0.9149481654167175,0.751954197883606
1749220614452405800,18.25240576171875,0.11964677274227142,-0.6522113680839539,0.6936131119728088
1749220614462396700,18.262396728515625,-0.14105938374996185,-0.4478012025356293,0.6577619314193726
1749220614472387600,18.2723876953125,-0.35843831300735474,-0.2564903795719147,0.6493678689002991
1749220614482377500,18.28237744140625,-0.4291641414165497,-0.10175059735774994,0.6222947239875793
1749220614492368600,18.29236865234375,-0.42170408368110657,-0.0633387565612793,0.6052225232124329
1749220614502359600,18.302359619140624,-0.3841354250907898,-0.1976235955953598,0.6092106103897095
1749220614512350500,18.3123505859375,-0.30346187949180603,-0.41505497694015503,0.618202269077301
1749220614522341400,18.32234130859375,-0.17219573259353638,-0.5751535892486572,0.6280913352966309
1749220614532332500,18.33233251953125,-0.03993862867355347,-0.6708555817604065,0.6571581363677979
1749220614542322700,18.34232275390625,0.006369215901941061,-0.7216378450393677,0.6984725594520569
1749220614552313600,18.352313720703126,-0.04369235411286354,-0.6982771158218384,0.7236969470977783
1749220614562305300,18.36230517578125,-0.14077575504779816,-0.6306014060974121,0.7439401745796204
1749220614572296200,18.372296142578126,-0.2371651530265808,-0.5843135118484497,0.7770369052886963
1749220614582287000,18.382287109375,-0.30220460891723633,-0.617020845413208,0.8505390882492065
1749220614592277000,18.392277099609377,-0.34739604592323303,-0.6999338269233704,0.9455960988998413
1749220614602268000,18.402267822265625,-0.41558709740638733,-0.7946241497993469,1.072118878364563
1749220614612259000,18.412259033203124,-0.5163922309875488,-0.834886908531189,1.2126491069793701
1749220614622250000,18.42225,-0.6589760184288025,-0.7635988593101501,1.3732919692993164
1749220614632241000,18.432240966796876,-0.8388161063194275,-0.5655012130737305,1.5341753959655762
1749220614642232000,18.442232177734375,-1.048228144645691,-0.3098055124282837,1.696176290512085
1749220614652222200,18.45222216796875,-1.2373064756393433,-0.07407715916633606,1.8493062257766724
1749220614662213000,18.462213134765626,-1.3755221366882324,-0.006918360013514757,1.9540600776672363
1749220614672204000,18.4722041015625,-1.4513500928878784,-0.09343674033880234,2.0298879146575928
1749220614682195200,18.4821953125,-1.484938621520996,-0.26443564891815186,2.079965591430664
1749220614692186000,18.49218603515625,-1.485144019126892,-0.4828862249851227,2.109679698944092
1749220614702177000,18.502177001953125,-1.4501338005065918,-0.69352787733078,2.1388297080993652
1749220614712167000,18.5121669921875,-1.3826730251312256,-0.8722643256187439,2.176351308822632
1749220614722158000,18.522157958984376,-1.3104758262634277,-1.0407795906066895,2.235830307006836
1749220614732149200,18.532149169921876,-1.2920410633087158,-1.2417747974395752,2.2880537509918213
1749220614742140200,18.54214013671875,-1.370010256767273,-1.4065213203430176,2.3601365089416504
1749220614752131000,18.552131103515624,-1.383307933807373,-1.6454434394836426,2.2500646114349365
1749220614762121200,18.562121337890623,-1.7107182741165161,-1.9152511358261108,2.0625932216644287
1749220614772112100,18.572112060546875,-1.900877833366394,-2.4451229572296143,2.1893503665924072
1749220614782103000,18.58210302734375,-1.5975350141525269,-3.4183802604675293,2.3674068450927734
1749220614792094000,18.592093994140626,-1.3179062604904175,-4.110523700714111,2.4298596382141113
1749220614802085000,18.602085205078126,-1.1770511865615845,-4.299847602844238,2.3570022583007812
1749220614812076000,18.612075927734374,-1.242557168006897,-3.7267937660217285,2.123483419418335
1749220614822066200,18.622066162109373,-1.5815608501434326,-2.219132661819458,2.018444299697876
1749220614832057000,18.63205712890625,-2.0712926387786865,-0.23719923198223114,2.1538660526275635
1749220614842048300,18.64204833984375,-2.68876576423645,1.807926058769226,2.21020245552063
1749220614852039200,18.6520390625,-3.4994313716888428,3.5725600719451904,2.4027743339538574
1749220614862030000,18.662030029296876,-3.9129507541656494,4.521751403808594,2.3955094814300537
1749220614872020000,18.67202001953125,-3.9838809967041016,4.662641525268555,1.8523577451705933
1749220614882011100,18.68201123046875,-3.7181103229522705,3.916109323501587,1.000109076499939
1749220614892002000,18.692001953125,-2.8270463943481445,2.482069492340088,-0.003576625371351838
1749220614901993000,18.701992919921874,-1.2026190757751465,1.1088649034500122,-0.7088991403579712
1749220614911984000,18.711984130859374,0.4132128655910492,0.2725926339626312,-1.0282502174377441
1749220614921975000,18.72197509765625,1.354236364364624,-0.7567989826202393,-1.2528753280639648
1749220614931965200,18.731965087890625,1.9099855422973633,-2.0227243900299072,-1.5605103969573975
1749220614941956000,18.7419560546875,2.224917411804199,-3.03043270111084,-2.08266019821167
1749220614951947300,18.751947265625,2.2969553470611572,-3.454463005065918,-2.6698243618011475
1749220614961938200,18.761938232421876,2.2570698261260986,-3.3750317096710205,-3.137669324874878
1749220614971929000,18.77192919921875,2.2237837314605713,-2.8747875690460205,-3.410735845565796
1749220614981920000,18.781919921875,2.315021514892578,-2.042687177658081,-3.553379535675049
1749220614991910000,18.791909912109375,2.545210838317871,-0.9764218926429749,-3.7271933555603027
1749220615001901000,18.801901123046875,2.803227424621582,0.09100367873907089,-3.953719139099121
1749220615011892000,18.81189208984375,3.0451552867889404,0.9587491750717163,-4.168295383453369
1749220615021883100,18.821883056640626,3.2170798778533936,1.6616178750991821,-4.364993095397949
1749220615031874300,18.831874267578126,3.325824737548828,2.2556333541870117,-4.609437465667725
1749220615041864200,18.8418642578125,3.379204750061035,2.8004326820373535,-4.87302827835083
1749220615051855000,18.851855224609373,3.366567373275757,3.235447406768799,-5.113527774810791
1749220615061846000,18.861845947265625,3.307522773742676,3.427572250366211,-5.348730087280273
1749220615071837200,18.871837158203125,3.2151682376861572,3.3172402381896973,-5.5911641120910645
1749220615081828000,18.881828125,3.084482431411743,2.895315647125244,-5.878083229064941
1749220615091819000,18.891819091796876,2.957526206970215,2.2364065647125244,-6.181085586547852
1749220615101809200,18.90180908203125,2.9175186157226562,1.5192793607711792,-6.44575834274292
1749220615111800300,18.91180029296875,3.01953125,0.8134729266166687,-6.660077095031738
1749220615121791200,18.921791259765627,3.222592353820801,0.20580749213695526,-6.693602561950684
1749220615131782100,18.9317822265625,3.4890904426574707,-0.27286002039909363,-6.496598720550537
1749220615141773000,18.94177294921875,3.68515944480896,-0.4985072612762451,-6.040184497833252
1749220615151763200,18.95176318359375,3.6460046768188477,-0.539466142654419,-5.4105634689331055
1749220615161754000,18.961754150390625,3.356461763381958,-0.5747753977775574,-4.728826522827148
1749220615171745000,18.9717451171875,2.919524669647217,-0.8177699446678162,-3.9604363441467285
1749220615181736000,18.98173583984375,2.4403493404388428,-1.6577680110931396,-2.9629323482513428
1749220615191727000,18.99172705078125,1.8856626749038696,-3.188263416290283,-1.3089945316314697
1749220615201718000,19.001718017578124,1.2320654392242432,-3.835454225540161,0.7267864942550659
1749220615211708200,19.011708251953124,0.4993283152580261,-3.4015817642211914,1.9432334899902344
1749220615221699000,19.021698974609375,-0.24338681995868683,-2.2523300647735596,2.5737411975860596
1749220615231690200,19.031690185546875,-1.1358568668365479,-0.6596966981887817,2.8892273902893066
1749220615241681200,19.04168115234375,-2.1172354221343994,0.8114521503448486,3.321662187576294
1749220615251672000,19.051672119140626,-2.49360728263855,2.0321216583251953,3.7769250869750977
1749220615261662000,19.061661865234374,-2.1545536518096924,2.093717336654663,3.277242660522461
1749220615271653000,19.071653076171874,1.3480257987976074,-2.3482601642608643,-2.485806465148926
1749220615281644000,19.08164404296875,0.38498255610466003,5.787204742431641,1.94107186794281
1749220615291635000,19.091635009765625,-2.596823215484619,10.524224281311035,3.1221959590911865
1749220615301626000,19.101626220703125,-3.717008352279663,7.4838690757751465,5.363160610198975
1749220615311617000,19.111616943359376,-4.181150913238525,3.7106406688690186,3.8596224784851074
1749220615321607200,19.121607177734376,-4.118910312652588,1.8618625402450562,2.4383721351623535
1749220615331598000,19.13159814453125,-3.6140408515930176,1.6877692937850952,2.3232364654541016
1749220615341589200,19.14158935546875,-1.579982876777649,0.8568116426467896,2.162184715270996
1749220615351580200,19.151580078125,0.8473643064498901,-0.40375012159347534,2.218318462371826
1749220615361571000,19.161571044921875,1.6770777702331543,-0.6626240611076355,2.3380990028381348
1749220615371562000,19.17156201171875,1.6708840131759644,-1.8009448051452637,2.091010093688965
1749220615381551900,19.1815517578125,1.4963164329528809,-3.670189380645752,1.7032281160354614
1749220615391543000,19.19154296875,0.9297494888305664,-4.407320499420166,1.192505955696106
1749220615401534200,19.2015341796875,0.2037816196680069,-3.8261985778808594,0.7235862016677856
1749220615411525000,19.211525146484377,0.058822836726903915,-2.1920716762542725,0.7970675826072693
1749220615421516300,19.221516357421876,0.297824501991272,-0.2102552354335785,1.1509639024734497
1749220615431506200,19.231506103515624,0.1917521208524704,0.9306349754333496,1.3037734031677246
1749220615441497000,19.2414970703125,-0.23103748261928558,1.1939904689788818,1.0857731103897095
1749220615451488000,19.251488037109375,-0.5244869589805603,0.9840417504310608,0.7462206482887268
1749220615461479200,19.261479248046875,-0.546930193901062,0.41677325963974,0.5886771082878113
1749220615471470000,19.271469970703127,-0.4391970634460449,-0.3439677655696869,0.538270115852356
1749220615481461000,19.2814609375,-0.25927871465682983,-0.9954728484153748,0.5342758893966675
1749220615491451100,19.291451171875,-0.08416467905044556,-1.2648406028747559,0.5898259878158569
1749220615501442300,19.3014423828125,0.006355367600917816,-1.1846795082092285,0.6609004139900208
1749220615511433200,19.31143310546875,-0.0022272015921771526,-0.9139241576194763,0.7016223073005676
1749220615521424100,19.321424072265625,-0.07536079734563828,-0.5886936187744141,0.6804589629173279
1749220615531415000,19.3314150390625,-0.19724249839782715,-0.3546946942806244,0.6484922170639038
1749220615541405200,19.3414052734375,-0.31304261088371277,-0.2637442946434021,0.6444365382194519
1749220615551396000,19.35139599609375,-0.3700946867465973,-0.260092556476593,0.6367482542991638
1749220615561386800,19.36138671875,-0.36673644185066223,-0.33238619565963745,0.6239341497421265
1749220615571377700,19.371377685546875,-0.33477985858917236,-0.46520018577575684,0.6244012713432312
1749220615581368600,19.38136865234375,-0.29385238885879517,-0.5896190404891968,0.6325020790100098
1749220615591359700,19.39135986328125,-0.2548708915710449,-0.6573576331138611,0.6665934920310974
1749220615601350000,19.401349853515626,-0.2317863553762436,-0.7106240391731262,0.7351120710372925
1749220615611340800,19.4113408203125,-0.24179212749004364,-0.677530825138092,0.827717125415802
1749220615621331700,19.421331787109374,-0.29237914085388184,-0.45338478684425354,0.9174211621284485
1749220615631323000,19.431322998046873,-0.39402905106544495,-0.2307485193014145,0.9858787655830383
1749220615641313800,19.441313720703125,-0.5314082503318787,-0.09315577894449234,1.0294140577316284
1749220615651303700,19.4513037109375,-0.6314469575881958,-0.09566447138786316,1.0862852334976196
1749220615661294600,19.461294677734376,-0.6667292714118958,-0.2130238562822342,1.1685162782669067
1749220615671285800,19.47128564453125,-0.6690465211868286,-0.41698017716407776,1.276005744934082
1749220615681276700,19.481276611328123,-0.7078983187675476,-0.6320613026618958,1.4080039262771606
1749220615691267800,19.491267822265623,-0.8011866807937622,-0.7590057253837585,1.561370611190796
1749220615701259000,19.501259033203127,-0.9263792634010315,-0.7594690918922424,1.7115403413772583
1749220615711249000,19.511248779296874,-1.0953736305236816,-0.6268215775489807,1.8549209833145142
1749220615721239800,19.52123974609375,-1.264455795288086,-0.44366344809532166,2.0139319896698
1749220615731230700,19.531230712890626,-1.4246790409088135,-0.30680814385414124,2.1577398777008057
1749220615741222000,19.541221923828125,-1.567188024520874,-0.26027339696884155,2.25114369392395
1749220615751212800,19.551212890625,-1.6607879400253296,-0.2605817914009094,2.3318886756896973
1749220615761203700,19.56120361328125,-1.7140485048294067,-0.3278127610683441,2.3955678939819336
1749220615771193900,19.57119384765625,-1.7273890972137451,-0.48681333661079407,2.4858407974243164
1749220615781185000,19.58118505859375,-1.7019550800323486,-0.736854612827301,2.592482328414917
1749220615791176000,19.591176025390624,-1.6144665479660034,-1.0012332201004028,2.735114812850952
1749220615801166800,19.601166748046875,-1.6615136861801147,-1.3029168844223022,2.6810264587402344
1749220615811157800,19.61115771484375,-1.9073905944824219,-1.7059270143508911,2.731029510498047
1749220615821148000,19.62114794921875,-1.5710653066635132,-2.5820655822753906,2.846041202545166
1749220615831138800,19.631138916015626,-1.2064687013626099,-3.6673483848571777,3.0655646324157715
1749220615841129700,19.641129638671874,-1.1474828720092773,-4.583714485168457,3.123257875442505
1749220615851120600,19.65112060546875,-0.9998169541358948,-5.305187225341797,2.904710531234741
1749220615861111800,19.66111181640625,-0.9216873049736023,-5.100436210632324,2.7042412757873535
1749220615871102700,19.671102783203125,-1.4177793264389038,-3.073404550552368,3.2988078594207764
1749220615881092900,19.6810927734375,-2.159475326538086,-0.7420027256011963,3.5517141819000244
1749220615891083800,19.691083740234376,-2.903433084487915,1.4065886735916138,3.0964725017547607
1749220615901075000,19.701074951171876,-3.1848936080932617,2.317701578140259,2.349670171737671
1749220615911065900,19.71106591796875,-2.828418731689453,2.4746153354644775,1.4724894762039185
1749220615921056800,19.721056884765623,-2.345263719558716,2.605351209640503,0.8947827219963074
1749220615931046700,19.731046630859375,-1.563698172569275,2.38513445854187,0.6269299387931824
1749220615941037800,19.741037841796874,-0.42499202489852905,1.758339524269104,0.2610939145088196
1749220615951028700,19.75102880859375,0.5959249138832092,0.9303412437438965,-0.2376927137374878
1749220615961019600,19.76101953125,1.1725757122039795,-0.04014236107468605,-0.7424322962760925
1749220615971010600,19.771010498046873,1.474839448928833,-0.9714322090148926,-1.2709044218063354
1749220615981001700,19.781001708984373,1.6855087280273438,-1.5429377555847168,-1.8622092008590698
1749220615990992000,19.790991943359376,1.8371872901916504,-1.6828280687332153,-2.3801374435424805
1749220616000982800,19.800982666015624,1.9696496725082397,-1.5030598640441895,-2.7359542846679688
1749220616010973700,19.8109736328125,2.1057093143463135,-1.122170090675354,-3.0091919898986816
1749220616020964900,19.82096484375,2.23453950881958,-0.6654411554336548,-3.259053945541382
1749220616030955800,19.830955810546875,2.3771615028381348,-0.16250422596931458,-3.5202744007110596
1749220616040945700,19.840945556640627,2.5478732585906982,0.37466415762901306,-3.823948621749878
1749220616050936600,19.8509365234375,2.7746238708496094,0.9094598889350891,-4.13982629776001
1749220616060927700,19.860927734375,2.9991445541381836,1.393251895904541,-4.457855224609375
1749220616070919000,19.8709189453125,3.1501364707946777,1.8084280490875244,-4.765841484069824
1749220616080909800,19.880909912109374,3.213078498840332,2.1443822383880615,-5.039492607116699
1749220616090901000,19.89090087890625,3.2359113693237305,2.429077386856079,-5.30221700668335
1749220616100891000,19.900890869140625,3.227627992630005,2.701111316680908,-5.558751106262207
1749220616110881800,19.9108818359375,3.2052700519561768,2.9734151363372803,-5.825135231018066
1749220616120872700,19.920872802734376,3.175319194793701,3.138152837753296,-6.122051239013672
1749220616130863900,19.93086376953125,3.1162774562835693,3.0954554080963135,-6.429474830627441
1749220616140854800,19.940854736328124,3.035259246826172,2.8356716632843018,-6.736461639404297
1749220616150845700,19.950845703125,2.9771361351013184,2.5350699424743652,-7.026675701141357
1749220616160835800,19.9608359375,2.9774136543273926,2.3118865489959717,-7.225908279418945
1749220616170827000,19.970826904296874,2.9742188453674316,2.158153772354126,-7.162447929382324
1749220616180818000,19.98081787109375,2.8753790855407715,2.07682204246521,-6.823672294616699
1749220616190808800,19.990808837890626,2.666165351867676,2.1110341548919678,-6.244594097137451
1749220616200799700,20.0007998046875,2.3940348625183105,2.2821528911590576,-5.386496067047119
1749220616210790000,20.010789794921877,2.123049259185791,2.155545473098755,-4.287072658538818
1749220616220780800,20.02078076171875,1.9688163995742798,0.9425414204597473,-3.2156805992126465
1749220616230771700,20.030771728515624,1.76101815700531,-2.028480052947998,-1.7854516506195068
1749220616240762600,20.0407626953125,1.3676294088363647,-4.648683071136475,0.5970079898834229
1749220616250753800,20.05075390625,0.7676987648010254,-5.217848300933838,2.438746690750122
1749220616260744700,20.06074462890625,0.20297974348068237,-4.781927108764648,3.2423107624053955
1749220616270734800,20.07073486328125,-0.44175928831100464,-3.482285976409912,3.3608953952789307
1749220616280725800,20.080725830078126,-1.1655141115188599,-2.3110761642456055,2.9041051864624023
1749220616290717000,20.090717041015626,1.5145412683486938,-4.905592918395996,-2.0989112854003906
1749220616300707800,20.100707763671874,-0.9159713387489319,6.1916184425354,2.657013177871704
1749220616310698800,20.11069873046875,-4.752682685852051,12.224309921264648,5.138608932495117
1749220616320688600,20.120688720703125,-5.706603527069092,8.946672439575195,7.045655250549316
1749220616330679800,20.1306796875,-5.043000221252441,5.374574184417725,5.128521919250488
1749220616340670700,20.140670654296876,-3.9218435287475586,3.758821964263916,3.143749475479126
1749220616350661600,20.15066162109375,-3.3152925968170166,3.396057605743408,1.7552257776260376
1749220616360652800,20.16065283203125,-2.5262486934661865,2.4813644886016846,1.203006625175476
1749220616370644000,20.17064404296875,-0.1534406840801239,-1.1204084157943726,2.0957932472229004
1749220616380633900,20.1806337890625,1.6725319623947144,-2.0430264472961426,3.0658135414123535
1749220616390624800,20.190624755859375,1.9638818502426147,-2.5565009117126465,2.7979023456573486
1749220616400615700,20.20061572265625,1.9657015800476074,-3.814572334289551,2.0135366916656494
1749220616410606800,20.21060693359375,1.8312228918075562,-4.50577449798584,1.227665901184082
1749220616420597800,20.22059765625,0.9269835352897644,-3.7644574642181396,0.5009653568267822
1749220616430587600,20.230587646484373,0.08781614154577255,-1.890875220298767,0.7264251112937927
1749220616440578800,20.240578857421873,-0.08183121681213379,0.10264195501804352,1.3815430402755737
1749220616450570000,20.250570068359377,-0.18261215090751648,1.5449423789978027,1.5552961826324463
1749220616460561000,20.260560791015624,-0.45462876558303833,2.2765629291534424,1.3018332719802856
1749220616470551800,20.2705517578125,-0.6155619621276855,2.0154411792755127,1.0159155130386353
1749220616480543000,20.28054296875,-0.5844925045967102,0.8127554655075073,0.8282236456871033
1749220616490532900,20.290532958984375,-0.42178693413734436,-0.778101921081543,0.6806491017341614
1749220616500523800,20.300523681640627,-0.07576826214790344,-1.7921968698501587,0.6322290897369385
1749220616510514700,20.3105146484375,0.32207736372947693,-2.012328863143921,0.7322835326194763
1749220616520505900,20.320505859375,0.4979032576084137,-1.740688443183899,0.8204389810562134
1749220616530496800,20.330496826171874,0.3582066297531128,-1.142139196395874,0.7855033278465271
1749220616540487000,20.34048681640625,-0.04597441479563713,-0.4508145749568939,0.7321048378944397
1749220616550477800,20.350477783203125,-0.4434424042701721,0.0315169133245945,0.7436962723731995
1749220616560469000,20.360468994140625,-0.6092918515205383,0.2853630483150482,0.7808441519737244
1749220616570464000,20.370464111328126,-0.5813875198364258,0.2979006767272949,0.7884994149208069
1749220616580455000,20.380454833984373,-0.4454973042011261,-0.03755403310060501,0.811352014541626
1749220616590445800,20.39044580078125,-0.2552695870399475,-0.5838852524757385,0.8775027990341187
1749220616600435700,20.400435791015624,-0.09758647531270981,-1.0937703847885132,0.9598405361175537
1749220616610427000,20.410427001953124,-0.05284483730792999,-1.3650130033493042,1.038336992263794
1749220616620417800,20.420417724609376,-0.11498384177684784,-1.3756740093231201,1.1140040159225464
1749220616630408700,20.43040869140625,-0.28083619475364685,-1.1634373664855957,1.1915667057037354
1749220616640400000,20.44039990234375,-0.5253681540489197,-0.793565034866333,1.2983605861663818
1749220616650390000,20.45039013671875,-0.7842807173728943,-0.37828898429870605,1.4653279781341553
1749220616660381000,20.460380859375,-0.9837008714675903,-0.05739112198352814,1.6655476093292236
1749220616670371800,20.470371826171874,-1.1364738941192627,0.06870662420988083,1.8669123649597168
1749220616680363000,20.480363037109374,-1.281770944595337,-0.0034384073223918676,2.114344835281372
1749220616690354000,20.49035400390625,-1.4183844327926636,-0.03469699248671532,2.4380314350128174
1749220616700344800,20.5003447265625,-1.509147047996521,0.014971492812037468,2.7506041526794434
1749220616710334700,20.510334716796876,-1.58721923828125,0.09262820333242416,3.010690450668335
1749220616720326000,20.520325927734376,-1.6992278099060059,-0.021087441593408585,3.1892876625061035
1749220616730316800,20.53031689453125,-1.7698255777359009,-0.4684673547744751,3.387284994125366
1749220616740307700,20.5403076171875,-1.7775391340255737,-1.1286144256591797,3.5822596549987793
1749220616750298600,20.550298583984375,-1.7393325567245483,-1.7187117338180542,3.870779514312744
1749220616760289800,20.560289794921875,-1.6121737957000732,-2.2280755043029785,4.07288932800293
1749220616770280000,20.570280029296875,-1.6108598709106445,-2.580077886581421,3.8504741191864014
1749220616780270800,20.580270751953126,-2.167836904525757,-2.586787223815918,3.2672009468078613
1749220616790261800,20.59026171875,-2.39454984664917,-3.043628454208374,2.5871520042419434
1749220616800253000,20.6002529296875,-2.080716133117676,-3.4980719089508057,2.0529069900512695
1749220616810243800,20.610243896484373,-1.525892734527588,-3.364866018295288,1.7881323099136353
1749220616820233700,20.620233642578125,-1.0774630308151245,-2.345093250274658,1.5599178075790405
1749220616830224600,20.630224609375,-0.9970462322235107,-0.5242496728897095,1.8162965774536133
1749220616840215800,20.6402158203125,-1.2620326280593872,1.3378139734268188,1.9852792024612427
1749220616850207000,20.65020703125,-1.28978431224823,1.6875452995300293,0.9386960864067078
1749220616860198000,20.660197998046876,-0.6105775833129883,0.7822614908218384,-0.7563849091529846
1749220616870189000,20.67018896484375,0.3018309473991394,-0.009640110656619072,-1.5276882648468018
1749220616880179000,20.680178955078127,1.1917507648468018,-0.5251327753067017,-1.3175243139266968
1749220616890169900,20.690169921875,2.092540979385376,-1.292917251586914,-1.063527226448059
1749220616900160800,20.700160888671874,2.7499656677246094,-2.822012186050415,-1.3341633081436157
1749220616910152000,20.71015185546875,3.183323383331299,-4.309648513793945,-2.1215250492095947
1749220616920142800,20.720142822265625,3.661850690841675,-4.724312782287598,-2.775681972503662
1749220616930133000,20.730133056640625,4.208219051361084,-4.452410697937012,-2.958630323410034
1749220616940124000,20.7401240234375,4.66540002822876,-3.7005507946014404,-2.967968225479126
1749220616950114800,20.75011474609375,5.042018413543701,-2.589622735977173,-3.123018980026245
1749220616960106000,20.76010595703125,5.2335429191589355,-0.9314888119697571,-3.4534850120544434
1749220616970097000,20.770096923828124,5.039760112762451,1.4002783298492432,-3.8547234535217285
1749220616980087800,20.780087890625,4.487218379974365,3.4743599891662598,-4.374344825744629
1749220616990077700,20.79007763671875,3.5341484546661377,4.837802410125732,-4.496876239776611
1749220617000068900,20.80006884765625,2.41207218170166,5.306051254272461,-4.121120929718018
1749220617010059800,20.810059814453126,1.505025029182434,4.465330600738525,-4.1408305168151855
1749220617020050700,20.82005078125,1.1047008037567139,3.2893993854522705,-4.5478620529174805
1749220617030041900,20.830041748046874,1.3563135862350464,3.3793892860412598,-4.767326831817627
1749220617040032000,20.840031982421873,1.7778147459030151,4.082865238189697,-4.068881511688232
1749220617050023000,20.85002294921875,1.7745201587677002,4.09584379196167,-2.988628387451172
1749220617060013800,20.860013916015625,1.1927765607833862,3.2867112159729004,-2.295858860015869
1749220617070005000,20.8700048828125,0.4645455777645111,2.4155664443969727,-2.0788042545318604
1749220617079996000,20.879995849609376,0.14936019480228424,2.0112335681915283,-2.099508285522461
1749220617089986800,20.88998681640625,0.2502143681049347,1.5169730186462402,-2.1015286445617676
1749220617099976700,20.899976806640623,0.5085442066192627,0.7363800406455994,-1.2921631336212158
1749220617109968000,20.9099677734375,0.6887187361717224,-0.20606794953346252,-0.2609322667121887
1749220617119958800,20.919958740234375,0.6129566431045532,-1.001199722290039,0.46728968620300293
1749220617129949700,20.92994970703125,0.529155969619751,-1.6711628437042236,0.7335544228553772
1749220617139940900,20.93994091796875,0.19439850747585297,-2.085984230041504,0.5242829322814941
1749220617149931000,20.949930908203125,-0.003620833856984973,-1.9515697956085205,0.3773118555545807
1749220617159922000,20.959921875,0.2738017141819,-1.2310166358947754,0.07266807556152344
1749220617169912800,20.969912841796877,0.5440675616264343,-0.26533979177474976,-0.182387113571167
1749220617179903700,20.97990380859375,0.2794335186481476,0.2319895625114441,-0.15384389460086823
1749220617189895000,20.98989501953125,-0.0931837409734726,0.24152740836143494,0.08665766566991806
1749220617199885800,20.9998857421875,-0.26544952392578125,0.2641991674900055,0.12961311638355255
1749220617209875700,21.009875732421875,-0.3235037624835968,0.39604559540748596,0.04560104012489319
1749220617219867000,21.019866943359375,-0.1859797239303589,0.4183138906955719,0.02857438661158085
1749220617229858000,21.029858154296875,-0.0178770013153553,0.2570706903934479,0.173847958445549
1749220617239849000,21.039848876953126,0.0431932769715786,-0.02869715914130211,0.3104263246059418
1749220617249839900,21.04983984375,0.04002384841442108,-0.2768973708152771,0.3472549021244049
1749220617259829800,21.059829833984374,-0.0002790992730297148,-0.354236900806427,0.33106234669685364
1749220617269821000,21.069821044921873,-0.043174102902412415,-0.25186845660209656,0.3317566215991974
1749220617279811800,21.079811767578125,-0.0786370187997818,-0.07416557520627975,0.3184719979763031
1749220617289802800,21.089802734375,-0.128515362739563,0.07019533216953278,0.29532140493392944
1749220617299794000,21.0997939453125,-0.1765262931585312,0.1231408417224884,0.2447519600391388
1749220617309783800,21.10978369140625,-0.1987069696187973,0.07717680931091309,0.1819905787706375
1749220617319775000,21.11977490234375,-0.14726029336452484,-0.02377856709063053,0.15162387490272522
1749220617329766000,21.129765869140623,-0.039751939475536346,-0.11742223054170609,0.1395363211631775
1749220617339756800,21.1397568359375,0.06919025629758835,-0.1432753950357437,0.13262462615966797
1749220617349748000,21.149748046875,0.10729076713323593,-0.08731040358543396,0.11762037128210068
1749220617359739000,21.15973876953125,0.04729454591870308,0.006286657880991697,0.07914754748344421
1749220617369728800,21.169728759765626,-0.03746694698929787,0.1371336132287979,0.04989645257592201
1749220617379719700,21.1797197265625,-0.06738463044166565,0.24798983335494995,0.05692693218588829
1749220617389710800,21.1897109375,-0.05347680673003197,0.3058187663555145,0.11013981699943542
1749220617399701800,21.19970166015625,-0.04218100756406784,0.29360899329185486,0.17038612067699432
1749220617409692700,21.209692626953125,-0.04986795783042908,0.22826166450977325,0.2022939771413803
1749220617419683800,21.219683837890624,-0.07424493879079819,0.17014430463314056,0.21789345145225525
1749220617429674000,21.229674072265624,-0.09070859849452972,0.16236254572868347,0.22488318383693695
1749220617439665000,21.239664794921875,-0.10841196030378342,0.18892624974250793,0.2351270318031311
1749220617449655800,21.24965576171875,-0.13875149190425873,0.2404261827468872,0.23327240347862244
1749220617459647000,21.25964697265625,-0.167200967669487,0.27536579966545105,0.22142186760902405
1749220617469638000,21.269637939453126,-0.18277621269226074,0.2917841970920563,0.2173568159341812
1749220617479627800,21.279627685546874,-0.17841342091560364,0.2901628613471985,0.21537409722805023
1749220617489618700,21.28961865234375,-0.15800908207893372,0.26186543703079224,0.21374396979808807
1749220617499609900,21.29960986328125,-0.14514148235321045,0.2242480218410492,0.21243903040885925
1749220617509600800,21.309600830078125,-0.1292935460805893,0.189536914229393,0.20283886790275574
1749220617519592000,21.319592041015625,-0.11489596217870712,0.14555373787879944,0.18440578877925873
1749220617529582800,21.329582763671876,-0.10639568418264389,0.12408865988254547,0.1810092031955719
1749220617539573000,21.339572998046876,-0.0913592055439949,0.12011975049972534,0.1746295988559723
1749220617549564000,21.34956396484375,-0.09164363145828247,0.13114763796329498,0.16307014226913452
1749220617559554800,21.359554931640623,-0.10279855132102966,0.1883677840232849,0.1476118266582489
1749220617569541600,21.369541748046874,-0.11367010325193405,0.2538277506828308,0.1353735327720642
1749220617579532500,21.379532470703126,-0.13504943251609802,0.2915674149990082,0.12285561859607697
1749220617589522700,21.389522705078125,-0.13757623732089996,0.31280505657196045,0.12444605678319931
1749220617599513900,21.399513916015625,-0.12251818925142288,0.29274851083755493,0.1230902373790741
1749220617609504800,21.4095048828125,-0.1083507090806961,0.23752599954605103,0.11647654324769974
1749220617619495700,21.41949560546875,-0.09288067370653152,0.16695676743984222,0.11072438210248947
1749220617629486600,21.429486572265624,-0.08138220757246017,0.11755193024873734,0.11191295087337494
1749220617639477800,21.439477783203124,-0.07019133865833282,0.09590868651866913,0.11029614508152008
1749220617649467600,21.449467529296875,-0.06636118143796921,0.09783255308866501,0.09848210215568542
1749220617659458600,21.45945849609375,-0.07291921228170395,0.10264568775892258,0.08343230932950974
1749220617669449500,21.469449462890626,-0.08497108519077301,0.113617904484272,0.08027566224336624
1749220617679440600,21.479440673828126,-0.08164000511169434,0.13423849642276764,0.08832693099975586
1749220617689431600,21.489431640625,-0.07640635967254639,0.14441576600074768,0.09111632406711578
1749220617699421700,21.499421630859374,-0.07595495134592056,0.14586558938026428,0.0924745425581932
1749220617709412600,21.50941259765625,-0.08071988075971603,0.14317552745342255,0.09106812626123428
1749220617719403800,21.51940380859375,-0.08205199241638184,0.13254499435424805,0.08612103760242462
1749220617729394700,21.529394775390625,-0.07715097814798355,0.11732875555753708,0.08995332568883896
1749220617739385600,21.539385498046876,-0.0749988779425621,0.11305944621562958,0.0847867950797081
1749220617749376800,21.549376708984376,-0.08010921627283096,0.12137462943792343,0.08163893967866898
1749220617759366700,21.55936669921875,-0.08439530432224274,0.1171596422791481,0.0757480263710022
1749220617769357600,21.569357666015627,-0.0886228084564209,0.1093219593167305,0.07552111893892288
1749220617779348700,21.5793486328125,-0.08368717133998871,0.09882165491580963,0.07408780604600906
1749220617789340000,21.58933984375,-0.08219580352306366,0.07235515862703323,0.0775776132941246
1749220617799330800,21.599330810546874,-0.08183228224515915,0.03766109049320221,0.07661488652229309
1749220617809320700,21.60932080078125,-0.06216457113623619,-0.009123989380896091,0.07909747958183289
1749220617819311600,21.6193115234375,-0.041550371795892715,-0.0402560755610466,0.07949322462081909
1749220617829302800,21.629302734375,-0.028911542147397995,-0.05648990720510483,0.07460127025842667
1749220617839293700,21.639293701171876,-0.022115688771009445,-0.06870768964290619,0.06732364743947983
1749220617849284600,21.64928466796875,-0.015973906964063644,-0.0688278004527092,0.059312060475349426
1749220617859275500,21.659275634765624,-0.006388657260686159,-0.05229169875383377,0.056534383445978165
1749220617869266000,21.669265869140624,-0.006712231319397688,-0.04463458061218262,0.04988633468747139
1749220617879256800,21.6792568359375,-0.010639861226081848,-0.04722157493233681,0.04222335293889046
1749220617889247700,21.689247802734375,-0.004381432663649321,-0.05332660302519798,0.03849918767809868
1749220617899238700,21.69923876953125,0.011841479688882828,-0.0561588779091835,0.03990214318037033
1749220617909229800,21.709229736328126,0.023558588698506355,-0.06940411031246185,0.043842021375894547
1749220617919219700,21.7192197265625,0.025680862367153168,-0.07287047803401947,0.04538878798484802
1749220617929210600,21.729210693359374,0.03388339653611183,-0.0690123587846756,0.047987233847379684
1749220617939201500,21.739201416015625,0.042276881635189056,-0.05318758636713028,0.0562150701880455
1749220617949192700,21.749192626953125,0.04421486705541611,-0.03422588109970093,0.05036357045173645
1749220617959183600,21.75918359375,0.03797055035829544,-0.03374091908335686,0.04183186963200569
1749220617969174500,21.769174560546876,0.032941173762083054,-0.036926593631505966,0.043787695467472076
1749220617979164700,21.77916455078125,0.04427878186106682,-0.03826882690191269,0.043775711208581924
1749220617989155800,21.78915576171875,0.06265166401863098,-0.05556019768118858,0.04392564669251442
1749220617999146800,21.799146728515623,0.07244516909122467,-0.07550247758626938,0.045995187014341354
1749220618009137700,21.8091376953125,0.08083226531744003,-0.0822535902261734,0.045766957104206085
1749220618019128600,21.819128662109375,0.0880369171500206,-0.08272737264633179,0.03893354907631874
1749220618029118700,21.82911865234375,0.08650612831115723,-0.10030023753643036,0.032889239490032196
1749220618039109600,21.839109619140626,0.08938553929328918,-0.10234927386045456,0.02009781077504158
1749220618049100500,21.8491005859375,0.1010453924536705,-0.08962442725896835,0.010462760925292969
1749220618059091500,21.859091552734377,0.10234235227108002,-0.07827723026275635,0.007763114292174578
1749220618069082600,21.86908251953125,0.10570885241031647,-0.06765148043632507,0.005375057924538851
1749220618079073800,21.87907373046875,0.10872248560190201,-0.07133117318153381,-0.009922938421368599
1749220618089063700,21.889063720703124,0.11818895488977432,-0.07191626727581024,-0.02142619527876377
1749220618099054600,21.8990546875,0.1291705071926117,-0.05789792165160179,-0.016820792108774185
1749220618109045800,21.909045654296875,0.1386745274066925,-0.03178083151578903,-0.017899904400110245
1749220618119036700,21.91903662109375,0.13608114421367645,-0.011327222920954227,-0.01792174205183983
1749220618129027600,21.929027587890626,0.13612107932567596,0.009438242763280869,-0.008638761937618256
1749220618139017500,21.939017578125,0.14345675706863403,0.022608906030654907,-0.007211041171103716
1749220618149008600,21.949008544921874,0.1407427340745926,0.016634903848171234,-0.0059244679287076
1749220618158999800,21.958999755859374,0.1421976238489151,0.0017068199813365936,-0.0019510318525135517
1749220618168990700,21.96899072265625,0.1513514369726181,-0.031001059338450432,-0.0018807243322953582
1749220618178982000,21.97898193359375,0.17124365270137787,-0.06160424277186394,-0.0015872439835220575
1749220618188972800,21.988972900390625,0.1823202669620514,-0.08248821645975113,-0.004067711997777224
1749220618198962700,21.998962646484376,0.18678559362888336,-0.09368787705898285,-0.010812966153025627
1749220618208953600,22.00895361328125,0.19028498232364655,-0.09131180495023727,-0.025357021018862724
1749220618218944800,22.01894482421875,0.18985462188720703,-0.08754289895296097,-0.03666027635335922
1749220618228935700,22.028935791015623,0.19512474536895752,-0.0859798863530159,-0.04246463626623154
1749220618238926600,22.038926513671875,0.20359040796756744,-0.09112618118524551,-0.06013550981879234
1749220618248916700,22.048916748046874,0.20764906704425812,-0.1018105149269104,-0.07723592966794968
1749220618258908000,22.058907958984374,0.20654571056365967,-0.11470021307468414,-0.08599933236837387
1749220618268898800,22.06889892578125,0.20863842964172363,-0.1141822338104248,-0.08595778793096542
1749220618278889700,22.0788896484375,0.21959200501441956,-0.10408538579940796,-0.08411221206188202
1749220618288880600,22.088880615234373,0.21728144586086273,-0.07862583547830582,-0.07961919158697128
1749220618298871800,22.098871826171877,0.2042974829673767,-0.06054510176181793,-0.08216650784015656
1749220618308861700,22.10886181640625,0.1937582790851593,-0.05498042702674866,-0.0845460444688797
1749220618318852600,22.1188525390625,0.19259075820446014,-0.06956096738576889,-0.09499122947454453
1749220618328843500,22.128843505859376,0.19507548213005066,-0.10458739846944809,-0.09259811043739319
1749220618338834700,22.138834716796875,0.19573648273944855,-0.1400793492794037,-0.0991944968700409
1749220618348825600,22.14882568359375,0.19904546439647675,-0.15120363235473633,-0.09889356046915054
1749220618358815700,22.158815673828126,0.20349879562854767,-0.13926094770431519,-0.10436848551034927
1749220618368806700,22.168806640625,0.2031797468662262,-0.11291296780109406,-0.1100548654794693
1749220618378797800,22.1787978515625,0.19171616435050964,-0.07080865651369095,-0.11845580488443375
1749220618388788700,22.188788818359374,0.18526919186115265,-0.044492099434137344,-0.12920857965946198
1749220618398779600,22.198779541015625,0.17857107520103455,-0.04327423870563507,-0.14549434185028076
1749220618408770600,22.2087705078125,0.18138444423675537,-0.05066344514489174,-0.15670998394489288
1749220618418760700,22.2187607421875,0.182724267244339,-0.039748210459947586,-0.14328765869140625
1749220618428751600,22.228751708984376,0.17651325464248657,-0.015922507271170616,-0.144428551197052
1749220618438742500,22.238742431640624,0.16320383548736572,0.012259862385690212,-0.14217925071716309
1749220618448733700,22.248733642578124,0.14700622856616974,0.05301261693239212,-0.13844603300094604
1749220618458724900,22.258724853515623,0.13898532092571259,0.08720600605010986,-0.12793906033039093
1749220618468714800,22.26871484375,0.1344350427389145,0.08622623234987259,-0.12520505487918854
1749220618478705700,22.27870556640625,0.13218359649181366,0.04320872202515602,-0.12316533923149109
1749220618488696600,22.288696533203126,0.1404324769973755,-0.0051652006804943085,-0.12168701738119125
1749220618498687700,22.298687744140626,0.15713822841644287,-0.037211284041404724,-0.10737226158380508
1749220618508678700,22.3086787109375,0.16596846282482147,-0.052085306495428085,-0.09835666418075562
1749220618518669600,22.318669677734373,0.1651918888092041,-0.048943307250738144,-0.09154562652111053
1749220618528659500,22.328659423828125,0.1521354764699936,-0.04224492609500885,-0.08809337019920349
1749220618538650600,22.338650634765624,0.13943246006965637,-0.027517111971974373,-0.07932358235120773
1749220618548641800,22.348641845703124,0.1397605687379837,-0.01872042380273342,-0.0644647404551506
1749220618558632700,22.3586328125,0.1384343057870865,-0.017315341159701347,-0.05006210133433342
1749220618568623000,22.368623046875,0.13111567497253418,-0.018316423520445824,-0.03627198562026024
1749220618578613200,22.37861328125,0.12411715090274811,-0.016564860939979553,-0.023737553507089615
1749220618588604200,22.388604248046875,0.1276056319475174,-0.010518155060708523,-0.008169779554009438
1749220618598595000,22.398594970703126,0.12999394536018372,-0.0012871057260781527,0.0013054815353825688
1749220618608586000,22.4085859375,0.12942562997341156,0.0140143521130085,0.013118731789290905
1749220618618577200,22.4185771484375,0.12306919693946838,0.03546451777219772,0.020117785781621933
1749220618628568000,22.428568115234373,0.11973492056131363,0.053945258259773254,0.018202705308794975
1749220618638558200,22.43855810546875,0.12243856489658356,0.07242625951766968,0.012555738911032677
1749220618648549000,22.448549072265624,0.12828074395656586,0.08388131856918335,0.007595069240778685
1749220618658540300,22.458540283203124,0.13579005002975464,0.07669797539710999,-0.0062547000125050545
1749220618668531200,22.46853125,0.14767920970916748,0.052314601838588715,-0.017621871083974838
1749220618678522000,22.478522216796875,0.1592666208744049,0.04062279313802719,-0.03388579562306404
1749220618688512000,22.488511962890627,0.16790059208869934,0.026809243485331535,-0.047621846199035645
1749220618698503200,22.498503173828126,0.17928001284599304,0.0010492854053154588,-0.05783214047551155
1749220618708494000,22.508494140625,0.19465763866901398,-0.021266939118504524,-0.06118372827768326
1749220618718485000,22.518485107421874,0.20399414002895355,-0.02816186286509037,-0.06241384148597717
1749220618728476200,22.52847607421875,0.20416618883609772,-0.03129800036549568,-0.06489697098731995
1749220618738467300,22.53846728515625,0.19947555661201477,-0.04766206070780754,-0.06847412884235382
1749220618748457200,22.548457275390625,0.19367173314094543,-0.051832038909196854,-0.06586796045303345
1749220618758448000,22.5584482421875,0.1868622899055481,-0.0396462120115757,-0.06726958602666855
1749220618768439300,22.568439208984376,0.17878545820713043,-0.0251021571457386,-0.06917161494493484
1749220618778430200,22.57843017578125,0.16200780868530273,0.008292018435895443,-0.06897614151239395
1749220618788421000,22.588421142578124,0.13492798805236816,0.033370740711688995,-0.07679198682308197
1749220618798411000,22.598410888671875,0.11289486289024353,0.059244416654109955,-0.08458598703145981
1749220618808402200,22.608402099609375,0.1110554113984108,0.09867490828037262,-0.08868273347616196
1749220618818393300,22.618393310546875,0.12300661951303482,0.11336863785982132,-0.09104016423225403
1749220618828384300,22.62838427734375,0.13220730423927307,0.10174313932657242,-0.09181433916091919
1749220618838375200,22.638375244140626,0.14383573830127716,0.08440542966127396,-0.09975136071443558
1749220618848365000,22.648364990234374,0.1509130746126175,0.07845326513051987,-0.10466969013214111
1749220618858356200,22.658356201171873,0.14508582651615143,0.09065107256174088,-0.1114058867096901
1749220618868347100,22.66834716796875,0.12931165099143982,0.10291732847690582,-0.10980665683746338
1749220618878338000,22.678338134765625,0.12281513214111328,0.1131284162402153,-0.10745348781347275
1749220618888329200,22.6883291015625,0.11308448016643524,0.13406246900558472,-0.08887474238872528
1749220618898320100,22.698320068359376,0.10156098008155823,0.1410311609506607,-0.07000358402729034
1749220618908310300,22.708310302734375,0.08228182047605515,0.12618376314640045,-0.060867346823215485
1749220618918301200,22.71830126953125,0.06659500300884247,0.11650610715150833,-0.043060652911663055
1749220618928292400,22.728292236328127,0.05977118760347366,0.11578945070505142,-0.023007048293948174
1749220618938283300,22.738283203125,0.0539548434317112,0.12200500071048737,0.0003046656202059239
1749220618948274200,22.748274169921874,0.03494999557733536,0.12742853164672852,0.009064069017767906
1749220618958264000,22.75826416015625,0.015691878274083138,0.16078755259513855,0.029087044298648834
1749220618968255200,22.768255126953125,0.006334861274808645,0.19236359000205994,0.0513761043548584
1749220618978246100,22.77824609375,-0.0001930791768245399,0.2199864238500595,0.061943527311086655
1749220618988237000,22.788237060546876,-0.005056543741375208,0.24051247537136078,0.07282494008541107
1749220618998228000,22.79822802734375,-0.008452074602246284,0.27469602227211,0.09173018485307693
1749220619008219100,22.80821923828125,-0.010354636237025261,0.3281129002571106,0.10674642026424408
1749220619018209300,22.818209228515624,-0.014158695936203003,0.3634810149669647,0.12168888747692108
1749220619028200200,22.8282001953125,-0.02113031968474388,0.38340306282043457,0.13146668672561646
1749220619038191000,22.838191162109375,-0.024405473843216896,0.3982355296611786,0.13004055619239807
1749220619048182300,22.848182373046875,-0.032290294766426086,0.4191085696220398,0.12225960195064545
1749220619058173200,22.858173095703126,-0.0443328432738781,0.43871796131134033,0.12388146668672562
1749220619068163000,22.8681630859375,-0.05246773362159729,0.4563552737236023,0.12579122185707092
1749220619078154000,22.878154052734374,-0.05417801812291145,0.46870091557502747,0.1257675141096115
1749220619088145200,22.888145263671873,-0.04538425803184509,0.46386754512786865,0.12950153648853302
1749220619098136000,22.898135986328125,-0.0355481393635273,0.42599204182624817,0.13209810853004456
1749220619108127200,22.908127197265625,-0.027469174936413765,0.3601248860359192,0.11161734163761139
1749220619118118400,22.918118408203124,-0.04042678326368332,0.3152455687522888,0.07635842263698578
1749220619128108300,22.9281083984375,-0.06686265021562576,0.28541630506515503,0.031097466126084328
1749220619138099200,22.93809912109375,-0.09113577008247375,0.25550606846809387,-0.032044485211372375
1749220619148090000,22.948090087890623,-0.09126333147287369,0.22404082119464874,-0.09629298001527786
1749220619158081300,22.958081298828127,-0.0915064811706543,0.2387278825044632,-0.1507359892129898
1749220619168072200,22.968072265625,-0.11720491945743561,0.2595210373401642,-0.18809400498867035
1749220619178062000,22.97806201171875,-0.13101314008235931,0.2624361515045166,-0.22755485773086548
1749220619188053200,22.98805322265625,-0.12098181247711182,0.27008235454559326,-0.24755945801734924
1749220619198044200,22.998044189453125,-0.09789194166660309,0.26376640796661377,-0.226842999458313
1749220619208035300,23.008035400390625,-0.06310706585645676,0.2529350519180298,-0.18120227754116058
1749220619218026200,23.018026123046877,-0.032765403389930725,0.2544988691806793,-0.14009319245815277
1749220619228017200,23.02801708984375,-0.01794145070016384,0.2749505937099457,-0.1127513125538826
1749220619238007000,23.038007080078124,-0.02111753635108471,0.3131161034107208,-0.09093017131090164
1749220619247998200,23.047998291015624,-0.06939372420310974,0.37146276235580444,-0.07094048708677292
1749220619257989000,23.057989013671875,-0.14883928000926971,0.3808717131614685,-0.08509331941604614
1749220619267980000,23.06797998046875,-0.20793908834457397,0.3549636900424957,-0.1290791630744934
1749220619277971200,23.07797119140625,-0.21389231085777283,0.3310849964618683,-0.1566023975610733
1749220619287961300,23.08796142578125,-0.17057307064533234,0.2548956871032715,-0.15162494778633118
1749220619297952300,23.0979521484375,-0.12594380974769592,0.13087572157382965,-0.15448623895645142
1749220619307943200,23.107943115234374,-0.07548170536756516,0.022171348333358765,-0.17854151129722595
1749220619317934300,23.117934326171873,-0.009981794282793999,-0.044491566717624664,-0.1963213086128235
1749220619327925200,23.12792529296875,0.046782683581113815,-0.079535573720932,-0.20314300060272217
1749220619337915100,23.1379150390625,0.08280220627784729,-0.08109644800424576,-0.21538980305194855
1749220619347906000,23.147906005859376,0.09049820899963379,-0.05734851211309433,-0.23354990780353546
1749220619357897200,23.157897216796876,0.1006978452205658,-0.012888900935649872,-0.2555673122406006
1749220619367888100,23.16788818359375,0.09086225926876068,0.054252587258815765,-0.2616742253303528
1749220619377879000,23.177879150390623,0.06722058355808258,0.11560489237308502,-0.2627253532409668
1749220619387870000,23.187869873046875,0.04977687820792198,0.13950437307357788,-0.2577705681324005
1749220619397860400,23.1978603515625,0.038477882742881775,0.12516804039478302,-0.23692359030246735
1749220619407851300,23.207851318359374,0.03409751504659653,0.07157804816961288,-0.21637651324272156
1749220619417842200,23.21784228515625,0.040519196540117264,-0.03653910383582115,-0.19106103479862213
1749220619427833000,23.2278330078125,0.046605851501226425,-0.16117344796657562,-0.17651298642158508
1749220619437824300,23.23782421875,0.04066247493028641,-0.25598037242889404,-0.16277027130126953
1749220619447814100,23.247814208984376,0.0196679774671793,-0.2852517068386078,-0.1463303118944168
1749220619457805000,23.25780517578125,-0.004457332659512758,-0.23459146916866302,-0.13769741356372833
1749220619467796000,23.2677958984375,-0.02412158064544201,-0.12404125183820724,-0.13380414247512817
1749220619477787100,23.277787109375,-0.03870478644967079,0.009812416508793831,-0.1235072910785675
1749220619487778300,23.2877783203125,-0.04669719934463501,0.13274019956588745,-0.113187275826931
1749220619497769200,23.297769287109375,-0.04380900040268898,0.22664032876491547,-0.11093184351921082
1749220619507759000,23.307759033203126,-0.04110908508300781,0.2593673765659332,-0.11362536251544952
1749220619517750300,23.317750244140626,-0.02750725857913494,0.23192644119262695,-0.11642807722091675
1749220619527741200,23.3277412109375,-0.011530422605574131,0.14716202020645142,-0.12604022026062012
1749220619537732000,23.337732177734374,0.0024730113800615072,0.03200027719140053,-0.13485555350780487
1749220619547723300,23.34772314453125,0.011136806569993496,-0.06924591958522797,-0.1403302103281021
1749220619557713200,23.357713134765625,0.01823066920042038,-0.13167519867420197,-0.1426151990890503
1749220619567704300,23.367704345703125,0.015051387250423431,-0.15830308198928833,-0.13988599181175232
1749220619577695500,23.377695556640624,0.005052282940596342,-0.1419890969991684,-0.12827301025390625
1749220619587686700,23.387686767578124,0.005561745725572109,-0.0930633619427681,-0.12000416964292526
1749220619597677600,23.397677490234376,0.005271993577480316,-0.04486920312047005,-0.1113869771361351
1749220619607668500,23.40766845703125,-0.006339388433843851,-0.02064003050327301,-0.10527236014604568
1749220619617658400,23.417658447265627,-0.01233176700770855,-0.006838198751211166,-0.09293287247419357
1749220619627649500,23.4276494140625,-0.013600763864815235,-0.009046225808560848,-0.08564326167106628
1749220619637640400,23.437640380859374,-0.021374264732003212,-0.03111371025443077,-0.0831311047077179
1749220619647631400,23.44763134765625,-0.02521906979382038,-0.058701131492853165,-0.07271575182676315
1749220619657622300,23.457622314453126,-0.02809102274477482,-0.07272480428218842,-0.07316689193248749
1749220619667612400,23.4676123046875,-0.025775404646992683,-0.07500819861888885,-0.06998787075281143
1749220619677603600,23.477603515625,-0.02640630677342415,-0.06827093660831451,-0.0667119175195694
1749220619687594500,23.487594482421876,-0.018037056550383568,-0.04882106930017471,-0.07964209467172623
1749220619697585400,23.49758544921875,0.09932579100131989,0.047385625541210175,-0.18868495523929596
1749220619707576600,23.50757666015625,0.08911203593015671,-0.17080263793468475,-0.2727758586406708
1749220619717567500,23.5175673828125,0.05693119391798973,-0.3414854407310486,-0.28285592794418335
1749220619727557400,23.527557373046875,0.10825350135564804,-0.24296151101589203,-0.2917029559612274
1749220619737548300,23.53754833984375,0.15976835787296295,-0.17256218194961548,-0.1523895412683487
1749220619747539500,23.54753955078125,0.11844834685325623,-0.18597839772701263,-0.03543016314506531
1749220619757530400,23.5575302734375,0.0388355478644371,-0.2248099446296692,-0.013158146291971207
1749220619767521300,23.567521240234374,0.020660005509853363,-0.126682311296463,-0.03603043779730797
1749220619777511400,23.577511474609373,-0.029166141524910927,0.005918076727539301,-0.028843099251389503
1749220619787502600,23.587502685546873,-0.023682693019509315,-0.01672331988811493,-0.04186782240867615
1749220619797493500,23.597493408203125,-0.06727224588394165,0.0559556782245636,0.001919340225867927
1749220619807484400,23.607484375,-0.07454560697078705,0.12074319273233414,0.021262677386403084
1749220619817475300,23.617475341796876,-0.1205221563577652,0.16530320048332214,0.03581498935818672
1749220619827465500,23.627465576171875,-0.20382024347782135,0.18261854350566864,0.05180034786462784
1749220619837456400,23.637456298828123,-0.26451101899147034,0.23632492125034332,0.04138578847050667
1749220619847447300,23.647447265625,-0.29318952560424805,0.31722989678382874,0.04053837060928345
1749220619857438200,23.657438232421875,-0.2648063600063324,0.34081190824508667,0.06229080632328987
1749220619867429400,23.667429443359374,-0.25444987416267395,0.33781373500823975,0.0743328183889389
1749220619877420500,23.677420654296874,-0.2359030693769455,0.24507606029510498,0.04777311533689499
1749220619887410400,23.687410400390625,-0.14966432750225067,0.14344051480293274,-0.04153332859277725
1749220619897401300,23.6974013671875,-0.06902088224887848,-0.003950266633182764,-0.11943957954645157
1749220619907392500,23.707392578125,0.01047314703464508,-0.1629718691110611,-0.12284016609191895
1749220619917383400,23.717383544921876,0.020184364169836044,-0.11860228329896927,-0.04051094129681587
1749220619927374300,23.727374267578124,-0.041904039680957794,-0.06930424273014069,0.03941451758146286
1749220619937364200,23.7373642578125,0.01714569702744484,0.18425320088863373,0.05886251851916313
1749220619947355400,23.74735546875,0.1492920219898224,0.22809149324893951,-0.048474859446287155
1749220619957346600,23.7573466796875,0.17620272934436798,0.19410529732704163,-0.1261126548051834
1749220619967337500,23.76733740234375,0.196468323469162,0.036309804767370224,-0.19986437261104584
1749220619977328600,23.77732861328125,0.09379040449857712,-0.0013382384786382318,-0.22803530097007751
1749220619987319600,23.787319580078126,0.17934472858905792,-0.042818304151296616,-0.1699560135602951
1749220619997309400,23.797309326171874,0.08197209984064102,-0.05704810470342636,-0.06651511043310165
1749220620007300400,23.80730029296875,-0.08050602674484253,-0.03789838030934334,0.07023448497056961
1749220620017291500,23.81729150390625,-0.23512010276317596,0.022613700479269028,0.16904202103614807
1749220620027282400,23.827282470703125,-0.37624847888946533,0.13176842033863068,0.27536261081695557
1749220620037273300,23.8372734375,-0.4954531490802765,0.2251470983028412,0.38013720512390137
1749220620047263500,23.847263427734376,-0.5956298112869263,0.2768299877643585,0.5193811058998108
1749220620057254400,23.85725439453125,-0.6805292367935181,0.3026394844055176,0.6229503750801086
1749220620067245600,23.86724560546875,-0.7260677218437195,0.17247456312179565,0.7097311019897461
1749220620077236500,23.877236572265623,-0.6514278650283813,0.08519186079502106,0.7445079684257507
1749220620087227400,23.887227294921875,-0.8451768159866333,0.13799062371253967,0.7846447229385376
1749220620097218600,23.897218505859374,-0.8799062967300415,0.014703844673931599,0.781775712966919
1749220620107208400,23.90720849609375,-1.207945704460144,0.4068431258201599,0.625160813331604
1749220620117199400,23.917199462890625,-1.0385515689849854,0.4885238707065582,0.5781264901161194
1749220620127190300,23.927190185546873,-0.6537144184112549,0.03453054651618004,0.8573328256607056
1749220620137181400,23.937181396484377,-0.7132246494293213,0.35646864771842957,0.8243703246116638
1749220620147172400,23.94717236328125,-0.6763339638710022,0.23203429579734802,0.6635987758636475
1749220620157162500,23.95716259765625,-0.8482639193534851,-0.2529073655605316,0.7934584617614746
1749220620167153400,23.9671533203125,-0.6668515205383301,-0.13294926285743713,0.5057715773582458
1749220620177144600,23.97714453125,-0.7373272776603699,-0.033123333007097244,0.3941161334514618
1749220620187135500,23.987135498046875,-0.6355847120285034,-0.15137992799282074,0.4111803472042084
1749220620197126400,23.99712646484375,-0.4170939028263092,-0.09161220490932465,0.2718043625354767
1749220620207116300,24.0071162109375,-0.2937469184398651,-0.06089983507990837,0.19783131778240204
1749220620217107500,24.017107421875,-0.5782801508903503,0.18576161563396454,0.2119804322719574
1749220620227098400,24.027098388671874,-0.6057594418525696,-0.029878269881010056,0.38895758986473083
1749220620237089300,24.03708935546875,-0.6975908279418945,0.20023109018802643,0.5259636640548706
1749220620247080400,24.04708056640625,-0.46192315220832825,0.1937449723482132,0.5936942100524902
1749220620257071600,24.057071533203125,0.0014101437991485,0.9405182600021362,0.834150493144989
1749220620267061500,24.0670615234375,0.19210153818130493,1.2134323120117188,0.9959407448768616
1749220620277052400,24.077052490234376,-0.025307487696409225,0.9737763404846191,1.257432222366333
1749220620287043300,24.087043212890624,-0.25356224179267883,0.7492353320121765,1.3997241258621216
1749220620297034500,24.097034423828124,-0.4844801425933838,1.0168551206588745,1.3931946754455566
1749220620307025400,24.107025390625,-0.4819464087486267,0.9393041133880615,1.6967816352844238
1749220620317015300,24.117015380859375,-0.4250764548778534,0.9839357733726501,1.8125112056732178
1749220620327006500,24.12700634765625,-0.2610073685646057,0.9533666372299194,1.9714547395706177
1749220620336997600,24.13699755859375,-0.2255798578262329,0.930908203125,2.3841629028320312
1749220620346988500,24.146988525390626,-0.24277269840240479,0.9221450686454773,2.570436954498291
1749220620356979500,24.1569794921875,-0.23226545751094818,1.0908656120300293,2.7190592288970947
1749220620366970600,24.166970703125,-0.27163657546043396,1.2005341053009033,2.705965042114258
1749220620376960500,24.17696044921875,-0.48237329721450806,1.764991044998169,2.3039581775665283
1749220620386951400,24.186951416015624,-0.5543177723884583,2.133115291595459,1.597976803779602
1749220620396942300,24.1969423828125,-0.15756778419017792,1.7393968105316162,0.48930391669273376
1749220620406933500,24.20693359375,0.4327479600906372,1.8078498840332031,-0.550817608833313
1749220620416924400,24.21692431640625,1.4849655628204346,1.75765860080719,-1.1581525802612305
1749220620426914600,24.22691455078125,2.619901180267334,1.5532828569412231,-1.4368773698806763
1749220620436905500,24.236905517578126,3.2910661697387695,1.4674164056777954,-1.5710551738739014
1749220620446896400,24.246896484375,3.4744341373443604,1.276764154434204,-1.6887799501419067
1749220620456887600,24.256887451171874,3.3264665603637695,1.1818722486495972,-1.8300046920776367
1749220620466878500,24.26687841796875,3.1108803749084473,1.2641490697860718,-1.8994183540344238
1749220620476869400,24.276869384765625,3.045348644256592,1.625563383102417,-1.808693289756775
1749220620486859300,24.286859375,3.062145233154297,2.1092536449432373,-1.5878381729125977
1749220620496850400,24.296850341796876,3.1695358753204346,2.5378034114837646,-1.304621934890747
1749220620506841300,24.30684130859375,3.4344170093536377,2.796055555343628,-1.0490902662277222
1749220620516832300,24.316832275390624,3.7633819580078125,2.8970515727996826,-0.8872520923614502
1749220620526823400,24.326823486328124,4.039912700653076,2.9497194290161133,-0.829965353012085
1749220620536813600,24.3368134765625,4.04911470413208,2.962024211883545,-0.8959878087043762
1749220620546804500,24.346804443359375,3.6407480239868164,2.9666690826416016,-0.9640989303588867
1749220620556795400,24.35679541015625,3.215742826461792,2.6582562923431396,-0.9995725154876709
1749220620566786800,24.366786865234374,2.9898223876953125,2.487251043319702,-1.0249940156936646
1749220620576777700,24.37677783203125,3.158144950866699,2.5956552028656006,-1.0776889324188232
1749220620586769000,24.386768798828125,3.73160982131958,3.3224666118621826,-1.1946372985839844
1749220620596758800,24.3967587890625,4.033949851989746,4.062187671661377,-1.2548905611038208
1749220620606749700,24.406749755859376,4.3153228759765625,4.236971378326416,-1.0713316202163696
1749220620616740600,24.41674072265625,4.2228899002075195,3.647787570953369,-0.7308204174041748
1749220620626731800,24.426731689453124,3.8883979320526123,2.904416084289551,-0.4048241972923279
1749220620636722700,24.43672265625,3.712692975997925,2.5404622554779053,-0.23114266991615295
1749220620646712800,24.446712890625,3.538600206375122,2.826411247253418,-0.13099077343940735
1749220620656703700,24.456703857421875,3.3744826316833496,3.359551429748535,-0.05687100440263748
1749220620666695000,24.46669482421875,3.2676451206207275,4.049656867980957,-0.09263832122087479
1749220620676685800,24.476685791015626,3.2597274780273438,4.793827533721924,-0.20894736051559448
1749220620686676700,24.4866767578125,3.224865436553955,5.186724662780762,-0.3229386508464813
1749220620696666600,24.49666650390625,2.9852821826934814,5.107230186462402,-0.40386971831321716
1749220620706657800,24.50665771484375,1.8170864582061768,5.787435531616211,-1.888641119003296
1749220620716648700,24.516648681640625,0.9443108439445496,5.257533550262451,-2.6266238689422607
1749220620726639900,24.526639892578125,0.5868845582008362,4.691154956817627,-2.6412789821624756
1749220620736631000,24.536631103515624,0.47517210245132446,4.431484222412109,-2.316185474395752
1749220620746622000,24.5466220703125,0.46262064576148987,5.124351501464844,-2.0035817623138428
1749220620756611800,24.55661181640625,0.6762463450431824,6.10791015625,-1.939606785774231
1749220620766602800,24.566602783203123,0.9459289908409119,6.520345211029053,-1.8841968774795532
1749220620776593700,24.57659375,1.1822456121444702,5.560458660125732,-2.0722217559814453
1749220620786584800,24.586584716796875,1.3392608165740967,4.2730207443237305,-2.052286148071289
1749220620796575700,24.59657568359375,1.4235783815383911,3.6967427730560303,-1.7231783866882324
1749220620806566000,24.60656591796875,1.46328604221344,3.7929131984710693,-1.2900993824005127
1749220620816556800,24.616556884765625,1.5333688259124756,3.9494850635528564,-0.9530712962150574
1749220620826548000,24.6265478515625,1.4775803089141846,3.814502000808716,-0.7574338912963867
1749220620836539000,24.636538818359377,1.3599448204040527,3.621889352798462,-0.6702369451522827
1749220620846529800,24.64652978515625,1.2588146924972534,3.392160415649414,-0.6722788214683533
1749220620856521000,24.65652099609375,1.1896507740020752,3.1417298316955566,-0.7236083149909973
1749220620866510800,24.6665107421875,1.1790248155593872,2.820347309112549,-0.8169826865196228
1749220620876501800,24.676501708984375,1.2040034532546997,2.3962576389312744,-0.9343956112861633
1749220620886492700,24.68649267578125,1.2496638298034668,1.982336163520813,-1.0475187301635742
1749220620896483800,24.69648388671875,1.3640676736831665,1.8271511793136597,-1.1156426668167114
1749220620906474800,24.706474853515626,1.4291683435440063,1.6670796871185303,-1.0672780275344849
1749220620916465000,24.71646484375,1.451896071434021,1.6595906019210815,-0.9229983687400818
1749220620926455800,24.726455810546874,1.4564253091812134,1.8175075054168701,-0.6989157199859619
1749220620936447000,24.736447021484373,1.4297150373458862,1.9642813205718994,-0.46665826439857483
1749220620946438000,24.74643798828125,1.3584678173065186,1.9669500589370728,-0.2890706956386566
1749220620956428800,24.7564287109375,1.2618941068649292,1.837592601776123,-0.18018095195293427
1749220620966419700,24.766419677734376,1.124638557434082,1.573784589767456,-0.11022743582725525
1749220620976409900,24.776409912109376,0.9523817896842957,1.2827317714691162,-0.03044072911143303
1749220620986400800,24.78640087890625,0.8782615065574646,1.0755889415740967,0.06257177144289017
1749220620996391700,24.7963916015625,0.8498924374580383,1.0121479034423828,0.15008564293384552
1749220621006382600,24.806382568359375,0.8579280376434326,1.0191776752471924,0.25178003311157227
1749220621016373800,24.816373779296875,0.8436399102210999,0.9956291317939758,0.3485150933265686
1749220621026364000,24.826364013671874,0.8172620534896851,0.9245520234107971,0.43304598331451416
1749220621036354800,24.836354736328126,0.7978990077972412,0.8395364880561829,0.49142271280288696
1749220621046345700,24.846345703125,0.7803367972373962,0.801261305809021,0.4988385736942291
1749220621056337000,24.8563369140625,0.7597580552101135,0.803295910358429,0.4362678527832031
1749220621066327800,24.866327880859377,0.7366124987602234,0.8218597769737244,0.310041218996048
1749220621076318700,24.876318603515625,0.7155828475952148,0.8651968240737915,0.15734727680683136
1749220621086308600,24.88630859375,0.7180808782577515,0.9120780825614929,-0.0021787320729345083
1749220621096299800,24.8962998046875,0.7506406903266907,0.9883046746253967,-0.11585256457328796
1749220621106291000,24.906291015625,0.7788174748420715,1.1252350807189941,-0.14095072448253632
1749220621116281900,24.91628173828125,0.7875002026557922,1.3353110551834106,-0.013516874052584171
1749220621126273000,24.92627294921875,0.7078309059143066,1.5194628238677979,0.2653014361858368
1749220621136263000,24.936262939453126,0.6213256120681763,1.4942679405212402,0.3879637122154236
1749220621146253800,24.94625390625,0.5347105264663696,1.32749605178833,0.4154571294784546
1749220621156244700,24.95624462890625,0.4998103380203247,1.1261121034622192,0.36219149827957153
1749220621166235600,24.966235595703125,0.48380422592163086,0.9212247133255005,0.22659452259540558
1749220621176226800,24.976226806640625,0.5059766173362732,0.805672287940979,0.026998860761523247
1749220621186216700,24.986216796875,0.5151557326316833,0.8125118017196655,-0.15448251366615295
1749220621196207900,24.996207763671876,0.47351881861686707,0.8910534977912903,-0.267935574054718
1749220621206198800,25.00619873046875,0.4506465196609497,1.0590704679489136,-0.2605743408203125
1749220621216190000,25.01618994140625,0.4517078101634979,1.2550668716430664,-0.144000843167305
1749220621226180900,25.026180908203123,0.49756744503974915,1.2759761810302734,-0.030531011521816254
1749220621236171800,25.036171875,0.567102313041687,1.096113920211792,0.02148505114018917
1749220621246161700,25.04616162109375,0.6569781303405762,0.8879298567771912,0.03533908352255821
1749220621256152800,25.05615283203125,0.7255862355232239,0.7129207849502563,0.035766251385211945
1749220621266143700,25.066143798828126,0.7502657175064087,0.5264062881469727,0.01841629110276699
1749220621276134700,25.076134765625,0.7557015419006348,0.31968453526496887,-0.03211905434727669
1749220621286125800,25.086125732421873,0.7693797945976257,0.16488322615623474,-0.05776103585958481
1749220621296116000,25.096115966796877,0.7583540081977844,0.07491232454776764,-0.04981203004717827
1749220621306107000,25.10610693359375,0.7126193046569824,0.0346786193549633,-0.014463894069194794
1749220621316097800,25.116097900390624,0.6384958028793335,0.03725948929786682,0.02616875246167183
1749220621326089000,25.1260888671875,0.5660601854324341,0.05720656365156174,0.06510043889284134
1749220621336080000,25.136079833984375,0.5306590795516968,0.08406241238117218,0.11134357005357742
1749220621346070800,25.14607080078125,0.5223729014396667,0.09850313514471054,0.1755867302417755
1749220621356060700,25.156060791015626,0.5314311385154724,0.07099614292383194,0.25033074617385864
1749220621366051800,25.1660517578125,0.5333725810050964,0.002257561543956399,0.33364561200141907
1749220621376042800,25.176042724609374,0.5209119319915771,-0.10838399827480316,0.40373414754867554
1749220621386033700,25.18603369140625,0.499489963054657,-0.20680564641952515,0.42775267362594604
1749220621396024600,25.196024658203125,0.48900991678237915,-0.2495509684085846,0.3968717157840729
1749220621406015000,25.206014892578125,0.48841041326522827,-0.24212580919265747,0.3254537284374237
1749220621416006000,25.216005859375,0.4889739453792572,-0.24233832955360413,0.23747779428958893
1749220621425996800,25.225996826171876,0.4898408055305481,-0.2586171627044678,0.17645412683486938
1749220621435987700,25.23598779296875,0.5017512440681458,-0.2706277668476105,0.16986067593097687
1749220621445979000,25.245978759765624,0.5286087393760681,-0.2834085524082184,0.18142305314540863
1749220621455969800,25.2559697265625,0.5682613253593445,-0.2725771963596344,0.19666379690170288
1749220621465959700,25.265959716796875,0.6016525626182556,-0.2337443083524704,0.20466792583465576
1749220621475950600,25.27595068359375,0.6159923672676086,-0.13304699957370758,0.1987951248884201
1749220621485941800,25.285941650390626,0.6084367036819458,0.02521880343556404,0.2094472348690033
1749220621495933000,25.295932861328126,0.5844866037368774,0.2192404717206955,0.2562195360660553
1749220621505923800,25.305923828125,0.5624217987060547,0.38617727160453796,0.34431371092796326
1749220621515913700,25.315913818359373,0.5514016151428223,0.4851725399494171,0.44226211309432983
1749220621525905000,25.32590478515625,0.5437818169593811,0.4968926012516022,0.5126665234565735
1749220621535895800,25.335895751953124,0.5316370129585266,0.43980827927589417,0.5675854086875916
1749220621545886700,25.34588671875,0.5235721468925476,0.291214257478714,0.5873005390167236
1749220621555877600,25.355877685546876,0.5173797607421875,0.09690231084823608,0.5646524429321289
1749220621565868800,25.365868896484375,0.5224725008010864,-0.08336386829614639,0.4939221143722534
1749220621575862800,25.37586279296875,0.5100568532943726,-0.20654438436031342,0.3789196312427521
1749220621585853700,25.385853759765624,0.4960305392742157,-0.27223312854766846,0.23565326631069183
1749220621595844900,25.395844970703124,0.4886471927165985,-0.28953540325164795,0.079032763838768
1749220621605836000,25.4058359375,0.4620549976825714,-0.2577327489852905,-0.04471127688884735
1749220621615827000,25.415826904296875,0.35610803961753845,-0.17314648628234863,-0.10774510353803635
1749220621625816800,25.42581689453125,0.2727700173854828,-0.05047249421477318,-0.08493593335151672
1749220621635807700,25.435807861328126,0.23063774406909943,-0.011710718274116516,-0.01581384986639023
1749220621645799000,25.445798828125,0.20456139743328094,-0.12240554392337799,0.04185983166098595
1749220621655789800,25.455789794921873,0.1852380335330963,-0.2990005612373352,0.06998573988676071
1749220621665780700,25.46578076171875,0.15246224403381348,-0.42869889736175537,0.0533662848174572
1749220621675771000,25.47577099609375,0.111721470952034,-0.43430909514427185,-0.0023422501981258392
1749220621685761800,25.48576171875,0.0819912701845169,-0.35610485076904297,-0.09161274135112762
1749220621695753000,25.4957529296875,0.07123582810163498,-0.24567767977714539,-0.18600182235240936
1749220621705744000,25.505743896484375,0.056482717394828796,-0.08649680763483047,-0.2308260202407837
1749220621715734800,25.51573486328125,0.03684190288186073,0.09451984614133835,-0.21806681156158447
1749220621725726000,25.525725830078127,0.019897008314728737,0.23764264583587646,-0.18147578835487366
1749220621735715800,25.5357158203125,0.0183491799980402,0.3287810683250427,-0.131930872797966
1749220621745706800,25.545706787109374,0.03125246241688728,0.4292981028556824,-0.038670964539051056
1749220621755697700,25.55569775390625,-0.05771869048476219,0.595345139503479,0.32281985878944397
1749220621765688800,25.565688720703125,-0.09874521940946579,0.4607851803302765,0.3504940867424011
1749220621775679700,25.5756796875,-0.14773939549922943,0.21765455603599548,0.2541947364807129
1749220621785670000,25.585669921875,-0.1120181456208229,-0.019223496317863464,0.06727011501789093
1749220621795660800,25.595660888671876,-0.06463705003261566,-0.2077191025018692,-0.08681745082139969
1749220621805652000,25.60565185546875,-0.054605722427368164,-0.2432190477848053,-0.19084957242012024
1749220621815643000,25.615642822265624,-0.09121593087911606,-0.11635962873697281,-0.18948736786842346
1749220621825633800,25.6256337890625,-0.16024187207221985,0.07740238308906555,-0.08483792841434479
1749220621835624700,25.635624755859375,-0.23509320616722107,0.22405201196670532,0.059667058289051056
1749220621845612800,25.64561279296875,-0.278472900390625,0.24523772299289703,0.18705058097839355
1749220621855603700,25.655603759765626,-0.27151167392730713,0.17358644306659698,0.29631343483924866
1749220621865593900,25.66559375,-0.25523602962493896,0.08593488484621048,0.34693560004234314
1749220621875584800,25.675584716796877,-0.2336934506893158,-0.01781122200191021,0.3410681188106537
1749220621885575700,25.68557568359375,-0.20913511514663696,-0.12715741991996765,0.2975049316883087
1749220621895566600,25.695566650390624,-0.17052006721496582,-0.21875284612178802,0.2426571100950241
1749220621905557800,25.705557861328124,-0.11837058514356613,-0.25998443365097046,0.21486756205558777
1749220621915549000,25.715548828125,-0.05860472470521927,-0.2354242354631424,0.2205110639333725
1749220621925538800,25.725538818359375,-0.011621235869824886,-0.13327735662460327,0.24656637012958527
1749220621935529700,25.73552978515625,0.017470071092247963,0.008312524296343327,0.28071048855781555
1749220621945521000,25.74552099609375,0.024411600083112717,0.09286682307720184,0.2965421974658966
1749220621955511800,25.75551171875,0.03828746825456619,0.10517169535160065,0.28430309891700745
1749220621965502700,25.765502685546874,0.0638468861579895,0.05805158615112305,0.243674173951149
1749220621975492600,25.77549267578125,0.07390058785676956,0.016683638095855713,0.18735390901565552
1749220621985483800,25.78548388671875,0.08373910188674927,-0.005378520116209984,0.11888963729143143
1749220621995474700,25.795474609375,0.09560348838567734,-0.013403156772255898,0.06312038004398346
1749220622005465900,25.8054658203125,0.11231695115566254,-0.039325568825006485,0.033610157668590546
1749220622015457000,25.81545703125,0.11841825395822525,-0.06845682114362717,0.0285823754966259
1749220622025447000,25.825447021484376,0.09406045079231262,-0.0825452134013176,0.045157093554735184
1749220622035437800,25.835437744140624,0.05910592898726463,-0.07566386461257935,0.07619170844554901
1749220622045428700,25.8454287109375,0.023444073274731636,-0.07341030240058899,0.10889878869056702
1749220622055420000,25.855419921875,-0.0029851372819393873,-0.06954285502433777,0.13967907428741455
1749220622065410800,25.865410888671875,-0.026745060458779335,-0.07106032967567444,0.16265389323234558
1749220622075401700,25.875401611328126,-0.0660591796040535,-0.060803163796663284,0.1628754734992981
1749220622085392000,25.885391845703126,-0.081975556910038,-0.046126216650009155,0.1412029266357422
1749220622095382800,25.8953828125,-0.10001528263092041,-0.014623151160776615,0.08121442794799805
1749220622105374000,25.9053740234375,-0.12110298871994019,0.0761357769370079,-0.008556470274925232
1749220622115364900,25.91536474609375,-0.14105193316936493,0.18479354679584503,-0.0825505331158638
1749220622125355800,25.925355712890624,-0.1694265753030777,0.2911282479763031,-0.14083807170391083
1749220622135345700,25.935345703125,-0.19716952741146088,0.3535950779914856,-0.1778421700000763
1749220622145336800,25.9453369140625,-0.1934986263513565,0.376385897397995,-0.1833282858133316
1749220622155327700,25.95532763671875,-0.2255558967590332,0.3535362184047699,-0.143401101231575
1749220622165318700,25.965318603515627,-0.2517012059688568,0.3669665455818176,-0.06412173062562943
1749220622175309800,25.975309814453126,-0.27913737297058105,0.354686975479126,0.026706445962190628
1749220622185300700,25.98530078125,-0.2880547046661377,0.3622117340564728,0.12679283320903778
1749220622195291000,25.995290771484374,-0.25672978162765503,0.414644330739975,0.21443933248519897
1749220622205281800,26.00528173828125,-0.23162950575351715,0.44452738761901855,0.2628806233406067
1749220622215273000,26.01527294921875,-0.22011105716228485,0.43662765622138977,0.25063303112983704
1749220622225263900,26.025263916015625,-0.22622674703598022,0.4016587436199188,0.20101246237754822
1749220622235254800,26.0352548828125,-0.23677100241184235,0.3545418381690979,0.11329326778650284
1749220622245244700,26.04524462890625,-0.2478524148464203,0.28572335839271545,0.028491295874118805
1749220622255235800,26.05523583984375,-0.2750941514968872,0.20532892644405365,-0.022110894322395325
1749220622265226800,26.065226806640624,-0.29971081018447876,0.20417390763759613,-0.03796922042965889
1749220622275217700,26.0752177734375,-0.3098454773426056,0.21800556778907776,-0.040162865072488785
1749220622285208600,26.08520849609375,-0.3223807215690613,0.18398182094097137,-0.04280046001076698
1749220622295199000,26.095198974609374,-0.30866116285324097,0.24798211455345154,-0.02930702269077301
1749220622305190000,26.10518994140625,-0.2978399395942688,0.36162450909614563,0.040276847779750824
1749220622315180800,26.115180908203126,-0.30260515213012695,0.42163485288619995,0.1406836211681366
1749220622325171700,26.125171630859374,-0.30459266901016235,0.4035448133945465,0.2337094247341156
1749220622335163000,26.135162841796873,-0.30768007040023804,0.340334415435791,0.30098992586135864
1749220622345153800,26.14515380859375,-0.30974507331848145,0.260576993227005,0.34074321389198303
1749220622355143700,26.155143798828124,-0.30702918767929077,0.20260077714920044,0.344112366437912
1749220622365134600,26.165134521484376,-0.3060147762298584,0.16106770932674408,0.30763399600982666
1749220622375125800,26.175125732421876,-0.29668599367141724,0.13350851833820343,0.23075491189956665
1749220622385117000,26.185116943359375,-0.27376043796539307,0.12635527551174164,0.14115259051322937
1749220622395107800,26.19510791015625,-0.24369680881500244,0.13700099289417267,0.06296511739492416
1749220622405097700,26.20509765625,-0.22123119235038757,0.13966335356235504,0.008356999605894089
1749220622415089000,26.2150888671875,-0.20448629558086395,0.1218140497803688,-0.01938541606068611
1749220622425079800,26.225079833984374,-0.19313962757587433,0.10873393714427948,-0.027628697454929352
1749220622435070700,26.23507080078125,-0.20213472843170166,0.10892541706562042,-0.007222759071737528
1749220622445062000,26.245061767578125,-0.2244192510843277,0.09968265146017075,0.032820530235767365
1749220622455051800,26.2550517578125,-0.2371417135000229,0.06958067417144775,0.06284128129482269
1749220622465043000,26.26504296875,-0.2325831800699234,0.022281071171164513,0.0731746107339859
1749220622475033900,26.275033935546876,-0.23766794800758362,-0.0357380248606205,0.0689881220459938
1749220622485024800,26.285024658203124,-0.25971731543540955,-0.031082551926374435,0.052504751831293106
1749220622495016000,26.295015869140624,-0.27089595794677734,0.049913495779037476,0.041369810700416565
1749220622505006800,26.3050068359375,-0.27894240617752075,0.11386185139417648,0.011480887420475483
1749220622514996700,26.314996826171875,-0.27824652194976807,0.13576900959014893,-0.036612872034311295
1749220622524987600,26.324987548828126,-0.26224175095558167,0.1729898899793625,-0.08721346408128738
1749220622534978800,26.334978759765626,-0.22709786891937256,0.22878816723823547,-0.1517447829246521
1749220622544969700,26.3449697265625,-0.20997533202171326,0.27979809045791626,-0.23027928173542023
1749220622554960600,26.354960693359374,-0.22447757422924042,0.3081309199333191,-0.2926347851753235
1749220622564950800,26.36495068359375,-0.2207462191581726,0.2623581290245056,-0.30494260787963867
1749220622574938000,26.374938232421876,-0.1929934173822403,0.05609256401658058,-0.31988054513931274
1749220622584929000,26.384928955078124,-0.20759287476539612,-0.1270519644021988,-0.3283592462539673
1749220622594920200,26.394920166015623,-0.21648277342319489,-0.22269858419895172,-0.2844974994659424
1749220622604911000,26.4049111328125,-0.20792444050312042,-0.25401681661605835,-0.20621761679649353
1749220622614901000,26.41490087890625,-0.19231031835079193,-0.23916731774806976,-0.088475801050663
1749220622624892000,26.424891845703126,-0.17431241273880005,-0.2345624417066574,0.037992388010025024
1749220622634883000,26.434883056640626,-0.10259934514760971,-0.2598499655723572,0.3552164137363434
1749220622644874000,26.4448740234375,-0.07446198165416718,-0.46378976106643677,0.6434878706932068
1749220622654865200,26.454865234375,-0.07654697448015213,-0.7483834028244019,0.7748240828514099
1749220622664856000,26.46485595703125,-0.10345981270074844,-1.021384596824646,0.8384975790977478
1749220622674846200,26.47484619140625,-0.12701600790023804,-1.1912122964859009,0.7795522809028625
1749220622684837000,26.484837158203124,-0.12132029980421066,-1.205423355102539,0.6155470609664917
1749220622694828000,26.494828125,-0.19637669622898102,-1.0518889427185059,0.2826490104198456
1749220622704819000,26.50481884765625,-0.15137754380702972,-0.8448026180267334,-0.11465734243392944
1749220622714810000,26.51481005859375,0.04021240025758743,-0.29971373081207275,-0.45324844121932983
1749220622724800000,26.524800048828126,-0.024167388677597046,0.3099850118160248,-0.6458461284637451
1749220622734791200,26.534791259765626,-0.18956859409809113,0.5920705199241638,-0.665726363658905
1749220622744782000,26.544781982421874,-0.31615155935287476,0.5775235295295715,-0.5690975189208984
1749220622754773200,26.554773193359374,-0.4136320650577545,0.3538512885570526,-0.35952675342559814
1749220622764764200,26.56476416015625,-0.4880666136741638,0.1504741907119751,-0.06886455416679382
1749220622774755000,26.574755126953125,-0.5165209174156189,0.055757805705070496,0.24016200006008148
1749220622784745000,26.584744873046876,-0.5090435147285461,0.016596287488937378,0.43325182795524597
1749220622794736000,26.594736083984376,-0.48951804637908936,-0.01320768054574728,0.4584623873233795
1749220622804727000,26.60472705078125,-0.4502268135547638,-0.0883873850107193,0.3741709291934967
1749220622814718000,26.614718017578124,-0.38547471165657043,-0.18983490765094757,0.21467848122119904
1749220622824708900,26.624708984375,-0.3243993818759918,-0.22446772456169128,0.05838208273053169
1749220622834699300,26.63469921875,-0.271669864654541,-0.20966693758964539,-0.07366516441106796
1749220622844690200,26.644690185546875,-0.23103001713752747,-0.1766514629125595,-0.1638520509004593
1749220622854681000,26.65468115234375,-0.2022995799779892,-0.15728895366191864,-0.19677111506462097
1749220622864672000,26.664672119140626,-0.17363756895065308,-0.1471250057220459,-0.17734016478061676
1749220622874663200,26.6746630859375,-0.14305728673934937,-0.13791126012802124,-0.12943655252456665
1749220622884653000,26.684653076171877,-0.11948778480291367,-0.12482422590255737,-0.06430628150701523
1749220622894644000,26.69464404296875,-0.10396687686443329,-0.09351050853729248,0.007478955201804638
1749220622904635000,26.704634765625,-0.09924536198377609,-0.05993683636188507,0.07244623452425003
1749220622914626000,26.7146259765625,-0.10623323172330856,-0.033779535442590714,0.12580586969852448
1749220622924617000,26.724616943359376,-0.11390366405248642,-0.014635934494435787,0.15333043038845062
1749220622934607000,26.734607177734375,-0.12104226648807526,0.03502562642097473,0.16464699804782867
1749220622944598000,26.744597900390627,-0.13503797352313995,0.09444660693407059,0.1563645750284195
1749220622954589200,26.754589111328126,-0.1394212692975998,0.16688725352287292,0.13530322909355164
1749220622964580000,26.764580078125,-0.1426045447587967,0.2350468635559082,0.11344719678163528
1749220622974571000,26.774571044921874,-0.14465917646884918,0.2951834499835968,0.08395987749099731
1749220622984562200,26.784562255859374,-0.14673058688640594,0.31067290902137756,0.03948083147406578
1749220622994552000,26.794552001953125,-0.1415238380432129,0.2893868088722229,-0.017606157809495926
1749220623004543000,26.80454296875,-0.14289750158786774,0.2670697867870331,-0.07046990841627121
1749220623014534000,26.814533935546876,-0.1415877640247345,0.23631426692008972,-0.09338134527206421
1749220623024525000,26.824525146484376,-0.14252331852912903,0.19906197488307953,-0.0628356859087944
1749220623034516200,26.83451611328125,-0.14865072071552277,0.14950932562351227,0.0023968450259417295
1749220623044506000,26.844506103515624,-0.15085475146770477,0.08300434052944183,0.0831710547208786
1749220623054497000,26.8544970703125,-0.15174265205860138,0.013368269428610802,0.15675579011440277
1749220623064488200,26.86448828125,-0.14894767105579376,-0.028258536010980606,0.22174277901649475
1749220623074479000,26.87447900390625,-0.15282124280929565,-0.02142885886132717,0.2635064721107483
1749220623084470000,26.884469970703126,-0.1448059231042862,0.004948153160512447,0.25251320004463196
1749220623094460000,26.8944599609375,-0.1378854364156723,0.02515302412211895,0.18797843158245087
1749220623104450800,26.904450927734374,-0.12315735220909119,0.056771669536828995,0.0973888710141182
1749220623114442000,26.91444189453125,-0.10606065392494202,0.08042799681425095,0.0052320463582873344
1749220623124433200,26.92443310546875,-0.09299226105213165,0.10519459843635559,-0.05754238739609718
1749220623134424000,26.934424072265625,-0.09190302342176437,0.12583968043327332,-0.07096178829669952
1749220623144415200,26.944415283203124,-0.08701159805059433,0.13201741874217987,-0.04096740856766701
1749220623154405000,26.954405029296876,-0.07396743446588516,0.09886665642261505,0.0006985471700318158
1749220623164396000,26.96439599609375,-0.057134926319122314,0.059305399656295776,0.03742753341794014
1749220623174387000,26.974386962890627,-0.033670347183942795,0.04477759078145027,0.0716848373413086
1749220623184378000,26.984378173828127,-0.014801050536334515,0.04036127030849457,0.0918516293168068
1749220623194369000,26.994369140625,0.0065380604937672615,0.03148309141397476,0.09882032126188278
1749220623204359200,27.004359130859374,0.023603862151503563,0.04301191493868828,0.11358755081892014
1749220623214350000,27.01435009765625,0.0471280962228775,0.10079745203256607,0.1397363245487213
1749220623224341200,27.02434130859375,0.06401839852333069,0.23942723870277405,0.17762325704097748
1749220623234332200,27.034332275390625,0.017616277560591698,0.437438040971756,0.3291885554790497
1749220623244323000,27.044322998046876,-0.02293567545711994,0.34826529026031494,0.24144645035266876
1749220623254313000,27.05431298828125,-0.09654545038938522,0.1951489895582199,0.068094901740551
1749220623264304000,27.06430419921875,-0.13836932182312012,0.09584557265043259,-0.125637024641037
1749220623274295000,27.074294921875,-0.15573686361312866,0.05018008127808571,-0.23142337799072266
1749220623284286000,27.084285888671875,-0.14887842535972595,0.03454466164112091,-0.26244252920150757
