time,seconds_elapsed,z,y,x
1749220193300383000,0.020383056640625,-0.7988739013671875,-0.4600677490234375,0.2379608154296875
1749220193310374000,0.030373779296875,-0.76654052734375,-0.4405364990234375,0.2461090087890625
1749220193320365000,0.040364990234375,-0.7568511962890625,-0.381256103515625,0.2544708251953125
1749220193330356000,0.05035595703125,-0.75140380859375,-0.4043426513671875,0.2333526611328125
1749220193340347000,0.060346923828125,-0.752655029296875,-0.467315673828125,0.219818115234375
1749220193350338000,0.070338134765625,-0.757904052734375,-0.4861297607421875,0.2076263427734375
1749220193360329000,0.080328857421875,-0.790618896484375,-0.4526214599609375,0.20452880859375
1749220193370320000,0.09031982421875,-0.801055908203125,-0.42633056640625,0.2099609375
1749220193380310800,0.100310791015625,-0.7985992431640625,-0.4270477294921875,0.191009521484375
1749220193390301000,0.110301025390625,-0.7966461181640625,-0.447418212890625,0.1388092041015625
1749220193400291800,0.120291748046875,-0.7813568115234375,-0.5011138916015625,0.086029052734375
1749220193410282800,0.13028271484375,-0.779815673828125,-0.5691986083984375,0.0834197998046875
1749220193420273700,0.140273681640625,-0.8202972412109375,-0.6134796142578125,0.1457366943359375
1749220193430264800,0.150264892578125,-0.8949737548828125,-0.610626220703125,0.1881256103515625
1749220193440256000,0.160256103515625,-0.9192962646484375,-0.5964508056640625,0.1788482666015625
1749220193450247000,0.170246826171875,-0.8797607421875,-0.60662841796875,0.1450347900390625
1749220193460238000,0.180238037109375,-0.8463134765625,-0.61126708984375,0.11505126953125
1749220193470229000,0.19022900390625,-0.85809326171875,-0.5872344970703125,0.12847900390625
1749220193480220000,0.200219970703125,-0.952117919921875,-0.5632476806640625,0.266571044921875
1749220193490210800,0.2102109375,-0.90057373046875,-0.6247711181640625,0.3213043212890625
1749220193500202000,0.220201904296875,-0.8168792724609375,-0.6728363037109375,0.2975311279296875
1749220193510193000,0.23019287109375,-0.6832427978515625,-0.6650390625,0.41680908203125
1749220193520183800,0.240183837890625,-0.582061767578125,-0.76068115234375,0.27288818359375
1749220193530175000,0.250175048828125,-0.81866455078125,-0.680755615234375,0.407257080078125
1749220193540166000,0.260165771484375,-0.7564239501953125,-0.615814208984375,0.3895263671875
1749220193550156800,0.27015673828125,-0.7165069580078125,-0.5675811767578125,0.302490234375
1749220193560148000,0.28014794921875,-0.673126220703125,-0.502532958984375,0.37261962890625
1749220193570139000,0.290138916015625,-0.658233642578125,-0.4915924072265625,0.3932952880859375
1749220193580129800,0.3001298828125,-0.577972412109375,-0.5179901123046875,0.3555145263671875
1749220193590120700,0.31012060546875,-0.736114501953125,-0.4695587158203125,0.373626708984375
1749220193600111900,0.32011181640625,-0.9147491455078125,-0.150482177734375,0.5161285400390625
1749220193610102800,0.330102783203125,-0.368255615234375,-0.485504150390625,0.2303924560546875
1749220193620093700,0.34009375,-0.45941162109375,-0.8502655029296875,0.10650634765625
1749220193630084900,0.3500849609375,-0.897857666015625,-0.7476959228515625,0.5723419189453125
1749220193640076000,0.360075927734375,-0.5494842529296875,-0.64990234375,0.670166015625
1749220193650067000,0.37006689453125,-0.4481964111328125,-0.713653564453125,0.486328125
1749220193660057900,0.380057861328125,-0.4357757568359375,-0.646820068359375,0.4035797119140625
1749220193670049000,0.390049072265625,-0.52655029296875,-0.526824951171875,0.251068115234375
1749220193680040000,0.4000400390625,-0.558624267578125,-0.5318756103515625,0.304534912109375
1749220193690030800,0.41003076171875,-0.55670166015625,-0.611236572265625,0.3138427734375
1749220193700022000,0.42002197265625,-0.654815673828125,-0.578765869140625,0.334259033203125
1749220193710013000,0.430012939453125,-0.6045989990234375,-0.4498138427734375,0.317291259765625
1749220193720003800,0.44000390625,-0.8691864013671875,-0.6905517578125,0.345947265625
1749220193729994800,0.449994873046875,-0.543670654296875,-0.8094482421875,0.3826904296875
1749220193739986000,0.45998583984375,-0.1568756103515625,-0.67303466796875,0.231964111328125
1749220193749976800,0.469976806640625,-0.654998779296875,-0.7054595947265625,0.313232421875
1749220193759967700,0.4799677734375,-0.8762054443359375,-0.423583984375,0.5805206298828125
1749220193769959000,0.489958984375,-0.621490478515625,-0.0892486572265625,0.614654541015625
1749220193779949800,0.49994970703125,-0.241912841796875,-0.189544677734375,0.532257080078125
1749220193789940700,0.509940673828125,-0.2058258056640625,-0.568511962890625,0.3980865478515625
1749220193799932000,0.519931884765625,-0.3548583984375,-0.8282012939453125,0.3524017333984375
1749220193809922800,0.5299228515625,-0.5805816650390625,-1.014312744140625,0.2392425537109375
1749220193819914000,0.5399140625,-0.6455230712890625,-1.02880859375,0.252044677734375
1749220193829905000,0.54990478515625,-0.6451416015625,-0.962860107421875,0.2525634765625
1749220193839896000,0.55989599609375,-0.523529052734375,-0.923797607421875,0.3611907958984375
1749220193849887000,0.569886962890625,-0.4217681884765625,-1.0227203369140625,0.510986328125
1749220193859878000,0.5798779296875,-0.27679443359375,-1.017822265625,0.539215087890625
1749220193869869000,0.589869140625,-0.2138824462890625,-0.8001708984375,0.5811614990234375
1749220193879860000,0.59985986328125,-0.3460540771484375,-0.7364654541015625,0.689605712890625
1749220193889851000,0.609850830078125,-0.32061767578125,-0.7682342529296875,0.7125396728515625
1749220193899841800,0.619841796875,-0.2404022216796875,-0.8067626953125,0.63153076171875
1749220193909833000,0.6298330078125,-0.272003173828125,-0.8414306640625,0.635406494140625
1749220193919824000,0.639823974609375,-0.3973846435546875,-0.950286865234375,0.673095703125
1749220193929814800,0.649814697265625,-0.3813323974609375,-1.0644683837890625,0.60888671875
1749220193939806000,0.659805908203125,-0.3296661376953125,-1.1104278564453125,0.5550079345703125
1749220193949796900,0.669796875,-0.2857513427734375,-1.052764892578125,0.574188232421875
1749220193959787800,0.679787841796875,-0.248046875,-0.9377288818359375,0.6725311279296875
1749220193969778700,0.68977880859375,-0.14361572265625,-0.810028076171875,0.7870635986328125
1749220193979769900,0.699769775390625,-0.0019073486328125,-0.7826690673828125,0.8353118896484375
1749220193989760800,0.7097607421875,0.2157440185546875,-0.80194091796875,0.825103759765625
1749220193999751700,0.719751708984375,0.2514495849609375,-0.884521484375,0.7406158447265625
1749220194009742800,0.729742919921875,0.246307373046875,-0.84075927734375,0.594024658203125
1749220194019734000,0.739734130859375,0.184967041015625,-0.793212890625,0.4185028076171875
1749220194029725000,0.749724853515625,0.1575775146484375,-0.678009033203125,0.2754669189453125
1749220194039715800,0.7597158203125,0.0348052978515625,-0.6378631591796875,0.14422607421875
1749220194049707000,0.76970703125,-0.0090789794921875,-0.596099853515625,0.12646484375
1749220194059698000,0.779697998046875,-0.005950927734375,-0.56988525390625,0.201995849609375
1749220194069688800,0.789688720703125,0.015045166015625,-0.598236083984375,0.3381805419921875
1749220194079680000,0.799679931640625,0.148834228515625,-0.579803466796875,0.4676055908203125
1749220194089671000,0.8096708984375,0.27227783203125,-0.5142669677734375,0.5759124755859375
1749220194099661800,0.819661865234375,0.269317626953125,-0.494781494140625,0.719818115234375
1749220194109653000,0.829653076171875,0.094085693359375,-0.49847412109375,1.00018310546875
1749220194119644000,0.839643798828125,0.0826263427734375,-0.5517578125,1.13189697265625
1749220194129634800,0.849634765625,0.19146728515625,-0.6869049072265625,1.032257080078125
1749220194139625700,0.859625732421875,0.3040771484375,-0.817596435546875,0.88330078125
1749220194149616600,0.86961669921875,0.286224365234375,-0.976776123046875,0.6796722412109375
1749220194159607800,0.87960791015625,0.237060546875,-1.1371307373046875,0.4423370361328125
1749220194169598700,0.8895986328125,0.180908203125,-1.2598724365234375,0.3231201171875
1749220194179589600,0.899589599609375,0.1188812255859375,-1.3003387451171875,0.31964111328125
1749220194189580800,0.909580810546875,0.0799713134765625,-1.169921875,0.4178924560546875
1749220194199572000,0.919572021484375,0.2294921875,-0.994964599609375,0.5998687744140625
1749220194209563000,0.92956298828125,0.3521881103515625,-0.8757476806640625,0.8259124755859375
1749220194219553800,0.9395537109375,0.351806640625,-0.8663787841796875,0.92242431640625
1749220194229545000,0.949544921875,0.211151123046875,-0.934600830078125,0.7879486083984375
1749220194239535900,0.959535888671875,0.0365447998046875,-1.0325164794921875,0.62548828125
1749220194249526800,0.96952685546875,0.2283477783203125,-1.144317626953125,0.4349365234375
1749220194259518000,0.97951806640625,0.354736328125,-1.1965789794921875,0.3442840576171875
1749220194269508900,0.9895087890625,0.305908203125,-1.196502685546875,0.31683349609375
1749220194279499800,0.999499755859375,0.2225341796875,-1.069122314453125,0.3544769287109375
1749220194289490700,1.00949072265625,0.1226348876953125,-0.8895111083984375,0.2984161376953125
1749220194299481900,1.01948193359375,0.146148681640625,-0.7768707275390625,0.264312744140625
1749220194309472800,1.02947265625,0.29913330078125,-0.7971343994140625,0.4249420166015625
1749220194319463700,1.039463623046875,0.1783905029296875,-0.7799072265625,0.5764312744140625
1749220194329454800,1.049454833984375,0.2768096923828125,-0.8609771728515625,0.442962646484375
1749220194339445800,1.05944580078125,0.2013397216796875,-0.92938232421875,0.218231201171875
1749220194349436700,1.069436767578125,0.136199951171875,-0.9431915283203125,0.1949005126953125
1749220194359427600,1.079427490234375,0.2244873046875,-0.99273681640625,0.1185455322265625
1749220194369418800,1.089418701171875,-0.0644683837890625,-0.922088623046875,0.10736083984375
1749220194379409700,1.09940966796875,0.03692626953125,-0.8638763427734375,0.07464599609375
1749220194389400800,1.10940087890625,0.1774749755859375,-0.903717041015625,-0.137847900390625
1749220194399392000,1.11939208984375,-0.1765289306640625,-0.917572021484375,-0.03570556640625
1749220194409383000,1.1293828125,0.0641021728515625,-0.9487457275390625,-0.0141143798828125
1749220194419373800,1.139373779296875,0.126708984375,-0.9228057861328125,-0.0366363525390625
1749220194429365000,1.149364990234375,0.0891571044921875,-0.7757415771484375,0.02923583984375
1749220194439356000,1.15935595703125,0.1232452392578125,-0.7823028564453125,-0.078704833984375
1749220194449346800,1.169346923828125,0.0262603759765625,-0.9099273681640625,0.052581787109375
1749220194459337700,1.179337646484375,0.1244659423828125,-1.0472412109375,0.152374267578125
1749220194469329000,1.189328857421875,0.128570556640625,-1.0644989013671875,0.2113800048828125
1749220194479319800,1.19931982421875,0.145721435546875,-1.2283782958984375,0.270263671875
1749220194489310700,1.209310791015625,0.139923095703125,-1.3611602783203125,0.2448577880859375
1749220194499302000,1.219302001953125,0.06524658203125,-1.329742431640625,0.2077789306640625
1749220194509292800,1.229292724609375,0.0757293701171875,-1.2627410888671875,0.236083984375
1749220194519283700,1.23928369140625,0.09765625,-1.2934112548828125,0.2444000244140625
1749220194529274600,1.249274658203125,0.0789794921875,-1.321563720703125,0.2093658447265625
1749220194539265800,1.259265869140625,0.05755615234375,-1.311065673828125,0.1723175048828125
1749220194549256700,1.269256591796875,0.04217529296875,-1.1803436279296875,0.1342620849609375
1749220194559247600,1.27924755859375,0.0684967041015625,-0.942047119140625,0.0591278076171875
1749220194569238800,1.28923876953125,0.0446014404296875,-0.7591705322265625,-0.0150909423828125
1749220194579230000,1.29922998046875,0.048095703125,-0.739013671875,-0.0422210693359375
1749220194589220900,1.309220947265625,-0.00103759765625,-0.410552978515625,-0.2543182373046875
1749220194599211800,1.319211669921875,0.1608123779296875,-0.565216064453125,0.1974639892578125
1749220194609203000,1.329202880859375,0.1786346435546875,-0.5261383056640625,0.2476959228515625
1749220194619193900,1.33919384765625,0.1262359619140625,-0.9993438720703125,-0.2675323486328125
1749220194629184800,1.349184814453125,0.1896514892578125,-1.3291168212890625,-0.175750732421875
1749220194639176000,1.359176025390625,0.144744873046875,-1.191925048828125,0.0153045654296875
1749220194649166800,1.369166748046875,0.09832763671875,-0.9620513916015625,0.0519256591796875
1749220194659157800,1.37915771484375,0.0818634033203125,-0.8649139404296875,0.115447998046875
1749220194669148700,1.389148681640625,0.0628204345703125,-0.993621826171875,0.2161407470703125
1749220194679139800,1.399139892578125,0.059844970703125,-1.009735107421875,0.2697601318359375
1749220194689130800,1.409130859375,0.0607452392578125,-1.0439453125,0.205108642578125
1749220194699121700,1.41912158203125,0.112060546875,-0.9821014404296875,0.130706787109375
1749220194709112800,1.42911279296875,0.1360015869140625,-0.9636993408203125,0.0073089599609375
1749220194719103700,1.439103759765625,0.1165313720703125,-1.0685272216796875,0.002288818359375
1749220194729094700,1.4490947265625,0.0845947265625,-1.1389007568359375,0.0728302001953125
1749220194739085800,1.4590859375,0.086181640625,-1.032135009765625,0.134796142578125
1749220194749076700,1.46907666015625,0.067352294921875,-0.8780364990234375,0.1179046630859375
1749220194759067600,1.479067626953125,0.012359619140625,-0.843658447265625,0.047119140625
1749220194769058800,1.489058837890625,0.02056884765625,-0.9698028564453125,-0.0308380126953125
1749220194779050000,1.499050048828125,0.0447540283203125,-1.04913330078125,-0.0315093994140625
1749220194789041000,1.509041015625,0.0592041015625,-1.0167236328125,-0.03057861328125
1749220194799031800,1.51903173828125,0.0733489990234375,-0.9394989013671875,-0.018463134765625
1749220194809023000,1.52902294921875,0.0815887451171875,-0.972503662109375,0.03424072265625
1749220194819014000,1.539013916015625,0.091888427734375,-1.1178436279296875,0.129058837890625
1749220194829004800,1.5490048828125,0.138214111328125,-1.2098236083984375,0.2772979736328125
1749220194838995700,1.55899560546875,0.2008819580078125,-1.1013031005859375,0.375396728515625
1749220194848987000,1.56898681640625,0.2082977294921875,-0.6871490478515625,0.0919952392578125
1749220194858977800,1.578977783203125,0.188232421875,-0.5915069580078125,-0.13848876953125
1749220194868968700,1.58896875,-0.0402984619140625,-0.8588409423828125,-0.0978851318359375
1749220194878959900,1.5989599609375,-0.1282501220703125,-1.012939453125,0.069000244140625
1749220194888950800,1.60895068359375,-0.0224456787109375,-1.1282958984375,0.0870819091796875
1749220194898941700,1.618941650390625,0.0333099365234375,-1.1592254638671875,0.0718841552734375
1749220194908932600,1.6289326171875,-0.0239715576171875,-1.122283935546875,0.101593017578125
1749220194918923800,1.638923828125,-0.044769287109375,-1.048309326171875,0.105682373046875
1749220194928914700,1.648914794921875,-0.0752410888671875,-1.02935791015625,0.1156768798828125
1749220194938905600,1.658905517578125,-0.0337677001953125,-0.9748382568359375,0.103851318359375
1749220194948896800,1.668896728515625,0.031097412109375,-0.9118499755859375,0.0829010009765625
1749220194958888000,1.678887939453125,-0.003082275390625,-0.942596435546875,0.11004638671875
1749220194968878800,1.68887890625,0.004791259765625,-0.91314697265625,0.1296234130859375
1749220194978870000,1.6988701171875,0.0008392333984375,-0.9129638671875,0.1466827392578125
1749220194988861000,1.70886083984375,0.0511322021484375,-0.9716644287109375,0.1760406494140625
1749220194998851800,1.718851806640625,-0.00970458984375,-1.0365447998046875,0.194183349609375
1749220195008842800,1.7288427734375,0.0002288818359375,-1.101898193359375,0.1571502685546875
1749220195018834000,1.738833984375,-0.036346435546875,-1.10205078125,0.0469512939453125
1749220195028824800,1.748824951171875,-0.080810546875,-1.09124755859375,-0.0260009765625
1749220195038815700,1.758815673828125,-0.064422607421875,-1.04534912109375,-0.0458221435546875
1749220195048807000,1.768806884765625,-0.0291290283203125,-0.9233245849609375,-0.0236053466796875
1749220195058797800,1.7787978515625,-0.0724029541015625,-0.841339111328125,-0.0303192138671875
1749220195068788700,1.788788818359375,-0.0701141357421875,-0.8862152099609375,-0.0897216796875
1749220195078779600,1.798779541015625,-0.0425262451171875,-0.9570159912109375,-0.0931396484375
1749220195088770800,1.808770751953125,-0.0055999755859375,-0.989959716796875,-0.06243896484375
1749220195098761700,1.81876171875,-0.075469970703125,-1.059844970703125,0.0175933837890625
1749220195108752600,1.828752685546875,0.0546722412109375,-1.0246124267578125,0.0138092041015625
1749220195118743800,1.838743896484375,-0.013641357421875,-0.8180999755859375,0.0075531005859375
1749220195128734700,1.848734619140625,-0.0344390869140625,-0.6620330810546875,0.056732177734375
1749220195138725600,1.8587255859375,-0.1171875,-0.8929901123046875,0.1148834228515625
1749220195148716800,1.868716796875,-0.00982666015625,-0.97845458984375,0.026458740234375
1749220195158711600,1.878711669921875,0.024658203125,-0.977447509765625,0.017303466796875
1749220195168702700,1.88870263671875,-0.048095703125,-0.941192626953125,0.08502197265625
1749220195178693600,1.898693603515625,-0.0572052001953125,-0.826416015625,0.044891357421875
1749220195188684500,1.9086845703125,-0.000823974609375,-0.7584381103515625,0.010406494140625
1749220195198675500,1.918675537109375,-0.0269775390625,-0.6710205078125,0.01885986328125
1749220195208666600,1.92866650390625,-0.074371337890625,-0.48052978515625,0.0018310546875
1749220195218657500,1.938657470703125,-0.0630340576171875,-0.256378173828125,-0.04559326171875
1749220195228648400,1.9486484375,-0.033416748046875,-0.1859130859375,-0.0731353759765625
1749220195238639600,1.9586396484375,-0.07122802734375,-0.2757110595703125,-0.0602569580078125
1749220195248630500,1.968630615234375,-0.06884765625,-0.56976318359375,-0.1187744140625
1749220195258621400,1.978621337890625,0.0436859130859375,-0.5433197021484375,0.00677490234375
1749220195268612600,1.988612548828125,-0.0292816162109375,-1.083831787109375,-0.0633544921875
1749220195278603500,1.998603515625,-0.0908050537109375,-2.4055633544921875,0.134521484375
1749220195288594400,2.008594482421875,0.1624298095703125,-2.5350494384765625,0.2125244140625
1749220195298585300,2.01858544921875,-0.0247344970703125,-1.960418701171875,-0.0150909423828125
1749220195308576500,2.028576416015625,-0.104217529296875,-1.583770751953125,-0.182281494140625
1749220195318567400,2.0385673828125,0.022308349609375,-1.5538482666015625,-0.09796142578125
1749220195328558300,2.048558349609375,0.0536956787109375,-1.4429473876953125,0.08251953125
1749220195338549500,2.058549560546875,-0.0340728759765625,-1.0366973876953125,0.1912994384765625
1749220195348540700,2.068540771484375,0.02178955078125,-0.95404052734375,0.19952392578125
1749220195358531600,2.078531494140625,0.0005340576171875,-1.0601043701171875,0.048370361328125
1749220195368522500,2.0885224609375,-0.0735931396484375,-1.054443359375,-0.0975494384765625
1749220195378513700,2.098513671875,-0.041229248046875,-0.9615325927734375,-0.14697265625
1749220195388504600,2.108504638671875,-0.0535888671875,-0.915191650390625,-0.141143798828125
1749220195398495500,2.11849560546875,-0.0491485595703125,-0.95404052734375,-0.0896453857421875
1749220195408486700,2.128486572265625,-0.0526580810546875,-1.04669189453125,-0.0035552978515625
1749220195418477600,2.1384775390625,-0.05712890625,-1.110931396484375,0.0704193115234375
1749220195428468500,2.148468505859375,-0.0519561767578125,-1.097137451171875,0.0848541259765625
1749220195438459400,2.15845947265625,-0.07196044921875,-1.05560302734375,0.067657470703125
1749220195448450600,2.168450439453125,-0.0471343994140625,-0.996429443359375,0.0596160888671875
1749220195458441500,2.17844140625,-0.049072265625,-0.964385986328125,0.04241943359375
1749220195468432400,2.188432373046875,-0.0652923583984375,-0.9286651611328125,0.022552490234375
1749220195478423600,2.198423583984375,-0.0390472412109375,-0.860015869140625,-0.0045013427734375
1749220195488414500,2.20841455078125,-0.0721435546875,-0.81634521484375,-0.032562255859375
1749220195498405400,2.2184052734375,-0.098419189453125,-0.7923126220703125,0.015350341796875
1749220195508397600,2.2283974609375,-0.0908050537109375,-0.84918212890625,0.092529296875
1749220195518388500,2.238388427734375,-0.0775909423828125,-0.9473876953125,0.089691162109375
1749220195528379400,2.24837939453125,-0.073028564453125,-1.0251922607421875,0.05255126953125
1749220195538370600,2.25837060546875,-0.0765228271484375,-1.0893096923828125,0.023529052734375
1749220195548361500,2.268361572265625,-0.0813751220703125,-1.101348876953125,0.0257568359375
1749220195558352400,2.278352294921875,-0.095672607421875,-1.0567474365234375,0.05987548828125
1749220195568343300,2.28834326171875,-0.0699462890625,-1.0484771728515625,0.0548858642578125
1749220195578334500,2.29833447265625,-0.08135986328125,-1.0841217041015625,0.0198516845703125
1749220195588325400,2.308325439453125,-0.0749664306640625,-0.9522857666015625,0.0078887939453125
1749220195598316500,2.318316650390625,-0.1102447509765625,-0.939117431640625,0.0237579345703125
1749220195608307700,2.3283076171875,-0.09423828125,-0.9430999755859375,0.0625457763671875
1749220195618298600,2.338298583984375,-0.098663330078125,-0.956695556640625,0.0567626953125
1749220195628289500,2.34828955078125,-0.0791168212890625,-0.9413299560546875,0.0784912109375
1749220195638280400,2.358280517578125,-0.0828704833984375,-0.9937286376953125,0.1176300048828125
1749220195648271600,2.368271728515625,-0.0979766845703125,-1.158905029296875,-0.0299835205078125
1749220195658262500,2.378262451171875,-0.092071533203125,-1.143707275390625,-0.0755157470703125
1749220195668253400,2.38825341796875,-0.072174072265625,-1.043731689453125,-0.0052642822265625
1749220195678244600,2.39824462890625,-0.106658935546875,-0.999755859375,0.0316162109375
1749220195688235500,2.408235595703125,-0.0716094970703125,-0.9765167236328125,0.0344085693359375
1749220195698226400,2.418226318359375,-0.0950775146484375,-0.9820709228515625,-0.02264404296875
1749220195708217600,2.428217529296875,-0.1314849853515625,-1.0393524169921875,-0.028350830078125
1749220195718208500,2.43820849609375,-0.153656005859375,-0.967681884765625,0.0155792236328125
1749220195728199400,2.448199462890625,-0.1579742431640625,-0.9133758544921875,0.0442352294921875
1749220195738190300,2.4581904296875,-0.2093353271484375,-1.004669189453125,0.0702362060546875
1749220195748181500,2.468181396484375,-0.2042083740234375,-1.033203125,0.033538818359375
1749220195758172400,2.47817236328125,-0.270263671875,-1.0775909423828125,0.019073486328125
1749220195768163300,2.488163330078125,-0.2477874755859375,-0.858367919921875,0.122039794921875
1749220195778154500,2.498154541015625,-0.1225738525390625,-0.88037109375,0.2836456298828125
1749220195788145700,2.508145751953125,-0.1703033447265625,-1.1227874755859375,0.3072662353515625
1749220195798136600,2.518136474609375,-0.1973876953125,-0.9683990478515625,0.004852294921875
1749220195808127500,2.52812744140625,-0.110107421875,-0.9124298095703125,-0.2101898193359375
1749220195818118700,2.53811865234375,-0.0880279541015625,-0.7704315185546875,-0.3047027587890625
1749220195828109600,2.548109619140625,0.0836334228515625,-0.7994384765625,-0.3293304443359375
1749220195838100500,2.5581005859375,-0.0216522216796875,-1.3339385986328125,-0.0797119140625
1749220195848091600,2.568091552734375,-0.1927947998046875,-1.2427215576171875,0.0505523681640625
1749220195858082600,2.57808251953125,-0.1583709716796875,-0.94525146484375,0.1773529052734375
1749220195868073500,2.588073486328125,-0.225860595703125,-0.8511962890625,0.2016143798828125
1749220195878064400,2.598064453125,-0.1573028564453125,-0.9709014892578125,0.0923004150390625
1749220195888055600,2.6080556640625,-0.1177215576171875,-1.0438995361328125,0.0014190673828125
1749220195898046500,2.61804638671875,-0.1163787841796875,-0.9914703369140625,0.0518341064453125
1749220195908037400,2.628037353515625,-0.144134521484375,-0.96441650390625,0.06915283203125
1749220195918028500,2.638028564453125,-0.1525726318359375,-1.0046844482421875,0.0275726318359375
1749220195928019500,2.64801953125,-0.1374359130859375,-1.010162353515625,0.004547119140625
1749220195938010400,2.65801025390625,-0.160552978515625,-0.9953765869140625,-0.0103759765625
1749220195948001500,2.66800146484375,-0.190093994140625,-0.994110107421875,-0.0143280029296875
1749220195957992400,2.677992431640625,-0.192901611328125,-0.9765777587890625,-0.0214996337890625
1749220195967983400,2.6879833984375,-0.18780517578125,-0.9480133056640625,-0.0314788818359375
1749220195977974500,2.697974609375,-0.18951416015625,-0.9675750732421875,-0.0355224609375
1749220195987965700,2.707965576171875,-0.20086669921875,-0.959716796875,-0.0127716064453125
1749220195997956600,2.71795654296875,-0.1949005126953125,-0.978240966796875,0.0030975341796875
1749220196007947500,2.727947509765625,-0.1749725341796875,-1.0357818603515625,0.006622314453125
1749220196017938700,2.737938720703125,-0.1808624267578125,-0.9998321533203125,0.0159912109375
1749220196027929600,2.7479296875,-0.1883392333984375,-0.9561614990234375,0.0182952880859375
1749220196037920500,2.75792041015625,-0.1795654296875,-0.9525909423828125,0.0160980224609375
1749220196047911400,2.767911376953125,-0.1721343994140625,-0.994720458984375,0.005279541015625
1749220196057903600,2.777903564453125,-0.175323486328125,-0.9899444580078125,-0.0043792724609375
1749220196067894500,2.78789453125,-0.1761932373046875,-0.974151611328125,-0.00762939453125
1749220196077885700,2.7978857421875,-0.1750946044921875,-0.9811859130859375,-0.0097198486328125
1749220196087876600,2.807876708984375,-0.17572021484375,-0.98541259765625,-0.00408935546875
1749220196097867500,2.817867431640625,-0.1753387451171875,-0.9825592041015625,0.00579833984375
1749220196107858400,2.8278583984375,-0.1728973388671875,-0.982696533203125,0.00811767578125
1749220196117849600,2.837849609375,-0.1717529296875,-0.9847259521484375,0.0089111328125
1749220196127840500,2.847840576171875,-0.1692657470703125,-0.985076904296875,0.011016845703125
1749220196137831400,2.85783154296875,-0.168548583984375,-0.9845123291015625,0.0124359130859375
1749220196147822600,2.867822509765625,-0.167449951171875,-0.9839935302734375,0.01080322265625
1749220196157809700,2.8778095703125,-0.166107177734375,-0.9839324951171875,0.008453369140625
1749220196167800600,2.887800537109375,-0.1666259765625,-0.9842987060546875,0.00482177734375
1749220196177791700,2.897791748046875,-0.1670379638671875,-0.986053466796875,0.0011444091796875
1749220196187782700,2.90778271484375,-0.176055908203125,-0.9657440185546875,0.0185546875
1749220196197773600,2.917773681640625,-0.1439361572265625,-0.9232635498046875,0.032562255859375
1749220196207764700,2.9277646484375,-0.1124420166015625,-1.0171051025390625,-0.0423736572265625
1749220196217756000,2.937755859375,-0.1545257568359375,-1.052001953125,0.0069122314453125
1749220196227746800,2.947746826171875,-0.135955810546875,-0.9933929443359375,0.021270751953125
1749220196237737700,2.95773779296875,-0.1860809326171875,-0.95208740234375,-0.0479278564453125
1749220196247729000,2.96772900390625,-0.1691436767578125,-1.0113983154296875,-0.005096435546875
1749220196257719800,2.9777197265625,-0.1510467529296875,-1.0529022216796875,0.08062744140625
1749220196267710700,2.987710693359375,-0.17303466796875,-0.984619140625,0.02105712890625
1749220196277702000,2.997701904296875,-0.1743011474609375,-0.9335479736328125,-0.0368499755859375
1749220196287692800,3.00769287109375,-0.1542510986328125,-0.9038238525390625,-0.0394287109375
1749220196297683700,3.01768359375,-0.1418914794921875,-0.9702911376953125,-0.0196990966796875
1749220196307674600,3.027674560546875,-0.159210205078125,-1.019866943359375,-0.0119781494140625
1749220196317665800,3.037665771484375,-0.1643524169921875,-0.9936981201171875,0.00994873046875
1749220196327656700,3.04765673828125,-0.1648101806640625,-0.9793548583984375,0.0406646728515625
1749220196337647600,3.057647705078125,-0.1450042724609375,-0.980438232421875,0.0552978515625
1749220196347638800,3.067638671875,-0.1394805908203125,-0.993133544921875,0.026611328125
1749220196357629700,3.077629638671875,-0.143218994140625,-1.020294189453125,-0.01751708984375
1749220196367620600,3.08762060546875,-0.1488189697265625,-1.04217529296875,-0.0264892578125
1749220196377611800,3.09761181640625,-0.153289794921875,-1.0457763671875,0.0200042724609375
1749220196387602700,3.107602783203125,-0.1536712646484375,-1.007293701171875,0.0366058349609375
1749220196397593900,3.11759375,-0.1544342041015625,-0.9640350341796875,0.0142974853515625
1749220196407584800,3.127584716796875,-0.1195068359375,-0.97015380859375,-0.0124969482421875
1749220196417576000,3.137575927734375,-0.1215972900390625,-1.00946044921875,-0.0552978515625
1749220196427566800,3.14756689453125,-0.142333984375,-1.0533905029296875,-0.0347900390625
1749220196437557800,3.157557861328125,-0.14666748046875,-1.0649261474609375,0.0348052978515625
1749220196447549000,3.167548828125,-0.16748046875,-1.061431884765625,0.0579376220703125
1749220196457539800,3.177539794921875,-0.1477508544921875,-1.055816650390625,0.0417327880859375
1749220196467530800,3.18753076171875,-0.2177886962890625,-0.9851226806640625,0.0409393310546875
1749220196477521700,3.197521728515625,-0.0998992919921875,-1.0026397705078125,-0.0612640380859375
1749220196487512800,3.207512939453125,-0.16546630859375,-1.1656494140625,-0.207550048828125
1749220196497503700,3.217503662109375,-0.1522064208984375,-1.0535430908203125,-0.015716552734375
1749220196507494700,3.22749462890625,-0.1865386962890625,-0.908355712890625,0.042816162109375
1749220196517486800,3.23748681640625,-0.21563720703125,-0.772369384765625,0.10797119140625
1749220196527477800,3.247477783203125,-0.2175445556640625,-0.6704559326171875,0.1441497802734375
1749220196537468700,3.25746875,-0.202911376953125,-0.6451263427734375,0.12872314453125
1749220196547459800,3.2674599609375,-0.187255859375,-0.7652130126953125,0.051025390625
1749220196557450800,3.27745068359375,-0.1902618408203125,-0.90997314453125,-0.0160369873046875
1749220196567441700,3.287441650390625,-0.162445068359375,-1.0158538818359375,-0.048736572265625
1749220196577432800,3.297432861328125,-0.1461181640625,-1.102386474609375,-0.0894012451171875
1749220196587423700,3.307423828125,-0.17724609375,-1.108673095703125,-0.097015380859375
1749220196597414700,3.31741455078125,-0.0506439208984375,-0.98577880859375,-0.046783447265625
1749220196607405600,3.327405517578125,-0.2381439208984375,-1.0493316650390625,-0.227447509765625
1749220196617396700,3.337396728515625,-0.3207244873046875,-0.9991607666015625,0.0513763427734375
1749220196627387600,3.3473876953125,0.0661773681640625,-1.089813232421875,0.3712158203125
1749220196637378800,3.35737890625,-0.155487060546875,-1.175750732421875,0.0543365478515625
1749220196647370000,3.367369873046875,-0.164825439453125,-1.0256500244140625,-0.1636962890625
1749220196657361000,3.37736083984375,-0.08258056640625,-0.9286346435546875,-0.113128662109375
1749220196667351800,3.387351806640625,-0.0927886962890625,-0.9524383544921875,-0.018890380859375
1749220196677342700,3.3973427734375,-0.118377685546875,-0.992950439453125,0.022918701171875
1749220196687334000,3.407333984375,-0.135589599609375,-1.0197906494140625,0.0086822509765625
1749220196697324800,3.41732470703125,-0.134735107421875,-1.0140838623046875,0.0115509033203125
1749220196707315700,3.427315673828125,-0.134429931640625,-0.9829559326171875,0.0274658203125
1749220196717307000,3.437306884765625,-0.13616943359375,-0.977264404296875,0.0282440185546875
1749220196727297800,3.4472978515625,-0.133544921875,-0.9936065673828125,0.004150390625
1749220196737288700,3.457288818359375,-0.1229095458984375,-1.0001983642578125,-0.0294036865234375
1749220196747279600,3.467279541015625,-0.1205291748046875,-0.9918365478515625,-0.0368194580078125
1749220196757270800,3.477270751953125,-0.1272125244140625,-0.9864501953125,-0.0135345458984375
1749220196767261700,3.48726171875,-0.1339569091796875,-0.98870849609375,0.0027008056640625
1749220196777252600,3.497252685546875,-0.138824462890625,-0.9896087646484375,0.0019989013671875
1749220196787243800,3.507243896484375,-0.1480560302734375,-0.9881744384765625,-0.0013427734375
1749220196797234700,3.517234619140625,-0.150238037109375,-0.9901885986328125,0.00201416015625
1749220196807225600,3.5272255859375,-0.15216064453125,-0.9892120361328125,0.0014801025390625
1749220196817216800,3.537216796875,-0.1575164794921875,-0.9882049560546875,-0.008026123046875
1749220196827207700,3.547207763671875,-0.1653594970703125,-0.9846954345703125,-0.0112457275390625
1749220196837198800,3.55719873046875,-0.171875,-0.981353759765625,-0.0125732421875
1749220196847189800,3.567189697265625,-0.1713714599609375,-0.982208251953125,-0.012969970703125
1749220196857181000,3.577180908203125,-0.1754302978515625,-0.9875640869140625,-0.0090789794921875
1749220196867171800,3.587171875,-0.1760101318359375,-0.988494873046875,-0.006988525390625
1749220196877162800,3.597162841796875,-0.1750640869140625,-0.985260009765625,-0.0075836181640625
1749220196887154000,3.60715380859375,-0.174652099609375,-0.980682373046875,-0.0099029541015625
1749220196897144800,3.617144775390625,-0.1666107177734375,-0.98223876953125,-0.008056640625
1749220196907135700,3.6271357421875,-0.1553192138671875,-0.9939117431640625,0.000762939453125
1749220196917126700,3.637126708984375,-0.152557373046875,-0.99688720703125,0.01092529296875
1749220196927117800,3.647117919921875,-0.1512298583984375,-0.9850616455078125,0.0179595947265625
1749220196937108700,3.657108642578125,-0.1491851806640625,-0.9781646728515625,0.012847900390625
1749220196947099600,3.667099609375,-0.151153564453125,-0.977325439453125,-0.0151214599609375
1749220196957090800,3.6770908203125,-0.152252197265625,-0.9770355224609375,-0.050994873046875
1749220196967081700,3.687081787109375,-0.149169921875,-0.979949951171875,-0.078094482421875
1749220196977073700,3.69707373046875,-0.1520843505859375,-0.985076904296875,-0.088897705078125
1749220196987064800,3.70706494140625,-0.1619415283203125,-0.9865875244140625,-0.081634521484375
1749220196997055700,3.7170556640625,-0.167205810546875,-0.9883880615234375,-0.0603485107421875
1749220197007046700,3.727046630859375,-0.16693115234375,-0.992767333984375,-0.0395355224609375
1749220197017037800,3.737037841796875,-0.1646575927734375,-0.9942474365234375,-0.017486572265625
1749220197027028700,3.74702880859375,-0.165283203125,-0.98529052734375,-0.018402099609375
1749220197037019600,3.75701953125,-0.16131591796875,-0.9801177978515625,-0.0430450439453125
1749220197047010600,3.767010498046875,-0.150421142578125,-0.9858245849609375,-0.069244384765625
1749220197057001700,3.777001708984375,-0.1483917236328125,-0.9932708740234375,-0.0840301513671875
1749220197066992600,3.78699267578125,-0.157257080078125,-0.9955902099609375,-0.0811767578125
1749220197076983800,3.79698388671875,-0.178955078125,-0.994476318359375,-0.0614013671875
1749220197086975000,3.80697509765625,-0.2159271240234375,-0.9903717041015625,-0.0477294921875
1749220197096966000,3.8169658203125,-0.2186431884765625,-0.990203857421875,-0.052734375
1749220197106956800,3.826956787109375,-0.1903228759765625,-0.9960784912109375,-0.07763671875
1749220197116947700,3.83694775390625,-0.1962890625,-1.0071258544921875,-0.106475830078125
1749220197126939000,3.84693896484375,-0.2252044677734375,-1.0118865966796875,-0.1160430908203125
1749220197136929800,3.8569296875,-0.2865753173828125,-1.0098724365234375,-0.113677978515625
1749220197146920700,3.866920654296875,-0.3153839111328125,-1.0051116943359375,-0.1147308349609375
1749220197156911900,3.876911865234375,-0.2787933349609375,-0.9990234375,-0.1131591796875
1749220197166903000,3.886903076171875,-0.2156219482421875,-1.0014495849609375,-0.13568115234375
1749220197176894000,3.89689404296875,-0.1597747802734375,-1.0068511962890625,-0.1738128662109375
1749220197186884900,3.906884765625,-0.1072235107421875,-1.0528717041015625,-0.16552734375
1749220197196875800,3.916875732421875,-0.0087432861328125,-1.11883544921875,-0.0914306640625
1749220197206867000,3.926866943359375,-0.12091064453125,-1.1808929443359375,-0.007476806640625
1749220197216857900,3.93685791015625,-0.1940155029296875,-1.14447021484375,0.131744384765625
1749220197226848800,3.946848876953125,-0.3173370361328125,-1.0553741455078125,0.1057891845703125
1749220197236840000,3.95683984375,-0.173980712890625,-0.9765472412109375,-0.15057373046875
1749220197246830800,3.966830810546875,-0.1629638671875,-0.956512451171875,-0.32232666015625
1749220197256821800,3.97682177734375,-0.1803436279296875,-0.99517822265625,-0.43682861328125
1749220197266813000,3.98681298828125,-0.180816650390625,-0.99114990234375,-0.51708984375
1749220197276804000,3.99680419921875,-0.1785125732421875,-0.9476318359375,-0.4495849609375
1749220197286795000,4.006794921875,-0.2306365966796875,-0.953216552734375,-0.2738494873046875
1749220197296786000,4.016785888671875,-0.2883148193359375,-0.986480712890625,-0.1395416259765625
1749220197306777000,4.026777099609375,-0.29656982421875,-0.9851226806640625,-0.06048583984375
1749220197316768000,4.03676806640625,-0.285308837890625,-0.9522705078125,-0.00616455078125
1749220197326759000,4.046759033203125,-0.2508697509765625,-0.9286041259765625,0.0096435546875
1749220197336750000,4.05675,-0.2112274169921875,-0.92449951171875,-0.017303466796875
1749220197346741000,4.066740966796875,-0.18121337890625,-0.9189605712890625,-0.05859375
1749220197356732000,4.07673193359375,-0.1554412841796875,-0.90472412109375,-0.078094482421875
1749220197366722800,4.086722900390625,-0.14080810546875,-0.8923492431640625,-0.076568603515625
1749220197376714000,4.0967138671875,-0.11041259765625,-0.8782806396484375,-0.05841064453125
1749220197386705000,4.106704833984375,-0.1045074462890625,-0.8631439208984375,-0.031890869140625
1749220197396695800,4.11669580078125,-0.111114501953125,-0.863037109375,-0.0135498046875
1749220197406687000,4.12668701171875,-0.0946044921875,-0.8680267333984375,-0.0128173828125
1749220197416678000,4.136677978515625,-0.074554443359375,-0.863494873046875,-0.028961181640625
1749220197426668800,4.146668701171875,-0.04339599609375,-0.8638153076171875,-0.05633544921875
1749220197436659700,4.15665966796875,-0.0306243896484375,-0.900543212890625,-0.0869598388671875
1749220197446651000,4.16665087890625,-0.0165557861328125,-0.94427490234375,-0.112884521484375
1749220197456641800,4.176641845703125,-0.0010986328125,-0.958251953125,-0.119659423828125
1749220197466633000,4.186633056640625,0.019012451171875,-0.95758056640625,-0.1167144775390625
1749220197476624100,4.1966240234375,0.0471038818359375,-0.9559478759765625,-0.111083984375
1749220197486615000,4.206614990234375,0.0694427490234375,-0.9429779052734375,-0.102783203125
1749220197496606700,4.216606689453125,0.0938720703125,-0.9153289794921875,-0.086578369140625
1749220197506598000,4.226597900390625,0.126068115234375,-0.8709716796875,-0.0651397705078125
1749220197516588800,4.2365888671875,-0.0042877197265625,-0.8696441650390625,-0.07843017578125
1749220197526580000,4.246580078125,0.1653594970703125,-0.91815185546875,-0.142333984375
1749220197536571100,4.256571044921875,0.350738525390625,-0.8362274169921875,-0.0721282958984375
1749220197546562000,4.26656201171875,-0.2539215087890625,-1.04095458984375,0.00048828125
1749220197556553000,4.276552978515625,-0.3292999267578125,-1.323150634765625,-0.210723876953125
1749220197566544000,4.2865439453125,0.0457000732421875,-1.124847412109375,-0.3481292724609375
1749220197576535000,4.29653515625,0.1457977294921875,-0.9907989501953125,-0.1267242431640625
1749220197586526000,4.30652587890625,0.04840087890625,-1.3687744140625,0.3157501220703125
1749220197596516900,4.316516845703125,0.22686767578125,-1.76251220703125,0.7396087646484375
1749220197606508000,4.326508056640625,-0.168243408203125,-1.4021759033203125,0.6865386962890625
1749220197616499000,4.3364990234375,-0.2504425048828125,-0.7635498046875,0.455474853515625
1749220197626489900,4.34648974609375,-0.02191162109375,-0.5645294189453125,0.180877685546875
1749220197636480800,4.356480712890625,0.1937408447265625,-0.809722900390625,-0.2381134033203125
1749220197646472000,4.366471923828125,0.174346923828125,-1.0807037353515625,-0.5982513427734375
1749220197656462800,4.376462890625,0.1910247802734375,-1.085693359375,-0.611358642578125
1749220197666453800,4.386453857421875,0.183563232421875,-0.9506378173828125,-0.3899383544921875
1749220197676445000,4.39644482421875,0.119384765625,-0.9312896728515625,-0.2112274169921875
1749220197686435800,4.406435791015625,0.07952880859375,-1.0142974853515625,-0.0527496337890625
1749220197696426800,4.4164267578125,0.044830322265625,-1.0797576904296875,0.1063079833984375
1749220197706418000,4.42641796875,0.0052490234375,-1.059326171875,0.1434783935546875
1749220197716409000,4.4364091796875,-0.005859375,-0.9796600341796875,0.0169525146484375
1749220197726400000,4.44639990234375,0.008697509765625,-0.937744140625,-0.1411285400390625
1749220197736391000,4.456390869140625,0.0231781005859375,-0.9334869384765625,-0.2321929931640625
1749220197746382000,4.466382080078125,0.060211181640625,-0.9575347900390625,-0.2790985107421875
1749220197756373000,4.476373046875,0.0965576171875,-1.0037994384765625,-0.2786102294921875
1749220197766364000,4.486364013671875,0.1326904296875,-1.01519775390625,-0.2219085693359375
1749220197776355000,4.49635498046875,0.1590576171875,-0.9929351806640625,-0.148101806640625
1749220197786346000,4.506345947265625,0.1573638916015625,-0.985748291015625,-0.0780487060546875
1749220197796337000,4.5163369140625,0.162078857421875,-1.0029296875,-0.0350341796875
1749220197806327800,4.526327880859375,0.1719818115234375,-1.01104736328125,-0.032623291015625
1749220197816319000,4.536319091796875,0.1878509521484375,-1.00067138671875,-0.074493408203125
1749220197826310000,4.546309814453125,0.208740234375,-0.9849853515625,-0.14422607421875
1749220197836300800,4.55630078125,0.210174560546875,-0.9736785888671875,-0.1919403076171875
1749220197846292000,4.5662919921875,0.2025146484375,-0.951751708984375,-0.1942138671875
1749220197856283000,4.576282958984375,0.186767578125,-0.9531402587890625,-0.170166015625
1749220197866273800,4.586273681640625,0.176239013671875,-0.9738006591796875,-0.137847900390625
1749220197876264700,4.5962646484375,0.1739959716796875,-0.979644775390625,-0.1211395263671875
1749220197886255900,4.606255859375,0.162200927734375,-0.9723968505859375,-0.12548828125
1749220197896246800,4.616246826171875,0.1910858154296875,-0.9628448486328125,-0.1399078369140625
1749220197906238000,4.626238037109375,0.2012939453125,-0.9487152099609375,-0.1535491943359375
1749220197916229000,4.63622900390625,0.1987457275390625,-0.9495391845703125,-0.1512908935546875
1749220197926220000,4.646219970703125,0.21636962890625,-0.9614105224609375,-0.1497802734375
1749220197936211000,4.6562109375,0.223480224609375,-0.9566497802734375,-0.1577606201171875
1749220197946202000,4.6662021484375,0.230194091796875,-0.949432373046875,-0.157989501953125
1749220197956193000,4.676193115234375,0.24188232421875,-0.9514923095703125,-0.15032958984375
1749220197966184000,4.686183837890625,0.24542236328125,-0.9517822265625,-0.14727783203125
1749220197976174800,4.6961748046875,0.236846923828125,-0.94439697265625,-0.1483917236328125
1749220197986166000,4.706166015625,0.2495574951171875,-0.941009521484375,-0.16058349609375
1749220197996157000,4.716156982421875,0.30438232421875,-0.9496002197265625,-0.1847381591796875
1749220198006147800,4.72614794921875,0.338226318359375,-0.9516143798828125,-0.186187744140625
1749220198016139000,4.736138916015625,0.3478851318359375,-0.95513916015625,-0.1593017578125
1749220198026130000,4.7461298828125,0.35443115234375,-0.965667724609375,-0.1263885498046875
1749220198036120800,4.756120849609375,0.334991455078125,-0.9802703857421875,-0.0960693359375
1749220198046111700,4.76611181640625,0.3414306640625,-0.9835052490234375,-0.07720947265625
1749220198056103000,4.77610302734375,0.352142333984375,-0.9640350341796875,-0.07470703125
1749220198066093800,4.78609375,0.368438720703125,-0.943603515625,-0.100433349609375
1749220198076084700,4.796084716796875,0.3647613525390625,-0.9498443603515625,-0.132354736328125
1749220198086076000,4.806075927734375,0.3643341064453125,-0.9867401123046875,-0.145904541015625
1749220198096067000,4.816067138671875,0.3650360107421875,-1.020172119140625,-0.1163330078125
1749220198106058800,4.826058837890625,0.31170654296875,-1.0316925048828125,-0.1372222900390625
1749220198116050000,4.8360498046875,0.2841796875,-1.045379638671875,-0.1752777099609375
1749220198126040800,4.846040771484375,0.31719970703125,-1.0579986572265625,-0.1547698974609375
1749220198136031700,4.85603173828125,0.333221435546875,-1.0054168701171875,-0.1487274169921875
1749220198146023000,4.86602294921875,0.3099212646484375,-0.968658447265625,-0.127410888671875
1749220198156013800,4.876013916015625,0.317047119140625,-1.0087432861328125,-0.12158203125
1749220198166004700,4.886004638671875,0.3332061767578125,-1.0516510009765625,-0.1281585693359375
1749220198175995600,4.89599560546875,0.327911376953125,-1.0433807373046875,-0.1829071044921875
1749220198185986600,4.905986572265625,0.359222412109375,-1.0054168701171875,-0.1824493408203125
1749220198195977700,4.915977783203125,0.3662261962890625,-1.0370941162109375,-0.1662750244140625
1749220198205968600,4.92596875,0.380950927734375,-1.0936126708984375,-0.1309661865234375
1749220198215959600,4.93595947265625,0.37677001953125,-1.0892333984375,-0.06500244140625
1749220198225950700,4.94595068359375,0.375335693359375,-1.0562744140625,-0.0617828369140625
1749220198235941600,4.955941650390625,0.362701416015625,-1.146759033203125,-0.1591949462890625
1749220198245932500,4.9659326171875,0.4107818603515625,-1.364349365234375,-0.2808380126953125
1749220198255923700,4.975923828125,0.3896331787109375,-1.4666290283203125,-0.2967071533203125
1749220198265914600,4.98591455078125,0.4501495361328125,-1.375,-0.144134521484375
1749220198275905500,4.995905517578125,0.3800201416015625,-1.3138885498046875,-0.002532958984375
1749220198285896400,5.005896484375,0.180206298828125,-1.4721527099609375,-0.028900146484375
1749220198295887600,5.0158876953125,0.2890625,-1.5052947998046875,-0.0985260009765625
1749220198305878500,5.02587841796875,0.361846923828125,-1.31622314453125,-0.0921173095703125
1749220198315869700,5.03586962890625,0.0220794677734375,-1.3450469970703125,-0.1746368408203125
1749220198325860900,5.04586083984375,0.08392333984375,-1.3320465087890625,-0.175811767578125
1749220198335851800,5.055851806640625,0.3645477294921875,-1.2824859619140625,-0.15155029296875
1749220198345842700,5.0658427734375,0.6221771240234375,-1.3516387939453125,-0.2751922607421875
1749220198355833600,5.07583349609375,-0.0133056640625,-1.491424560546875,-0.310455322265625
1749220198365824800,5.08582470703125,-0.0068206787109375,-1.366943359375,-0.0402069091796875
1749220198375815700,5.095815673828125,-0.0291290283203125,-1.041229248046875,0.0090484619140625
1749220198385806600,5.105806640625,0.3927764892578125,-0.844970703125,-0.1674957275390625
1749220198395797800,5.1157978515625,1.73736572265625,-0.588592529296875,-0.263153076171875
1749220198405788700,5.12578857421875,1.2816314697265625,-0.63665771484375,-0.2989349365234375
1749220198415779600,5.135779541015625,0.1326141357421875,-1.0322265625,-0.127838134765625
1749220198425770500,5.1457705078125,-0.3085784912109375,-1.0746612548828125,0.1288909912109375
1749220198435761700,5.15576171875,0.067840576171875,-0.7961883544921875,0.1670074462890625
1749220198445752600,5.165752685546875,0.3000335693359375,-0.6240234375,0.014251708984375
1749220198455743500,5.175743408203125,0.37261962890625,-0.584442138671875,-0.057373046875
1749220198465734700,5.185734619140625,0.486968994140625,-0.5494384765625,-0.0247802734375
1749220198475725600,5.1957255859375,0.44287109375,-0.570526123046875,-0.005340576171875
1749220198485716500,5.205716552734375,0.4048614501953125,-0.6121826171875,-0.0049896240234375
1749220198495707600,5.215707763671875,0.368927001953125,-0.627777099609375,0.003631591796875
1749220198505698600,5.225698486328125,0.3418426513671875,-0.632568359375,0.014312744140625
1749220198515689700,5.235689697265625,0.3626251220703125,-0.6368255615234375,0.0408782958984375
1749220198525680600,5.2456806640625,0.4108428955078125,-0.650970458984375,0.0864410400390625
1749220198535671800,5.255671875,0.404388427734375,-0.692657470703125,0.150634765625
1749220198545662700,5.265662841796875,0.39300537109375,-0.7320098876953125,0.207763671875
1749220198555653600,5.275653564453125,0.4009857177734375,-0.7637939453125,0.220611572265625
1749220198565644800,5.285644775390625,0.4563446044921875,-0.81866455078125,0.1825103759765625
1749220198575635700,5.2956357421875,0.547943115234375,-0.9028778076171875,0.1256103515625
1749220198585626600,5.305626708984375,0.6260833740234375,-0.984039306640625,0.0610198974609375
1749220198595617500,5.315617431640625,0.648468017578125,-1.0249176025390625,-0.0257415771484375
1749220198605608700,5.325608642578125,0.6532440185546875,-1.0428924560546875,-0.101959228515625
1749220198615599600,5.335599609375,0.7082977294921875,-1.091705322265625,-0.1092376708984375
1749220198625590500,5.345590576171875,0.709197998046875,-1.1655426025390625,-0.03271484375
1749220198635581700,5.355581787109375,0.62921142578125,-1.1993255615234375,0.0559539794921875
1749220198645572600,5.365572509765625,0.5502471923828125,-1.189605712890625,0.1240386962890625
1749220198655563500,5.3755634765625,0.4996795654296875,-1.1838836669921875,0.1768646240234375
1749220198665554400,5.385554443359375,0.44097900390625,-1.1871490478515625,0.1837005615234375
1749220198675545600,5.395545654296875,0.439605712890625,-1.16619873046875,0.133636474609375
1749220198685536500,5.40553662109375,0.4518280029296875,-1.1588287353515625,0.075897216796875
1749220198695527700,5.415527587890625,0.4890289306640625,-1.1562347412109375,0.033355712890625
1749220198705518800,5.425518798828125,0.5196533203125,-1.1287078857421875,-0.0688323974609375
1749220198715509800,5.435509765625,0.449737548828125,-1.1162567138671875,-0.133880615234375
1749220198725500700,5.445500732421875,0.358551025390625,-1.0917205810546875,-0.1076202392578125
1749220198735491800,5.455491943359375,0.3455657958984375,-1.078125,-0.09967041015625
1749220198745482800,5.465482666015625,0.4326324462890625,-1.0803070068359375,-0.10028076171875
1749220198755473700,5.4754736328125,0.499481201171875,-1.0572662353515625,0.0016937255859375
1749220198765464600,5.485464599609375,0.3200531005859375,-0.97509765625,0.1311187744140625
1749220198775455700,5.495455810546875,0.181396484375,-0.8529815673828125,0.160888671875
1749220198785446700,5.50544677734375,0.30694580078125,-0.748565673828125,0.087432861328125
1749220198795437600,5.5154375,0.4381103515625,-0.6616058349609375,-0.02886962890625
1749220198805428700,5.5254287109375,0.424163818359375,-0.6319427490234375,-0.1613922119140625
1749220198815419600,5.535419677734375,0.491912841796875,-0.6505279541015625,-0.2498931884765625
1749220198825410600,5.54541064453125,0.6544189453125,-0.666229248046875,-0.2724151611328125
1749220198835401500,5.5554013671875,0.18292236328125,-0.8544464111328125,-0.3513946533203125
1749220198845392600,5.565392578125,0.1632080078125,-1.315032958984375,-0.6849517822265625
1749220198855383600,5.575383544921875,1.021728515625,-1.3187255859375,-0.9228057861328125
1749220198865374500,5.58537451171875,-0.3172607421875,-1.348602294921875,-0.2968597412109375
1749220198875365600,5.59536572265625,-0.28759765625,-2.00640869140625,0.9476776123046875
1749220198885356500,5.6053564453125,1.1285400390625,-2.086517333984375,1.3928680419921875
1749220198895347700,5.61534765625,0.183074951171875,-1.2075347900390625,0.54913330078125
1749220198905338600,5.625338623046875,-0.464691162109375,-0.50677490234375,0.3295745849609375
1749220198915329800,5.635329833984375,0.4454193115234375,-0.65478515625,0.62445068359375
1749220198925320700,5.64532080078125,0.618804931640625,-1.0747528076171875,0.0781097412109375
1749220198935311600,5.6553115234375,0.4407196044921875,-1.3660125732421875,-0.7471923828125
1749220198945302800,5.665302734375,0.886505126953125,-1.2819061279296875,-1.0614166259765625
1749220198955293700,5.675293701171875,0.453033447265625,-0.898895263671875,-0.8524017333984375
1749220198965284600,5.68528466796875,0.3831787109375,-0.6671905517578125,-0.30224609375
1749220198975275500,5.695275634765625,0.6546630859375,-0.8598175048828125,-0.23333740234375
1749220198985266700,5.7052666015625,0.379638671875,-1.1659698486328125,-0.0395660400390625
1749220198995257600,5.715257568359375,0.2471160888671875,-1.2688751220703125,0.26641845703125
1749220199005248500,5.72524853515625,0.2992706298828125,-1.089813232421875,0.3549041748046875
1749220199015239700,5.73523974609375,0.1767730712890625,-0.9313507080078125,0.1810302734375
1749220199025230600,5.745230712890625,0.2181549072265625,-0.9374542236328125,-0.035797119140625
1749220199035221500,5.755221435546875,0.2530975341796875,-0.99395751953125,-0.102783203125
1749220199045212700,5.765212646484375,0.2580718994140625,-1.01251220703125,-0.0837860107421875
1749220199055203600,5.77520361328125,0.2774810791015625,-1.0149688720703125,-0.0429840087890625
1749220199065194500,5.785194580078125,0.3041534423828125,-1.0292816162109375,-0.021026611328125
1749220199075185700,5.795185546875,0.327362060546875,-1.032928466796875,-0.0448760986328125
1749220199085176800,5.8051767578125,0.3131256103515625,-1.017333984375,-0.0688323974609375
1749220199095167700,5.815167724609375,0.2776947021484375,-0.9870758056640625,-0.0612945556640625
1749220199105158700,5.82515869140625,0.23089599609375,-0.96685791015625,-0.0491790771484375
1749220199115149800,5.83514990234375,0.1961822509765625,-0.96185302734375,-0.059295654296875
1749220199125140700,5.845140625,0.1985626220703125,-0.9629364013671875,-0.1090240478515625
1749220199135131600,5.855131591796875,0.2149810791015625,-0.96044921875,-0.1830291748046875
1749220199145122600,5.86512255859375,0.2398834228515625,-0.9556121826171875,-0.2476806640625
1749220199155113700,5.87511376953125,0.2619781494140625,-0.96197509765625,-0.29046630859375
1749220199165105000,5.88510498046875,0.2547454833984375,-0.97613525390625,-0.2747039794921875
1749220199175095800,5.895095703125,0.2295684814453125,-0.9794921875,-0.189697265625
1749220199185086700,5.905086669921875,0.2195892333984375,-0.973297119140625,-0.1032562255859375
1749220199195078000,5.915077880859375,0.2073974609375,-0.9619903564453125,-0.060638427734375
1749220199205068800,5.92506884765625,0.21820068359375,-0.9364166259765625,-0.053802490234375
1749220199215060700,5.935060791015625,0.2306365966796875,-0.920257568359375,-0.092315673828125
1749220199225050600,5.945050537109375,0.2341766357421875,-0.9334564208984375,-0.149658203125
1749220199235042800,5.955042724609375,0.26678466796875,-0.9462890625,-0.1879730224609375
1749220199245032700,5.96503271484375,0.2955474853515625,-0.9407501220703125,-0.209136962890625
1749220199255023600,5.975023681640625,0.3243560791015625,-0.9342803955078125,-0.21142578125
1749220199265015800,5.985015869140625,0.3433685302734375,-0.9422760009765625,-0.17913818359375
1749220199275006700,5.9950068359375,0.3478240966796875,-0.96405029296875,-0.143157958984375
1749220199284996900,6.004996826171875,0.35296630859375,-0.9783477783203125,-0.124053955078125
1749220199294988800,6.01498876953125,0.34466552734375,-0.987213134765625,-0.1044158935546875
1749220199304979700,6.024979736328125,0.3397979736328125,-1.018951416015625,-0.07958984375
1749220199314970600,6.034970703125,0.3441314697265625,-1.0282135009765625,-0.0635528564453125
1749220199324961800,6.0449619140625,0.3064727783203125,-1.0149383544921875,-0.1169586181640625
1749220199334952700,6.05495263671875,0.25860595703125,-1.0267333984375,-0.1839752197265625
1749220199344943900,6.06494384765625,0.227508544921875,-1.04925537109375,-0.154541015625
1749220199354934800,6.074934814453125,0.2335052490234375,-1.051544189453125,-0.1639251708984375
1749220199364926000,6.084926025390625,0.259735107421875,-0.9738311767578125,-0.1927642822265625
1749220199374916900,6.094916748046875,0.248077392578125,-0.9562225341796875,-0.177490234375
1749220199384907800,6.10490771484375,0.2996368408203125,-1.0453948974609375,-0.20159912109375
1749220199394899000,6.11489892578125,0.3134918212890625,-1.1081390380859375,-0.246429443359375
1749220199404889900,6.124889892578125,0.335418701171875,-1.1073150634765625,-0.19549560546875
1749220199414880800,6.134880859375,0.376739501953125,-1.0717315673828125,-0.10858154296875
1749220199424871700,6.14487158203125,0.422943115234375,-1.0248565673828125,-0.07806396484375
1749220199434862800,6.15486279296875,0.465240478515625,-0.989501953125,-0.047332763671875
1749220199444853800,6.164853759765625,0.4702911376953125,-1.02044677734375,-0.0115509033203125
1749220199454844700,6.1748447265625,0.4041748046875,-1.1074676513671875,-0.0638580322265625
1749220199464835800,6.1848359375,0.3721771240234375,-1.10888671875,-0.09124755859375
1749220199474826800,6.19482666015625,0.3648529052734375,-1.130584716796875,-0.0532379150390625
1749220199484817700,6.204817626953125,0.409271240234375,-1.225311279296875,-0.0898895263671875
1749220199494808800,6.214808837890625,0.380279541015625,-1.39031982421875,-0.0632476806640625
1749220199504799700,6.2247998046875,0.446136474609375,-1.5031585693359375,0.0789337158203125
1749220199514790700,6.234790771484375,0.2611083984375,-1.607086181640625,-0.02557373046875
1749220199524781800,6.24478173828125,0.2053375244140625,-1.637908935546875,-0.1470489501953125
1749220199534773000,6.25477294921875,0.223876953125,-1.51739501953125,-0.1217803955078125
1749220199544764000,6.264763916015625,0.19146728515625,-1.51348876953125,-0.1659088134765625
1749220199554754800,6.2747548828125,0.14697265625,-1.43212890625,-0.337554931640625
1749220199564746000,6.28474609375,0.5481109619140625,-1.2003326416015625,-0.3607177734375
1749220199574737000,6.29473681640625,0.2749786376953125,-1.2614898681640625,-0.2638092041015625
1749220199584727800,6.304727783203125,0.141204833984375,-1.54132080078125,-0.451080322265625
1749220199594718700,6.31471875,-0.0328369140625,-1.4683990478515625,-0.5000762939453125
1749220199604710000,6.3247099609375,-0.1180419921875,-1.16607666015625,-0.3766632080078125
1749220199614700800,6.33470068359375,0.1106109619140625,-0.9155120849609375,-0.451263427734375
1749220199624691700,6.344691650390625,1.89007568359375,-0.523956298828125,-0.501312255859375
1749220199634683000,6.354682861328125,1.93829345703125,-0.433135986328125,-0.403289794921875
1749220199644673800,6.364673828125,0.5197296142578125,-0.892669677734375,-0.1056671142578125
1749220199654664700,6.374664794921875,-0.2914886474609375,-1.1194000244140625,0.246856689453125
1749220199664655600,6.384655517578125,-0.1042022705078125,-0.84576416015625,0.418853759765625
1749220199674646800,6.394646728515625,0.34893798828125,-0.5623626708984375,0.281829833984375
1749220199684637700,6.4046376953125,0.3339996337890625,-0.5630340576171875,0.059356689453125
1749220199694628600,6.414628662109375,0.473236083984375,-0.5557403564453125,-0.0508575439453125
1749220199704619800,6.424619873046875,0.5438690185546875,-0.5167999267578125,-0.0986785888671875
1749220199714610700,6.434610595703125,0.5106964111328125,-0.53167724609375,-0.1141510009765625
1749220199724601900,6.444601806640625,0.4861297607421875,-0.561981201171875,-0.0633392333984375
1749220199734593000,6.454593017578125,0.5128326416015625,-0.59442138671875,0.010955810546875
1749220199744584000,6.464583984375,0.466644287109375,-0.655426025390625,0.0442962646484375
1749220199754574800,6.474574951171875,0.3921966552734375,-0.655914306640625,0.0487518310546875
1749220199764565800,6.484565673828125,0.3626861572265625,-0.617218017578125,0.0558013916015625
1749220199774557000,6.494556884765625,0.4289703369140625,-0.653106689453125,0.0969085693359375
1749220199784547800,6.5045478515625,0.436431884765625,-0.7492828369140625,0.167449951171875
1749220199794538800,6.514538818359375,0.398681640625,-0.804046630859375,0.209228515625
1749220199804530000,6.524530029296875,0.4768829345703125,-0.8424530029296875,0.1547088623046875
1749220199814520800,6.534520751953125,0.570281982421875,-0.9205322265625,0.0712127685546875
1749220199824511700,6.54451171875,0.703582763671875,-0.9905548095703125,0.005523681640625
1749220199834502700,6.554502685546875,0.8347625732421875,-1.0680999755859375,-0.0859375
1749220199844493800,6.564493896484375,0.834136962890625,-1.1118927001953125,-0.1803436279296875
1749220199854484700,6.574484619140625,0.8774261474609375,-1.11309814453125,-0.201812744140625
1749220199864475600,6.5844755859375,0.91424560546875,-1.150177001953125,-0.074310302734375
1749220199874466800,6.594466796875,0.80023193359375,-1.1595306396484375,0.1236419677734375
1749220199884457700,6.604457763671875,0.646087646484375,-1.093505859375,0.239044189453125
1749220199894448600,6.61444873046875,0.5087432861328125,-1.033111572265625,0.2838592529296875
1749220199904439800,6.624439697265625,0.4387664794921875,-1.0179901123046875,0.2678680419921875
1749220199914431000,6.634430908203125,0.4293975830078125,-1.0438690185546875,0.1646728515625
1749220199924422000,6.644421875,0.4122314453125,-1.113372802734375,0.0450439453125
1749220199934412800,6.654412841796875,0.3824920654296875,-1.1775360107421875,-0.0211944580078125
1749220199944404000,6.664404052734375,0.380584716796875,-1.1942138671875,-0.0419158935546875
1749220199954395000,6.674394775390625,0.3639678955078125,-1.173553466796875,-0.0528564453125
1749220199964385800,6.6843857421875,0.366546630859375,-1.142547607421875,-0.0792694091796875
1749220199974377000,6.694376953125,0.35968017578125,-1.104522705078125,-0.0977935791015625
1749220199984367900,6.704367919921875,0.3253936767578125,-1.0482330322265625,-0.050628662109375
1749220199994358800,6.71435888671875,0.530853271484375,-0.979339599609375,0.0167083740234375
1749220200004349700,6.724349609375,0.5284576416015625,-1.0139617919921875,0.0247039794921875
1749220200014340900,6.7343408203125,0.3793792724609375,-1.07672119140625,-0.0265045166015625
1749220200024331800,6.744331787109375,0.2210845947265625,-1.0188751220703125,-0.0024261474609375
1749220200034322700,6.75432275390625,0.1873931884765625,-0.8926544189453125,0.035369873046875
1749220200044313900,6.76431396484375,0.3193206787109375,-0.76165771484375,-0.02099609375
1749220200054304800,6.7743046875,0.4035186767578125,-0.6399688720703125,-0.132171630859375
1749220200064295700,6.784295654296875,0.38409423828125,-0.5616455078125,-0.2284088134765625
1749220200074286600,6.79428662109375,0.4737548828125,-0.552215576171875,-0.2826385498046875
1749220200084277800,6.80427783203125,0.579345703125,-0.6159820556640625,-0.2889556884765625
1749220200094268700,6.8142685546875,0.67962646484375,-0.71258544921875,-0.2891693115234375
1749220200104259800,6.824259765625,-0.48919677734375,-1.2091522216796875,-0.5346832275390625
1749220200114251000,6.8342509765625,0.24566650390625,-1.7158660888671875,-1.0110015869140625
1749220200124242000,6.844241943359375,-0.2746734619140625,-1.7566680908203125,-0.5541229248046875
1749220200134232800,6.85423291015625,0.2564239501953125,-1.77325439453125,1.246551513671875
1749220200144223700,6.8642236328125,0.7386932373046875,-1.8614349365234375,1.38372802734375
1749220200154215400,6.87421533203125,0.03582763671875,-1.286224365234375,0.2134857177734375
1749220200164206600,6.88420654296875,-0.59368896484375,-0.6511383056640625,0.261505126953125
1749220200174197500,6.894197509765625,0.337860107421875,-0.676177978515625,0.6459808349609375
1749220200184188400,6.9041884765625,0.493133544921875,-0.93829345703125,0.0933074951171875
1749220200194179600,6.9141796875,0.4634246826171875,-1.1965179443359375,-0.711700439453125
1749220200204170500,6.92417041015625,1.081756591796875,-1.3406829833984375,-1.2311553955078125
1749220200214161400,6.934161376953125,0.4854888916015625,-1.1035919189453125,-1.0173492431640625
1749220200224152300,6.94415234375,0.6306610107421875,-0.677886962890625,-0.166046142578125
1749220200234143500,6.9541435546875,0.503021240234375,-0.84234619140625,0.0525665283203125
1749220200244134400,6.964134521484375,0.4448699951171875,-1.2325592041015625,0.03594970703125
1749220200254125300,6.974125244140625,0.2766571044921875,-1.3022613525390625,0.2691650390625
1749220200264116500,6.984116455078125,0.2989044189453125,-1.091461181640625,0.4432830810546875
1749220200274107400,6.994107421875,0.174407958984375,-0.9449920654296875,0.1847686767578125
1749220200284098300,7.004098388671875,0.15667724609375,-0.9462738037109375,-0.12493896484375
1749220200294089200,7.014089111328125,0.2194061279296875,-0.9798736572265625,-0.1953582763671875
1749220200304080400,7.024080322265625,0.24163818359375,-1.0015869140625,-0.13616943359375
1749220200314071300,7.0340712890625,0.183197021484375,-1.0119476318359375,-0.052703857421875
1749220200324062500,7.0440625,0.1457672119140625,-1.022705078125,0.02886962890625
1749220200334053600,7.0540537109375,0.196624755859375,-1.0352783203125,0.044921875
1749220200344044500,7.06404443359375,0.2439727783203125,-1.0292816162109375,-0.01702880859375
1749220200354035500,7.074035400390625,0.2164764404296875,-0.9900360107421875,-0.08367919921875
1749220200364026400,7.0840263671875,0.1460723876953125,-0.94732666015625,-0.10345458984375
1749220200374017500,7.094017578125,0.1185150146484375,-0.940277099609375,-0.097015380859375
1749220200384008400,7.104008544921875,0.1387481689453125,-0.9573822021484375,-0.1116485595703125
1749220200393999400,7.113999267578125,0.1605224609375,-0.963958740234375,-0.1423797607421875
1749220200403990500,7.123990478515625,0.1816864013671875,-0.960174560546875,-0.168731689453125
1749220200413981400,7.1339814453125,0.1847991943359375,-0.9614410400390625,-0.1840362548828125
1749220200423971300,7.143971435546875,0.1960296630859375,-0.96649169921875,-0.18853759765625
1749220200433963500,7.153963623046875,0.1882171630859375,-0.96484375,-0.1583099365234375
1749220200443954400,7.163954345703125,0.1658172607421875,-0.9571990966796875,-0.103363037109375
1749220200453945300,7.1739453125,0.1608734130859375,-0.95343017578125,-0.068450927734375
1749220200463936300,7.183936279296875,0.1661834716796875,-0.9455413818359375,-0.067047119140625
1749220200473927400,7.193927490234375,0.173309326171875,-0.9344940185546875,-0.0924224853515625
1749220200483918300,7.20391845703125,0.191375732421875,-0.93389892578125,-0.1236419677734375
1749220200493909200,7.2139091796875,0.2366180419921875,-0.937957763671875,-0.1510162353515625
1749220200503900400,7.223900390625,0.2613525390625,-0.944549560546875,-0.1778106689453125
1749220200513891600,7.2338916015625,0.292938232421875,-0.9514007568359375,-0.182159423828125
1749220200523881500,7.243881591796875,0.318145751953125,-0.953369140625,-0.1514739990234375
1749220200533872400,7.253872314453125,0.369384765625,-0.949859619140625,-0.119598388671875
1749220200543863600,7.263863525390625,0.3805999755859375,-0.957611083984375,-0.104705810546875
1749220200553854500,7.2738544921875,0.3808746337890625,-0.9823455810546875,-0.0767974853515625
1749220200563845400,7.283845458984375,0.40875244140625,-1.0018310546875,-0.0284271240234375
1749220200573836300,7.293836181640625,0.438140869140625,-0.995330810546875,-0.019683837890625
1749220200583827500,7.303827392578125,0.4260101318359375,-0.9716796875,-0.05950927734375
1749220200593818400,7.313818359375,0.4118194580078125,-0.9711151123046875,-0.1027069091796875
1749220200603809300,7.323809326171875,0.3582916259765625,-1.04461669921875,-0.1353912353515625
1749220200613800400,7.333800537109375,0.2974700927734375,-1.168426513671875,-0.14910888671875
1749220200623791400,7.343791259765625,0.276947021484375,-1.14361572265625,-0.1434478759765625
1749220200633782300,7.3537822265625,0.2220001220703125,-1.0432586669921875,-0.18475341796875
1749220200643773400,7.3637734375,0.2314300537109375,-0.9889984130859375,-0.24713134765625
1749220200653764600,7.3737646484375,0.240814208984375,-1.0037841796875,-0.263885498046875
1749220200663755500,7.383755615234375,0.20458984375,-1.126251220703125,-0.1926116943359375
1749220200673746400,7.393746337890625,0.2648468017578125,-1.1529541015625,-0.1151580810546875
1749220200683737600,7.403737548828125,0.310089111328125,-1.1047821044921875,-0.10809326171875
1749220200693728500,7.413728515625,0.28875732421875,-1.119415283203125,-0.133026123046875
1749220200703719400,7.423719482421875,0.330047607421875,-1.20416259765625,-0.1138916015625
1749220200713710300,7.43371044921875,0.326416015625,-1.31561279296875,-0.1142578125
1749220200723701500,7.443701416015625,0.2946014404296875,-1.5198211669921875,-0.165924072265625
1749220200733692400,7.4536923828125,0.31866455078125,-1.6494293212890625,-0.139739990234375
1749220200743683300,7.463683349609375,0.1728668212890625,-1.73651123046875,-0.1916961669921875
1749220200753674500,7.473674560546875,0.158416748046875,-1.7164764404296875,-0.1665496826171875
1749220200763665400,7.48366552734375,0.3210906982421875,-1.5970916748046875,-0.16033935546875
1749220200773656300,7.49365625,0.0463104248046875,-1.7690582275390625,-0.2703704833984375
1749220200783647500,7.5036474609375,-0.0748291015625,-1.8798828125,-0.2743988037109375
1749220200793638400,7.513638427734375,0.0570831298828125,-1.5091705322265625,-0.2568817138671875
1749220200803629300,7.52362939453125,0.060882568359375,-1.265289306640625,-0.29083251953125
1749220200813620200,7.5336201171875,0.431427001953125,-1.211029052734375,-0.474822998046875
1749220200823611400,7.543611328125,0.2423248291015625,-1.2667236328125,-0.432220458984375
1749220200833602300,7.553602294921875,-0.2249908447265625,-1.3629150390625,-0.2544403076171875
1749220200843593500,7.563593505859375,-0.2742156982421875,-1.1742095947265625,-0.1740875244140625
1749220200853584600,7.573584716796875,1.193084716796875,-0.665618896484375,-0.1552886962890625
1749220200863575600,7.583575439453125,2.7496490478515625,-0.27374267578125,-0.2393646240234375
1749220200873566500,7.59356640625,1.1266326904296875,-0.6985626220703125,-0.2821197509765625
1749220200883557400,7.603557373046875,0.0001983642578125,-1.1406097412109375,-0.0020904541015625
1749220200893548500,7.613548583984375,-0.2994537353515625,-0.982421875,0.1541900634765625
1749220200903539500,7.62353955078125,0.2819671630859375,-0.6231231689453125,0.0734710693359375
1749220200913530400,7.6335302734375,0.3006591796875,-0.4982452392578125,-0.1168670654296875
1749220200923521500,7.643521484375,0.284088134765625,-0.448822021484375,-0.15765380859375
1749220200933512400,7.653512451171875,0.53582763671875,-0.4060821533203125,-0.0233001708984375
1749220200943503400,7.66350341796875,0.515380859375,-0.4669647216796875,0.1476287841796875
1749220200953494300,7.673494384765625,0.4117279052734375,-0.5022125244140625,0.2632293701171875
1749220200963485400,7.6834853515625,0.4661712646484375,-0.4598541259765625,0.318359375
1749220200973476400,7.693476318359375,0.4560089111328125,-0.4675140380859375,0.326202392578125
1749220200983467300,7.70346728515625,0.3191680908203125,-0.5401153564453125,0.2924652099609375
1749220200993458400,7.71345849609375,0.348724365234375,-0.56011962890625,0.2239532470703125
1749220201003449300,7.723449462890625,0.4709930419921875,-0.583404541015625,0.1545562744140625
1749220201013440300,7.733440185546875,0.58831787109375,-0.6453857421875,0.10162353515625
1749220201023431400,7.743431396484375,0.6581268310546875,-0.6891021728515625,0.0705718994140625
1749220201033422600,7.753422607421875,0.7027435302734375,-0.71588134765625,0.073974609375
1749220201043413500,7.76341357421875,0.6964111328125,-0.76043701171875,0.0980072021484375
1749220201053404400,7.773404296875,0.7052001953125,-0.8098602294921875,0.1310882568359375
1749220201063395600,7.7833955078125,0.744415283203125,-0.8710784912109375,0.1509857177734375
1749220201073386500,7.793386474609375,0.73095703125,-0.925323486328125,0.1477813720703125
1749220201083377400,7.80337744140625,0.66375732421875,-0.9307708740234375,0.130950927734375
1749220201093368600,7.81336865234375,0.628631591796875,-0.9449310302734375,0.097381591796875
1749220201103359500,7.823359375,0.64202880859375,-1.0177154541015625,0.0631561279296875
1749220201113350400,7.833350341796875,0.622100830078125,-1.1134490966796875,0.0467071533203125
1749220201123341300,7.84334130859375,0.6256866455078125,-1.161041259765625,0.0383453369140625
1749220201133332500,7.85333251953125,0.6270751953125,-1.1885528564453125,0.027313232421875
1749220201143323400,7.863323486328125,0.565521240234375,-1.2292327880859375,0.0216522216796875
1749220201153314300,7.873314208984375,0.4786529541015625,-1.246795654296875,0.03497314453125
1749220201163308300,7.883308349609375,0.456390380859375,-1.221923828125,0.0376434326171875
1749220201173299200,7.89329931640625,0.44244384765625,-1.19622802734375,0.0348968505859375
1749220201183290400,7.903290283203125,0.3834381103515625,-1.19049072265625,0.0391845703125
1749220201193281500,7.913281494140625,0.3310089111328125,-1.1742401123046875,0.0354156494140625
1749220201203272400,7.9232724609375,0.3043670654296875,-1.119903564453125,0.0306854248046875
1749220201213263600,7.933263671875,0.25299072265625,-1.038330078125,0.054718017578125
1749220201223254500,7.943254638671875,0.2328948974609375,-0.9498138427734375,0.0923309326171875
1749220201233245400,7.953245361328125,0.202545166015625,-0.909454345703125,0.07049560546875
1749220201243236600,7.963236572265625,0.1960296630859375,-0.9084014892578125,0.0104522705078125
1749220201253227500,7.9732275390625,0.29351806640625,-0.8815155029296875,-0.0112762451171875
1749220201263218400,7.983218505859375,0.291656494140625,-0.8362274169921875,0.0150299072265625
1749220201273209300,7.993209228515625,0.2236480712890625,-0.773406982421875,0.0307159423828125
1749220201283200500,8.003200439453124,0.2339630126953125,-0.7111053466796875,0.0128021240234375
1749220201293191400,8.01319140625,0.3418731689453125,-0.6954803466796875,-0.034576416015625
1749220201303182300,8.023182373046875,0.47320556640625,-0.7093505859375,-0.1121978759765625
1749220201313173500,8.033173583984375,0.6068878173828125,-0.73883056640625,-0.17803955078125
1749220201323164400,8.043164306640625,0.2243194580078125,-0.8721466064453125,-0.268310546875
1749220201333155300,8.0531552734375,-0.426513671875,-1.3241424560546875,-0.563507080078125
1749220201343146200,8.063146240234374,0.3553314208984375,-1.4583740234375,-0.76531982421875
1749220201353137400,8.073137451171876,-0.007781982421875,-1.667999267578125,0.5700531005859375
1749220201363128300,8.08312841796875,0.59735107421875,-2.188446044921875,1.40875244140625
1749220201373119200,8.093119140625,0.6084747314453125,-1.6764373779296875,0.0882720947265625
1749220201383110400,8.1031103515625,-0.459869384765625,-0.7252044677734375,-0.1607666015625
1749220201393101600,8.1131015625,-0.1848297119140625,-0.5986785888671875,0.3913726806640625
1749220201403092500,8.123092529296875,0.5086669921875,-1.039703369140625,0.25372314453125
1749220201413083400,8.13308349609375,0.2706298828125,-1.3310089111328125,-0.5983123779296875
1749220201423074600,8.143074462890626,0.66534423828125,-1.2901763916015625,-1.1533355712890625
1749220201433065500,8.1530654296875,0.4729156494140625,-0.994720458984375,-1.1673736572265625
1749220201443056400,8.163056396484375,0.3439178466796875,-0.6385650634765625,-0.3589019775390625
1749220201453047600,8.173047607421875,0.6121673583984375,-0.7498626708984375,-0.01165771484375
1749220201463038500,8.18303857421875,0.5740814208984375,-1.1037445068359375,-0.0218658447265625
1749220201473029400,8.193029296875,0.2882080078125,-1.3477325439453125,0.203125
1749220201483020500,8.2030205078125,0.3112945556640625,-1.2517242431640625,0.4085845947265625
1749220201493011500,8.213011474609376,0.249481201171875,-0.979705810546875,0.3443756103515625
1749220201503002400,8.22300244140625,0.1369781494140625,-0.9163055419921875,0.0594635009765625
1749220201512993300,8.2329931640625,0.164398193359375,-0.9752349853515625,-0.18035888671875
1749220201522984400,8.242984375,0.1624603271484375,-0.9906158447265625,-0.2666778564453125
1749220201532975400,8.252975341796875,0.1557159423828125,-0.9601593017578125,-0.220916748046875
1749220201542966300,8.26296630859375,0.1708526611328125,-0.9587554931640625,-0.0538482666015625
1749220201552957400,8.27295751953125,0.17181396484375,-1.0302886962890625,0.110321044921875
1749220201562948400,8.2829482421875,0.1875762939453125,-1.0850372314453125,0.134185791015625
1749220201572939500,8.292939453125,0.2300567626953125,-1.0426025390625,0.0361175537109375
1749220201582930400,8.302930419921875,0.1969757080078125,-0.9742431640625,-0.074554443359375
1749220201592921600,8.312921630859375,0.158203125,-0.939239501953125,-0.1360321044921875
1749220201602912500,8.32291259765625,0.1387176513671875,-0.9374847412109375,-0.15936279296875
1749220201612903400,8.3329033203125,0.1479339599609375,-0.9506378173828125,-0.1612701416015625
1749220201622894600,8.34289453125,0.166412353515625,-0.9584808349609375,-0.14544677734375
1749220201632885500,8.352885498046875,0.189605712890625,-0.9645233154296875,-0.1149139404296875
1749220201642876400,8.36287646484375,0.2134246826171875,-0.982147216796875,-0.10980224609375
1749220201652867300,8.372867431640625,0.2169189453125,-0.991546630859375,-0.13372802734375
1749220201662858500,8.3828583984375,0.2150115966796875,-0.9901123046875,-0.148406982421875
1749220201672849400,8.392849365234374,0.2212982177734375,-0.988189697265625,-0.1414794921875
1749220201682840300,8.40284033203125,0.240814208984375,-0.97259521484375,-0.129302978515625
1749220201692831500,8.41283154296875,0.2602691650390625,-0.95330810546875,-0.09515380859375
1749220201702822400,8.422822509765625,0.24261474609375,-0.96234130859375,-0.0650787353515625
1749220201712813300,8.432813232421875,0.235443115234375,-0.9783935546875,-0.0707855224609375
1749220201722804200,8.44280419921875,0.2530517578125,-0.975921630859375,-0.1005096435546875
1749220201732795400,8.45279541015625,0.2411346435546875,-0.9667205810546875,-0.1306304931640625
1749220201742786300,8.462786376953124,0.24578857421875,-0.955291748046875,-0.1449432373046875
1749220201752777200,8.472777099609376,0.2791900634765625,-0.942596435546875,-0.1585540771484375
1749220201762768400,8.482768310546875,0.287353515625,-0.9466705322265625,-0.1931610107421875
1749220201772759600,8.492759521484375,0.2951812744140625,-0.97369384765625,-0.2022552490234375
1749220201782750500,8.50275048828125,0.3140411376953125,-1.0131683349609375,-0.1649322509765625
1749220201792741600,8.51274169921875,0.325103759765625,-1.04534912109375,-0.130279541015625
1749220201802732500,8.522732666015624,0.28594970703125,-1.0766143798828125,-0.083038330078125
1749220201812723500,8.532723388671876,0.21429443359375,-1.179718017578125,-0.0528564453125
1749220201822714400,8.54271435546875,0.251251220703125,-1.2029266357421875,-0.0455780029296875
1749220201832705500,8.55270556640625,0.236328125,-1.0797882080078125,-0.044464111328125
1749220201842696400,8.562696533203125,0.2384185791015625,-1.014862060546875,-0.109771728515625
1749220201852687400,8.572687255859375,0.296051025390625,-1.0037994384765625,-0.163330078125
1749220201862678500,8.582678466796875,0.217193603515625,-1.067474365234375,-0.1900787353515625
1749220201872669400,8.59266943359375,0.2151947021484375,-1.1261749267578125,-0.1838836669921875
1749220201882660400,8.602660400390626,0.219085693359375,-1.0599212646484375,-0.108062744140625
1749220201892651300,8.6126513671875,0.2181549072265625,-1.028076171875,-0.0790557861328125
1749220201902642400,8.622642333984375,0.2834930419921875,-1.0131683349609375,-0.0833740234375
1749220201912633300,8.63263330078125,0.3119964599609375,-1.0410614013671875,-0.058197021484375
1749220201922624300,8.642624267578125,0.2637939453125,-1.162506103515625,-0.063201904296875
1749220201932615400,8.652615478515624,0.282379150390625,-1.23095703125,-0.0960693359375
1749220201942606300,8.6626064453125,0.2752685546875,-1.266204833984375,-0.088104248046875
1749220201952597500,8.672597412109376,0.273712158203125,-1.396026611328125,-0.1072998046875
1749220201962588400,8.68258837890625,0.32373046875,-1.5096893310546875,-0.1356658935546875
1749220201972579600,8.69257958984375,0.3457794189453125,-1.578094482421875,-0.1778106689453125
1749220201982570500,8.702570556640625,0.1046600341796875,-1.7093963623046875,-0.190948486328125
1749220201992561400,8.7125615234375,0.166290283203125,-1.7089080810546875,-0.2669677734375
1749220202002552600,8.722552490234374,0.1211090087890625,-1.5957183837890625,-0.28887939453125
1749220202012543500,8.73254345703125,-0.1395111083984375,-1.5626373291015625,-0.28863525390625
1749220202022534400,8.742534423828126,0.0236053466796875,-1.4195556640625,-0.319244384765625
1749220202032525600,8.752525634765625,0.7180328369140625,-1.23095703125,-0.3865203857421875
1749220202042516500,8.7625166015625,0.38671875,-1.403411865234375,-0.6038970947265625
1749220202052507400,8.77250732421875,0.00518798828125,-1.723419189453125,-0.49652099609375
1749220202062498300,8.782498291015624,-0.0951995849609375,-1.5075836181640625,-0.163116455078125
1749220202072489500,8.792489501953124,-0.1506500244140625,-1.0360870361328125,-0.0530853271484375
1749220202082480400,8.80248046875,0.346435546875,-0.6816558837890625,-0.1849517822265625
1749220202092471300,8.81247119140625,1.185882568359375,-0.420166015625,-0.3126373291015625
1749220202102462500,8.82246240234375,1.48699951171875,-0.4052581787109375,-0.2870330810546875
1749220202112453400,8.832453369140625,1.1551361083984375,-0.6078033447265625,0.0216827392578125
1749220202122444300,8.8424443359375,0.9859771728515625,-0.672882080078125,0.4038848876953125
1749220202132435200,8.852435302734374,0.6062164306640625,-0.5630645751953125,0.5875091552734375
1749220202142426400,8.86242626953125,0.1390838623046875,-0.53594970703125,0.358856201171875
1749220202152417500,8.87241748046875,-0.0306243896484375,-0.569915771484375,0.037811279296875
1749220202162405400,8.8824052734375,0.125274658203125,-0.505340576171875,-0.0482025146484375
1749220202172396300,8.892396240234374,0.330230712890625,-0.44354248046875,-0.0306549072265625
1749220202182387200,8.90238720703125,0.565093994140625,-0.455078125,-0.00616455078125
1749220202192378000,8.912378173828126,0.729949951171875,-0.477020263671875,0.0241546630859375
1749220202202369300,8.922369384765625,0.59991455078125,-0.5177154541015625,0.1092987060546875
1749220202212359200,8.932359130859375,0.4703826904296875,-0.54449462890625,0.260345458984375
1749220202222350000,8.94235009765625,0.3813323974609375,-0.509674072265625,0.3679046630859375
1749220202232341000,8.952341064453124,0.4162750244140625,-0.466888427734375,0.32501220703125
1749220202242332200,8.962332275390626,0.36090087890625,-0.5457611083984375,0.229827880859375
1749220202252323000,8.972322998046875,0.3675537109375,-0.7000274658203125,0.1910552978515625
1749220202262314000,8.98231396484375,0.54742431640625,-0.8226318359375,0.17144775390625
1749220202272305200,8.99230517578125,0.6594085693359375,-0.90911865234375,0.119110107421875
1749220202282296000,9.002296142578125,0.6769256591796875,-0.933929443359375,0.0207977294921875
1749220202292287200,9.012287353515624,0.72357177734375,-0.9459075927734375,-0.0939483642578125
1749220202302278100,9.022278076171874,0.8251800537109375,-1.0148773193359375,-0.15850830078125
1749220202312269300,9.032269287109376,0.9315185546875,-1.0901947021484375,-0.128204345703125
1749220202322260200,9.04226025390625,0.909393310546875,-1.1072540283203125,-0.048553466796875
1749220202332251100,9.052251220703125,0.7553863525390625,-1.0785980224609375,0.040008544921875
1749220202342242300,9.0622421875,0.6273345947265625,-1.0630035400390625,0.13189697265625
1749220202352233200,9.072233154296875,0.532989501953125,-1.08740234375,0.2135009765625
1749220202362224000,9.08222412109375,0.4794464111328125,-1.117340087890625,0.2378082275390625
1749220202372215000,9.092215087890626,0.47869873046875,-1.12384033203125,0.1442413330078125
1749220202382206200,9.102206298828126,0.53289794921875,-1.1545562744140625,-0.01220703125
1749220202392197000,9.112197021484375,0.584869384765625,-1.216583251953125,-0.1151123046875
1749220202402188000,9.12218798828125,0.565765380859375,-1.245941162109375,-0.1424407958984375
1749220202412179200,9.13217919921875,0.6208953857421875,-1.1693572998046875,-0.0916748046875
1749220202422170000,9.142170166015624,0.6772918701171875,-1.0335693359375,-0.01025390625
1749220202432161000,9.1521611328125,0.548614501953125,-1.0170440673828125,0.02886962890625
1749220202442152000,9.16215185546875,0.56976318359375,-1.0911407470703125,0.00579833984375
1749220202452143000,9.17214306640625,0.6099853515625,-1.1076202392578125,-0.034332275390625
1749220202462134000,9.182134033203125,0.598052978515625,-1.03204345703125,-0.0377655029296875
1749220202472125000,9.192125,0.6285552978515625,-0.90545654296875,-0.02777099609375
1749220202482116000,9.2021162109375,0.6111907958984375,-0.74212646484375,-0.0266876220703125
1749220202492107300,9.212107177734374,0.589202880859375,-0.5945892333984375,0.01544189453125
1749220202502098200,9.22209814453125,0.65869140625,-0.517425537109375,0.0146942138671875
1749220202512089300,9.23208935546875,0.719146728515625,-0.543243408203125,-0.1072998046875
1749220202522080300,9.242080322265625,0.62640380859375,-0.6986236572265625,-0.2507476806640625
1749220202532071200,9.2520712890625,-0.888153076171875,-1.273681640625,-0.460540771484375
1749220202542062000,9.26206201171875,-0.627197265625,-1.9121856689453125,-0.6015472412109375
1749220202552053200,9.27205322265625,0.298675537109375,-1.655120849609375,-0.36492919921875
1749220202562044200,9.282044189453124,-0.0786285400390625,-1.1112060546875,0.2394866943359375
1749220202572035000,9.29203515625,-0.181915283203125,-1.369171142578125,0.9346160888671875
1749220202582026200,9.302026123046875,0.3926544189453125,-1.47265625,0.806915283203125
1749220202592017200,9.31201708984375,0.4856414794921875,-1.2546539306640625,0.6023712158203125
1749220202602008000,9.322008056640625,0.502349853515625,-1.3160247802734375,-0.0093841552734375
1749220202611999000,9.3319990234375,-0.0882568359375,-1.643890380859375,-0.44183349609375
1749220202621990100,9.341990234375,0.846099853515625,-1.41583251953125,-0.29815673828125
1749220202631981000,9.35198095703125,0.3494873046875,-0.898345947265625,-0.3939361572265625
1749220202641972000,9.361971923828126,0.1876373291015625,-0.7037506103515625,-0.57745361328125
1749220202651963100,9.371963134765625,0.021240234375,-0.771575927734375,-0.5509033203125
1749220202661954000,9.3819541015625,0.1616058349609375,-0.8476409912109375,-0.1168670654296875
1749220202671945200,9.3919453125,0.1094512939453125,-0.9405364990234375,0.1418914794921875
1749220202681936100,9.40193603515625,0.30108642578125,-1.0719146728515625,0.101898193359375
1749220202691927300,9.41192724609375,0.34625244140625,-1.1331329345703125,-0.0193023681640625
1749220202701918200,9.421918212890626,0.1941070556640625,-1.1208038330078125,-0.10791015625
1749220202711909000,9.4319091796875,-0.0102386474609375,-1.0804595947265625,-0.180938720703125
1749220202721900300,9.441900390625,-0.0599517822265625,-1.0097198486328125,-0.1985931396484375
1749220202731891200,9.45189111328125,-0.0207672119140625,-0.9106292724609375,-0.1652069091796875
1749220202741882000,9.461882080078125,-0.004974365234375,-0.851837158203125,-0.1322021484375
1749220202751873000,9.471873046875,0.0143280029296875,-0.8818817138671875,-0.096099853515625
1749220202761864200,9.4818642578125,0.0896453857421875,-0.9599151611328125,-0.05572509765625
1749220202771855000,9.491855224609376,0.1479339599609375,-1.003265380859375,-0.0521697998046875
1749220202781846000,9.501845947265625,0.1602630615234375,-0.9940948486328125,-0.108001708984375
1749220202791837200,9.511837158203125,0.1496124267578125,-0.9782562255859375,-0.2038116455078125
1749220202801828000,9.521828125,0.133941650390625,-0.9698944091796875,-0.2944793701171875
1749220202811819000,9.531819091796875,0.1173858642578125,-0.944793701171875,-0.348602294921875
1749220202821810200,9.54181005859375,0.103118896484375,-0.9093170166015625,-0.3573150634765625
1749220202831801000,9.551801025390626,0.087615966796875,-0.9019317626953125,-0.332000732421875
1749220202841792000,9.5617919921875,0.12347412109375,-0.9255828857421875,-0.2701873779296875
1749220202851783000,9.571782958984375,0.1887664794921875,-0.9531707763671875,-0.1905364990234375
1749220202861774000,9.581774169921875,0.196624755859375,-0.9733123779296875,-0.126068115234375
1749220202871765200,9.59176513671875,0.2186126708984375,-0.9840545654296875,-0.110504150390625
1749220202881756200,9.601756103515624,0.24957275390625,-0.975250244140625,-0.1194610595703125
1749220202891747300,9.611747314453124,0.271575927734375,-0.970062255859375,-0.11614990234375
1749220202901738200,9.62173828125,0.3070068359375,-0.9749298095703125,-0.107635498046875
1749220202911729200,9.631729248046875,0.321075439453125,-0.9660491943359375,-0.0836181640625
1749220202921720000,9.641719970703125,0.2888641357421875,-0.9674530029296875,-0.0625
1749220202931711200,9.651711181640625,0.304962158203125,-0.9865264892578125,-0.080535888671875
1749220202941702100,9.6617021484375,0.3335418701171875,-0.983245849609375,-0.1147613525390625
1749220202951693000,9.671693115234374,0.3040924072265625,-0.9915771484375,-0.10894775390625
1749220202961684200,9.681684326171874,0.312591552734375,-0.995391845703125,-0.1121978759765625
1749220202971675100,9.691675048828126,0.3089141845703125,-0.956329345703125,-0.1412506103515625
1749220202981666000,9.701666015625,0.275177001953125,-0.989013671875,-0.1310272216796875
1749220202991657000,9.711656982421875,0.2613677978515625,-1.1043243408203125,-0.1145782470703125
1749220203001648000,9.721648193359375,0.199981689453125,-1.1484222412109375,-0.169342041015625
1749220203011639000,9.73163916015625,0.20245361328125,-1.1016845703125,-0.1816253662109375
1749220203021630000,9.7416298828125,0.21337890625,-1.0423583984375,-0.1749267578125
1749220203031621000,9.75162109375,0.240020751953125,-1.0530853271484375,-0.2277069091796875
1749220203041612000,9.761612060546875,0.3001861572265625,-1.0715179443359375,-0.253143310546875
1749220203051603200,9.771603271484375,0.15728759765625,-1.1429595947265625,-0.2085418701171875
1749220203061594400,9.781594482421875,0.2208251953125,-1.14447021484375,-0.1177825927734375
1749220203071585300,9.791585205078125,0.2405853271484375,-1.0612030029296875,-0.0508880615234375
1749220203081576200,9.801576171875,0.28521728515625,-1.0667266845703125,-0.0411529541015625
1749220203091567000,9.811567138671874,0.313079833984375,-1.1802520751953125,-0.0625457763671875
1749220203101558300,9.821558349609376,0.302276611328125,-1.3867034912109375,-0.0735015869140625
1749220203111549200,9.831549072265625,0.2234954833984375,-1.541900634765625,-0.0403594970703125
1749220203121539000,9.8415390625,0.0494232177734375,-1.596038818359375,-0.0172576904296875
1749220203131530000,9.851530029296875,0.056915283203125,-1.5693511962890625,0.01739501953125
1749220203141521200,9.861521240234374,0.1203765869140625,-1.6553955078125,0.1380767822265625
1749220203151512000,9.871511962890626,0.2366790771484375,-1.81280517578125,0.1701202392578125
1749220203161502700,9.881502685546875,-0.041107177734375,-2.0777435302734375,-0.2564239501953125
1749220203171494000,9.891493896484375,-0.0398406982421875,-2.177703857421875,-0.665008544921875
1749220203181484800,9.90148486328125,0.16168212890625,-1.9056396484375,-0.596710205078125
1749220203191475700,9.911475830078125,0.72857666015625,-1.52392578125,-0.441497802734375
1749220203201466600,9.921466552734374,0.6226043701171875,-1.430450439453125,-0.432586669921875
1749220203211457800,9.931457763671874,0.086090087890625,-1.6161346435546875,-0.7053680419921875
1749220203221448700,9.94144873046875,-0.0788726806640625,-1.4613494873046875,-0.649871826171875
1749220203231439600,9.951439697265625,-0.1243438720703125,-1.03173828125,-0.4393157958984375
1749220203241430800,9.9614306640625,0.570404052734375,-0.585052490234375,-0.3636627197265625
1749220203251421700,9.971421630859375,0.87786865234375,-0.2635650634765625,-0.32672119140625
1749220203261412600,9.98141259765625,1.7647552490234375,-0.0633392333984375,-0.0653839111328125
1749220203271403800,9.99140380859375,1.8794403076171875,-0.1908416748046875,0.326934814453125
1749220203281394700,10.001394775390626,0.946380615234375,-0.5321502685546875,0.640380859375
1749220203291385600,10.011385498046875,0.140472412109375,-0.646697998046875,0.595977783203125
1749220203301376500,10.02137646484375,-0.3123626708984375,-0.422149658203125,0.33319091796875
1749220203311367700,10.03136767578125,-0.0148162841796875,-0.2503662109375,0.1607666015625
1749220203321358600,10.041358642578125,0.1582794189453125,-0.3393402099609375,0.009063720703125
1749220203331349500,10.051349609375,0.357574462890625,-0.486175537109375,-0.2438507080078125
1749220203341340700,10.061340576171874,0.648712158203125,-0.514923095703125,-0.4745025634765625
1749220203351331600,10.07133154296875,0.8610076904296875,-0.4587249755859375,-0.505096435546875
1749220203361322800,10.08132275390625,0.8344268798828125,-0.4169464111328125,-0.2855377197265625
1749220203371313700,10.091313720703125,0.6149749755859375,-0.5045166015625,0.00665283203125
1749220203381304800,10.101304931640625,0.5043792724609375,-0.6429290771484375,0.227874755859375
1749220203391295700,10.111295654296875,0.4376983642578125,-0.6424560546875,0.35186767578125
1749220203401286700,10.12128662109375,0.319854736328125,-0.4994354248046875,0.3272705078125
1749220203411277800,10.13127783203125,0.2151641845703125,-0.4120635986328125,0.2394866943359375
1749220203421268700,10.141268798828126,0.269866943359375,-0.4827728271484375,0.2320098876953125
1749220203431259600,10.151259765625,0.47540283203125,-0.64752197265625,0.2892303466796875
1749220203441250600,10.16125048828125,0.6979217529296875,-0.8009490966796875,0.3011932373046875
1749220203451241700,10.17124169921875,0.75994873046875,-0.8500823974609375,0.2113800048828125
1749220203461232600,10.181232666015624,0.7029571533203125,-0.862640380859375,0.0424041748046875
1749220203471223600,10.1912236328125,0.7569732666015625,-1.0092620849609375,-0.1534423828125
1749220203481214700,10.201214599609376,0.955078125,-1.2316741943359375,-0.269287109375
1749220203491205600,10.21120556640625,1.0393218994140625,-1.32330322265625,-0.240966796875
1749220203501196500,10.221196533203125,0.929229736328125,-1.2826690673828125,-0.1196441650390625
1749220203511187700,10.231187744140625,0.7968902587890625,-1.1824188232421875,0.003570556640625
1749220203521178600,10.2411787109375,0.744964599609375,-1.1156005859375,0.095611572265625
1749220203531169500,10.25116943359375,0.7435455322265625,-1.17706298828125,0.1424407958984375
1749220203541160700,10.26116064453125,0.7427215576171875,-1.26153564453125,0.2045135498046875
1749220203551151900,10.27115185546875,0.6721954345703125,-1.267242431640625,0.32763671875
1749220203561142800,10.281142822265625,0.5475311279296875,-1.19940185546875,0.33905029296875
1749220203571133700,10.2911337890625,0.5697174072265625,-1.150115966796875,0.0446624755859375
1749220203581124900,10.301124755859375,0.7465057373046875,-1.2326507568359375,-0.3583984375
1749220203591115800,10.31111572265625,0.995941162109375,-1.3381195068359375,-0.4938507080078125
1749220203601106700,10.321106689453124,0.85711669921875,-1.2453460693359375,-0.2327728271484375
1749220203611097600,10.33109765625,0.578369140625,-0.9073638916015625,0.183349609375
1749220203621088800,10.3410888671875,0.4273681640625,-0.454620361328125,0.414215087890625
1749220203631079700,10.35107958984375,0.22955322265625,-0.105865478515625,0.4188079833984375
1749220203641070600,10.361070556640625,-0.3563079833984375,-0.4279937744140625,0.101959228515625
1749220203651061800,10.371061767578125,0.179901123046875,-1.045501708984375,-0.4259796142578125
1749220203661052700,10.381052734375,0.517486572265625,-1.5380096435546875,-0.5691070556640625
1749220203671043600,10.391043701171874,-0.0272216796875,-1.9864349365234375,0.3164215087890625
1749220203681034500,10.401034423828126,0.1519622802734375,-2.105133056640625,0.85906982421875
1749220203691025700,10.411025634765625,0.9514923095703125,-1.451629638671875,0.5216217041015625
1749220203701016600,10.4210166015625,0.0424346923828125,-0.9055633544921875,0.2989959716796875
1749220203711007500,10.431007568359375,0.2527923583984375,-1.0894012451171875,0.2439117431640625
1749220203720997600,10.44099755859375,0.85186767578125,-1.592041015625,-0.44781494140625
1749220203730988800,10.45098876953125,0.330352783203125,-1.8192291259765625,-0.8408660888671875
1749220203740979700,10.460979736328126,0.4415130615234375,-1.038055419921875,-0.52838134765625
1749220203750970600,10.470970703125,0.3163604736328125,-0.5726470947265625,-0.4017333984375
1749220203760961800,10.4809619140625,0.2584075927734375,-0.6277618408203125,-0.404937744140625
1749220203770952700,10.49095263671875,0.1892547607421875,-0.865997314453125,-0.1763458251953125
1749220203780943600,10.500943603515625,0.2064361572265625,-1.149688720703125,0.243011474609375
1749220203790934500,10.5109345703125,0.2374114990234375,-1.2293548583984375,0.397216796875
1749220203800925700,10.52092578125,0.3744659423828125,-1.1207427978515625,0.2026824951171875
1749220203810916600,10.53091650390625,0.3077239990234375,-1.0460205078125,-0.0962677001953125
1749220203820907500,10.540907470703125,0.1375274658203125,-1.0135040283203125,-0.2971038818359375
1749220203830898700,10.550898681640625,0.0188751220703125,-0.983856201171875,-0.4166107177734375
1749220203840889600,10.5608896484375,-0.001190185546875,-0.948883056640625,-0.429595947265625
1749220203850880500,10.570880615234374,-0.0228424072265625,-0.9117889404296875,-0.31439208984375
1749220203860871700,10.58087158203125,-0.063690185546875,-0.917388916015625,-0.142181396484375
1749220203870862800,10.59086279296875,-0.1324920654296875,-0.9619293212890625,0.0261077880859375
1749220203880853800,10.600853759765625,-0.1369781494140625,-0.9858551025390625,0.1334381103515625
1749220203890844700,10.6108447265625,-0.0542449951171875,-0.972991943359375,0.112030029296875
1749220203900835800,10.6208359375,0.034454345703125,-0.9612274169921875,-0.031646728515625
1749220203910826800,10.63082666015625,0.0748291015625,-0.96923828125,-0.21527099609375
1749220203920817700,10.640817626953124,0.0774993896484375,-0.9716033935546875,-0.3475341796875
1749220203930808800,10.650808837890626,0.06427001953125,-0.94482421875,-0.380523681640625
1749220203940799700,10.6607998046875,0.044586181640625,-0.9053955078125,-0.321533203125
1749220203950790700,10.670790771484375,0.024749755859375,-0.8890533447265625,-0.239654541015625
1749220203960781600,10.680781494140625,0.0258941650390625,-0.89990234375,-0.1918792724609375
1749220203970772700,10.690772705078125,0.0883026123046875,-0.92236328125,-0.190948486328125
1749220203980763600,10.700763671875,0.1992645263671875,-0.955657958984375,-0.22296142578125
1749220203990754600,10.710754638671874,0.265716552734375,-0.984466552734375,-0.2403106689453125
1749220204000745700,10.720745849609376,0.25811767578125,-0.971099853515625,-0.20123291015625
1749220204010736600,10.730736572265625,0.2292327880859375,-0.93701171875,-0.1295318603515625
1749220204020727600,10.7407275390625,0.233367919921875,-0.940460205078125,-0.090667724609375
1749220204030718500,10.750718505859375,0.33782958984375,-0.964630126953125,-0.105194091796875
1749220204040709600,10.760709716796875,0.378662109375,-0.9744415283203125,-0.106414794921875
1749220204050700500,10.770700439453124,0.402587890625,-0.9898529052734375,-0.056243896484375
1749220204060691700,10.780691650390626,0.3616485595703125,-1.0284576416015625,-0.018951416015625
1749220204070683000,10.790682861328126,0.33599853515625,-1.0571441650390625,-0.0619354248046875
1749220204080673800,10.800673828125,0.30023193359375,-1.0404815673828125,-0.136474609375
1749220204090664700,10.810664794921875,0.263397216796875,-1.0615081787109375,-0.13677978515625
1749220204100655900,10.82065576171875,0.1534423828125,-1.1499786376953125,-0.0972137451171875
1749220204110646800,10.830646728515624,0.1281585693359375,-1.1420745849609375,-0.1145782470703125
1749220204120637700,10.8406376953125,0.1150970458984375,-1.0130462646484375,-0.20306396484375
1749220204130628600,10.850628662109376,0.1475372314453125,-0.990814208984375,-0.2964630126953125
1749220204140619800,10.860619873046875,0.2248382568359375,-1.09307861328125,-0.2727813720703125
1749220204150610700,10.870610595703125,0.151123046875,-1.231842041015625,-0.1682891845703125
1749220204160602000,10.88060205078125,0.15093994140625,-1.27642822265625,-0.102264404296875
1749220204170593000,10.890593017578125,0.2587738037109375,-1.1654510498046875,-0.023284912109375
1749220204180584000,10.900583984375,0.2784423828125,-1.20440673828125,-0.052825927734375
1749220204190575000,10.9105751953125,0.27801513671875,-1.4855499267578125,-0.1398468017578125
1749220204200566000,10.92056591796875,0.170501708984375,-1.833984375,-0.1949462890625
1749220204210557000,10.930556884765625,-0.0480499267578125,-1.8761444091796875,-0.1579742431640625
1749220204220547000,10.940547119140625,-0.1424713134765625,-1.6860198974609375,-0.0638427734375
1749220204230538000,10.9505380859375,0.138824462890625,-1.6556854248046875,-0.10211181640625
1749220204240529200,10.960529052734374,-0.078216552734375,-1.86370849609375,-0.166534423828125
1749220204250520000,10.97052001953125,-0.007659912109375,-1.882568359375,-0.3161468505859375
1749220204260511000,10.980510986328126,-0.142669677734375,-1.7326202392578125,-0.445343017578125
1749220204270502100,10.990502197265625,-0.0425872802734375,-1.7488861083984375,-0.5381927490234375
1749220204280493000,11.0004931640625,0.685211181640625,-1.652069091796875,-0.5696868896484375
1749220204290484000,11.01048388671875,0.6001434326171875,-1.6379241943359375,-0.636077880859375
1749220204300475100,11.02047509765625,-0.010711669921875,-1.86260986328125,-0.599700927734375
1749220204310466000,11.030466064453124,-0.1412200927734375,-1.6130218505859375,-0.296417236328125
1749220204320457000,11.04045703125,-0.240203857421875,-1.1127166748046875,-0.105133056640625
1749220204330448000,11.05044775390625,-0.327667236328125,-0.6574554443359375,-0.18475341796875
1749220204340439000,11.06043896484375,1.5565032958984375,-0.1159210205078125,-0.377899169921875
1749220204350430000,11.070429931640625,4.0413970947265625,0.38958740234375,-0.2629852294921875
1749220204360420900,11.0804208984375,1.8172454833984375,0.0276947021484375,0.25567626953125
1749220204370412000,11.090412109375,0.764801025390625,-0.757232666015625,0.5688018798828125
1749220204380403000,11.10040283203125,-0.8493804931640625,-0.902618408203125,0.3168182373046875
1749220204390393900,11.110393798828126,-0.7373504638671875,-0.5817718505859375,0.0081634521484375
1749220204400385000,11.120385009765625,0.2112884521484375,-0.3452911376953125,-0.0237579345703125
1749220204410376200,11.130376220703125,0.083740234375,-0.3856353759765625,-0.112579345703125
1749220204420367000,11.1403671875,0.274322509765625,-0.3988037109375,-0.2145538330078125
1749220204430358000,11.15035791015625,0.498382568359375,-0.389312744140625,-0.2415924072265625
1749220204440349200,11.16034912109375,0.5543670654296875,-0.391754150390625,-0.1304473876953125
1749220204450340000,11.170340087890626,0.6236572265625,-0.401458740234375,0.096649169921875
1749220204460331000,11.1803310546875,0.6914520263671875,-0.468841552734375,0.3336181640625
1749220204470322000,11.190322021484375,0.776153564453125,-0.5223388671875,0.4613800048828125
1749220204480313000,11.20031298828125,0.625274658203125,-0.5404815673828125,0.457244873046875
1749220204490304000,11.210303955078125,0.2772369384765625,-0.491973876953125,0.423858642578125
1749220204500295000,11.220294921875,0.09002685546875,-0.4061737060546875,0.356170654296875
1749220204510286000,11.2302861328125,0.2259674072265625,-0.4478912353515625,0.17987060546875
1749220204520277000,11.240277099609376,0.4520263671875,-0.610260009765625,0.0086517333984375
1749220204530268000,11.250267822265625,0.6772613525390625,-0.7464447021484375,-0.017974853515625
1749220204540259000,11.260259033203125,0.8765411376953125,-0.843048095703125,0.0536956787109375
1749220204550250000,11.27025,0.7675628662109375,-0.9288787841796875,0.0705413818359375
1749220204560241000,11.280240966796875,0.6706695556640625,-1.0216217041015625,-0.0065765380859375
1749220204570231800,11.290231689453124,0.84063720703125,-1.1855621337890625,-0.0771026611328125
1749220204580223000,11.300222900390626,1.0041046142578125,-1.3943939208984375,-0.0230255126953125
1749220204590214000,11.3102138671875,1.023712158203125,-1.504974365234375,0.092132568359375
1749220204600205000,11.320205078125,0.989776611328125,-1.4109039306640625,0.1502838134765625
1749220204610196200,11.3301962890625,0.8737030029296875,-1.2963409423828125,0.1503143310546875
1749220204620187100,11.340187255859375,0.800933837890625,-1.3340301513671875,0.1039886474609375
1749220204630178000,11.350177978515624,1.076019287109375,-1.3787689208984375,0.1595001220703125
1749220204640168000,11.36016796875,0.9572296142578125,-1.402679443359375,0.309661865234375
1749220204650159000,11.3701591796875,0.34637451171875,-1.5449066162109375,0.212677001953125
1749220204660150000,11.38014990234375,0.801788330078125,-1.3886260986328125,-0.090545654296875
1749220204670141000,11.390140869140625,1.30224609375,-1.1852264404296875,-0.3366546630859375
1749220204680131800,11.4001318359375,1.4091033935546875,-1.1024932861328125,-0.4258575439453125
1749220204690123000,11.410123046875,0.71063232421875,-0.949493408203125,-0.252105712890625
1749220204700114000,11.420114013671874,0.2911529541015625,-0.639617919921875,0.09283447265625
1749220204710104800,11.430104736328126,0.2403106689453125,-0.3323516845703125,0.429534912109375
1749220204720096000,11.440095947265625,-0.1699066162109375,-0.390899658203125,0.3839263916015625
1749220204730087200,11.450087158203125,0.2293548583984375,-0.710968017578125,-0.1322174072265625
1749220204740078000,11.460078125,0.421295166015625,-1.2532958984375,-0.4458160400390625
1749220204750069000,11.470069091796875,0.4257965087890625,-1.73486328125,-0.231658935546875
1749220204760060200,11.48006005859375,-0.4137420654296875,-1.624267578125,-0.0952606201171875
1749220204770051000,11.490051025390626,0.438446044921875,-1.4480743408203125,0.811767578125
1749220204780042000,11.5000419921875,0.5627899169921875,-1.322662353515625,1.089935302734375
1749220204790033200,11.510033203125,-0.003326416015625,-1.2343902587890625,0.6092071533203125
1749220204800024000,11.520024169921875,0.46234130859375,-1.3687591552734375,-0.2288665771484375
1749220204810015000,11.530014892578125,0.225738525390625,-1.7142486572265625,-0.915283203125
1749220204820006000,11.540005859375,0.6143951416015625,-1.3324432373046875,-0.49688720703125
1749220204829997000,11.5499970703125,0.3964385986328125,-0.7485809326171875,-0.3201446533203125
1749220204839988000,11.559988037109376,0.294952392578125,-0.654296875,-0.5259246826171875
1749220204849979000,11.569978759765625,0.28533935546875,-0.80999755859375,-0.4769744873046875
1749220204859970000,11.579969970703125,0.2238006591796875,-1.0399932861328125,-0.0093536376953125
1749220204869961000,11.5899609375,0.35302734375,-1.146392822265625,0.237762451171875
1749220204879952000,11.599951904296875,0.6136932373046875,-1.1501922607421875,0.1714935302734375
1749220204889943000,11.609943115234374,0.48388671875,-1.146942138671875,-0.119842529296875
1749220204899934000,11.619933837890626,0.187896728515625,-1.1120147705078125,-0.451324462890625
1749220204909924900,11.6299248046875,0.1447601318359375,-0.9744873046875,-0.4572601318359375
1749220204919916000,11.639916015625,0.0968017578125,-0.8835906982421875,-0.1977691650390625
1749220204929907200,11.6499072265625,-0.057464599609375,-0.9322662353515625,-0.04486083984375
1749220204939898000,11.659898193359375,-0.1861572265625,-1.014129638671875,0.0300140380859375
1749220204949889000,11.669888916015625,-0.141845703125,-0.9875335693359375,0.1239471435546875
1749220204959880200,11.679880126953124,-0.1291351318359375,-0.9104461669921875,0.1050262451171875
1749220204969871000,11.68987109375,-0.1272735595703125,-0.9024810791015625,-0.0692596435546875
1749220204979862000,11.699862060546875,-0.113922119140625,-0.93499755859375,-0.2570953369140625
1749220204989853000,11.70985302734375,-0.0985870361328125,-0.948211669921875,-0.342803955078125
1749220204999844000,11.719843994140625,-0.06842041015625,-0.9276885986328125,-0.3364105224609375
1749220205009834000,11.729833984375,-0.0489959716796875,-0.905364990234375,-0.2938690185546875
1749220205019825000,11.739824951171874,-0.010223388671875,-0.9074859619140625,-0.2547149658203125
1749220205029815800,11.74981591796875,0.0153045654296875,-0.919647216796875,-0.2380828857421875
1749220205039807000,11.759806884765625,0.0712738037109375,-0.92926025390625,-0.2573394775390625
1749220205049798000,11.7697978515625,0.133392333984375,-0.941650390625,-0.309478759765625
1749220205059789000,11.7797890625,0.1620635986328125,-0.9446258544921875,-0.3123016357421875
1749220205069780200,11.7897802734375,0.223358154296875,-0.9428253173828125,-0.2521514892578125
1749220205079771100,11.799771240234374,0.2215118408203125,-0.9350128173828125,-0.177581787109375
1749220205089762000,11.809761962890626,0.2092437744140625,-0.9207916259765625,-0.1136474609375
1749220205099753000,11.8197529296875,0.1879730224609375,-0.9114990234375,-0.0787353515625
1749220205109744000,11.829744140625,0.2480621337890625,-0.926239013671875,-0.102142333984375
1749220205119735000,11.839735107421875,0.3275299072265625,-0.94659423828125,-0.1607666015625
1749220205129726000,11.849725830078125,0.343505859375,-0.949066162109375,-0.1813812255859375
1749220205139717000,11.859717041015625,0.358978271484375,-0.953094482421875,-0.16644287109375
1749220205149708000,11.8697080078125,0.3518218994140625,-0.960906982421875,-0.1304931640625
1749220205159702300,11.879702392578125,0.4187164306640625,-0.9862060546875,-0.07720947265625
1749220205169693200,11.889693115234374,0.45086669921875,-0.988525390625,-0.02252197265625
1749220205179684000,11.89968408203125,0.4177093505859375,-1.0029144287109375,0.0092926025390625
1749220205189675300,11.90967529296875,0.4061431884765625,-1.0327301025390625,-0.027587890625
1749220205199666200,11.919666259765625,0.3908538818359375,-1.100830078125,-0.0637359619140625
1749220205209657000,11.929656982421875,0.334808349609375,-1.1974945068359375,0.019012451171875
1749220205219648300,11.939648193359375,0.2868499755859375,-1.1893463134765625,0.014007568359375
1749220205229639200,11.94963916015625,0.2498779296875,-1.05987548828125,-0.15606689453125
1749220205239630300,11.95963037109375,0.2967071533203125,-0.979949951171875,-0.2604522705078125
1749220205249621200,11.969621337890626,0.2286224365234375,-1.0504913330078125,-0.236785888671875
1749220205259612400,11.9796123046875,0.227447509765625,-1.187042236328125,-0.245452880859375
1749220205269603300,11.989603271484375,0.2296142578125,-1.19970703125,-0.2353363037109375
1749220205279594200,11.99959423828125,0.3123779296875,-1.174407958984375,-0.138763427734375
1749220205289585400,12.00958544921875,0.26116943359375,-1.2372283935546875,-0.1545867919921875
1749220205299576300,12.019576416015624,0.3153533935546875,-1.2964935302734375,-0.1267852783203125
1749220205309567200,12.029567138671876,0.24169921875,-1.44879150390625,-0.0685577392578125
1749220205319558100,12.03955810546875,0.035858154296875,-1.7484588623046875,-0.1860504150390625
1749220205329549300,12.04954931640625,-0.0285186767578125,-1.7767333984375,-0.2447509765625
1749220205339540200,12.059540283203125,0.166748046875,-1.583587646484375,-0.2346649169921875
1749220205349530000,12.069530029296875,0.048675537109375,-1.7042083740234375,-0.3366546630859375
1749220205359521000,12.07952099609375,-0.011688232421875,-2.0377655029296875,-0.488922119140625
1749220205369512200,12.08951220703125,0.0059356689453125,-2.0590057373046875,-0.5262451171875
1749220205379503400,12.09950341796875,-0.01397705078125,-1.891754150390625,-0.47454833984375
1749220205389494300,12.109494384765625,0.5196075439453125,-1.52459716796875,-0.4813995361328125
1749220205399485400,12.1194853515625,0.501251220703125,-1.346343994140625,-0.526092529296875
1749220205409476400,12.129476318359375,-0.0659332275390625,-1.6205902099609375,-0.3363189697265625
1749220205419467300,12.13946728515625,-0.380706787109375,-1.574371337890625,-0.058746337890625
1749220205429458200,12.149458251953124,-0.4042510986328125,-1.0626678466796875,-0.0210418701171875
1749220205439449300,12.159449462890626,1.1047821044921875,-0.4502716064453125,-0.1998138427734375
1749220205449440300,12.169440185546875,2.5904693603515625,-0.099212646484375,-0.2938995361328125
1749220205459431200,12.17943115234375,1.6615447998046875,-0.429412841796875,-0.080230712890625
1749220205469422300,12.18942236328125,0.457733154296875,-0.9814453125,0.3658294677734375
1749220205479413200,12.199413330078125,-0.49578857421875,-1.0198974609375,0.445770263671875
1749220205489404200,12.209404052734374,-0.2433319091796875,-0.6236114501953125,0.2125701904296875
1749220205499395300,12.219395263671874,0.204833984375,-0.4183349609375,0.0113677978515625
1749220205509386200,12.22938623046875,0.253448486328125,-0.43316650390625,-0.1313934326171875
1749220205519377200,12.239377197265625,0.5294189453125,-0.462921142578125,-0.2290802001953125
1749220205529368000,12.2493681640625,0.6346893310546875,-0.465728759765625,-0.2295379638671875
1749220205539359200,12.259359130859375,0.5861358642578125,-0.44793701171875,-0.107330322265625
1749220205549350100,12.26935009765625,0.6474151611328125,-0.464385986328125,0.0443267822265625
1749220205559341300,12.27934130859375,0.840576171875,-0.492340087890625,0.1787872314453125
1749220205569332500,12.28933251953125,0.725555419921875,-0.5477752685546875,0.252716064453125
1749220205579323400,12.299323486328126,0.398162841796875,-0.5439300537109375,0.25848388671875
1749220205589314300,12.309314208984375,0.1714630126953125,-0.4501953125,0.198760986328125
1749220205599305200,12.31930517578125,0.18017578125,-0.443450927734375,0.1070556640625
1749220205609296400,12.32929638671875,0.325439453125,-0.573974609375,0.050933837890625
1749220205619287300,12.339287353515624,0.502838134765625,-0.6987152099609375,0.06243896484375
1749220205629278200,12.3492783203125,0.6949615478515625,-0.7392425537109375,0.102386474609375
1749220205639269400,12.359269287109376,0.782501220703125,-0.7539520263671875,0.1224822998046875
1749220205649260300,12.36926025390625,0.7239837646484375,-0.79266357421875,0.1068878173828125
1749220205659250200,12.379250244140625,0.68853759765625,-0.8478851318359375,0.069366455078125
1749220205669241000,12.389240966796875,0.71295166015625,-0.9053497314453125,0.0076141357421875
1749220205679232300,12.399232177734374,0.8048248291015625,-0.9752960205078125,-0.0662689208984375
1749220205689223200,12.40922314453125,0.952301025390625,-1.09173583984375,-0.1083984375
1749220205699214300,12.41921435546875,1.0030059814453125,-1.202178955078125,-0.0719146728515625
1749220205709205200,12.429205322265625,0.918548583984375,-1.204559326171875,0.005828857421875
1749220205719196400,12.439196533203125,0.8423919677734375,-1.1640472412109375,0.040557861328125
1749220205729187300,12.449187255859375,0.864898681640625,-1.1835784912109375,0.035125732421875
1749220205739178200,12.45917822265625,0.9265289306640625,-1.223876953125,0.048614501953125
1749220205749169400,12.46916943359375,0.901092529296875,-1.214385986328125,0.1315460205078125
1749220205759160300,12.479160400390626,0.8267822265625,-1.2232666015625,0.2426910400390625
1749220205769151200,12.489151123046875,0.6450347900390625,-1.2182769775390625,0.2239227294921875
1749220205779142100,12.49914208984375,0.7363128662109375,-1.2213287353515625,-0.0670013427734375
1749220205789133300,12.50913330078125,0.9004058837890625,-1.33978271484375,-0.3563385009765625
1749220205799124200,12.519124267578125,1.1270751953125,-1.3281707763671875,-0.364013671875
1749220205809115100,12.529115234375,1.014312744140625,-1.062286376953125,-0.2063446044921875
1749220205819106300,12.539106201171874,0.7801055908203125,-0.7406005859375,-0.0343170166015625
1749220205829097200,12.54909716796875,0.5980377197265625,-0.458709716796875,0.10638427734375
1749220205839088000,12.559088134765625,0.542938232421875,-0.236541748046875,0.2482757568359375
1749220205849079300,12.569079345703125,0.6294097900390625,-0.229644775390625,0.2230987548828125
1749220205859070200,12.5790703125,0.7358551025390625,-0.5410003662109375,-0.0029144287109375
1749220205869061000,12.58906103515625,-1.2483367919921875,-1.470947265625,-0.3389434814453125
1749220205879052300,12.59905224609375,-1.2523956298828125,-2.5709686279296875,-0.71392822265625
1749220205889043500,12.60904345703125,0.8542938232421875,-1.7607879638671875,-0.687255859375
1749220205899034400,12.619034423828126,-0.0728912353515625,-0.6414794921875,0.0210723876953125
1749220205909025300,12.629025390625,-0.818603515625,-1.052581787109375,0.5697021484375
1749220205919016400,12.639016357421875,0.6193084716796875,-1.4747467041015625,0.643096923828125
1749220205929007400,12.64900732421875,0.4096221923828125,-1.42333984375,0.6883087158203125
1749220205938998300,12.658998291015624,-0.002227783203125,-1.312042236328125,0.3665313720703125
1749220205948988200,12.66898828125,0.8252410888671875,-1.352691650390625,-0.6392974853515625
1749220205958979300,12.678979248046875,0.2892608642578125,-1.3874359130859375,-0.80914306640625
1749220205968970200,12.68897021484375,0.627899169921875,-0.9988250732421875,-0.4416961669921875
1749220205978961200,12.698961181640625,0.3321533203125,-0.7931671142578125,-0.402679443359375
1749220205988952000,12.7089521484375,0.2887725830078125,-0.7489013671875,-0.37091064453125
1749220205998943200,12.718943115234374,0.247406005859375,-0.8409881591796875,-0.097808837890625
1749220206008934100,12.72893408203125,0.19903564453125,-0.9934234619140625,0.1691436767578125
1749220206018925300,12.73892529296875,0.28643798828125,-1.0732879638671875,0.0921173095703125
1749220206028916500,12.74891650390625,0.37353515625,-1.0752716064453125,-0.062286376953125
1749220206038907400,12.758907470703125,0.213287353515625,-1.0722808837890625,-0.2533111572265625
1749220206048898300,12.768898193359375,0.002410888671875,-1.034423828125,-0.4571990966796875
1749220206058889200,12.77888916015625,-0.0228271484375,-0.92767333984375,-0.5601806640625
1749220206068880400,12.78888037109375,-0.0512542724609375,-0.8201446533203125,-0.4627838134765625
1749220206078871300,12.798871337890626,-0.0277862548828125,-0.7803802490234375,-0.2253875732421875
1749220206088862200,12.8088623046875,0.113372802734375,-0.865570068359375,-0.0248260498046875
1749220206098853400,12.818853271484375,0.28936767578125,-0.9792633056640625,0.0420379638671875
1749220206108844300,12.82884423828125,0.488922119140625,-1.0068206787109375,0.05450439453125
1749220206118835200,12.838835205078125,0.52703857421875,-1.0218505859375,0.0454254150390625
1749220206128826000,12.848826171875,0.4292144775390625,-1.056182861328125,-0.0046844482421875
1749220206138817300,12.8588173828125,0.3319244384765625,-1.0525970458984375,-0.06634521484375
1749220206148808200,12.86880810546875,0.2902069091796875,-0.9968109130859375,-0.130523681640625
1749220206158799000,12.878799072265625,0.2484130859375,-0.932861328125,-0.1938323974609375
1749220206168786700,12.88878662109375,0.2105865478515625,-0.9152069091796875,-0.2318115234375
1749220206178777600,12.898777587890624,0.2159423828125,-0.9454498291015625,-0.22589111328125
1749220206188768800,12.908768798828126,0.209625244140625,-0.9698638916015625,-0.194732666015625
1749220206198759700,12.918759765625,0.177734375,-0.9674072265625,-0.1917877197265625
1749220206208750800,12.928750732421875,0.2193145751953125,-0.9612579345703125,-0.2290802001953125
1749220206218741800,12.93874169921875,0.254638671875,-0.9501953125,-0.2468719482421875
1749220206228732000,12.94873193359375,0.2701263427734375,-0.9556121826171875,-0.20758056640625
1749220206238722800,12.958722900390624,0.3010101318359375,-0.9755401611328125,-0.155731201171875
1749220206248713700,12.968713623046876,0.2940216064453125,-0.9738311767578125,-0.094146728515625
1749220206258704600,12.97870458984375,0.299163818359375,-0.9777984619140625,-0.0432586669921875
1749220206268695800,12.98869580078125,0.27716064453125,-0.984344482421875,-0.061004638671875
1749220206278686700,12.998686767578125,0.3058013916015625,-0.991851806640625,-0.0810546875
1749220206288677600,13.008677734375,0.26885986328125,-0.9865570068359375,-0.06964111328125
1749220206298668800,13.018668701171874,0.27874755859375,-0.9781036376953125,-0.1188201904296875
1749220206308659700,13.02865966796875,0.2112274169921875,-0.987457275390625,-0.199920654296875
1749220206318650600,13.038650634765625,0.2005157470703125,-1.10272216796875,-0.1726531982421875
1749220206328641500,13.0486416015625,0.194061279296875,-1.1948089599609375,-0.0720062255859375
1749220206338632700,13.0586328125,0.1978759765625,-1.1240081787109375,-0.1052703857421875
1749220206348624000,13.068623779296875,0.3019256591796875,-0.9713897705078125,-0.1516876220703125
1749220206358614800,13.07861474609375,0.30560302734375,-1.02996826171875,-0.1451568603515625
1749220206368606000,13.08860595703125,0.1796875,-1.3466949462890625,-0.180816650390625
1749220206378596900,13.098596923828126,0.155792236328125,-1.4095611572265625,-0.1147003173828125
1749220206388587800,13.108587890625,0.192901611328125,-1.1695709228515625,0.0514984130859375
1749220206398578700,13.11857861328125,0.183349609375,-1.1034088134765625,0.04095458984375
1749220206408569900,13.12856982421875,0.2354888916015625,-1.2690887451171875,-0.1015625
1749220206418560800,13.138560791015625,0.1604156494140625,-1.6434326171875,-0.216461181640625
1749220206428551700,13.1485517578125,-0.041900634765625,-1.9487457275390625,-0.284454345703125
1749220206438542800,13.15854296875,-0.064727783203125,-1.9019012451171875,-0.223602294921875
1749220206448533800,13.16853369140625,0.059539794921875,-1.824127197265625,-0.1317138671875
1749220206458524700,13.178524658203125,0.0069122314453125,-1.9217987060546875,-0.065673828125
1749220206468514600,13.1885146484375,-0.0626220703125,-2.022430419921875,-0.304595947265625
1749220206478505700,13.198505615234374,-0.1251068115234375,-1.9787445068359375,-0.520782470703125
1749220206488497000,13.208496826171874,-0.1738128662109375,-2.0050048828125,-0.555267333984375
1749220206498487800,13.21848779296875,0.557403564453125,-1.803619384765625,-0.669219970703125
1749220206508478700,13.228478759765625,0.6872711181640625,-1.61676025390625,-0.8316650390625
1749220206518470000,13.238469970703125,-0.1116485595703125,-1.7694549560546875,-0.7540283203125
1749220206528460800,13.248460693359375,-0.3819732666015625,-1.486785888671875,-0.366119384765625
1749220206538451700,13.25845166015625,1.1124420166015625,-0.70068359375,0.024017333984375
1749220206548443000,13.26844287109375,2.6935577392578125,-0.109344482421875,-0.0489959716796875
1749220206558433800,13.278433837890624,1.7109375,-0.28375244140625,-0.3346710205078125
1749220206568424700,13.2884248046875,0.8170928955078125,-0.66400146484375,-0.18768310546875
1749220206578415900,13.298415771484375,-0.010833740234375,-0.6864776611328125,0.115997314453125
1749220206588406800,13.30840673828125,0.086517333984375,-0.534423828125,0.302459716796875
1749220206598397700,13.318397705078125,0.12957763671875,-0.4742889404296875,0.1965789794921875
1749220206608388600,13.328388671875,0.0684967041015625,-0.3898468017578125,-0.0586395263671875
1749220206618379800,13.3383798828125,0.2530975341796875,-0.2597503662109375,-0.1501007080078125
1749220206628370700,13.34837060546875,0.4791717529296875,-0.211822509765625,-0.082794189453125
1749220206638361600,13.358361572265625,0.5465240478515625,-0.2785797119140625,0.0372467041015625
1749220206648352800,13.368352783203125,0.4558563232421875,-0.3455047607421875,0.1498565673828125
1749220206658343700,13.37834375,0.53717041015625,-0.33905029296875,0.2664337158203125
1749220206668334800,13.3883349609375,0.6202239990234375,-0.3766937255859375,0.3790740966796875
1749220206678325800,13.39832568359375,0.533172607421875,-0.453399658203125,0.4415435791015625
1749220206688317000,13.40831689453125,0.449005126953125,-0.47613525390625,0.4193267822265625
1749220206698307800,13.418307861328126,0.396759033203125,-0.440155029296875,0.3585968017578125
1749220206708298800,13.428298828125,0.3591461181640625,-0.4320831298828125,0.3087005615234375
1749220206718288600,13.43828857421875,0.35888671875,-0.497528076171875,0.26605224609375
1749220206728279800,13.44827978515625,0.4534149169921875,-0.6096038818359375,0.2404632568359375
1749220206738270700,13.458270751953124,0.55194091796875,-0.687225341796875,0.233673095703125
1749220206748261600,13.46826171875,0.59869384765625,-0.7198333740234375,0.230743408203125
1749220206758252800,13.478252685546876,0.592041015625,-0.7843017578125,0.22430419921875
1749220206768243700,13.48824365234375,0.5338134765625,-0.8695831298828125,0.206573486328125
1749220206778234600,13.498234619140625,0.52130126953125,-0.95684814453125,0.162933349609375
1749220206788225500,13.5082255859375,0.6968994140625,-1.100830078125,0.09356689453125
1749220206798216700,13.518216796875,0.988800048828125,-1.268341064453125,0.072479248046875
1749220206808208000,13.528207763671874,1.02978515625,-1.342803955078125,0.14892578125
1749220206818198800,13.53819873046875,0.886627197265625,-1.245849609375,0.2093048095703125
1749220206828190000,13.54818994140625,0.7576446533203125,-1.1385040283203125,0.1971435546875
1749220206838180900,13.558180908203125,0.7762451171875,-1.173980712890625,0.17431640625
1749220206848171800,13.568171875,0.8373565673828125,-1.286224365234375,0.158050537109375
1749220206858162700,13.57816259765625,0.8468017578125,-1.33984375,0.105377197265625
1749220206868153900,13.58815380859375,0.822906494140625,-1.3283233642578125,-0.017486572265625
1749220206878144800,13.598144775390624,0.89166259765625,-1.2978973388671875,-0.164093017578125
1749220206888135700,13.6081357421875,1.0384979248046875,-1.26763916015625,-0.2838897705078125
1749220206898126800,13.618126953125,1.2387542724609375,-1.198394775390625,-0.263153076171875
1749220206908117800,13.62811767578125,1.4775543212890625,-1.0260162353515625,-0.0150604248046875
1749220206918108700,13.638108642578125,0.7895355224609375,-0.7061767578125,0.2887115478515625
1749220206928099800,13.648099853515625,0.3916168212890625,-0.3144073486328125,0.316253662109375
1749220206938090800,13.6580908203125,-0.1172027587890625,-0.2587432861328125,0.069427490234375
1749220206948081700,13.66808154296875,-1.653411865234375,-1.349517822265625,-0.5001678466796875
1749220206958071800,13.67807177734375,-1.2890472412109375,-2.5683441162109375,-0.9865570068359375
1749220206968063000,13.68806298828125,0.7479095458984375,-1.91357421875,-0.0106964111328125
1749220206978054000,13.698053955078125,0.803436279296875,-1.07421875,1.0475006103515625
1749220206988044800,13.708044921875,0.404083251953125,-1.22198486328125,0.3444976806640625
1749220206998035700,13.71803564453125,-0.1532135009765625,-1.13385009765625,-0.01812744140625
1749220207008027000,13.72802685546875,0.15496826171875,-1.16326904296875,0.54449462890625
1749220207018017800,13.738017822265626,0.3125152587890625,-1.27142333984375,0.59820556640625
1749220207028008700,13.7480087890625,0.3343505859375,-1.20770263671875,-0.1109161376953125
1749220207037999900,13.757999755859375,0.6717681884765625,-1.355224609375,-1.080535888671875
1749220207047990800,13.76799072265625,0.38690185546875,-1.26910400390625,-1.1139984130859375
1749220207057981700,13.777981689453124,0.3017578125,-0.822021484375,-0.4994659423828125
1749220207067972600,13.78797265625,0.3790740966796875,-0.7646636962890625,-0.274017333984375
1749220207077963800,13.7979638671875,0.2803192138671875,-0.946868896484375,-0.1920318603515625
1749220207087954700,13.80795458984375,0.15557861328125,-1.1283416748046875,0.102783203125
1749220207097945600,13.817945556640625,0.17657470703125,-1.1910858154296875,0.378265380859375
1749220207107936800,13.827936767578125,0.083526611328125,-1.1246490478515625,0.387420654296875
1749220207117927700,13.837927734375,0.055267333984375,-1.005218505859375,0.1057586669921875
1749220207127918800,13.8479189453125,0.031341552734375,-0.9580230712890625,-0.197113037109375
1749220207137909800,13.85790966796875,-0.016357421875,-0.949066162109375,-0.3706207275390625
1749220207147901000,13.86790087890625,-0.059234619140625,-0.9342498779296875,-0.3763580322265625
1749220207157891800,13.877891845703125,-0.08203125,-0.9429779052734375,-0.2675018310546875
1749220207167882200,13.88788232421875,-0.0799102783203125,-0.96893310546875,-0.1799774169921875
1749220207177873400,13.897873291015625,-0.067108154296875,-0.9725189208984375,-0.127227783203125
1749220207187863300,13.90786328125,-0.0313720703125,-0.95233154296875,-0.0835113525390625
1749220207197854200,13.917854248046876,0.0284576416015625,-0.937896728515625,-0.0835723876953125
1749220207207845000,13.92784521484375,0.047882080078125,-0.9467315673828125,-0.1436614990234375
1749220207217836300,13.937836181640625,0.024566650390625,-0.9714813232421875,-0.221649169921875
1749220207227827200,13.9478271484375,0.0027008056640625,-0.9802093505859375,-0.2613983154296875
1749220207237818400,13.957818359375,-0.0028228759765625,-0.954620361328125,-0.248046875
1749220207247809500,13.9678095703125,-0.0028533935546875,-0.9227294921875,-0.2169342041015625
1749220207257800400,13.977800537109376,-0.0049285888671875,-0.915191650390625,-0.1954498291015625
1749220207267791400,13.987791259765626,0.0194549560546875,-0.9278106689453125,-0.184967041015625
1749220207277782300,13.9977822265625,0.064178466796875,-0.9334564208984375,-0.189422607421875
1749220207287773400,14.0077734375,0.0998687744140625,-0.9284515380859375,-0.2107391357421875
1749220207297764400,14.017764404296875,0.1169891357421875,-0.918121337890625,-0.2231903076171875
1749220207307755300,14.02775537109375,0.109588623046875,-0.9112396240234375,-0.2067108154296875
1749220207317746400,14.037746337890624,0.0875244140625,-0.9187774658203125,-0.184417724609375
1749220207327737300,14.0477373046875,0.155914306640625,-0.94256591796875,-0.19134521484375
1749220207337728300,14.057728271484375,0.2532196044921875,-0.9597625732421875,-0.202362060546875
1749220207347719200,14.06771923828125,0.336181640625,-0.9552154541015625,-0.1574554443359375
1749220207357710300,14.07771044921875,0.363433837890625,-0.94781494140625,-0.08135986328125
1749220207367701200,14.087701171875,0.3703765869140625,-0.9567108154296875,-0.03515625
1749220207377692200,14.097692138671874,0.3561248779296875,-0.97894287109375,-0.019683837890625
1749220207387683300,14.107683349609376,0.347381591796875,-1.0097198486328125,-0.008819580078125
1749220207397674200,14.11767431640625,0.3851318359375,-1.0180206298828125,-0.010040283203125
1749220207407664400,14.127664306640625,0.3201446533203125,-1.0092315673828125,-0.0765228271484375
1749220207417655300,14.1376552734375,0.2675628662109375,-1.0102996826171875,-0.2241973876953125
1749220207427646500,14.147646484375,0.23773193359375,-1.00323486328125,-0.2775421142578125
1749220207437637400,14.157637451171874,0.222625732421875,-1.071685791015625,-0.10107421875
1749220207447628300,14.167628173828126,0.231231689453125,-1.20928955078125,-0.08447265625
1749220207457619200,14.177619140625,0.20892333984375,-1.2604827880859375,-0.151611328125
1749220207467610400,14.1876103515625,0.192657470703125,-1.269287109375,-0.04296875
1749220207477601300,14.197601318359375,0.2872467041015625,-1.22467041015625,0.028564453125
1749220207487592200,14.20759228515625,0.1766510009765625,-1.2225341796875,-0.068634033203125
1749220207497583400,14.217583251953124,0.179718017578125,-1.388824462890625,-0.197845458984375
1749220207507574300,14.22757421875,0.1914825439453125,-1.5527801513671875,-0.197479248046875
1749220207517565200,14.237565185546876,0.116973876953125,-1.7152099609375,-0.00677490234375
1749220207527556400,14.247556396484375,0.01666259765625,-1.8891143798828125,0.0912628173828125
1749220207537547300,14.25754736328125,-0.09222412109375,-1.9546051025390625,-0.1029510498046875
1749220207547538200,14.2675380859375,-0.002655029296875,-1.8624114990234375,-0.102508544921875
1749220207557529000,14.277529052734375,0.091766357421875,-1.838348388671875,0.1288604736328125
1749220207567520300,14.287520263671874,-0.0132904052734375,-1.895965576171875,-0.0069732666015625
1749220207577511400,14.297511474609376,0.0391387939453125,-1.9347381591796875,-0.446441650390625
1749220207587502300,14.30750244140625,0.2920684814453125,-2.063720703125,-0.5948486328125
1749220207597493500,14.317493408203125,1.0379180908203125,-1.871734619140625,-0.4626922607421875
1749220207607484400,14.327484375,0.3844757080078125,-1.784210205078125,-0.5147247314453125
1749220207617475300,14.337475341796875,-0.0975799560546875,-1.695220947265625,-0.5997467041015625
1749220207627466200,14.34746630859375,-0.292510986328125,-1.330230712890625,-0.4477996826171875
1749220207637456400,14.357456298828126,-0.1213226318359375,-0.9031829833984375,-0.284210205078125
1749220207647447300,14.367447265625,0.5477447509765625,-0.444244384765625,-0.3087615966796875
1749220207657438200,14.377438232421875,2.1671142578125,-0.0529327392578125,-0.3883819580078125
1749220207667429000,14.38742919921875,2.5782623291015625,0.0152130126953125,-0.261962890625
1749220207677420300,14.397420166015625,1.4826507568359375,-0.299285888671875,0.1043853759765625
1749220207687411200,14.4074111328125,0.8354339599609375,-0.475311279296875,0.42352294921875
1749220207697402000,14.417402099609374,-0.2270355224609375,-0.415130615234375,0.5843505859375
1749220207707393300,14.427393310546876,-0.48956298828125,-0.28948974609375,0.502166748046875
1749220207717384400,14.437384521484375,-0.00048828125,-0.2354736328125,0.2222137451171875
1749220207727375400,14.447375244140625,0.0515899658203125,-0.3111419677734375,-0.030120849609375
1749220207737366300,14.4573662109375,0.1885528564453125,-0.4283294677734375,-0.171966552734375
1749220207747357400,14.467357421875,0.33544921875,-0.4713134765625,-0.2904052734375
1749220207757348400,14.477348388671874,0.4437255859375,-0.376373291015625,-0.3663330078125
1749220207767339300,14.48733935546875,0.631011962890625,-0.2810516357421875,-0.33343505859375
1749220207777330400,14.497330322265626,0.88970947265625,-0.3136444091796875,-0.18896484375
1749220207787321300,14.5073212890625,1.0216217041015625,-0.4614105224609375,0.01776123046875
1749220207797312300,14.517312255859375,0.7239227294921875,-0.640228271484375,0.22760009765625
1749220207807303200,14.52730322265625,0.3126220703125,-0.561920166015625,0.316925048828125
1749220207817294300,14.53729443359375,0.0711517333984375,-0.3123931884765625,0.2392730712890625
1749220207827285200,14.54728515625,0.0548553466796875,-0.2304840087890625,0.1408843994140625
1749220207837275400,14.557275390625,0.2078857421875,-0.404815673828125,0.10321044921875
1749220207847266300,14.567266357421875,0.4758758544921875,-0.670440673828125,0.0597076416015625
1749220207857257500,14.577257568359375,0.674072265625,-0.78338623046875,-0.0529632568359375
1749220207867248400,14.587248291015625,0.6949462890625,-0.74755859375,-0.1711273193359375
1749220207877239300,14.5972392578125,0.6445159912109375,-0.8344879150390625,-0.227935791015625
1749220207887230500,14.60723046875,0.7058258056640625,-1.0909271240234375,-0.186767578125
1749220207897221400,14.617221435546876,0.8245391845703125,-1.2991485595703125,-0.02581787109375
1749220207907212300,14.62721240234375,0.8673095703125,-1.3631134033203125,0.08770751953125
1749220207917203200,14.637203125,0.8462066650390625,-1.3394775390625,0.0676422119140625
1749220207927194400,14.6471943359375,0.855133056640625,-1.30474853515625,0.052276611328125
1749220207937185300,14.657185302734375,0.833160400390625,-1.3263092041015625,0.0675811767578125
1749220207947176200,14.66717626953125,0.7840118408203125,-1.407867431640625,0.0484619140625
1749220207957167400,14.67716748046875,0.7650909423828125,-1.4995574951171875,0.0644378662109375
1749220207967158300,14.687158203125,0.720733642578125,-1.464202880859375,0.25494384765625
1749220207977149200,14.697149169921875,0.5431976318359375,-1.3308868408203125,0.2570037841796875
1749220207987140400,14.707140380859375,0.54833984375,-1.35650634765625,0.0698699951171875
1749220207997131300,14.71713134765625,0.7409820556640625,-1.38458251953125,-0.3123321533203125
1749220208007122200,14.7271220703125,0.8485870361328125,-1.1663970947265625,-0.59234619140625
1749220208017113000,14.737113037109374,0.81817626953125,-0.7037353515625,-0.4627532958984375
1749220208027104300,14.747104248046876,0.3744659423828125,-0.2404327392578125,-0.2270965576171875
1749220208037095400,14.757095458984375,-0.5475006103515625,-0.3748626708984375,-0.07318115234375
1749220208047085300,14.767085205078125,-0.2544708251953125,-0.832916259765625,-0.0785980224609375
1749220208057076200,14.777076171875,0.6952972412109375,-1.1883544921875,-0.1970672607421875
1749220208067067400,14.7870673828125,0.519134521484375,-1.626495361328125,0.1634368896484375
1749220208077058300,14.797058349609374,-0.428741455078125,-1.86590576171875,0.1563720703125
1749220208087049200,14.80704931640625,0.3312835693359375,-1.717620849609375,0.80255126953125
1749220208097040400,14.817040283203125,0.78912353515625,-1.4373321533203125,1.278106689453125
1749220208107031300,14.82703125,0.75701904296875,-1.2145233154296875,0.5561981201171875
1749220208117022200,14.837022216796875,0.3129119873046875,-1.48187255859375,-0.635711669921875
1749220208127013000,14.84701318359375,0.1280975341796875,-1.9513397216796875,-0.412353515625
1749220208137004300,14.85700439453125,0.364593505859375,-1.311126708984375,0.05419921875
1749220208146995200,14.8669951171875,0.590667724609375,-0.6352081298828125,-0.0701446533203125
1749220208156986000,14.876986083984375,-0.01904296875,-0.5820159912109375,-0.3324737548828125
1749220208166977300,14.886977294921875,-0.0426025390625,-0.7857666015625,-0.2532501220703125
1749220208176968400,14.896968505859375,0.12481689453125,-0.9369049072265625,0.1369781494140625
1749220208186959600,14.906959716796875,0.28424072265625,-0.9712982177734375,0.2852325439453125
1749220208196950500,14.916950439453124,0.4671783447265625,-1.0532379150390625,0.08245849609375
1749220208206941400,14.92694140625,0.4090576171875,-1.1744232177734375,-0.223663330078125
1749220208216932600,14.9369326171875,0.2934112548828125,-1.1610260009765625,-0.35467529296875
1749220208226923500,14.946923583984375,0.24407958984375,-1.0440673828125,-0.3886260986328125
1749220208236914400,14.95691455078125,0.105804443359375,-0.9720458984375,-0.4879150390625
1749220208246905300,14.9669052734375,-0.056243896484375,-0.9017486572265625,-0.451141357421875
1749220208256895500,14.9768955078125,0.0542449951171875,-0.8540191650390625,-0.13818359375
1749220208266886400,14.986886474609374,0.0981903076171875,-0.9614105224609375,0.141510009765625
1749220208276877300,14.996877197265626,0.14794921875,-1.0651092529296875,0.2206878662109375
1749220208286868200,15.0068681640625,0.363739013671875,-1.0317230224609375,0.180938720703125
1749220208296859400,15.016859375,0.433563232421875,-0.9834136962890625,0.060821533203125
1749220208306850600,15.0268505859375,0.3518218994140625,-1.0405426025390625,-0.0451202392578125
1749220208316841500,15.036841552734375,0.2345733642578125,-1.1078948974609375,-0.0572357177734375
1749220208326832600,15.04683251953125,0.16168212890625,-1.080047607421875,-0.0240325927734375
1749220208336823600,15.056823486328126,0.09906005859375,-0.99749755859375,-0.0491943359375
1749220208346814500,15.066814453125,0.059967041015625,-0.93634033203125,-0.12060546875
1749220208356805400,15.076805419921875,0.0414886474609375,-0.92095947265625,-0.1870880126953125
1749220208366796500,15.086796630859375,0.0122528076171875,-0.92669677734375,-0.249542236328125
1749220208376787500,15.096787353515625,-0.03179931640625,-0.9217071533203125,-0.3025665283203125
1749220208386778400,15.1067783203125,-0.076385498046875,-0.89520263671875,-0.3287506103515625
1749220208396769500,15.11676953125,-0.0984344482421875,-0.86907958984375,-0.3166046142578125
1749220208406760400,15.126760498046876,-0.0537872314453125,-0.8718109130859375,-0.2918701171875
1749220208416751400,15.13675146484375,0.0362701416015625,-0.9027862548828125,-0.2800445556640625
1749220208426742300,15.1467421875,0.1463165283203125,-0.93487548828125,-0.249237060546875
1749220208436733400,15.1567333984375,0.2283172607421875,-0.9746551513671875,-0.2006683349609375
1749220208446723600,15.1667236328125,0.2762451171875,-0.9984130859375,-0.1301116943359375
1749220208456714500,15.176714599609374,0.3288116455078125,-1.0039825439453125,-0.051300048828125
1749220208466705400,15.186705322265626,0.2777099609375,-1.02435302734375,0.00982666015625
1749220208476696600,15.196696533203125,0.2755584716796875,-1.034027099609375,0.0191192626953125
1749220208486687500,15.2066875,0.2663421630859375,-0.9947967529296875,0.004364013671875
1749220208496678400,15.216678466796875,0.242889404296875,-1.00030517578125,-0.065704345703125
1749220208506669600,15.226669677734375,0.234344482421875,-1.0982208251953125,-0.1586151123046875
1749220208516660500,15.236660400390624,0.2276458740234375,-1.197967529296875,-0.062744140625
1749220208526651400,15.2466513671875,0.1885528564453125,-1.2107086181640625,-0.01361083984375
1749220208536642300,15.256642333984376,0.1851348876953125,-1.1232452392578125,-0.1306304931640625
1749220208546633500,15.266633544921875,0.2406463623046875,-1.0419921875,-0.1552886962890625
1749220208556624400,15.276624267578125,0.143524169921875,-1.1434173583984375,-0.0930938720703125
1749220208566615300,15.286615234375,0.1681976318359375,-1.2470245361328125,-0.12725830078125
1749220208576606500,15.2966064453125,0.244964599609375,-1.1787872314453125,-0.1381072998046875
1749220208586597400,15.306597412109374,0.271392822265625,-1.203826904296875,-0.1182403564453125
1749220208596588300,15.31658837890625,0.265289306640625,-1.4036102294921875,-0.101837158203125
1749220208606579500,15.326579345703125,0.2122344970703125,-1.635345458984375,-0.0113983154296875
1749220208616570400,15.3365703125,0.0178375244140625,-1.7563934326171875,0.0434722900390625
1749220208626561300,15.346561279296875,-0.107574462890625,-1.675933837890625,-0.025543212890625
1749220208636552400,15.356552490234375,0.03173828125,-1.569122314453125,-0.08990478515625
1749220208646542300,15.366542236328126,0.09844970703125,-1.587646484375,-0.1251068115234375
1749220208656533500,15.376533447265626,0.024993896484375,-1.755767822265625,-0.229705810546875
1749220208666524400,15.3865244140625,0.1265411376953125,-1.9621734619140625,-0.64569091796875
1749220208676515300,15.396515380859375,-0.0488128662109375,-2.3703155517578125,-0.8712921142578125
1749220208686506500,15.406506591796875,0.4546661376953125,-2.15631103515625,-0.58209228515625
1749220208696497400,15.416497314453125,0.9604644775390625,-1.5225830078125,-0.324127197265625
1749220208706488300,15.42648828125,0.156463623046875,-1.529541015625,-0.424407958984375
1749220208716479500,15.4364794921875,-0.2745819091796875,-1.599822998046875,-0.2971649169921875
1749220208726470400,15.446470458984376,-0.243377685546875,-1.23321533203125,-0.031341552734375
1749220208736461300,15.45646142578125,0.205596923828125,-0.7816009521484375,-0.009246826171875
1749220208746452200,15.4664521484375,0.464752197265625,-0.475860595703125,-0.2200469970703125
1749220208756443400,15.476443359375,1.0679168701171875,-0.2863311767578125,-0.3779449462890625
1749220208766434300,15.486434326171874,1.8876190185546875,-0.159088134765625,-0.2460784912109375
1749220208776425500,15.496425537109374,1.9427490234375,-0.1337738037109375,0.2237091064453125
1749220208786416600,15.506416748046876,1.2804718017578125,-0.22760009765625,0.653656005859375
1749220208796407600,15.516407470703125,0.196258544921875,-0.36981201171875,0.53802490234375
1749220208806398500,15.5263984375,-0.419830322265625,-0.42010498046875,0.16571044921875
1749220208816389400,15.536389404296875,-0.06610107421875,-0.3449249267578125,-0.0058441162109375
1749220208826380500,15.546380615234375,0.083740234375,-0.3090972900390625,-0.0292510986328125
1749220208836370400,15.556370361328124,0.1900177001953125,-0.3757781982421875,-0.0505523681640625
1749220208846361300,15.566361328125,0.3339691162109375,-0.4613494873046875,-0.0994720458984375
1749220208856352300,15.576352294921875,0.51544189453125,-0.4875030517578125,-0.162261962890625
1749220208866343400,15.586343505859375,0.66754150390625,-0.5207977294921875,-0.0957489013671875
1749220208876334300,15.596334228515625,0.7365875244140625,-0.62042236328125,0.1289520263671875
1749220208886325200,15.6063251953125,0.5116119384765625,-0.714385986328125,0.3379058837890625
1749220208896316400,15.61631640625,0.2674560546875,-0.633941650390625,0.380218505859375
1749220208906307600,15.6263076171875,0.1907196044921875,-0.485870361328125,0.310638427734375
1749220208916298500,15.636298583984376,0.16619873046875,-0.447723388671875,0.2489013671875
1749220208926289400,15.646289306640625,0.250091552734375,-0.5459442138671875,0.22979736328125
1749220208936280600,15.656280517578125,0.4309844970703125,-0.681976318359375,0.21185302734375
1749220208946271500,15.666271484375,0.6062164306640625,-0.7631378173828125,0.1544189453125
1749220208956262400,15.676262451171874,0.6468505859375,-0.7984466552734375,0.077484130859375
1749220208966253600,15.686253662109374,0.5594329833984375,-0.86968994140625,-0.0013885498046875
1749220208976244500,15.696244384765626,0.565032958984375,-1.0198516845703125,-0.0828704833984375
1749220208986235400,15.7062353515625,0.6835479736328125,-1.1915740966796875,-0.1262969970703125
1749220208996226300,15.716226318359375,0.7823638916015625,-1.3119964599609375,-0.11029052734375
1749220209006217500,15.726217529296875,0.8103485107421875,-1.3899688720703125,-0.07763671875
1749220209016208400,15.73620849609375,0.7688140869140625,-1.4095458984375,-0.0122833251953125
1749220209026198300,15.7461982421875,0.745391845703125,-1.3802337646484375,0.073974609375
1749220209036189400,15.756189453125,0.7202911376953125,-1.3893280029296875,0.108245849609375
1749220209046180600,15.7661806640625,0.689239501953125,-1.438018798828125,0.0614471435546875
1749220209056171500,15.776171630859375,0.7449798583984375,-1.4172210693359375,0.066619873046875
1749220209066162400,15.786162353515625,0.69866943359375,-1.3301239013671875,0.105133056640625
1749220209076153600,15.796153564453125,0.5898895263671875,-1.3253326416015625,0.08636474609375
1749220209086144500,15.80614453125,0.68426513671875,-1.31903076171875,0.04083251953125
1749220209096135400,15.816135498046876,0.4711761474609375,-1.1084747314453125,-0.082916259765625
1749220209106126300,15.826126220703125,0.4539337158203125,-0.76104736328125,-0.1058349609375
1749220209116117500,15.836117431640625,0.4662017822265625,-0.460662841796875,-0.095306396484375
1749220209126108400,15.8461083984375,0.4588470458984375,-0.272491455078125,-0.064453125
1749220209136099300,15.856099365234375,0.542572021484375,-0.3009796142578125,-0.064453125
1749220209146090500,15.866090576171874,0.6206817626953125,-0.5662994384765625,-0.2181854248046875
1749220209156081400,15.876081298828124,-0.4311981201171875,-1.1448516845703125,-0.47601318359375
1749220209166072800,15.88607275390625,0.34844970703125,-1.7138519287109375,-0.5399322509765625
1749220209176063700,15.896063720703125,0.047882080078125,-1.8001556396484375,-0.2901153564453125
1749220209186054700,15.9060546875,-0.154144287109375,-1.7432403564453125,0.5130767822265625
1749220209196045800,15.9160458984375,0.7172088623046875,-1.8231048583984375,1.2599334716796875
1749220209206036000,15.926035888671874,0.756866455078125,-1.5573577880859375,0.8054046630859375
1749220209216027000,15.93602685546875,0.158111572265625,-1.115692138671875,0.1422271728515625
1749220209226017800,15.946017822265626,0.4015045166015625,-1.285186767578125,-0.5140228271484375
1749220209236008700,15.9560087890625,0.195953369140625,-1.711090087890625,-0.2598114013671875
1749220209245999900,15.965999755859375,0.549346923828125,-1.41802978515625,0.2287445068359375
1749220209255990800,15.97599072265625,0.417083740234375,-0.8704376220703125,-0.036895751953125
1749220209265981700,15.985981689453125,0.15606689453125,-0.5760345458984375,-0.484527587890625
1749220209275972900,15.995972900390624,0.0307769775390625,-0.4755706787109375,-0.6318817138671875
1749220209285963800,16.0059638671875,0.377349853515625,-0.535858154296875,-0.2765960693359375
1749220209295954700,16.01595458984375,0.658294677734375,-0.854644775390625,0.125274658203125
1749220209305945900,16.02594580078125,0.694793701171875,-1.38287353515625,0.1362152099609375
1749220209315936800,16.035936767578125,0.5341796875,-1.6678924560546875,-0.0896759033203125
1749220209325927700,16.045927734375,0.4037933349609375,-1.344146728515625,-0.1117706298828125
1749220209335918600,16.055918701171876,0.193878173828125,-0.95208740234375,-0.06671142578125
1749220209345909800,16.06590966796875,-0.009002685546875,-0.819488525390625,-0.1229705810546875
1749220209355900700,16.075900634765624,-0.026763916015625,-0.843536376953125,-0.1573333740234375
1749220209365891600,16.0858916015625,-0.00177001953125,-0.9144287109375,-0.117034912109375
1749220209375882800,16.0958828125,0.06158447265625,-0.9613800048828125,-0.04827880859375
1749220209385873000,16.105872802734375,0.10174560546875,-1.0059967041015625,-0.0062408447265625
1749220209395863800,16.11586376953125,0.1190338134765625,-1.036529541015625,0.0482330322265625
1749220209405854700,16.125854736328126,0.1529083251953125,-1.0295562744140625,0.0738372802734375
1749220209415846000,16.135845947265626,0.209014892578125,-1.006103515625,-0.0067901611328125
1749220209425836800,16.1458369140625,0.2245635986328125,-0.9949188232421875,-0.16986083984375
1749220209435827700,16.15582763671875,0.1757049560546875,-0.987579345703125,-0.31988525390625
1749220209445818600,16.165818603515625,0.1148529052734375,-0.95196533203125,-0.3807220458984375
1749220209455809800,16.175809814453125,0.090301513671875,-0.9017791748046875,-0.33673095703125
1749220209465800700,16.18580078125,0.0931549072265625,-0.8838958740234375,-0.2429046630859375
1749220209475791600,16.19579150390625,0.0836639404296875,-0.91192626953125,-0.13800048828125
1749220209485782800,16.20578271484375,0.0945281982421875,-0.960418701171875,-0.0506134033203125
1749220209495773700,16.215773681640623,0.1113739013671875,-0.9888916015625,-0.044525146484375
1749220209505764600,16.2257646484375,0.1358795166015625,-0.9804840087890625,-0.1205902099609375
1749220209515755800,16.235755859375,0.1819610595703125,-0.9594879150390625,-0.2287139892578125
1749220209525747000,16.245746826171874,0.201080322265625,-0.937896728515625,-0.3053436279296875
1749220209535737900,16.25573779296875,0.185455322265625,-0.9185791015625,-0.2787933349609375
1749220209545728800,16.265728759765626,0.1566925048828125,-0.9229278564453125,-0.1794281005859375
1749220209555720000,16.275719970703125,0.1857452392578125,-0.9405975341796875,-0.093109130859375
1749220209565710800,16.2857109375,0.219390869140625,-0.96844482421875,-0.064849853515625
1749220209575700700,16.29570068359375,0.27667236328125,-0.9941864013671875,-0.1046600341796875
1749220209585691600,16.305691650390624,0.3154296875,-1.00482177734375,-0.1511688232421875
1749220209595682800,16.315682861328124,0.320281982421875,-1.0272979736328125,-0.151763916015625
1749220209605673700,16.325673828125,0.3477325439453125,-1.1136016845703125,-0.0271148681640625
1749220209615664600,16.33566455078125,0.31915283203125,-1.2112274169921875,0.0371551513671875
1749220209625655600,16.345655517578123,0.270294189453125,-1.1934356689453125,-0.0144195556640625
1749220209635646700,16.355646728515627,0.24200439453125,-1.0506591796875,-0.0201568603515625
1749220209645637600,16.3656376953125,0.2721405029296875,-0.9790802001953125,-0.12030029296875
1749220209655628800,16.37562890625,0.236572265625,-1.0087127685546875,-0.2319183349609375
1749220209665620000,16.385619873046874,0.177032470703125,-1.1811370849609375,-0.2673797607421875
1749220209675611000,16.39561083984375,0.151336669921875,-1.274169921875,-0.1940765380859375
1749220209685601800,16.405601806640625,0.2370758056640625,-1.14013671875,0.006195068359375
1749220209695592700,16.4155927734375,0.1845703125,-1.1071929931640625,0.0391845703125
1749220209705583900,16.425583984375,0.1683349609375,-1.3325958251953125,-0.0478057861328125
1749220209715574800,16.43557470703125,0.1455078125,-1.669097900390625,-0.0519866943359375
1749220209725565700,16.445565673828124,0.1175994873046875,-1.8141632080078125,-0.033203125
1749220209735556900,16.455556884765624,-0.0117340087890625,-1.7223052978515625,-0.0970001220703125
1749220209745547800,16.4655478515625,0.024078369140625,-1.645965576171875,-0.15789794921875
1749220209755537700,16.47553759765625,0.1251068115234375,-1.6910858154296875,-0.0029144287109375
1749220209765528600,16.485528564453126,-0.037811279296875,-1.8546600341796875,-0.0608673095703125
1749220209775519700,16.495519775390626,0.1519012451171875,-1.959381103515625,-0.505828857421875
1749220209785510700,16.5055107421875,-0.0179443359375,-2.08624267578125,-0.6498260498046875
1749220209795501800,16.515501708984374,0.4105987548828125,-2.1204833984375,-0.5949859619140625
1749220209805493000,16.525492919921874,0.9285736083984375,-1.6851348876953125,-0.4552154541015625
1749220209815484000,16.53548388671875,0.2230072021484375,-1.6036224365234375,-0.55096435546875
1749220209825474800,16.545474853515625,-0.04412841796875,-1.62738037109375,-0.4288787841796875
1749220209835465700,16.5554658203125,-0.24896240234375,-1.2774505615234375,-0.130859375
1749220209845457000,16.565456787109376,0.073089599609375,-0.83978271484375,-0.0351715087890625
1749220209855447800,16.57544775390625,0.3919525146484375,-0.517608642578125,-0.207855224609375
1749220209865438700,16.585438720703124,0.9161834716796875,-0.284942626953125,-0.3556365966796875
1749220209875430000,16.595429931640624,1.990753173828125,-0.0921478271484375,-0.2963714599609375
1749220209885420800,16.6054208984375,2.204681396484375,-0.0413360595703125,0.154693603515625
1749220209895411700,16.61541162109375,1.42718505859375,-0.2053985595703125,0.7439117431640625
1749220209905402600,16.625402587890626,0.2451019287109375,-0.415069580078125,0.76800537109375
1749220209915393800,16.635393798828126,-0.579681396484375,-0.4665374755859375,0.31109619140625
1749220209925383700,16.6453837890625,-0.0748138427734375,-0.3439178466796875,0.0293731689453125
1749220209935374800,16.655374755859373,0.15869140625,-0.3064422607421875,-0.0555419921875
1749220209945365800,16.66536572265625,0.2789764404296875,-0.415679931640625,-0.1097259521484375
1749220209955357000,16.67535693359375,0.4454498291015625,-0.5503387451171875,-0.14923095703125
1749220209965347800,16.685347900390624,0.4936981201171875,-0.5434112548828125,-0.165069580078125
1749220209975338800,16.6953388671875,0.612060546875,-0.438873291015625,-0.1016082763671875
1749220209985330000,16.705329833984376,0.840301513671875,-0.42022705078125,0.02880859375
1749220209995320800,16.71532080078125,0.71771240234375,-0.5248565673828125,0.175994873046875
1749220210005311700,16.725311767578123,0.3479461669921875,-0.5631103515625,0.274749755859375
1749220210015302700,16.735302734375,0.203369140625,-0.4463043212890625,0.2756195068359375
1749220210025293800,16.7452939453125,0.280029296875,-0.3952484130859375,0.2379150390625
1749220210035284700,16.75528466796875,0.4279937744140625,-0.518218994140625,0.2032470703125
1749220210045275600,16.765275634765626,0.5474700927734375,-0.6588134765625,0.1634674072265625
1749220210055266800,16.775266845703126,0.6019439697265625,-0.678558349609375,0.095672607421875
1749220210065257700,16.7852578125,0.66802978515625,-0.6876678466796875,0.003173828125
1749220210075248600,16.79524853515625,0.7404022216796875,-0.8214111328125,-0.0850677490234375
1749220210085239600,16.805239501953125,0.7847900390625,-1.0415496826171875,-0.098785400390625
1749220210095230700,16.815230712890624,0.785614013671875,-1.182098388671875,-0.0026092529296875
1749220210105220900,16.825220947265624,0.808441162109375,-1.2369537353515625,0.0790557861328125
1749220210115211800,16.835211669921875,0.8473968505859375,-1.2790069580078125,0.0767974853515625
1749220210125202700,16.84520263671875,0.852630615234375,-1.3130950927734375,0.0519866943359375
1749220210135193900,16.85519384765625,0.852752685546875,-1.3559417724609375,0.0301361083984375
1749220210145184800,16.865184814453126,0.8932037353515625,-1.37493896484375,0.10540771484375
1749220210155175700,16.87517578125,0.898590087890625,-1.3892822265625,0.2794952392578125
1749220210165166300,16.885166259765626,0.65625,-1.40887451171875,0.3845672607421875
1749220210175157200,16.8951572265625,0.67596435546875,-1.329833984375,0.2167205810546875
1749220210185148200,16.905148193359373,0.8611907958984375,-1.2607879638671875,-0.1558074951171875
1749220210195139000,16.91513916015625,0.8981170654296875,-1.2527923583984375,-0.4216461181640625
1749220210205130200,16.925130126953125,0.8527069091796875,-1.0219268798828125,-0.38818359375
1749220210215121200,16.93512109375,0.736358642578125,-0.557708740234375,-0.1646728515625
1749220210225112300,16.9451123046875,0.636199951171875,-0.2104339599609375,0.05517578125
1749220210235103500,16.955103515625,0.5242156982421875,-0.25225830078125,0.134185791015625
1749220210245094400,16.965094482421875,-0.6532135009765625,-0.858245849609375,0.0194244384765625
1749220210255085300,16.975085205078123,-0.6359710693359375,-1.6365509033203125,-0.1431732177734375
1749220210265076200,16.985076171875,-0.0237884521484375,-1.9387054443359375,-0.1438140869140625
1749220210275067400,16.9950673828125,0.8944549560546875,-1.4440460205078125,-0.1634063720703125
1749220210285057300,17.005057373046874,-0.4944305419921875,-1.209259033203125,0.11981201171875
1749220210295048200,17.015048095703126,0.579437255859375,-1.3008270263671875,0.5430145263671875
1749220210305039000,17.0250390625,1.340850830078125,-1.43218994140625,0.0722503662109375
1749220210315030300,17.0350302734375,0.8553466796875,-1.951812744140625,-0.29241943359375
1749220210325021200,17.045021240234377,-0.401885986328125,-2.1188201904296875,0.018585205078125
1749220210335012000,17.05501220703125,0.4026641845703125,-1.2188873291015625,0.30242919921875
1749220210345003300,17.065003173828124,0.4157257080078125,-0.6038360595703125,0.09844970703125
1749220210354994200,17.074994140625,-0.0382232666015625,-0.5561065673828125,-0.1553955078125
1749220210364985300,17.0849853515625,-0.1583709716796875,-0.7854766845703125,-0.2177734375
1749220210374976300,17.094976318359375,0.11285400390625,-0.988861083984375,0.0231170654296875
1749220210384967400,17.104967529296875,0.1929779052734375,-1.0481109619140625,0.146148681640625
1749220210394958300,17.114958251953126,0.3964080810546875,-1.0576324462890625,0.02386474609375
1749220210404949200,17.12494921875,0.506683349609375,-1.0757904052734375,-0.224151611328125
1749220210414940400,17.1349404296875,0.4285888671875,-1.0978240966796875,-0.3997955322265625
1749220210424931300,17.144931396484374,0.3058624267578125,-1.1075897216796875,-0.3909149169921875
1749220210434922200,17.154922119140625,0.2091064453125,-1.098876953125,-0.304931640625
1749220210444913200,17.1649130859375,0.0532073974609375,-1.059906005859375,-0.228057861328125
1749220210454903300,17.1749033203125,-0.209442138671875,-0.973175048828125,-0.11505126953125
1749220210464894200,17.184894287109376,-0.31597900390625,-0.8798828125,0.0528411865234375
1749220210474885000,17.194885009765624,-0.27703857421875,-0.8518829345703125,0.137603759765625
1749220210484876000,17.2048759765625,-0.212158203125,-0.894287109375,0.0482177734375
1749220210494867200,17.2148671875,-0.1365509033203125,-0.9557952880859375,-0.1042022705078125
1749220210504858400,17.2248583984375,-0.0630950927734375,-0.97772216796875,-0.23663330078125
1749220210514849300,17.234849365234375,-0.019500732421875,-0.9676513671875,-0.3439788818359375
1749220210524840400,17.24484033203125,0.0084991455078125,-0.9505615234375,-0.398406982421875
1749220210534831400,17.254831298828126,0.009552001953125,-0.936248779296875,-0.372222900390625
1749220210544822300,17.264822265625,-0.00482177734375,-0.9296417236328125,-0.2890625
1749220210554813200,17.274813232421874,0.001312255859375,-0.9352874755859375,-0.218017578125
1749220210564804400,17.284804443359373,0.0376129150390625,-0.9451141357421875,-0.1947479248046875
1749220210574795300,17.294795166015625,0.1046295166015625,-0.956390380859375,-0.202606201171875
1749220210584786200,17.3047861328125,0.154052734375,-0.9628143310546875,-0.216583251953125
1749220210594777300,17.31477734375,0.1769256591796875,-0.9639892578125,-0.2225341796875
1749220210604768300,17.324768310546876,0.1707611083984375,-0.960418701171875,-0.208587646484375
1749220210614759200,17.33475927734375,0.168426513671875,-0.9484405517578125,-0.1745452880859375
1749220210624749000,17.3447490234375,0.1651153564453125,-0.93768310546875,-0.1476593017578125
1749220210634740500,17.354740478515627,0.162322998046875,-0.939117431640625,-0.1239166259765625
1749220210644731400,17.3647314453125,0.201446533203125,-0.959716796875,-0.1087493896484375
1749220210654722300,17.374722412109374,0.2372589111328125,-0.972686767578125,-0.098297119140625
1749220210664713200,17.384713134765626,0.2482147216796875,-0.9777679443359375,-0.1016845703125
1749220210674704400,17.394704345703126,0.2439117431640625,-0.9786529541015625,-0.10540771484375
1749220210684695300,17.4046953125,0.2588958740234375,-0.9699554443359375,-0.105560302734375
1749220210694686200,17.414686279296873,0.260711669921875,-0.9580078125,-0.1075286865234375
1749220210704677400,17.424677490234377,0.264312744140625,-0.9532623291015625,-0.11328125
1749220210714668300,17.434668212890625,0.304931640625,-0.9560394287109375,-0.1305084228515625
1749220210724659200,17.4446591796875,0.335601806640625,-0.9549407958984375,-0.1599273681640625
1749220210734650400,17.454650390625,0.3773040771484375,-0.9607391357421875,-0.1638946533203125
1749220210744641300,17.464641357421876,0.3500823974609375,-0.994537353515625,-0.1268157958984375
1749220210754632200,17.474632080078123,0.3407440185546875,-1.0750579833984375,-0.0951385498046875
1749220210764623000,17.484623046875,0.2937774658203125,-1.1144561767578125,-0.0942840576171875
1749220210774614300,17.4946142578125,0.21710205078125,-1.1102294921875,-0.1306915283203125
1749220210784605200,17.504605224609374,0.2266845703125,-1.0848846435546875,-0.160980224609375
1749220210794596000,17.51459619140625,0.20428466796875,-1.0620269775390625,-0.2024688720703125
1749220210804586200,17.524586181640625,0.1844329833984375,-1.099090576171875,-0.2133026123046875
1749220210814577400,17.534577392578125,0.2103424072265625,-1.1279754638671875,-0.153167724609375
1749220210824568300,17.544568359375,0.1943359375,-1.11029052734375,-0.036285400390625
1749220210834559200,17.554559326171876,0.251739501953125,-1.1569061279296875,-0.0131988525390625
1749220210844550400,17.56455029296875,0.212310791015625,-1.2701568603515625,-0.0747833251953125
1749220210854541300,17.574541259765624,0.2264251708984375,-1.3681182861328125,-0.0000762939453125
1749220210864532200,17.5845322265625,0.2477569580078125,-1.385528564453125,0.17486572265625
1749220210874523100,17.594523193359375,0.2383575439453125,-1.4072723388671875,0.174591064453125
1749220210884514300,17.604514404296875,0.18572998046875,-1.4582366943359375,0.0174560546875
1749220210894505200,17.614505126953127,0.2485809326171875,-1.5326995849609375,-0.0015716552734375
1749220210904496000,17.62449609375,0.288116455078125,-1.93902587890625,0.02734375
1749220210914487300,17.6344873046875,0.2559814453125,-2.2934417724609375,-0.1007537841796875
1749220210924478200,17.644478271484374,0.3232574462890625,-1.9888763427734375,-0.30242919921875
1749220210934469000,17.65446923828125,0.2545318603515625,-1.5802459716796875,-0.4272003173828125
1749220210944460000,17.6644599609375,0.4949493408203125,-1.394073486328125,-0.265045166015625
1749220210954451200,17.674451171875,0.84783935546875,-1.30450439453125,-0.0533599853515625
1749220210964442400,17.6844423828125,0.3040924072265625,-1.3553009033203125,-0.1175689697265625
1749220210974432300,17.694432373046876,0.0442047119140625,-1.2340240478515625,-0.2971954345703125
1749220210984423200,17.704423095703124,-0.0571136474609375,-0.9534149169921875,-0.2562408447265625
1749220210994414300,17.714414306640624,-0.1481170654296875,-0.7112884521484375,-0.2071533203125
1749220211004405200,17.7244052734375,0.294708251953125,-0.3817291259765625,-0.31134033203125
1749220211014396200,17.734396240234375,1.5048370361328125,0.0267791748046875,-0.3713531494140625
1749220211024387300,17.74438720703125,2.2558135986328125,0.2300262451171875,-0.1019439697265625
1749220211034378200,17.754378173828126,1.4798736572265625,-0.102783203125,0.3494873046875
1749220211044369200,17.764369140625,0.5922698974609375,-0.589202880859375,0.688995361328125
1749220211054360000,17.774360107421874,-0.35101318359375,-0.72467041015625,0.675079345703125
1749220211064351200,17.784351318359374,-0.4098968505859375,-0.410797119140625,0.440643310546875
1749220211074342100,17.794342041015625,0.103240966796875,-0.1616973876953125,0.277374267578125
1749220211084333000,17.8043330078125,0.2526092529296875,-0.1894378662109375,0.088958740234375
1749220211094324200,17.81432421875,0.494171142578125,-0.31597900390625,-0.14288330078125
1749220211104315400,17.8243154296875,0.6590118408203125,-0.408050537109375,-0.32843017578125
1749220211114306300,17.834306396484376,0.7222900390625,-0.4079437255859375,-0.2923583984375
1749220211124297200,17.844297119140624,0.69287109375,-0.4299163818359375,-0.0610198974609375
1749220211134288400,17.854288330078123,0.577484130859375,-0.5218963623046875,0.1875
1749220211144278300,17.8642783203125,0.584136962890625,-0.5165557861328125,0.346893310546875
1749220211154269200,17.874269287109374,0.44189453125,-0.44000244140625,0.3052978515625
1749220211164260000,17.884260009765626,0.3140869140625,-0.4561614990234375,0.1781768798828125
1749220211174252300,17.894252197265626,0.32061767578125,-0.6030731201171875,0.1475372314453125
1749220211184243200,17.9042431640625,0.53375244140625,-0.785125732421875,0.1848907470703125
1749220211194234000,17.914234130859374,0.6812286376953125,-0.873016357421875,0.1275177001953125
1749220211204225000,17.92422509765625,0.7053070068359375,-0.903076171875,-0.02886962890625
1749220211214216200,17.93421630859375,0.739166259765625,-1.0295257568359375,-0.2017669677734375
1749220211224207000,17.94420703125,0.826416015625,-1.2709197998046875,-0.2612762451171875
1749220211234198000,17.954197998046876,0.9221343994140625,-1.367828369140625,-0.147186279296875
1749220211244189200,17.964189208984376,0.9288330078125,-1.2817230224609375,-0.065521240234375
1749220211254180000,17.97418017578125,0.7923431396484375,-1.2245025634765625,-0.059173583984375
1749220211264171000,17.9841708984375,0.62677001953125,-1.23358154296875,0.016876220703125
1749220211274162200,17.994162109375,0.4946441650390625,-1.2357940673828125,0.130401611328125
1749220211284153300,18.0041533203125,0.4140777587890625,-1.2145538330078125,0.183258056640625
1749220211294144300,18.014144287109374,0.3791656494140625,-1.209808349609375,0.13421630859375
1749220211304135200,18.02413525390625,0.39569091796875,-1.2614898681640625,0.00445556640625
1749220211314125000,18.034125,0.403350830078125,-1.2824554443359375,0.0161285400390625
1749220211324116200,18.0441162109375,0.3033294677734375,-1.1433258056640625,0.1421051025390625
1749220211334107100,18.054107177734377,0.3551788330078125,-1.030670166015625,0.13232421875
1749220211344098000,18.06409814453125,0.1735076904296875,-1.095001220703125,-0.026123046875
1749220211354089200,18.074089111328124,0.240631103515625,-1.1259765625,-0.1046600341796875
1749220211364080000,18.084080078125,0.269256591796875,-1.0391693115234375,-0.0729827880859375
1749220211374071000,18.094071044921876,0.2979888916015625,-0.879669189453125,-0.0592498779296875
1749220211384062200,18.104062255859375,0.2306365966796875,-0.7276763916015625,-0.027191162109375
1749220211394053000,18.11405322265625,0.08575439453125,-0.6201629638671875,0.15869140625
1749220211404044000,18.1240439453125,0.0594024658203125,-0.56951904296875,0.332977294921875
1749220211414035200,18.13403515625,0.097991943359375,-0.601531982421875,0.2954254150390625
1749220211424026400,18.1440263671875,0.1713104248046875,-0.72393798828125,0.1182098388671875
1749220211434017300,18.154017333984374,0.26251220703125,-0.8234710693359375,-0.014892578125
1749220211444008200,18.16400830078125,0.33636474609375,-0.8494873046875,-0.07244873046875
1749220211453999400,18.173999267578125,0.3988189697265625,-0.8417816162109375,-0.0827178955078125
1749220211463990300,18.183990234375,0.5798492431640625,-0.8121490478515625,-0.0843353271484375
1749220211473981200,18.193981201171876,0.297149658203125,-0.9060821533203125,-0.4085693359375
1749220211483971000,18.20397119140625,-0.4672698974609375,-1.1558685302734375,-0.111785888671875
1749220211493962200,18.213962158203124,-1.3905029296875,-2.081787109375,-0.4642791748046875
1749220211503953200,18.223953125,-0.3454742431640625,-2.504547119140625,-1.4199066162109375
1749220211513944000,18.233944091796875,0.72393798828125,-1.127899169921875,-1.069732666015625
1749220211523935000,18.24393505859375,0.80963134765625,-0.42425537109375,-0.41192626953125
1749220211533926100,18.253926025390626,-0.2970733642578125,-0.77899169921875,0.3875579833984375
1749220211543917000,18.2639169921875,-0.176513671875,-1.805450439453125,1.318389892578125
1749220211553908200,18.273908203125,-0.1767425537109375,-2.2800140380859375,1.901947021484375
1749220211563899400,18.2838994140625,-0.2598876953125,-1.51751708984375,1.245269775390625
1749220211573890300,18.293890380859374,0.0499114990234375,-0.7036285400390625,0.1154022216796875
1749220211583881200,18.303881103515625,0.2083740234375,-0.5233917236328125,-0.6394500732421875
1749220211593872100,18.3138720703125,0.2997894287109375,-0.843963623046875,-1.3083038330078125
1749220211603863300,18.32386328125,0.3624725341796875,-0.9644927978515625,-1.542236328125
1749220211613854200,18.333854248046876,0.2684326171875,-0.7654571533203125,-1.0146636962890625
1749220211623845000,18.34384521484375,0.075927734375,-0.72601318359375,-0.3719635009765625
1749220211633836300,18.353836181640624,0.0395355224609375,-0.8645782470703125,0.1644287109375
1749220211643827200,18.3638271484375,0.0506134033203125,-1.1316986083984375,0.506072998046875
1749220211653817000,18.373817138671875,-0.0458526611328125,-1.2810821533203125,0.41741943359375
1749220211663808000,18.38380810546875,-0.0774993896484375,-1.1164703369140625,0.079315185546875
1749220211673799200,18.393799072265626,0.0359649658203125,-0.9082489013671875,-0.1676788330078125
1749220211683790000,18.4037900390625,0.1051483154296875,-0.907196044921875,-0.382904052734375
1749220211693781200,18.41378125,0.1070556640625,-0.981658935546875,-0.56329345703125
1749220211703772200,18.423772216796873,0.1183624267578125,-0.9808349609375,-0.546234130859375
1749220211713763300,18.433763427734377,0.092071533203125,-0.941131591796875,-0.382720947265625
1749220211723754200,18.443754150390625,0.0013427734375,-0.9394989013671875,-0.2775726318359375
1749220211733745200,18.4537451171875,-0.0466766357421875,-0.9550933837890625,-0.238067626953125
1749220211743736300,18.463736328125,-0.0312042236328125,-0.9561309814453125,-0.2031402587890625
1749220211753727200,18.473727294921876,0.01263427734375,-0.952789306640625,-0.20184326171875
1749220211763718100,18.48371826171875,0.0738372802734375,-0.9532470703125,-0.234771728515625
1749220211773709000,18.493708984375,0.12353515625,-0.964447021484375,-0.2573699951171875
1749220211783700200,18.5037001953125,0.132171630859375,-0.9809112548828125,-0.2602081298828125
1749220211793691100,18.513691162109374,0.1310272216796875,-0.9920654296875,-0.264495849609375
1749220211803682000,18.52368212890625,0.1183929443359375,-0.996002197265625,-0.28118896484375
1749220211813672200,18.533672119140626,0.0830230712890625,-0.9821929931640625,-0.2828521728515625
1749220211823663400,18.543663330078125,0.059661865234375,-0.9613494873046875,-0.270050048828125
1749220211833654300,18.553654296875,0.0502166748046875,-0.94677734375,-0.252716064453125
1749220211843645200,18.563645263671877,0.067352294921875,-0.9491119384765625,-0.234466552734375
1749220211853636400,18.57363623046875,0.104705810546875,-0.9594879150390625,-0.2141876220703125
1749220211863627300,18.583627197265624,0.1443328857421875,-0.97161865234375,-0.1927947998046875
1749220211873618200,18.5936181640625,0.1718902587890625,-0.98529052734375,-0.16485595703125
1749220211883609300,18.603609375,0.1793060302734375,-0.996185302734375,-0.1504364013671875
1749220211893600300,18.613600341796875,0.1671600341796875,-0.9986572265625,-0.1636199951171875
1749220211903591200,18.623591064453127,0.166107177734375,-0.9910888671875,-0.17315673828125
1749220211913582000,18.63358203125,0.1602935791015625,-0.9984893798828125,-0.1751861572265625
1749220211923573200,18.6435732421875,0.118743896484375,-1.008697509765625,-0.1788177490234375
1749220211933564200,18.653564208984374,0.0846405029296875,-0.9978790283203125,-0.190887451171875
1749220211943555000,18.66355517578125,0.06591796875,-0.97052001953125,-0.2143402099609375
1749220211953546200,18.673546142578125,0.040679931640625,-0.952239990234375,-0.2354888916015625
1749220211963537200,18.683537109375,0.029327392578125,-0.9504241943359375,-0.2514495849609375
1749220211973527300,18.69352734375,0.0695648193359375,-0.955474853515625,-0.263214111328125
1749220211983518200,18.703518310546876,0.084716796875,-0.9710540771484375,-0.26519775390625
1749220211993509400,18.71350927734375,0.02008056640625,-0.984375,-0.2652435302734375
1749220212003500300,18.723500244140624,0.058990478515625,-0.974517822265625,-0.2525177001953125
1749220212013491200,18.7334912109375,0.1464080810546875,-0.9596099853515625,-0.2308502197265625
1749220212023482000,18.743482177734375,0.078857421875,-0.95794677734375,-0.237579345703125
1749220212033473300,18.753473388671875,0.0720062255859375,-0.95623779296875,-0.275421142578125
1749220212043464200,18.763464111328126,0.1585235595703125,-0.9729156494140625,-0.304412841796875
1749220212053455000,18.773455078125,0.1549224853515625,-0.9806365966796875,-0.2969818115234375
1749220212063446300,18.7834462890625,0.1149139404296875,-0.96881103515625,-0.2655181884765625
1749220212073437200,18.793437255859374,0.11358642578125,-0.9733123779296875,-0.22796630859375
1749220212083428000,18.803427978515625,0.117584228515625,-0.980712890625,-0.200775146484375
1749220212093419000,18.8134189453125,0.080078125,-0.9787750244140625,-0.1924591064453125
1749220212103410200,18.82341015625,0.06170654296875,-0.9591522216796875,-0.1872711181640625
1749220212113401000,18.833401123046876,0.09808349609375,-0.9465789794921875,-0.1795806884765625
1749220212123392000,18.84339208984375,0.1150970458984375,-0.9664764404296875,-0.1828460693359375
1749220212133383200,18.853383056640624,0.1251068115234375,-0.982513427734375,-0.21826171875
1749220212143373300,18.863373291015623,0.1126556396484375,-0.9761505126953125,-0.264068603515625
1749220212153364200,18.8733642578125,0.11126708984375,-0.961883544921875,-0.271270751953125
1749220212163355100,18.883355224609375,0.1015625,-0.9653167724609375,-0.240478515625
1749220212173349400,18.893349365234375,0.0782012939453125,-0.980804443359375,-0.19659423828125
1749220212183340300,18.90334033203125,0.0685882568359375,-0.98095703125,-0.1610870361328125
1749220212193331500,18.91333154296875,0.0663909912109375,-0.972991943359375,-0.1429595947265625
1749220212203322400,18.923322265625,0.0819091796875,-0.96856689453125,-0.1331787109375
1749220212213313300,18.933313232421874,0.09490966796875,-0.9749298095703125,-0.122314453125
1749220212223304400,18.943304443359374,0.11285400390625,-0.9840850830078125,-0.1109619140625
1749220212233295400,18.95329541015625,0.132080078125,-0.988983154296875,-0.08856201171875
1749220212243286300,18.963286376953125,0.147369384765625,-1.0046234130859375,-0.0554656982421875
1749220212253277400,18.97327734375,0.16436767578125,-1.0297393798828125,-0.0343780517578125
1749220212263268400,18.983268310546876,0.191650390625,-1.023040771484375,0.006805419921875
1749220212273259500,18.993259521484376,0.2282867431640625,-0.9994049072265625,0.059173583984375
1749220212283250400,19.00325048828125,0.228057861328125,-1.0405731201171875,0.0831451416015625
1749220212293241600,19.01324169921875,0.1832733154296875,-1.123382568359375,0.0850677490234375
1749220212303231500,19.0232314453125,0.1525421142578125,-1.1048583984375,0.1299285888671875
1749220212313222400,19.033222412109374,0.1502532958984375,-1.0421142578125,0.162200927734375
1749220212323213300,19.04321337890625,0.15826416015625,-1.0817413330078125,0.1304473876953125
1749220212333204500,19.05320458984375,0.225799560546875,-1.0965118408203125,0.088653564453125
1749220212343195400,19.0631953125,0.107818603515625,-1.0702362060546875,0.04193115234375
1749220212353186300,19.073186279296873,-0.1437225341796875,-1.1005401611328125,-0.059234619140625
1749220212363177500,19.083177490234377,-0.26446533203125,-1.0640869140625,-0.0330352783203125
1749220212373168400,19.09316845703125,-0.3223876953125,-1.0205841064453125,0.2836151123046875
1749220212383159300,19.1031591796875,0.08782958984375,-1.0170135498046875,0.604949951171875
1749220212393150200,19.113150146484376,0.280914306640625,-1.048126220703125,0.6372222900390625
1749220212403141400,19.123141357421876,0.3859405517578125,-1.056243896484375,0.53460693359375
1749220212413132500,19.133132568359375,0.3671417236328125,-1.005279541015625,0.492950439453125
1749220212423123500,19.14312353515625,0.45654296875,-0.916107177734375,0.4608001708984375
1749220212433114600,19.153114501953127,0.9687347412109375,-0.8028106689453125,0.4118194580078125
1749220212443105500,19.16310546875,1.1788482666015625,-0.82666015625,0.337066650390625
1749220212453096400,19.173096435546874,0.956573486328125,-0.9998931884765625,0.1053466796875
1749220212463086300,19.18308642578125,0.7493438720703125,-1.0861663818359375,-0.1399688720703125
1749220212473077500,19.193077392578125,0.77069091796875,-0.9513092041015625,-0.2020263671875
1749220212483068400,19.203068359375,0.79071044921875,-0.8008575439453125,-0.3063507080078125
1749220212493059300,19.213059326171877,0.735992431640625,-0.7564239501953125,-0.524322509765625
1749220212503050200,19.22305029296875,0.685211181640625,-0.7593536376953125,-0.5217132568359375
1749220212513041400,19.23304150390625,0.678863525390625,-0.816558837890625,-0.26385498046875
1749220212523032300,19.2430322265625,0.6617889404296875,-0.927581787109375,-0.0822906494140625
1749220212533023200,19.253023193359375,0.5147857666015625,-1.0574798583984375,-0.0206298828125
1749220212543014400,19.263014404296875,0.574371337890625,-0.9993438720703125,0.049713134765625
1749220212553005600,19.273005615234375,0.5579681396484375,-0.8446044921875,0.064117431640625
1749220212562996500,19.28299658203125,0.3647613525390625,-0.7999420166015625,0.013214111328125
1749220212572987400,19.2929873046875,0.252410888671875,-0.772430419921875,0.0015411376953125
1749220212582978600,19.302978515625,0.164215087890625,-0.7617645263671875,-0.00927734375
1749220212592969500,19.312969482421874,0.1802520751953125,-0.7830352783203125,-0.0673675537109375
1749220212602960400,19.32296044921875,0.16943359375,-0.782501220703125,-0.09027099609375
1749220212612951600,19.33295166015625,0.24517822265625,-0.745361328125,-0.027618408203125
1749220212622941400,19.34294140625,0.5085296630859375,-0.7942352294921875,-0.1751861572265625
1749220212632932400,19.352932373046876,-0.40753173828125,-1.070465087890625,0.0915985107421875
1749220212642923300,19.36292333984375,-0.9918975830078125,-1.4257049560546875,0.4917144775390625
1749220212652914400,19.37291455078125,-0.8472137451171875,-1.49755859375,0.5750732421875
1749220212662905300,19.3829052734375,-0.366729736328125,-1.1405181884765625,0.5467681884765625
1749220212672896500,19.392896484375,0.3810272216796875,-0.7610626220703125,0.4052734375
1749220212682887400,19.402887451171875,-0.3178863525390625,-1.0194854736328125,0.36358642578125
1749220212692878600,19.412878662109375,-0.2139739990234375,-1.801239013671875,0.304901123046875
1749220212702869500,19.422869384765626,0.201416015625,-1.7939453125,-0.1218414306640625
1749220212712860400,19.4328603515625,0.1789093017578125,-1.1532440185546875,-0.364837646484375
1749220212722851600,19.4428515625,-0.000518798828125,-0.8210906982421875,-0.338531494140625
1749220212732842500,19.452842529296873,-0.2301483154296875,-0.739410400390625,-0.1902313232421875
1749220212742833400,19.46283349609375,-0.185394287109375,-0.8216094970703125,-0.119659423828125
1749220212752824600,19.472824462890625,-0.1213531494140625,-0.981231689453125,-0.145751953125
1749220212762815500,19.4828154296875,-0.0995330810546875,-1.005706787109375,-0.1141204833984375
1749220212772805400,19.492805419921876,-0.029327392578125,-0.9173736572265625,-0.0495758056640625
1749220212782796300,19.50279638671875,0.0530242919921875,-0.8779296875,-0.070831298828125
1749220212792787200,19.512787109375,0.1563568115234375,-0.9146270751953125,-0.12078857421875
1749220212802778400,19.5227783203125,0.2634735107421875,-0.9568939208984375,-0.087738037109375
1749220212812769500,19.53276953125,0.224639892578125,-0.986114501953125,0.029449462890625
1749220212822760400,19.542760498046874,0.1659088134765625,-1.0328216552734375,0.1196136474609375
1749220212832751600,19.552751708984374,0.141815185546875,-1.038116455078125,0.1307220458984375
1749220212842742500,19.562742431640626,0.1152801513671875,-0.992584228515625,0.119049072265625
1749220212852733400,19.5727333984375,0.0978851318359375,-0.9888458251953125,0.1077880859375
1749220212862724600,19.582724609375,0.093353271484375,-1.028656005859375,0.070556640625
1749220212872715500,19.592715576171877,0.081939697265625,-1.0686492919921875,0.0035400390625
1749220212882706400,19.60270654296875,0.08721923828125,-1.0814666748046875,-0.049468994140625
1749220212892697300,19.612697265625,0.095977783203125,-1.0663909912109375,-0.0915374755859375
1749220212902688500,19.6226884765625,0.0638580322265625,-1.0277862548828125,-0.1085052490234375
1749220212912679400,19.632679443359375,0.0255279541015625,-0.9971466064453125,-0.0663604736328125
1749220212922670300,19.64267041015625,-0.009857177734375,-0.994171142578125,-0.0176849365234375
1749220212932660200,19.65266015625,-0.0452880859375,-1.0031585693359375,-0.0010528564453125
1749220212942651400,19.6626513671875,-0.0531768798828125,-0.99700927734375,0.004974365234375
1749220212952642600,19.672642578125,-0.0157470703125,-0.98614501953125,-0.010040283203125
1749220212962633500,19.682633544921874,-0.0073699951171875,-0.986083984375,-0.048309326171875
1749220212972624600,19.692624755859374,-0.0003814697265625,-1.0014801025390625,-0.0630645751953125
1749220212982615600,19.702615478515625,0.0033416748046875,-1.0071258544921875,-0.045806884765625
1749220212992606500,19.7126064453125,-0.0001068115234375,-1.001617431640625,-0.0257415771484375
1749220213002597400,19.722597412109376,0.00592041015625,-0.996246337890625,-0.007568359375
1749220213012588500,19.732588623046876,0.008209228515625,-0.9988861083984375,0.01300048828125
1749220213022579500,19.742579345703124,0.0027923583984375,-1.0083465576171875,0.033233642578125
1749220213032570400,19.7525703125,-0.0025787353515625,-1.012725830078125,0.0380096435546875
1749220213042561500,19.7625615234375,-0.0110931396484375,-1.0035247802734375,0.0153045654296875
1749220213052552400,19.772552490234375,0.009552001953125,-0.99212646484375,-0.0277557373046875
1749220213062543400,19.78254345703125,0.020538330078125,-0.9909210205078125,-0.0523529052734375
1749220213072533200,19.792533203125,0.0088958740234375,-0.9996185302734375,-0.0533294677734375
1749220213082524400,19.8025244140625,-0.0043487548828125,-1.0150146484375,-0.0454864501953125
1749220213092515600,19.812515625,-0.016510009765625,-1.0277252197265625,-0.04345703125
1749220213102506500,19.822506591796873,-0.0287322998046875,-1.00482177734375,-0.023895263671875
1749220213112497400,19.832497314453125,-0.0291595458984375,-0.9716796875,0.0181427001953125
1749220213122488600,19.842488525390625,-0.0278167724609375,-0.9799957275390625,0.0452728271484375
1749220213132479500,19.8524794921875,-0.0255889892578125,-1.00628662109375,0.0504302978515625
1749220213142470400,19.862470458984376,-0.01678466796875,-1.0084991455078125,0.0543212890625
1749220213152461600,19.872461669921876,-0.0067138671875,-1.001251220703125,0.0543212890625
1749220213162452500,19.882452392578124,0.0021209716796875,-1.0062713623046875,0.0488433837890625
1749220213172440000,19.892440185546874,0.0108184814453125,-1.0184783935546875,0.0449066162109375
1749220213182431000,19.902430908203126,0.0172119140625,-1.0274658203125,0.039215087890625
1749220213192422000,19.912421875,0.0112762451171875,-1.013580322265625,0.0416259765625
1749220213202413000,19.9224130859375,0.00286865234375,-0.983673095703125,0.058990478515625
1749220213212404000,19.932404052734373,-0.0115203857421875,-0.9711151123046875,0.083526611328125
1749220213222394000,19.94239404296875,-0.02435302734375,-0.981719970703125,0.103363037109375
1749220213232385000,19.952385009765624,-0.036773681640625,-0.993408203125,0.1140594482421875
1749220213242376200,19.962376220703124,-0.0548095703125,-0.9979095458984375,0.1171875
1749220213252367000,19.9723671875,-0.0693206787109375,-0.998321533203125,0.115875244140625
1749220213262358000,19.98235791015625,-0.0699462890625,-0.9939422607421875,0.1025238037109375
1749220213272349200,19.99234912109375,-0.0773162841796875,-0.98773193359375,0.08123779296875
1749220213282340000,20.002340087890627,-0.0791473388671875,-0.9880523681640625,0.06646728515625
1749220213292331000,20.0123310546875,-0.07342529296875,-0.9901275634765625,0.0583953857421875
1749220213302322000,20.022322021484374,-0.0692901611328125,-0.992034912109375,0.059112548828125
1749220213312313000,20.03231298828125,-0.06964111328125,-0.9922637939453125,0.0673980712890625
1749220213322304000,20.042303955078125,-0.0671234130859375,-0.992462158203125,0.075653076171875
1749220213332295000,20.052294921875,-0.0645294189453125,-0.9924774169921875,0.082000732421875
1749220213342286000,20.0622861328125,-0.0631866455078125,-0.9942779541015625,0.0919647216796875
1749220213352276000,20.07227587890625,-0.06219482421875,-0.9935760498046875,0.10308837890625
1749220213362267100,20.08226708984375,-0.061248779296875,-0.993133544921875,0.1077728271484375
1749220213372258000,20.092258056640624,-0.060302734375,-0.9991455078125,0.1082611083984375
1749220213382249200,20.102249267578124,-0.0603179931640625,-1.00927734375,0.1092376708984375
1749220213392240000,20.112240234375,-0.0637054443359375,-1.01043701171875,0.1126708984375
1749220213402231000,20.12223095703125,-0.068572998046875,-1.001678466796875,0.1156768798828125
1749220213412222000,20.132221923828126,-0.0691986083984375,-0.9956512451171875,0.1118621826171875
1749220213422213000,20.142213134765626,-0.0712432861328125,-0.9955596923828125,0.10650634765625
1749220213432204000,20.1522041015625,-0.070281982421875,-0.994964599609375,0.103546142578125
1749220213442195000,20.16219482421875,-0.0698394775390625,-0.995513916015625,0.102935791015625
1749220213452186000,20.17218603515625,-0.0718841552734375,-0.997894287109375,0.1031646728515625
1749220213462177000,20.182177001953125,-0.0689697265625,-0.997802734375,0.1017913818359375
1749220213472168000,20.19216796875,-0.06707763671875,-0.9945068359375,0.1065826416015625
1749220213482158800,20.202158935546876,-0.0694122314453125,-0.9914703369140625,0.1120452880859375
1749220213492150000,20.21214990234375,-0.0738067626953125,-0.989715576171875,0.1159820556640625
1749220213502140200,20.22214013671875,-0.0763397216796875,-0.98712158203125,0.1219635009765625
1749220213512131000,20.232131103515623,-0.0802764892578125,-0.984130859375,0.129669189453125
1749220213522122000,20.2421220703125,-0.0862579345703125,-0.98065185546875,0.1354827880859375
1749220213532113200,20.252113037109375,-0.090118408203125,-0.9817352294921875,0.139404296875
1749220213542104000,20.26210400390625,-0.09320068359375,-0.983795166015625,0.1389312744140625
1749220213552095000,20.272094970703126,-0.0942535400390625,-0.9871673583984375,0.1337890625
1749220213562086100,20.282086181640626,-0.097076416015625,-0.98712158203125,0.1242523193359375
1749220213572077000,20.2920771484375,-0.1004638671875,-0.9839324951171875,0.1163482666015625
1749220213582068000,20.30206787109375,-0.1035919189453125,-0.983612060546875,0.109100341796875
1749220213592059000,20.312058837890625,-0.1068572998046875,-0.9850311279296875,0.1056060791015625
1749220213602050000,20.322050048828125,-0.1113739013671875,-0.98565673828125,0.10552978515625
1749220213612041000,20.332041015625,-0.1150360107421875,-0.9856109619140625,0.1088104248046875
1749220213622032000,20.342031982421876,-0.117462158203125,-0.986114501953125,0.113250732421875
1749220213632023000,20.35202294921875,-0.11785888671875,-0.988037109375,0.1187896728515625
1749220213642013200,20.36201318359375,-0.1211395263671875,-0.98797607421875,0.1227874755859375
1749220213652004000,20.372004150390627,-0.12310791015625,-0.98388671875,0.121826171875
1749220213661995000,20.3819951171875,-0.1236114501953125,-0.982269287109375,0.119598388671875
1749220213671986200,20.391986083984374,-0.12310791015625,-0.9823760986328125,0.1172027587890625
1749220213681977000,20.40197705078125,-0.1244049072265625,-0.98284912109375,0.1128387451171875
1749220213691968000,20.411968017578126,-0.1240234375,-0.9854736328125,0.1111297607421875
1749220213701959000,20.421958984375,-0.122802734375,-0.9867095947265625,0.11175537109375
1749220213711950000,20.4319501953125,-0.125457763671875,-0.98541259765625,0.1144256591796875
1749220213721941000,20.44194091796875,-0.128631591796875,-0.9849395751953125,0.1160888671875
1749220213731932000,20.451931884765624,-0.128692626953125,-0.9847564697265625,0.1171875
1749220213741923000,20.461923095703124,-0.1279754638671875,-0.9868011474609375,0.1213531494140625
1749220213751914000,20.4719140625,-0.1285552978515625,-0.9862060546875,0.123138427734375
1749220213761905000,20.48190478515625,-0.1277313232421875,-0.984039306640625,0.12249755859375
1749220213771895000,20.49189501953125,-0.124786376953125,-0.9836883544921875,0.119873046875
1749220213781886200,20.50188623046875,-0.1239166259765625,-0.9842681884765625,0.1190948486328125
1749220213791877000,20.511877197265626,-0.1217498779296875,-0.985137939453125,0.117340087890625
1749220213801868000,20.521867919921874,-0.117401123046875,-0.98394775390625,0.1141510009765625
1749220213811859000,20.53185888671875,-0.1163787841796875,-0.9830169677734375,0.1139373779296875
1749220213821850000,20.54185009765625,-0.11712646484375,-0.985137939453125,0.1163482666015625
1749220213831841000,20.551841064453125,-0.116851806640625,-0.9876251220703125,0.1201629638671875
1749220213841832000,20.56183203125,-0.114471435546875,-0.98681640625,0.12347412109375
1749220213851823000,20.571822998046876,-0.1147918701171875,-0.9851531982421875,0.12188720703125
1749220213861814000,20.58181396484375,-0.113494873046875,-0.9866180419921875,0.1191864013671875
1749220213871805000,20.591804931640624,-0.1098480224609375,-0.9909515380859375,0.117095947265625
1749220213881796000,20.601796142578124,-0.106964111328125,-0.9915618896484375,0.116119384765625
1749220213891787000,20.611787109375,-0.1067962646484375,-0.9894256591796875,0.11968994140625
1749220213901778000,20.62177783203125,-0.104705810546875,-0.9857330322265625,0.124237060546875
1749220213911768000,20.63176806640625,-0.1019134521484375,-0.984588623046875,0.12548828125
1749220213921759000,20.641759033203126,-0.1007843017578125,-0.98626708984375,0.12567138671875
1749220213931750100,20.651750244140626,-0.09869384765625,-0.9886932373046875,0.1216583251953125
1749220213941741000,20.661740966796874,-0.095794677734375,-0.987030029296875,0.1180877685546875
1749220213951732000,20.67173193359375,-0.09466552734375,-0.9871673583984375,0.117767333984375
1749220213961723100,20.68172314453125,-0.0954437255859375,-0.9873199462890625,0.11798095703125
1749220213971714000,20.691714111328125,-0.0964508056640625,-0.9896087646484375,0.120208740234375
1749220213981705000,20.701705078125,-0.0974884033203125,-0.9930267333984375,0.1220855712890625
1749220213991696100,20.711696044921876,-0.097198486328125,-0.9930267333984375,0.118011474609375
1749220214001687000,20.72168701171875,-0.0966796875,-0.9902496337890625,0.11016845703125
1749220214011678000,20.731677978515624,-0.096710205078125,-0.9895172119140625,0.1071929931640625
1749220214021668900,20.7416689453125,-0.0981903076171875,-0.9900970458984375,0.108734130859375
1749220214031659000,20.751658935546875,-0.101470947265625,-0.9891357421875,0.1090850830078125
1749220214041650200,20.761650146484374,-0.10321044921875,-0.9884490966796875,0.106903076171875
1749220214051641000,20.77164111328125,-0.1029052734375,-0.9898681640625,0.1073455810546875
1749220214061632000,20.781632080078126,-0.1013946533203125,-0.99005126953125,0.1082000732421875
1749220214071623200,20.791623046875,-0.10028076171875,-0.9906463623046875,0.10980224609375
1749220214081614000,20.801614013671873,-0.098541259765625,-0.9901885986328125,0.11334228515625
1749220214091605000,20.81160498046875,-0.0980072021484375,-0.9889984130859375,0.1144866943359375
1749220214101596200,20.82159619140625,-0.0986480712890625,-0.990509033203125,0.1107940673828125
1749220214111587000,20.831587158203124,-0.10406494140625,-0.985321044921875,0.1017913818359375
1749220214121578000,20.841577880859376,-0.1063995361328125,-0.9752044677734375,0.0963134765625
1749220214131569000,20.85156884765625,-0.092559814453125,-0.99249267578125,0.1103515625
1749220214141560000,20.86156005859375,-0.0712127685546875,-1.03167724609375,0.130950927734375
1749220214151551000,20.871551025390627,-0.0981292724609375,-1.00518798828125,0.10614013671875
1749220214161542000,20.8815419921875,-0.1014251708984375,-0.957763671875,0.1031951904296875
1749220214171532000,20.891531982421874,-0.0941314697265625,-0.96795654296875,0.1209259033203125
1749220214181523200,20.901523193359374,-0.0897979736328125,-1.0060882568359375,0.1162567138671875
1749220214191514000,20.91151416015625,-0.096343994140625,-1.0113525390625,0.10400390625
1749220214201505000,20.921505126953125,-0.104248046875,-0.9726104736328125,0.1029510498046875
1749220214211496200,20.93149609375,-0.0997161865234375,-0.9650726318359375,0.1274261474609375
1749220214221487000,20.941487060546876,-0.09869384765625,-1.0187530517578125,0.121246337890625
1749220214231478000,20.95147802734375,-0.1036224365234375,-1.0257720947265625,0.0939483642578125
1749220214241469200,20.96146923828125,-0.1005706787109375,-0.9666748046875,0.09014892578125
1749220214251460000,20.971460205078124,-0.106414794921875,-0.9349365234375,0.10260009765625
1749220214261451000,20.981450927734375,-0.1072998046875,-0.9744720458984375,0.1231231689453125
1749220214271442000,20.99144189453125,-0.104278564453125,-1.0028839111328125,0.113861083984375
1749220214281433000,21.00143310546875,-0.095123291015625,-0.97113037109375,0.1302642822265625
1749220214291424000,21.011424072265626,-0.093109130859375,-0.9801177978515625,0.1269073486328125
1749220214301414000,21.021413818359374,-0.1016998291015625,-1.0359344482421875,0.094635009765625
1749220214311405000,21.031405029296874,-0.096893310546875,-1.01812744140625,0.1071929931640625
1749220214321396200,21.041396240234373,-0.099761962890625,-0.981536865234375,0.10302734375
1749220214331387100,21.05138720703125,-0.1048431396484375,-0.95697021484375,0.0713958740234375
1749220214341378000,21.0613779296875,-0.10003662109375,-0.9781951904296875,0.08404541015625
1749220214351369200,21.071369140625,-0.1107330322265625,-1.0016937255859375,0.1003875732421875
1749220214361360100,21.081360107421876,-0.1132659912109375,-0.9910736083984375,0.1096343994140625
1749220214371351000,21.09135107421875,-0.10198974609375,-0.995574951171875,0.091522216796875
1749220214381342000,21.101342041015624,-0.1038970947265625,-0.9558258056640625,0.079620361328125
1749220214391333000,21.1113330078125,-0.1051483154296875,-0.9806365966796875,0.0640716552734375
1749220214401324000,21.121323974609375,-0.0974884033203125,-0.995574951171875,0.0823516845703125
1749220214411315000,21.13131494140625,-0.10601806640625,-1.0120849609375,0.100860595703125
1749220214421306000,21.14130615234375,-0.1149749755859375,-1.0070953369140625,0.1348876953125
1749220214431296000,21.1512958984375,-0.1221923828125,-1.0122833251953125,0.130767822265625
1749220214441287200,21.161287109375,-0.1231231689453125,-0.99395751953125,0.101470947265625
1749220214451278000,21.171278076171873,-0.098907470703125,-0.99163818359375,0.127288818359375
1749220214461269200,21.181269287109377,-0.1073150634765625,-0.9959564208984375,0.1104888916015625
1749220214471260200,21.19126025390625,-0.103607177734375,-0.9940338134765625,0.0818634033203125
1749220214481251000,21.2012509765625,-0.0902862548828125,-0.9906463623046875,0.09039306640625
1749220214491242000,21.211241943359376,-0.095977783203125,-0.9847869873046875,0.120269775390625
1749220214501233200,21.221233154296876,-0.111724853515625,-0.9703521728515625,0.1310882568359375
1749220214511224000,21.23122412109375,-0.1104888916015625,-0.96185302734375,0.130767822265625
1749220214521215000,21.241215087890627,-0.112823486328125,-0.983795166015625,0.113037109375
1749220214531206100,21.2512060546875,-0.0988922119140625,-0.9599456787109375,0.075531005859375
1749220214541197000,21.261197021484374,-0.094207763671875,-0.948394775390625,0.04840087890625
1749220214551187000,21.27118701171875,-0.0975341796875,-0.99560546875,0.0423583984375
1749220214561177900,21.281177734375,-0.0992431640625,-1.0147247314453125,0.0612945556640625
1749220214571169000,21.2911689453125,-0.108734130859375,-0.984161376953125,0.08233642578125
1749220214581160200,21.30116015625,-0.1087493896484375,-0.9945220947265625,0.1079864501953125
1749220214591151000,21.311151123046876,-0.119140625,-0.9754638671875,0.06646728515625
1749220214601142300,21.321142333984376,-0.097747802734375,-0.98541259765625,0.0821380615234375
1749220214611133200,21.33113330078125,-0.092376708984375,-1.0987396240234375,0.085723876953125
1749220214621124000,21.3411240234375,-0.069427490234375,-0.9981689453125,0.135589599609375
1749220214631115000,21.351114990234375,-0.1139678955078125,-0.9706878662109375,0.13818359375
1749220214641106200,21.361106201171875,-0.095947265625,-0.9950714111328125,0.1391143798828125
1749220214651097000,21.37109716796875,-0.092803955078125,-0.9651641845703125,0.1479949951171875
1749220214661088000,21.381087890625,-0.0745391845703125,-1.0146636962890625,0.0889129638671875
1749220214671079200,21.3910791015625,-0.0804443359375,-0.9541015625,0.03338623046875
1749220214681069000,21.401069091796874,-0.077606201171875,-1.0070037841796875,0.0461883544921875
1749220214691060000,21.41106005859375,-0.080963134765625,-0.9940185546875,0.0633087158203125
1749220214701051000,21.42105078125,-0.0998687744140625,-0.95166015625,0.1025848388671875
1749220214711042000,21.4310419921875,-0.0971832275390625,-1.0065765380859375,0.128936767578125
1749220214721033200,21.441033203125,-0.088623046875,-1.021575927734375,0.1001129150390625
1749220214731024100,21.451024169921876,-0.0818328857421875,-0.99853515625,0.1199798583984375
1749220214741015000,21.46101513671875,-0.0843963623046875,-0.9752960205078125,0.16412353515625
1749220214751006200,21.471006103515624,-0.07977294921875,-1.037139892578125,0.082611083984375
1749220214760997000,21.4809970703125,-0.0722198486328125,-1.048248291015625,0.0413970947265625
1749220214770988000,21.490988037109375,-0.0773773193359375,-0.954620361328125,0.075714111328125
1749220214780979200,21.500979248046875,-0.0882568359375,-0.909332275390625,0.0784149169921875
1749220214790970000,21.51097021484375,-0.07916259765625,-0.990447998046875,0.083404541015625
1749220214800960000,21.5209599609375,-0.08514404296875,-1.0250396728515625,0.052581787109375
1749220214810951000,21.530950927734374,-0.07928466796875,-0.94744873046875,0.033660888671875
1749220214820942000,21.540942138671873,-0.0714111328125,-0.63470458984375,0.038238525390625
1749220214830933000,21.55093310546875,-0.1076507568359375,-0.5272064208984375,0.0266571044921875
1749220214840924000,21.560923828125,-0.1080474853515625,-0.8709564208984375,0.0209197998046875
1749220214850915000,21.5709150390625,-0.1078033447265625,-0.9989776611328125,0.031402587890625
1749220214860906200,21.58090625,-0.0834808349609375,-1.02490234375,0.12701416015625
1749220214870897200,21.590897216796876,-0.083221435546875,-1.0658721923828125,0.14923095703125
1749220214880888000,21.60088818359375,-0.076263427734375,-1.081146240234375,0.159515380859375
1749220214890879200,21.610879150390623,-0.06842041015625,-1.0621185302734375,0.15704345703125
1749220214900870100,21.6208701171875,-0.0686492919921875,-1.0479736328125,0.1472320556640625
1749220214910861000,21.630861083984374,-0.0670166015625,-1.067779541015625,0.1155242919921875
1749220214920851000,21.640850830078126,-0.053192138671875,-1.1929931640625,0.0891876220703125
1749220214930842000,21.650842041015625,-0.046600341796875,-1.4272003173828125,0.050689697265625
1749220214940833000,21.6608330078125,-0.04705810546875,-1.367095947265625,-0.006439208984375
1749220214950824000,21.670823974609377,-0.0700531005859375,-1.067779541015625,0.012359619140625
1749220214960814800,21.68081494140625,-0.0727386474609375,-1.0029449462890625,0.0571746826171875
1749220214970806000,21.690805908203124,-0.0672149658203125,-1.065338134765625,0.0604095458984375
1749220214980797000,21.700796875,-0.064056396484375,-1.12957763671875,0.098846435546875
1749220214990788000,21.7107880859375,-0.0215606689453125,-1.204437255859375,0.1650848388671875
1749220215000779300,21.720779296875,-0.0835113525390625,-1.1473388671875,0.15570068359375
1749220215010770200,21.730770263671875,-0.106536865234375,-1.1096649169921875,0.0859222412109375
1749220215020761000,21.740760986328127,-0.018951416015625,-1.162109375,0.0814361572265625
1749220215030752000,21.750751953125,-0.11627197265625,-1.0080108642578125,0.0361175537109375
1749220215040742100,21.7607421875,-0.100494384765625,-0.928375244140625,0.064178466796875
1749220215050733000,21.770733154296874,-0.099365234375,-0.8228912353515625,0.09478759765625
1749220215060724000,21.780723876953125,-0.09033203125,-0.77886962890625,0.0871734619140625
1749220215070715000,21.79071484375,-0.066986083984375,-0.86285400390625,0.04937744140625
1749220215080706000,21.8007060546875,-0.091827392578125,-0.9026336669921875,0.053802490234375
1749220215090697000,21.810697021484376,-0.0680389404296875,-0.9909210205078125,0.08642578125
1749220215100688000,21.82068798828125,-0.0625457763671875,-0.9532318115234375,0.0510711669921875
1749220215110679000,21.830678955078124,-0.056182861328125,-0.8329010009765625,0.0145111083984375
1749220215120670200,21.840670166015624,-0.09698486328125,-1.1647491455078125,0.1185455322265625
1749220215130661000,21.8506611328125,-0.155364990234375,-1.0983123779296875,0.234771728515625
1749220215140652000,21.860652099609375,-0.0447235107421875,-1.065093994140625,0.1732025146484375
1749220215150642200,21.87064208984375,-0.02777099609375,-1.074310302734375,0.128173828125
1749220215160633000,21.880633056640626,-0.040435791015625,-1.01678466796875,0.058563232421875
1749220215170624000,21.8906240234375,-0.032257080078125,-1.017669677734375,0.0324859619140625
1749220215180615000,21.900614990234374,-0.0256195068359375,-1.3024749755859375,0.1097259521484375
1749220215190605800,21.910605712890625,-0.068206787109375,-1.4603271484375,0.1241607666015625
1749220215200596700,21.9205966796875,-0.0510406494140625,-1.151092529296875,0.18719482421875
1749220215210588000,21.930587890625,-0.0210418701171875,-1.034942626953125,0.2023162841796875
1749220215220578800,21.940578857421876,-0.05474853515625,-1.1327972412109375,0.089202880859375
1749220215230569700,21.95056982421875,0.0037689208984375,-1.036773681640625,0.1144866943359375
1749220215240561000,21.960560791015624,-0.079254150390625,-0.9685211181640625,0.17181396484375
1749220215250552000,21.970552001953124,-0.045623779296875,-1.298980712890625,0.0669097900390625
1749220215260543000,21.98054296875,-0.0391845703125,-1.2324676513671875,-0.015533447265625
1749220215270532900,21.990532958984375,-0.0150146484375,-0.908233642578125,-0.0340118408203125
1749220215280524000,22.00052392578125,-0.056243896484375,-0.701171875,-0.09014892578125
1749220215290515000,22.010514892578126,-0.084381103515625,-0.5914306640625,-0.015472412109375
1749220215300505900,22.020505859375,-0.03228759765625,-0.772857666015625,0.07098388671875
1749220215310496800,22.030496826171873,-0.052642822265625,-1.1347808837890625,-0.210968017578125
1749220215320488000,22.040488037109377,0.0988006591796875,-1.19677734375,-0.3524322509765625
1749220215330478800,22.050478759765625,0.0333709716796875,-1.1741790771484375,-0.0604400634765625
1749220215340469800,22.0604697265625,-0.0625,-1.1629486083984375,0.222076416015625
1749220215350461000,22.0704609375,-0.001800537109375,-1.2490081787109375,0.0655364990234375
1749220215360451800,22.080451904296876,-0.000640869140625,-1.3256378173828125,-0.052459716796875
1749220215370442800,22.09044287109375,-0.0049591064453125,-1.44586181640625,0.0099945068359375
1749220215380434000,22.100433837890623,0.299102783203125,-1.8055572509765625,0.0981597900390625
1749220215390424000,22.110424072265626,0.172760009765625,-1.9346923828125,0.1420440673828125
1749220215400415000,22.1204150390625,0.4677276611328125,-1.977996826171875,0.08428955078125
1749220215410406000,22.130406005859374,0.187164306640625,-1.9939117431640625,0.1024169921875
1749220215420397000,22.14039697265625,-0.3971405029296875,-1.898162841796875,0.2992095947265625
1749220215430388000,22.150387939453125,0.2064056396484375,-1.2956695556640625,0.551422119140625
1749220215440379000,22.16037890625,0.313629150390625,-0.8104248046875,0.4749298095703125
1749220215450369800,22.170369873046877,0.25616455078125,-0.600799560546875,0.3072509765625
1749220215460361000,22.18036083984375,0.223541259765625,-0.582916259765625,0.1692962646484375
1749220215470352000,22.190351806640624,0.23004150390625,-0.577850341796875,0.079559326171875
1749220215480342800,22.2003427734375,0.2716827392578125,-0.471649169921875,-0.1089935302734375
1749220215490334000,22.210333984375,0.38629150390625,-0.3302459716796875,-0.2348175048828125
1749220215500324900,22.220324951171875,0.312103271484375,-0.227020263671875,-0.3625030517578125
1749220215510315000,22.23031494140625,0.27813720703125,-0.194549560546875,-0.518524169921875
1749220215520306000,22.240305908203126,0.2275543212890625,-0.24383544921875,-0.6867828369140625
1749220215530297000,22.250297119140626,0.080169677734375,-0.387542724609375,-0.743560791015625
1749220215540288000,22.2602880859375,-0.0760498046875,-0.603607177734375,-0.7131500244140625
1749220215550279000,22.27027880859375,-0.0679168701171875,-0.7480316162109375,-0.5853424072265625
1749220215560269800,22.280269775390625,0.0864105224609375,-0.7908935546875,-0.4518280029296875
1749220215570261000,22.290260986328125,0.20477294921875,-0.752838134765625,-0.3732757568359375
1749220215580252000,22.300251953125,0.2328338623046875,-0.714996337890625,-0.397369384765625
1749220215590242800,22.310242919921876,0.2112884521484375,-0.709136962890625,-0.5298309326171875
1749220215600234000,22.32023388671875,0.17266845703125,-0.74896240234375,-0.619293212890625
1749220215610225000,22.330224853515624,0.120849609375,-0.933013916015625,-0.614044189453125
1749220215620215000,22.340215087890623,0.0614776611328125,-1.0703125,-0.5367889404296875
1749220215630206000,22.3502060546875,0.0937957763671875,-1.077606201171875,-0.41339111328125
1749220215640197000,22.360197021484375,0.12432861328125,-1.0581817626953125,-0.35589599609375
1749220215650188000,22.37018798828125,0.05816650390625,-1.00677490234375,-0.3237152099609375
1749220215660179000,22.380178955078126,-0.08258056640625,-0.929962158203125,-0.2705535888671875
1749220215670169900,22.390169921875,-0.1439208984375,-0.8445587158203125,-0.2446441650390625
1749220215680161000,22.4001611328125,-0.092864990234375,-0.7750701904296875,-0.2401275634765625
1749220215690152000,22.41015185546875,-0.0059661865234375,-0.7275848388671875,-0.2645416259765625
1749220215700142800,22.420142822265625,0.013397216796875,-0.749053955078125,-0.312896728515625
1749220215710134000,22.430134033203124,-0.024871826171875,-0.81195068359375,-0.3269805908203125
1749220215720125000,22.440125,-0.048553466796875,-0.8574676513671875,-0.3232421875
1749220215730114800,22.45011474609375,-0.0196685791015625,-0.8732757568359375,-0.319671630859375
1749220215740106000,22.46010595703125,-0.01226806640625,-0.867279052734375,-0.3121795654296875
1749220215750097200,22.47009716796875,-0.3407135009765625,-0.7722625732421875,-0.12664794921875
1749220215760088000,22.480088134765627,-0.74688720703125,-0.528076171875,0.0867919921875
1749220215770079000,22.490078857421874,-0.7435150146484375,-0.621826171875,-0.003448486328125
1749220215780070000,22.50006982421875,-0.1967315673828125,-0.39935302734375,-0.3650054931640625
1749220215790061000,22.51006103515625,-0.4241943359375,-0.5037384033203125,-0.5605926513671875
1749220215800052000,22.520052001953125,-0.559234619140625,-0.5225372314453125,-0.50469970703125
1749220215810043000,22.53004296875,-0.6142120361328125,-0.4954681396484375,-0.4669342041015625
1749220215820034000,22.540033935546877,-0.7596588134765625,-0.514129638671875,-0.5260467529296875
1749220215830025000,22.55002490234375,-0.835693359375,-0.527313232421875,-0.5190582275390625
1749220215840016000,22.560015869140624,-0.889617919921875,-0.514862060546875,-0.4882659912109375
1749220215850005800,22.570005859375,-0.9603729248046875,-0.505645751953125,-0.424591064453125
1749220215859997000,22.579996826171875,-1.0378875732421875,-0.498809814453125,-0.3720245361328125
1749220215869987800,22.58998779296875,-1.0637054443359375,-0.4957427978515625,-0.3501434326171875
1749220215879979000,22.59997900390625,-1.0390167236328125,-0.4906463623046875,-0.2952728271484375
1749220215889970000,22.609969970703126,-1.014892578125,-0.488250732421875,-0.228363037109375
1749220215899961000,22.619961181640626,-0.9991912841796875,-0.4660491943359375,-0.17138671875
1749220215909952000,22.629951904296874,-0.9841156005859375,-0.435150146484375,-0.1291046142578125
1749220215919943000,22.63994287109375,-0.967193603515625,-0.41168212890625,-0.2010040283203125
1749220215929934000,22.64993408203125,-0.907379150390625,-0.4013824462890625,-0.15789794921875
1749220215939925000,22.659925048828125,-0.8829803466796875,-0.4361114501953125,-0.1461639404296875
1749220215949916000,22.669916015625,-0.9051361083984375,-0.473663330078125,-0.1070556640625
1749220215959905800,22.67990576171875,-0.949615478515625,-0.43121337890625,-0.1770477294921875
1749220215969897000,22.68989697265625,-0.9096221923828125,-0.3808135986328125,-0.116546630859375
1749220215979887900,22.699887939453124,-0.8515625,-0.3482818603515625,-0.102874755859375
1749220215989878800,22.709878662109375,-0.8326873779296875,-0.303436279296875,-0.14093017578125
1749220215999869700,22.71986962890625,-0.8173370361328125,-0.2649993896484375,-0.17529296875
1749220216009861000,22.729861083984375,-0.8045806884765625,-0.2527008056640625,-0.1530609130859375
1749220216019852000,22.73985205078125,-0.80816650390625,-0.23602294921875,-0.1461334228515625
1749220216029843000,22.749843017578126,-0.8281097412109375,-0.2480621337890625,-0.1235504150390625
1749220216039834000,22.759834228515626,-0.859344482421875,-0.2519683837890625,-0.120391845703125
1749220216049825000,22.769824951171874,-0.8647918701171875,-0.26422119140625,-0.0897216796875
1749220216059816000,22.77981591796875,-0.88555908203125,-0.268096923828125,-0.09326171875
1749220216069805800,22.789805908203125,-0.928436279296875,-0.2864990234375,-0.072662353515625
1749220216079797000,22.799796875,-0.9752044677734375,-0.31842041015625,-0.0686187744140625
1749220216089788000,22.809787841796876,-1.00244140625,-0.3480224609375,-0.087310791015625
1749220216099778800,22.81977880859375,-1.0164794921875,-0.356597900390625,-0.1015777587890625
1749220216109769700,22.829769775390623,-0.97479248046875,-0.335693359375,-0.09246826171875
1749220216119761000,22.839760986328123,-0.79095458984375,-0.270294189453125,-0.031097412109375
1749220216129751800,22.849751708984375,-0.9097900390625,-0.2609100341796875,-0.0125579833984375
1749220216139743000,22.859742919921874,-0.94049072265625,-0.285400390625,-0.0073699951171875
1749220216149734100,22.869734130859374,-0.9119873046875,-0.30072021484375,-0.035369873046875
1749220216159725000,22.87972509765625,-0.92108154296875,-0.2855072021484375,-0.0487518310546875
1749220216169716000,22.889716064453125,-0.9553070068359375,-0.271881103515625,-0.0523681640625
1749220216179707100,22.89970703125,-0.9464874267578125,-0.2429962158203125,-0.0549774169921875
1749220216189697000,22.909697021484376,-0.8963623046875,-0.2459869384765625,-0.037017822265625
1749220216199688000,22.91968798828125,-0.8094329833984375,-0.232940673828125,0.001739501953125
