time,seconds_elapsed,z,y,x
1749220193300383000,0.020383056640625,0.13518951833248138,-0.8447320461273193,0.3541783094406128
1749220193310374000,0.030373779296875,0.13971875607967377,-0.886003315448761,0.5130782127380371
1749220193320365000,0.040364990234375,0.12847115099430084,-0.9244287610054016,0.6763824820518494
1749220193330356000,0.05035595703125,0.13754214346408844,-0.9208012819290161,0.8438481688499451
1749220193340347000,0.060346923828125,0.16035053133964539,-0.8620513677597046,1.0069198608398438
1749220193350338000,0.070338134765625,0.17811354994773865,-0.8144510984420776,1.1459803581237793
1749220193360329000,0.080328857421875,0.15617123246192932,-0.8866469860076904,1.2871179580688477
1749220193370320000,0.09031982421875,0.16509974002838135,-0.890418291091919,1.396165132522583
1749220193380310800,0.100310791015625,0.23363539576530457,-0.7599908113479614,1.4176709651947021
1749220193390301000,0.110301025390625,0.37862348556518555,-0.5544344186782837,1.3940784931182861
1749220193400291800,0.120291748046875,0.5749384164810181,-0.3526259660720825,1.3489406108856201
1749220193410282800,0.13028271484375,0.719676673412323,-0.17924219369888306,1.2865744829177856
1749220193420273700,0.140273681640625,0.7809109687805176,-0.04268514737486839,1.1287797689437866
1749220193430264800,0.150264892578125,0.8201318979263306,0.23716780543327332,0.8557793498039246
1749220193440256000,0.160256103515625,0.8702960014343262,0.7870594263076782,0.5224118232727051
1749220193450247000,0.170246826171875,0.9258031845092773,1.585726022720337,0.1819831132888794
1749220193460238000,0.180238037109375,0.9474640488624573,2.422478675842285,-0.155000239610672
1749220193470229000,0.19022900390625,0.8613213896751404,2.958740472793579,-0.5168678760528564
1749220193480220000,0.200219970703125,0.6348912119865417,3.1063385009765625,-0.8304407596588135
1749220193490210800,0.2102109375,0.5951430201530457,3.029111862182617,-0.952349841594696
1749220193500202000,0.220201904296875,0.559033215045929,3.0616869926452637,-1.0465354919433594
1749220193510193000,0.23019287109375,0.848947286605835,3.0976052284240723,-0.822343111038208
1749220193520183800,0.240183837890625,1.1284644603729248,2.2227303981781006,-0.30817726254463196
1749220193530175000,0.250175048828125,1.1794410943984985,1.292016625404358,0.0857577845454216
1749220193540166000,0.260165771484375,1.2966738939285278,1.0083897113800049,0.38658764958381653
1749220193550156800,0.27015673828125,1.3610268831253052,1.2615125179290771,0.5515843629837036
1749220193560148000,0.28014794921875,1.3648114204406738,1.7815653085708618,0.6551352143287659
1749220193570139000,0.290138916015625,1.3701785802841187,2.428183078765869,0.745682954788208
1749220193580129800,0.3001298828125,1.3741778135299683,3.0169837474823,0.7928835153579712
1749220193590120700,0.31012060546875,1.0266987085342407,3.616102933883667,-0.06927654147148132
1749220193600111900,0.32011181640625,0.9912722110748291,4.992604732513428,-0.6487931609153748
1749220193610102800,0.330102783203125,1.5915796756744385,6.207254409790039,-0.6726124882698059
1749220193620093700,0.34009375,2.018399715423584,5.760257720947266,-0.9239877462387085
1749220193630084900,0.3500849609375,1.6552413702011108,5.055390357971191,-1.1682208776474
1749220193640076000,0.360075927734375,1.3342934846878052,1.8746182918548584,-0.7955693006515503
1749220193650067000,0.37006689453125,0.8262425065040588,-0.3094145655632019,-0.5247103571891785
1749220193660057900,0.380057861328125,0.4743931293487549,-2.032313346862793,-0.36269325017929077
1749220193670049000,0.390049072265625,0.20376937091350555,-2.6307191848754883,-0.4869565963745117
1749220193680040000,0.4000400390625,0.08020429313182831,-1.9063091278076172,-0.7216218709945679
1749220193690030800,0.41003076171875,0.08246318250894547,-0.8326335549354553,-0.7427636384963989
1749220193700022000,0.42002197265625,-0.21954993903636932,0.922301709651947,0.20786131918430328
1749220193710013000,0.430012939453125,-0.46334582567214966,1.713399052619934,1.3125271797180176
1749220193720003800,0.44000390625,-0.07244303822517395,1.540676236152649,1.8300321102142334
1749220193729994800,0.449994873046875,0.41104400157928467,2.4666402339935303,2.313720941543579
1749220193739986000,0.45998583984375,1.1648762226104736,3.09718918800354,2.505582332611084
1749220193749976800,0.469976806640625,1.6291110515594482,2.248614549636841,2.1102726459503174
1749220193759967700,0.4799677734375,1.5419803857803345,1.262407898902893,1.9048978090286255
1749220193769959000,0.489958984375,1.1695493459701538,1.1038568019866943,1.8216642141342163
1749220193779949800,0.49994970703125,1.0835539102554321,1.4288636445999146,1.7211008071899414
1749220193789940700,0.509940673828125,1.5134427547454834,1.6067625284194946,1.5718237161636353
1749220193799932000,0.519931884765625,2.2419705390930176,1.7708436250686646,1.3993330001831055
1749220193809922800,0.5299228515625,2.845212459564209,1.4326754808425903,1.2888439893722534
1749220193819914000,0.5399140625,3.0859925746917725,0.8989891409873962,1.3457685708999634
1749220193829905000,0.54990478515625,2.7412185668945312,0.442436546087265,1.6605091094970703
1749220193839896000,0.55989599609375,2.0643279552459717,-0.04728495702147484,1.9394534826278687
1749220193849887000,0.569886962890625,1.1947792768478394,-0.7918206453323364,2.005465030670166
1749220193859878000,0.5798779296875,0.6999669075012207,0.0011467571603134274,2.095895528793335
1749220193869869000,0.589869140625,0.2956137955188751,0.794913113117218,2.2349209785461426
1749220193879860000,0.59985986328125,-0.2566693425178528,0.9383099675178528,2.419404983520508
1749220193889851000,0.609850830078125,-0.9455220699310303,1.0770905017852783,2.76552677154541
1749220193899841800,0.619841796875,-1.5469300746917725,1.8356354236602783,3.268003225326538
1749220193909833000,0.6298330078125,-2.046436309814453,2.299644708633423,3.851050853729248
1749220193919824000,0.639823974609375,-2.4839277267456055,2.0924127101898193,4.380353927612305
1749220193929814800,0.649814697265625,-2.808225631713867,1.665091633796692,4.779349327087402
1749220193939806000,0.659805908203125,-3.083033561706543,1.329738736152649,4.976290702819824
1749220193949796900,0.669796875,-3.3895907402038574,0.9831032752990723,5.016859531402588
1749220193959787800,0.679787841796875,-3.7930092811584473,0.5667534470558167,4.95550537109375
1749220193969778700,0.68977880859375,-4.222982406616211,0.2856099009513855,4.886789321899414
1749220193979769900,0.699769775390625,-4.515885829925537,0.32711607217788696,4.820362091064453
1749220193989760800,0.7097607421875,-4.562287330627441,0.42328283190727234,4.780057430267334
1749220193999751700,0.719751708984375,-4.310105800628662,0.46135351061820984,4.592590808868408
1749220194009742800,0.729742919921875,-3.801776170730591,0.36361202597618103,4.173700332641602
1749220194019734000,0.739734130859375,-3.049578905105591,0.5647440552711487,3.658851385116577
1749220194029725000,0.749724853515625,-2.0022082328796387,0.3502102196216583,3.1034624576568604
1749220194039715800,0.7597158203125,-0.6191748380661011,-0.04803623631596565,2.4911632537841797
1749220194049707000,0.76970703125,0.8843556046485901,-0.302641898393631,1.8025805950164795
1749220194059698000,0.779697998046875,2.24185848236084,-0.38952139019966125,1.0969501733779907
1749220194069688800,0.789688720703125,3.238607406616211,-0.23231525719165802,0.4870159924030304
1749220194079680000,0.799679931640625,3.763284921646118,-0.014363226480782032,0.08011054992675781
1749220194089671000,0.8096708984375,3.825549602508545,0.22418144345283508,-0.1354568898677826
1749220194099661800,0.819661865234375,3.3481380939483643,0.20946188271045685,-0.37014955282211304
1749220194109653000,0.829653076171875,2.3523592948913574,0.041009217500686646,-0.7996745705604553
1749220194119644000,0.839643798828125,1.2867531776428223,-0.036978788673877716,-1.1315641403198242
1749220194129634800,0.849634765625,0.4957013726234436,-0.05938076972961426,-1.220127820968628
1749220194139625700,0.859625732421875,0.15855689346790314,-0.06342717260122299,-1.1348576545715332
1749220194149616600,0.86961669921875,0.3653971552848816,-0.07579649239778519,-0.9850377440452576
1749220194159607800,0.87960791015625,1.0637123584747314,-0.020127372816205025,-0.792078971862793
1749220194169598700,0.8895986328125,2.0259597301483154,-0.013094230554997921,-0.5733732581138611
1749220194179589600,0.899589599609375,2.9021077156066895,-0.14375263452529907,-0.44548478722572327
1749220194189580800,0.909580810546875,3.4014947414398193,-0.11674658954143524,-0.41484805941581726
1749220194199572000,0.919572021484375,3.3566274642944336,0.05041337385773659,-0.32665401697158813
1749220194209563000,0.92956298828125,2.8788208961486816,0.1315321922302246,-0.23211872577667236
1749220194219553800,0.9395537109375,2.2652034759521484,0.2330886423587799,-0.1748913824558258
1749220194229545000,0.949544921875,1.6554182767868042,-0.20088356733322144,-0.40587612986564636
1749220194239535900,0.959535888671875,1.3274861574172974,-0.4544258117675781,-0.6141055226325989
1749220194249526800,0.96952685546875,1.4373775720596313,-0.5141469240188599,-0.4458134174346924
1749220194259518000,0.97951806640625,1.925687551498413,-0.20912685990333557,-0.04662822186946869
1749220194269508900,0.9895087890625,2.5371930599212646,-0.006763896439224482,0.23958170413970947
1749220194279499800,0.999499755859375,3.0041890144348145,0.19059763848781586,0.2528753876686096
1749220194289490700,1.00949072265625,3.283109664916992,0.33084529638290405,-0.26858192682266235
1749220194299481900,1.01948193359375,3.4165971279144287,0.540215015411377,-0.5445639491081238
1749220194309472800,1.02947265625,3.1922879219055176,0.5942383408546448,-0.7014859318733215
1749220194319463700,1.039463623046875,2.7718310356140137,0.6227602362632751,-0.8316990733146667
1749220194329454800,1.049454833984375,2.607311487197876,0.7508037090301514,-0.9014512896537781
1749220194339445800,1.05944580078125,2.446161985397339,0.5612958073616028,-1.1838229894638062
1749220194349436700,1.069436767578125,2.3176732063293457,0.6480014324188232,-1.1667563915252686
1749220194359427600,1.079427490234375,2.3217625617980957,0.41623690724372864,-1.136090874671936
1749220194369418800,1.089418701171875,2.092244863510132,-0.10425077378749847,-1.0764936208724976
1749220194379409700,1.09940966796875,1.6393301486968994,-0.04374108836054802,-0.7612614035606384
1749220194389400800,1.10940087890625,1.1455429792404175,-0.27911844849586487,-0.48058125376701355
1749220194399392000,1.11939208984375,0.37996891140937805,-0.8671824932098389,-0.4301428496837616
1749220194409383000,1.1293828125,-0.0943259671330452,-0.9210505485534668,-0.17915084958076477
1749220194419373800,1.139373779296875,-0.3245764970779419,-1.0052263736724854,-0.09568072110414505
1749220194429365000,1.149364990234375,-0.2727617621421814,-0.7057664394378662,-0.0979854166507721
1749220194439356000,1.15935595703125,-0.14977271854877472,-0.7549006938934326,-0.21682551503181458
1749220194449346800,1.169346923828125,-0.17124871909618378,-0.7250427007675171,-0.24830514192581177
1749220194459337700,1.179337646484375,-0.20041058957576752,-0.5345156192779541,-0.25264477729797363
1749220194469329000,1.189328857421875,-0.1857174038887024,-0.23792468011379242,-0.31032243371009827
1749220194479319800,1.19931982421875,-0.12148195505142212,-0.00555082643404603,-0.22703048586845398
1749220194489310700,1.209310791015625,-0.04968659579753876,0.16253192722797394,-0.09360665082931519
1749220194499302000,1.219302001953125,-0.04929031804203987,0.34537550806999207,-0.005349225364625454
1749220194509292800,1.229292724609375,-0.12605033814907074,0.6455939412117004,0.05170473828911781
1749220194519283700,1.23928369140625,-0.21556025743484497,0.9678710103034973,0.12454112619161606
1749220194529274600,1.249274658203125,-0.23818087577819824,1.1935036182403564,0.21267445385456085
1749220194539265800,1.259265869140625,-0.12069179862737656,1.4308029413223267,0.2540368139743805
1749220194549256700,1.269256591796875,0.12384258210659027,1.8805350065231323,0.2006199210882187
1749220194559247600,1.27924755859375,0.4479580819606781,2.0898048877716064,0.18213064968585968
1749220194569238800,1.28923876953125,0.632329523563385,1.6283538341522217,0.3020983338356018
1749220194579230000,1.29922998046875,1.007421851158142,0.7294864058494568,0.39891621470451355
1749220194589220900,1.309220947265625,1.154388666152954,0.1309521645307541,0.24908705055713654
1749220194599211800,1.319211669921875,0.6230646371841431,0.2863055169582367,0.09325218200683594
1749220194609203000,1.329202880859375,0.1541173905134201,0.02479775808751583,-0.05637938529253006
1749220194619193900,1.33919384765625,0.030477747321128845,-0.2219076305627823,-0.10863380134105682
1749220194629184800,1.349184814453125,-0.32942476868629456,-0.1872716248035431,-0.1780986338853836
1749220194639176000,1.359176025390625,-0.6191633939743042,-0.2871883511543274,-0.21040943264961243
1749220194649166800,1.369166748046875,-0.7430509924888611,-0.299765408039093,-0.23317307233810425
1749220194659157800,1.37915771484375,-0.5352490544319153,-0.275036096572876,-0.17110463976860046
1749220194669148700,1.389148681640625,-0.16089460253715515,-0.08697883784770966,-0.07050532847642899
1749220194679139800,1.399139892578125,0.1701139360666275,-0.0475749745965004,0.038531944155693054
1749220194689130800,1.409130859375,0.360656201839447,0.057310961186885834,0.05276840552687645
1749220194699121700,1.41912158203125,0.3338717222213745,0.13994325697422028,-0.06205218657851219
1749220194709112800,1.42911279296875,0.21313384175300598,0.08073931932449341,-0.19444617629051208
1749220194719103700,1.439103759765625,0.09126253426074982,-0.005250954534858465,-0.2632603943347931
1749220194729094700,1.4490947265625,0.1767401546239853,0.024216389283537865,-0.24272982776165009
1749220194739085800,1.4590859375,0.3006192147731781,0.18365824222564697,-0.27091777324676514
1749220194749076700,1.46907666015625,0.2692471742630005,0.13788463175296783,-0.20345857739448547
1749220194759067600,1.479067626953125,0.19386827945709229,0.09758354723453522,-0.10736879706382751
1749220194769058800,1.489058837890625,0.08157182484865189,0.0821465328335762,-0.008643555454909801
1749220194779050000,1.499050048828125,-0.08681745082139969,0.03514706715941429,0.06688369065523148
1749220194789041000,1.509041015625,-0.2791096568107605,-0.05330689623951912,0.09994231164455414
1749220194799031800,1.51903173828125,-0.4406929612159729,-0.13378949463367462,0.07623245567083359
1749220194809023000,1.52902294921875,-0.4440253973007202,-0.1221538707613945,0.0311009269207716
1749220194819014000,1.539013916015625,-0.1846020668745041,-0.015931561589241028,-0.028843099251389503
1749220194829004800,1.5490048828125,0.3462916314601898,0.10666785389184952,-0.19750241935253143
1749220194838995700,1.55899560546875,0.3300463557243347,-0.21139240264892578,-0.6280482411384583
1749220194848987000,1.56898681640625,-0.0793379619717598,-0.38213059306144714,-1.1607840061187744
1749220194858977800,1.578977783203125,-0.2228224277496338,-0.7471218705177307,-1.3480490446090698
1749220194868968700,1.58896875,-0.2899724245071411,-0.8382150530815125,-1.059952735900879
1749220194878959900,1.5989599609375,-0.3683687150478363,-0.8282814621925354,-0.7892533540725708
1749220194888950800,1.60895068359375,-0.38010311126708984,-0.7769503593444824,-0.6792517304420471
1749220194898941700,1.618941650390625,-0.3320850133895874,-0.6861799359321594,-0.6056345105171204
1749220194908932600,1.6289326171875,-0.27143868803977966,-0.7864450216293335,-0.4822973906993866
1749220194918923800,1.638923828125,-0.15511368215084076,-1.050909399986267,-0.23603489995002747
1749220194928914700,1.648914794921875,-0.08722198754549026,-1.191890001296997,-0.1058041900396347
1749220194938905600,1.658905517578125,0.014210627414286137,-1.325882911682129,-0.1236439123749733
1749220194948896800,1.668896728515625,0.18020279705524445,-1.3183661699295044,-0.31148624420166016
1749220194958888000,1.678887939453125,0.4036678373813629,-1.3678629398345947,-0.30650320649147034
1749220194968878800,1.68887890625,0.5868339538574219,-1.3699194192886353,-0.25977379083633423
1749220194978870000,1.6988701171875,0.8401452898979187,-1.243584156036377,-0.3154604732990265
1749220194988861000,1.70886083984375,1.0521587133407593,-0.9840670228004456,-0.27007541060447693
1749220194998851800,1.718851806640625,1.193828821182251,-0.7425795793533325,-0.19481422007083893
1749220195008842800,1.7288427734375,1.2035269737243652,-0.5510706305503845,-0.07782529294490814
1749220195018834000,1.738833984375,1.1020828485488892,-0.5533002018928528,0.058089401572942734
1749220195028824800,1.748824951171875,0.9697445631027222,-0.612237811088562,0.17148840427398682
1749220195038815700,1.758815673828125,0.7335109710693359,-0.5421791076660156,0.16985800862312317
1749220195048807000,1.768806884765625,0.42879289388656616,-0.5459203124046326,0.15601809322834015
1749220195058797800,1.7787978515625,0.16515088081359863,-0.7029570937156677,0.16176892817020416
1749220195068788700,1.788788818359375,0.00003328951424919069,-0.6800647974014282,0.12178289145231247
1749220195078779600,1.798779541015625,-0.16142724454402924,-0.5448007583618164,0.04718775302171707
1749220195088770800,1.808770751953125,-0.3554039001464844,-0.30907556414604187,-0.23760190606117249
1749220195098761700,1.81876171875,-0.3721509277820587,-0.34350091218948364,-0.1791076958179474
1749220195108752600,1.828752685546875,-0.3660200536251068,-0.27156758308410645,-0.14989788830280304
1749220195118743800,1.838743896484375,-0.14893248677253723,-0.9773417711257935,0.27052071690559387
1749220195128734700,1.848734619140625,-0.16620521247386932,-0.5582544803619385,0.027586620301008224
1749220195138725600,1.8587255859375,-0.08671465516090393,-0.3441115617752075,-0.017653295770287514
1749220195148716800,1.868716796875,-0.040710944682359695,-0.317100465297699,0.01420556753873825
1749220195158711600,1.878711669921875,-0.10459858179092407,-0.2582981288433075,-0.02286483533680439
1749220195168702700,1.88870263671875,-0.06843498349189758,-0.30961430072784424,-0.0229916013777256
1749220195178693600,1.898693603515625,0.018094049766659737,-0.2769743502140045,-0.04523272439837456
1749220195188684500,1.9086845703125,0.1262838989496231,-0.1470903754234314,-0.09295018017292023
1749220195198675500,1.918675537109375,0.21478500962257385,-0.12137649208307266,-0.06057865917682648
1749220195208666600,1.92866650390625,0.2719292640686035,0.008167115971446037,-0.05263711139559746
1749220195218657500,1.938657470703125,0.5002596378326416,0.43371787667274475,-0.06490016728639603
1749220195228648400,1.9486484375,0.7808787822723389,0.6515117287635803,-0.006855509243905544
1749220195238639600,1.9586396484375,1.0234596729278564,0.5351244211196899,0.13089622557163239
1749220195248630500,1.968630615234375,0.955932080745697,0.8524075746536255,0.003043993143364787
1749220195258621400,1.978621337890625,0.8442452549934387,0.8671382665634155,-0.02563399076461792
1749220195268612600,1.988612548828125,0.17447806894779205,0.7856224179267883,0.14311188459396362
1749220195278603500,1.998603515625,-0.7116304636001587,-0.25099894404411316,-0.411693274974823
1749220195288594400,2.008594482421875,-1.4335298538208008,-0.5355984568595886,-0.7912027835845947
1749220195298585300,2.01858544921875,-1.2726279497146606,-0.9639425873756409,-0.6627960801124573
1749220195308576500,2.028576416015625,-0.5684226751327515,-0.5722736120223999,-0.5011113286018372
1749220195318567400,2.0385673828125,0.18678852915763855,-0.09057251363992691,-0.3937864601612091
1749220195328558300,2.048558349609375,0.40609210729599,-0.17421387135982513,-0.18121160566806793
1749220195338549500,2.058549560546875,0.34986504912376404,-0.36080852150917053,-0.04977954179048538
1749220195348540700,2.068540771484375,0.24553999304771423,-0.36759132146835327,-0.043468113988637924
1749220195358531600,2.078531494140625,0.06537128239870071,-0.4440158009529114,-0.08014010637998581
1749220195368522500,2.0885224609375,-0.1489897519350052,-0.4403957724571228,-0.06735746562480927
1749220195378513700,2.098513671875,-0.27118223905563354,-0.306038498878479,-0.06762192398309708
1749220195388504600,2.108504638671875,-0.24785400927066803,-0.20762109756469727,-0.10065177828073502
1749220195398495500,2.11849560546875,-0.14734791219234467,-0.18093836307525635,-0.08795462548732758
1749220195408486700,2.128486572265625,-0.10901676118373871,-0.2431921511888504,-0.08442726731300354
1749220195418477600,2.1384775390625,-0.11661103367805481,-0.33093637228012085,-0.10311093926429749
1749220195428468500,2.148468505859375,-0.10046987980604172,-0.449761301279068,-0.10460817068815231
1749220195438459400,2.15845947265625,-0.14630047976970673,-0.5863867998123169,-0.1433531641960144
1749220195448450600,2.168450439453125,-0.2588834762573242,-0.6028227806091309,-0.17882247269153595
1749220195458441500,2.17844140625,-0.30752745270729065,-0.5859284400939941,-0.21344277262687683
1749220195468432400,2.188432373046875,-0.32031649351119995,-0.5079010128974915,-0.24580258131027222
1749220195478423600,2.198423583984375,-0.3111184537410736,-0.41500863432884216,-0.25051769614219666
1749220195488414500,2.20841455078125,-0.2667483389377594,-0.48794543743133545,-0.2542237639427185
1749220195498405400,2.2184052734375,-0.2951626777648926,-0.5893160104751587,-0.25997990369796753
1749220195508397600,2.2283974609375,-0.40458983182907104,-0.6630397439002991,-0.2954047620296478
1749220195518388500,2.238388427734375,-0.5003565549850464,-0.6829553842544556,-0.358982652425766
1749220195528379400,2.24837939453125,-0.5683279037475586,-0.6664429903030396,-0.3704550266265869
1749220195538370600,2.25837060546875,-0.5414259433746338,-0.6291733980178833,-0.34812840819358826
1749220195548361500,2.268361572265625,-0.4757620096206665,-0.620756983757019,-0.2992846965789795
1749220195558352400,2.278352294921875,-0.4041474759578705,-0.6156319975852966,-0.221575528383255
1749220195568343300,2.28834326171875,-0.22541101276874542,-0.6168970465660095,-0.14215873181819916
1749220195578334500,2.29833447265625,-0.10490484535694122,-0.40237221121788025,-0.15719307959079742
1749220195588325400,2.308325439453125,-0.006041913293302059,-0.306937038898468,-0.15731798112392426
1749220195598316500,2.318316650390625,0.06865469366312027,-0.22309167683124542,-0.1901576966047287
1749220195608307700,2.3283076171875,0.10706892609596252,-0.27013134956359863,-0.21202810108661652
1749220195618298600,2.338298583984375,0.09434487670660019,-0.27358973026275635,-0.24227549135684967
1749220195628289500,2.34828955078125,0.030000509694218636,-0.14896844327449799,-0.2569960951805115
1749220195638280400,2.358280517578125,0.048225585371255875,-0.08541449904441833,-0.24760288000106812
1749220195648271600,2.368271728515625,0.17069877684116364,0.027123229578137398,-0.271304726600647
1749220195658262500,2.378262451171875,0.24166110157966614,0.18238551914691925,-0.2891516387462616
1749220195668253400,2.38825341796875,0.3170386850833893,0.4441004693508148,-0.2912302315235138
1749220195678244600,2.39824462890625,0.3679409921169281,0.5526679754257202,-0.24279053509235382
1749220195688235500,2.408235595703125,0.41285601258277893,0.9375495910644531,-0.25769466161727905
1749220195698226400,2.418226318359375,0.46838292479515076,1.2345179319381714,-0.21286273002624512
1749220195708217600,2.428217529296875,0.373887836933136,1.2354278564453125,-0.15431952476501465
1749220195718208500,2.43820849609375,0.03620647266507149,1.460631251335144,-0.048174452036619186
1749220195728199400,2.448199462890625,-0.22523391246795654,0.9148547053337097,0.04723595455288887
1749220195738190300,2.4581904296875,-0.42690420150756836,0.9287862181663513,0.123432457447052
1749220195748181500,2.468181396484375,-0.4273601174354553,0.6763622164726257,0.10348298400640488
1749220195758172400,2.47817236328125,0.5177251696586609,-0.8298375010490417,-0.2590784430503845
1749220195768163300,2.488163330078125,0.9843277931213379,-1.4554351568222046,-0.19001974165439606
1749220195778154500,2.498154541015625,1.0595186948776245,-1.0777623653411865,-0.024925056844949722
1749220195788145700,2.508145751953125,0.4809863269329071,-1.448253870010376,-0.02420121058821678
1749220195798136600,2.518136474609375,-0.1487354189157486,-1.8095521926879883,-0.04735739529132843
1749220195808127500,2.52812744140625,-0.2734520435333252,-1.7482011318206787,-0.08687631040811539
1749220195818118700,2.53811865234375,-0.26001960039138794,-1.732932209968567,-0.2441181242465973
1749220195828109600,2.548109619140625,0.029874809086322784,0.9062840938568115,-0.2124273031949997
1749220195838100500,2.5581005859375,0.2512098550796509,1.1257884502410889,-0.14190706610679626
1749220195848091600,2.568091552734375,0.07996194064617157,0.802088737487793,-0.15903039276599884
1749220195858082600,2.57808251953125,-0.1725105196237564,0.17346340417861938,-0.16682973504066467
1749220195868073500,2.588073486328125,-0.2603287994861603,-0.26069098711013794,-0.0981859564781189
1749220195878064400,2.598064453125,-0.05206666141748428,-0.15697257220745087,-0.12508121132850647
1749220195888055600,2.6080556640625,0.18083555996418,-0.012373845092952251,-0.18248698115348816
1749220195898046500,2.61804638671875,0.09923230856657028,-0.08456815034151077,-0.17566050589084625
1749220195908037400,2.628037353515625,-0.03191718831658363,-0.2475205808877945,-0.16696502268314362
1749220195918028500,2.638028564453125,-0.0028298748657107353,-0.22916394472122192,-0.18985116481781006
1749220195928019500,2.64801953125,0.07560820877552032,-0.1113361120223999,-0.19206984341144562
1749220195938010400,2.65801025390625,0.05884706974029541,-0.07633338868618011,-0.1685996651649475
1749220195948001500,2.66800146484375,0.01588149555027485,-0.09338027983903885,-0.14657026529312134
1749220195957992400,2.677992431640625,-0.0008793757879175246,-0.07180068641901016,-0.12366920709609985
1749220195967983400,2.6879833984375,-0.007419033907353878,-0.033723607659339905,-0.10025203227996826
1749220195977974500,2.697974609375,-0.007844873704016209,-0.02581428736448288,-0.07197032868862152
1749220195987965700,2.707965576171875,-0.06386686116456985,-0.07735257595777512,-0.026317091658711433
1749220195997956600,2.71795654296875,-0.0026818031910806894,-0.04301084950566292,-0.055511195212602615
1749220196007947500,2.727947509765625,0.03538435697555542,-0.00686163455247879,-0.05585740506649017
1749220196017938700,2.737938720703125,0.013712083920836449,-0.022760439664125443,-0.03139733895659447
1749220196027929600,2.7479296875,-0.022002236917614937,-0.04956489056348801,-0.001100950757972896
1749220196037920500,2.75792041015625,-0.0037947380915284157,-0.0351308211684227,0.0008791094878688455
1749220196047911400,2.767911376953125,0.020365193486213684,-0.007314638234674931,-0.0010634001810103655
1749220196057903600,2.777903564453125,-0.002469016704708338,0.00475587323307991,0.010343451052904129
1749220196067894500,2.78789453125,-0.012357866391539574,0.01774810440838337,0.02159290947020054
1749220196077885700,2.7978857421875,-0.0015060176374390721,0.028535503894090652,0.029440978541970253
1749220196087876600,2.807876708984375,-0.0035236284602433443,0.02461772784590721,0.03373612463474274
1749220196097867500,2.817867431640625,-0.01053306832909584,0.012614861130714417,0.03970986232161522
1749220196107858400,2.8278583984375,-0.008644088171422482,0.0056799896992743015,0.04258820787072182
1749220196117849600,2.837849609375,-0.0014809839194640517,0.005440305452793837,0.05061523988842964
1749220196127840500,2.847840576171875,0.0002697782183531672,0.004202468320727348,0.05263258516788483
1749220196137831400,2.85783154296875,0.0030562435276806355,0.0014357101172208786,0.055700547993183136
1749220196147822600,2.867822509765625,0.004630970768630505,0.0008402272942475975,0.05847955495119095
1749220196157809700,2.8778095703125,0.005175320897251368,-0.002114816103130579,0.05849393457174301
1749220196167800600,2.887800537109375,0.009066198952496052,-0.002683134749531746,0.06505463272333145
1749220196177791700,2.897791748046875,0.005881857592612505,-0.005320996046066284,0.06919185072183609
1749220196187782700,2.90778271484375,-0.001071123406291008,0.03833380714058876,0.10839252173900604
1749220196197773600,2.917773681640625,0.03219255805015564,0.11135155707597733,0.07073595374822617
1749220196207764700,2.9277646484375,0.07625216245651245,0.014675082638859749,0.03244875371456146
1749220196217756000,2.937755859375,0.039201200008392334,0.0669390857219696,0.028233235701918602
1749220196227746800,2.947746826171875,-0.002692722249776125,0.11358887702226639,0.04338475689291954
1749220196237737700,2.95773779296875,-0.03322133794426918,-0.18821491301059723,0.027147464454174042
1749220196247729000,2.96772900390625,0.008018511347472668,-0.20482611656188965,-0.0005691175465472043
1749220196257719800,2.9777197265625,-0.0003557983145583421,-0.089502714574337,0.022836074233055115
1749220196267710700,2.987710693359375,-0.012524047866463661,-0.05927770584821701,0.052798766642808914
1749220196277702000,2.997701904296875,0.022216621786355972,0.07537305355072021,0.05210527777671814
1749220196287692800,3.00769287109375,0.03555213660001755,0.2856716811656952,0.0597970224916935
1749220196297683700,3.01768359375,0.016993364319205284,0.35559672117233276,0.05793360620737076
1749220196307674600,3.027674560546875,0.008555404841899872,0.297040730714798,0.05318811908364296
1749220196317665800,3.037665771484375,0.024945562705397606,0.21649661660194397,0.05232765153050423
1749220196327656700,3.04765673828125,0.04283188655972481,0.13429202139377594,0.0543399378657341
1749220196337647600,3.057647705078125,0.04909537360072136,0.1314283311367035,0.04471740499138832
1749220196347638800,3.067638671875,0.029088908806443214,0.1913667619228363,0.05434180051088333
1749220196357629700,3.077629638671875,-0.006642189808189869,0.21052101254463196,0.050040263682603836
1749220196367620600,3.08762060546875,-0.05138249695301056,0.0896848812699318,0.0408070832490921
1749220196377611800,3.09761181640625,-0.07071438431739807,-0.06465329229831696,0.02377190813422203
1749220196387602700,3.107602783203125,-0.03302799165248871,-0.23831616342067719,0.004116448108106852
1749220196397593900,3.11759375,0.029157618060708046,-0.1934695988893509,-0.018763035535812378
1749220196407584800,3.127584716796875,0.06407006084918976,-0.08054597675800323,-0.04257994890213013
1749220196417576000,3.137575927734375,0.030663371086120605,-0.03869359940290451,-0.05545633286237717
1749220196427566800,3.14756689453125,-0.03449193015694618,-0.005124987103044987,-0.07858695089817047
1749220196437557800,3.157557861328125,-0.06174938380718231,-0.15433843433856964,-0.08391780406236649
1749220196447549000,3.167548828125,-0.08144719153642654,-0.13182274997234344,-0.0867985412478447
1749220196457539800,3.177539794921875,-0.09309052675962448,-0.1864527016878128,-0.06684268265962601
1749220196467530800,3.18753076171875,-0.23386149108409882,-0.13949131965637207,-0.031072698533535004
1749220196477521700,3.197521728515625,0.029390912503004074,0.04415601119399071,-0.07138469815254211
1749220196487512800,3.207512939453125,0.09851805120706558,0.17634786665439606,-0.025616679340600967
1749220196497503700,3.217503662109375,0.02887905202805996,0.22930268943309784,-0.027759458869695663
1749220196507494700,3.22749462890625,0.010566357523202896,0.08932135999202728,0.04075222462415695
1749220196517486800,3.23748681640625,0.06988374143838882,-0.058704059571027756,0.08426401764154434
1749220196527477800,3.247477783203125,0.08733197301626205,-0.19859804213047028,0.09059354662895203
1749220196537468700,3.25746875,0.06254034489393234,-0.26501116156578064,0.11827391386032104
1749220196547459800,3.2674599609375,0.06078185886144638,-0.3299563229084015,0.1282583624124527
1749220196557450800,3.27745068359375,0.06956975907087326,-0.3264939486980438,0.14099813997745514
1749220196567441700,3.287441650390625,0.07090533524751663,-0.10258336365222931,0.1588277369737625
1749220196577432800,3.297432861328125,0.05669843405485153,0.06821953505277634,0.162771075963974
1749220196587423700,3.307423828125,-0.08753704279661179,0.21300068497657776,0.17196084558963776
1749220196597414700,3.31741455078125,-0.0362837053835392,0.7438744306564331,0.08833492547273636
1749220196607405600,3.327405517578125,0.3918130397796631,-0.9219610691070557,0.12709350883960724
1749220196617396700,3.337396728515625,0.2687196135520935,-0.8247956037521362,0.10679249465465546
1749220196627387600,3.3473876953125,-0.011484082788228989,-0.21659888327121735,0.09029421210289001
1749220196637378800,3.35737890625,-0.1131526529788971,-0.33705630898475647,0.12270301580429077
1749220196647370000,3.367369873046875,-0.03634735569357872,-0.2034793496131897,0.09987705945968628
1749220196657361000,3.37736083984375,0.06891275197267532,0.07972864806652069,0.06460083276033401
1749220196667351800,3.387351806640625,0.054067227989435196,0.2566877007484436,0.05896558240056038
1749220196677342700,3.3973427734375,-0.0017379788914695382,0.24496901035308838,0.04868125170469284
1749220196687334000,3.407333984375,0.0010716560063883662,0.1555890589952469,0.0335686132311821
1749220196697324800,3.41732470703125,0.0373590886592865,0.04107419773936272,0.013854030519723892
1749220196707315700,3.427315673828125,0.051771052181720734,-0.09343194961547852,-0.0013693973887711763
1749220196717307000,3.437306884765625,0.03495585173368454,-0.16458068788051605,-0.007479221560060978
1749220196727297800,3.4472978515625,0.0361739844083786,-0.1433824598789215,-0.01775449514389038
1749220196737288700,3.457288818359375,0.043651871383190155,-0.08260753005743027,-0.028779983520507812
1749220196747279600,3.467279541015625,0.04525269940495491,-0.00860121101140976,-0.03942570462822914
1749220196757270800,3.477270751953125,0.04224013164639473,0.05049087107181549,-0.044202614575624466
1749220196767261700,3.48726171875,0.04988473653793335,0.07315437495708466,-0.04866527393460274
1749220196777252600,3.497252685546875,0.06112460792064667,0.044385042041540146,-0.05353832617402077
1749220196787243800,3.507243896484375,0.06743975728750229,0.0028594359755516052,-0.05347094684839249
1749220196797234700,3.517234619140625,0.06726185977458954,-0.012783706188201904,-0.051539357751607895
1749220196807225600,3.5272255859375,0.07389206439256668,-0.01829378679394722,-0.05083788186311722
1749220196817216800,3.537216796875,0.07624763250350952,-0.023241672664880753,-0.04316797852516174
1749220196827207700,3.547207763671875,0.07719411700963974,-0.010163688100874424,-0.027608724310994148
1749220196837198800,3.55719873046875,0.0851239487528801,0.0163014754652977,-0.014613297767937183
1749220196847189800,3.567189697265625,0.0933603048324585,0.04157727211713791,0.002969158347696066
1749220196857181000,3.577180908203125,0.09619710594415665,0.050388071686029434,0.022790532559156418
1749220196867171800,3.587171875,0.10176897048950195,0.04761279374361038,0.038425952196121216
1749220196877162800,3.597162841796875,0.10875657200813293,0.041487786918878555,0.05210714414715767
1749220196887154000,3.60715380859375,0.1174003928899765,0.03635827451944351,0.06929891556501389
1749220196897144800,3.617144775390625,0.12621332705020905,0.04051067307591438,0.07734698802232742
1749220196907135700,3.6271357421875,0.13433782756328583,0.02105708234012127,0.07849667221307755
1749220196917126700,3.637126708984375,0.1451318860054016,-0.01613609306514263,0.07828228920698166
1749220196927117800,3.647117919921875,0.15682396292686462,-0.05609362944960594,0.07804686576128006
1749220196937108700,3.657108642578125,0.1642560511827469,-0.08455509692430496,0.07490859925746918
1749220196947099600,3.667099609375,0.1641404777765274,-0.07361350208520889,0.0779014527797699
1749220196957090800,3.6770908203125,0.15886475145816803,-0.015240471810102463,0.08567255735397339
1749220196967081700,3.687081787109375,0.150535449385643,0.07961626350879669,0.09655876457691193
1749220196977073700,3.69707373046875,0.14079280197620392,0.15453045070171356,0.10763192176818848
1749220196987064800,3.70706494140625,0.1266080141067505,0.195665642619133,0.1276106834411621
1749220196997055700,3.7170556640625,0.1233174055814743,0.21227231621742249,0.1492251753807068
1749220197007046700,3.727046630859375,0.12494326382875443,0.20331503450870514,0.16273538768291473
1749220197017037800,3.737037841796875,0.12439145892858505,0.16707341372966766,0.1788318008184433
1749220197027028700,3.74702880859375,0.11985662579536438,0.12712439894676208,0.19927102327346802
1749220197037019600,3.75701953125,0.11446292698383331,0.13679885864257812,0.21418260037899017
1749220197047010600,3.767010498046875,0.10796161741018295,0.19795382022857666,0.23080311715602875
1749220197057001700,3.777001708984375,0.10339269787073135,0.2650420367717743,0.2508532702922821
1749220197066992600,3.78699267578125,0.09471505880355835,0.30080297589302063,0.292703241109848
1749220197076983800,3.79698388671875,0.08612902462482452,0.28481176495552063,0.35755521059036255
1749220197086975000,3.80697509765625,0.07737095654010773,0.24923166632652283,0.4216521680355072
1749220197096966000,3.8169658203125,0.056110408157110214,0.2235254943370819,0.46884363889694214
1749220197106956800,3.826956787109375,0.03122236765921116,0.187841534614563,0.5095519423484802
1749220197116947700,3.83694775390625,-0.0063124909065663815,0.14430896937847137,0.5812522172927856
1749220197126939000,3.84693896484375,-0.05097157135605812,0.0832405611872673,0.6929033994674683
1749220197136929800,3.8569296875,-0.09611055254936218,0.029887059703469276,0.8322588801383972
1749220197146920700,3.866920654296875,-0.12085238844156265,0.06296085566282272,0.9652872085571289
1749220197156911900,3.876911865234375,-0.16149328649044037,0.21570193767547607,1.0285594463348389
1749220197166903000,3.886903076171875,-0.21996645629405975,0.4551914930343628,1.0773056745529175
1749220197176894000,3.89689404296875,-0.2712767720222473,0.802988588809967,1.0177363157272339
1749220197186884900,3.906884765625,-0.24019502103328705,1.2289007902145386,0.9111350178718567
1749220197196875800,3.916875732421875,-0.039739158004522324,1.2980507612228394,0.6732513904571533
1749220197206867000,3.926866943359375,0.11196967959403992,1.0034167766571045,0.45642879605293274
1749220197216857900,3.93685791015625,0.10501882433891296,0.5697521567344666,0.2257513701915741
1749220197226848800,3.946848876953125,0.10857361555099487,0.401157021522522,0.14541472494602203
1749220197236840000,3.95683984375,0.08467893302440643,0.5820397138595581,0.00908537395298481
1749220197246830800,3.966830810546875,0.0496240109205246,0.9895179867744446,-0.2129458338022232
1749220197256821800,3.97682177734375,0.1132218986749649,1.4218441247940063,-0.3149169385433197
1749220197266813000,3.98681298828125,0.19074732065200806,1.8225033283233643,-0.4370923638343811
1749220197276804000,3.99680419921875,0.16629816591739655,2.069924831390381,-0.5600371956825256
1749220197286795000,4.006794921875,0.1357104331254959,2.0445566177368164,-0.6326168775558472
1749220197296786000,4.016785888671875,0.18567238748073578,1.7311255931854248,-0.6760109663009644
1749220197306777000,4.026777099609375,0.2627871632575989,1.240093469619751,-0.7070317268371582
1749220197316768000,4.03676806640625,0.3269842565059662,0.7374969720840454,-0.7202572226524353
1749220197326759000,4.046759033203125,0.3777150809764862,0.3420036733150482,-0.7311429381370544
1749220197336750000,4.05675,0.4177650213241577,0.13210849463939667,-0.7384615540504456
1749220197346741000,4.066740966796875,0.4291556179523468,0.06272303313016891,-0.7413271069526672
1749220197356732000,4.07673193359375,0.42129209637641907,0.0863303616642952,-0.7391059994697571
1749220197366722800,4.086722900390625,0.41652026772499084,0.14714443683624268,-0.7173557281494141
1749220197376714000,4.0967138671875,0.4080151915550232,0.19300007820129395,-0.7062378525733948
1749220197386705000,4.106704833984375,0.3985319435596466,0.18829773366451263,-0.6837687492370605
1749220197396695800,4.11669580078125,0.39008358120918274,0.1520097702741623,-0.6541194915771484
1749220197406687000,4.12668701171875,0.3851756453514099,0.10639914125204086,-0.6004080772399902
1749220197416678000,4.136677978515625,0.3670954406261444,0.06796520203351974,-0.5148282051086426
1749220197426668800,4.146668701171875,0.34472304582595825,0.024943167343735695,-0.4291532337665558
1749220197436659700,4.15665966796875,0.3385506272315979,0.014029532670974731,-0.3499566614627838
1749220197446651000,4.16665087890625,0.3469228148460388,0.03357527032494545,-0.2563244700431824
1749220197456641800,4.176641845703125,0.34310248494148254,0.05602731555700302,-0.16667713224887848
1749220197466633000,4.186633056640625,0.3323787450790405,0.08106715232133865,-0.05741242691874504
1749220197476624100,4.1966240234375,0.31714385747909546,0.11096273362636566,0.058999668806791306
1749220197486615000,4.206614990234375,0.3107821047306061,0.14261573553085327,0.20397230982780457
1749220197496606700,4.216606689453125,0.31943124532699585,0.19427627325057983,0.3830464482307434
1749220197506598000,4.226597900390625,0.3313438296318054,0.24994991719722748,0.5607929825782776
1749220197516588800,4.2365888671875,0.3609906733036041,0.268573135137558,0.7437503337860107
1749220197526580000,4.246580078125,0.21030130982398987,0.8432430624961853,1.3244224786758423
1749220197536571100,4.256571044921875,-0.07697068154811859,1.31891930103302,0.8720211982727051
1749220197546562000,4.26656201171875,0.15263481438159943,1.4751709699630737,1.0008704662322998
1749220197556553000,4.276552978515625,0.5613131523132324,1.6096662282943726,1.2906205654144287
1749220197566544000,4.2865439453125,0.3460814952850342,1.9118705987930298,1.1636186838150024
1749220197576535000,4.29653515625,-0.08572209626436234,2.204735279083252,1.3925693035125732
1749220197586526000,4.30652587890625,-0.24782578647136688,2.4881248474121094,1.6094694137573242
1749220197596516900,4.316516845703125,0.040766604244709015,1.8803845643997192,1.472088098526001
1749220197606508000,4.326508056640625,0.2291191965341568,0.13174498081207275,1.4666433334350586
1749220197616499000,4.3364990234375,0.22547119855880737,-1.0572874546051025,1.5469090938568115
1749220197626489900,4.34648974609375,0.26249927282333374,-1.0490710735321045,1.3427636623382568
1749220197636480800,4.356480712890625,0.3789028525352478,-0.7126046419143677,1.2498201131820679
1749220197646472000,4.366471923828125,0.3360949158668518,-0.36686936020851135,1.125691294670105
1749220197656462800,4.376462890625,0.09265616536140442,0.1595156192779541,1.0211970806121826
1749220197666453800,4.386453857421875,-0.03765709698200226,0.6766357421875,0.9717991948127747
1749220197676445000,4.39644482421875,0.054064299911260605,0.9088851809501648,0.9510944485664368
1749220197686435800,4.406435791015625,0.17750820517539978,0.8861905336380005,0.9324989318847656
1749220197696426800,4.4164267578125,0.1955559104681015,0.6655540466308594,0.9462634921073914
1749220197706418000,4.42641796875,0.163910910487175,0.35417619347572327,0.9755675792694092
1749220197716409000,4.4364091796875,0.17887067794799805,0.08958687633275986,0.9967104196548462
1749220197726400000,4.44639990234375,0.18969322741031647,-0.026272883638739586,1.008895993232727
1749220197736391000,4.456390869140625,0.15627455711364746,0.024439828470349312,1.0281884670257568
1749220197746382000,4.466382080078125,0.10617836564779282,0.18617865443229675,1.0426064729690552
1749220197756373000,4.476373046875,0.07026510685682297,0.41295161843299866,1.027649164199829
1749220197766364000,4.486364013671875,0.06894977390766144,0.5497901439666748,1.0091103315353394
1749220197776355000,4.49635498046875,0.07601993530988693,0.5021179914474487,0.9772120714187622
1749220197786346000,4.506345947265625,0.08988994359970093,0.3313808739185333,0.945168673992157
1749220197796337000,4.5163369140625,0.11196888238191605,0.0987878292798996,0.9143518805503845
1749220197806327800,4.526327880859375,0.11815913021564484,-0.15264147520065308,0.8865380883216858
1749220197816319000,4.536319091796875,0.10256179422140121,-0.3174818158149719,0.8574446439743042
1749220197826310000,4.546309814453125,0.08193827420473099,-0.3194746673107147,0.8339300155639648
1749220197836300800,4.55630078125,0.07244597375392914,-0.21574187278747559,0.8170636892318726
1749220197846292000,4.5662919921875,0.07178044319152832,-0.09421331435441971,0.8169749975204468
1749220197856283000,4.576282958984375,0.07065712660551071,-0.054182011634111404,0.825623095035553
1749220197866273800,4.586273681640625,0.06398670375347137,-0.07050292938947678,0.8376213908195496
1749220197876264700,4.5962646484375,0.06501974910497665,-0.13123151659965515,0.8419802188873291
1749220197886255900,4.606255859375,0.07018281519412994,-0.16147011518478394,0.8561428785324097
1749220197896246800,4.616246826171875,0.06892234086990356,-0.19419610500335693,0.8646721839904785
1749220197906238000,4.626238037109375,0.05835651606321335,-0.2341933250427246,0.8755227327346802
1749220197916229000,4.63622900390625,0.04760799929499626,-0.22965289652347565,0.9022600650787354
1749220197926220000,4.646219970703125,0.03996206447482109,-0.19348716735839844,0.9220942258834839
1749220197936211000,4.6562109375,0.0361526794731617,-0.1548692137002945,0.9412223696708679
1749220197946202000,4.6662021484375,0.041962895542383194,-0.11906993389129639,0.975954532623291
1749220197956193000,4.676193115234375,0.039794549345970154,-0.10227310657501221,0.9905124306678772
1749220197966184000,4.686183837890625,0.026635605841875076,-0.1006951853632927,1.0230051279067993
1749220197976174800,4.6961748046875,0.016503876075148582,-0.08231617510318756,1.050088882446289
1749220197986166000,4.706166015625,0.020502611994743347,-0.004581702407449484,1.0644686222076416
1749220197996157000,4.716156982421875,0.0225074402987957,0.06925550103187561,1.0608222484588623
1749220198006147800,4.72614794921875,0.011938151903450489,0.11253959685564041,1.0406179428100586
1749220198016139000,4.736138916015625,0.013319001533091068,0.11507545411586761,1.0354615449905396
1749220198026130000,4.7461298828125,0.020085027441382408,0.07433335483074188,1.0164135694503784
1749220198036120800,4.756120849609375,0.047383494675159454,0.021764684468507767,1.0109162330627441
1749220198046111700,4.76611181640625,0.057817492634058,-0.04145956039428711,1.0118927955627441
1749220198056103000,4.77610302734375,0.06292543560266495,-0.08809656649827957,1.022720456123352
1749220198066093800,4.78609375,0.07031171023845673,-0.11005965620279312,1.0184870958328247
1749220198076084700,4.796084716796875,0.07974755764007568,-0.11852185428142548,1.0207188129425049
1749220198086076000,4.806075927734375,0.08023332059383392,-0.10409284383058548,1.0415958166122437
1749220198096067000,4.816067138671875,0.09716995805501938,-0.13456286489963531,1.0368332862854004
1749220198106058800,4.826058837890625,0.13014788925647736,-0.3041851818561554,1.0693010091781616
1749220198116050000,4.8360498046875,0.0701572522521019,-0.4022393226623535,1.138319969177246
1749220198126040800,4.846040771484375,0.040231842547655106,-0.3846108019351959,1.2352731227874756
1749220198136031700,4.85603173828125,0.030585072934627533,-0.3566822111606598,1.2936387062072754
1749220198146023000,4.86602294921875,0.03773060068488121,-0.3738582730293274,1.3964450359344482
1749220198156013800,4.876013916015625,0.023299463093280792,-0.41468480229377747,1.480983018875122
1749220198166004700,4.886004638671875,0.03889067471027374,-0.453498512506485,1.561574101448059
1749220198175995600,4.89599560546875,0.00001651159800530877,-0.5032359957695007,1.6511108875274658
1749220198185986600,4.905986572265625,-0.03466876596212387,-0.5160852074623108,1.7283926010131836
1749220198195977700,4.915977783203125,-0.007812915369868279,-0.5424187779426575,1.8087998628616333
1749220198205968600,4.92596875,0.021877868101000786,-0.6417626738548279,1.8767645359039307
1749220198215959600,4.93595947265625,0.054312240332365036,-0.8489353060722351,1.9650274515151978
1749220198225950700,4.94595068359375,0.05391542986035347,-1.0994682312011719,2.013357162475586
1749220198235941600,4.955941650390625,-0.019179819151759148,-1.1585328578948975,2.0859830379486084
1749220198245932500,4.9659326171875,-0.05922870337963104,-1.1154191493988037,2.1143851280212402
1749220198255923700,4.975923828125,-0.01738777942955494,-1.0189666748046875,2.252615451812744
1749220198265914600,4.98591455078125,0.09040793031454086,-1.1888811588287354,2.337960958480835
1749220198275905500,4.995905517578125,0.21555998921394348,-1.6996924877166748,2.359041213989258
1749220198285896400,5.005896484375,0.32392826676368713,-2.259337902069092,2.4775824546813965
1749220198295887600,5.0158876953125,0.20456565916538239,-2.40305757522583,2.746863603591919
1749220198305878500,5.02587841796875,0.2039741724729538,-2.618462085723877,2.5589702129364014
1749220198315869700,5.03586962890625,0.39031982421875,-2.9168689250946045,2.7159993648529053
1749220198325860900,5.04586083984375,0.4180859327316284,-2.9842281341552734,2.7454731464385986
1749220198335851800,5.055851806640625,0.4655328094959259,-2.755162000656128,2.9771037101745605
1749220198345842700,5.0658427734375,0.6392009854316711,-3.2628910541534424,2.556716203689575
1749220198355833600,5.07583349609375,0.62225341796875,-3.4454288482666016,2.3636372089385986
1749220198365824800,5.08582470703125,0.3879946172237396,-3.2352466583251953,2.380945920944214
1749220198375815700,5.095815673828125,0.3022650480270386,-2.9734115600585938,1.9993056058883667
1749220198385806600,5.105806640625,0.39124712347984314,-2.12692928314209,2.028029441833496
1749220198395797800,5.1157978515625,0.5677076578140259,-1.3303160667419434,1.3269392251968384
1749220198405788700,5.12578857421875,0.8095852732658386,-1.273716926574707,0.5606215000152588
1749220198415779600,5.135779541015625,0.9014805555343628,-1.4491974115371704,0.5587197542190552
1749220198425770500,5.1457705078125,0.6578239798545837,-1.0963568687438965,-0.05342940241098404
1749220198435761700,5.15576171875,0.4374079704284668,-0.44582462310791016,-0.5246171355247498
1749220198445752600,5.165752685546875,0.4370894432067871,0.07421191036701202,-0.9868202209472656
1749220198455743500,5.175743408203125,0.4704362154006958,0.5791634917259216,-1.403784990310669
1749220198465734700,5.185734619140625,0.4423595666885376,0.9750239849090576,-1.8576933145523071
1749220198475725600,5.1957255859375,0.4086942970752716,1.2866992950439453,-2.247713804244995
1749220198485716500,5.205716552734375,0.37568068504333496,1.5249561071395874,-2.6602251529693604
1749220198495707600,5.215707763671875,0.3361777365207672,1.6888816356658936,-3.065534830093384
1749220198505698600,5.225698486328125,0.3198469877243042,1.6725705862045288,-3.4427924156188965
1749220198515689700,5.235689697265625,0.3075881898403168,1.3856821060180664,-3.8211116790771484
1749220198525680600,5.2456806640625,0.32181400060653687,0.8384427428245544,-4.167181968688965
1749220198535671800,5.255671875,0.3755027949810028,0.15992122888565063,-4.460804462432861
1749220198545662700,5.265662841796875,0.4464304745197296,-0.550662100315094,-4.7099080085754395
1749220198555653600,5.275653564453125,0.5468127727508545,-1.1321496963500977,-4.902120113372803
1749220198565644800,5.285644775390625,0.6901462078094482,-1.3949904441833496,-5.049338340759277
1749220198575635700,5.2956357421875,0.8591213822364807,-1.2526683807373047,-5.172225475311279
1749220198585626600,5.305626708984375,1.0182201862335205,-0.7879158854484558,-5.236833572387695
1749220198595617500,5.315617431640625,1.1462868452072144,-0.09968584775924683,-5.229692459106445
1749220198605608700,5.325608642578125,1.2487131357192993,0.8285784125328064,-5.200882434844971
1749220198615599600,5.335599609375,1.3329014778137207,1.811532974243164,-5.201935291290283
1749220198625590500,5.345590576171875,1.3585524559020996,2.4583356380462646,-5.200143814086914
1749220198635581700,5.355581787109375,1.3306909799575806,2.608652353286743,-5.189909934997559
1749220198645572600,5.365572509765625,1.2669645547866821,2.3821496963500977,-5.161799430847168
1749220198655563500,5.3755634765625,1.1986008882522583,1.933082103729248,-5.119226932525635
1749220198665554400,5.385554443359375,1.152449369430542,1.4245147705078125,-5.027583599090576
1749220198675545600,5.395545654296875,1.137933611869812,1.0166840553283691,-4.87814474105835
1749220198685536500,5.40553662109375,1.1273107528686523,0.7785421013832092,-4.704736232757568
1749220198695527700,5.415527587890625,1.0891727209091187,0.6938176155090332,-4.478216171264648
1749220198705518800,5.425518798828125,1.0089972019195557,0.7046375274658203,-4.328975200653076
1749220198715509800,5.435509765625,0.8346706032752991,0.848787784576416,-4.096065998077393
1749220198725500700,5.445500732421875,0.5761911273002625,1.0519707202911377,-3.833686590194702
1749220198735491800,5.455491943359375,0.39532628655433655,1.242244839668274,-3.548347234725952
1749220198745482800,5.465482666015625,0.34044307470321655,1.4339854717254639,-3.299899101257324
1749220198755473700,5.4754736328125,0.3431592285633087,1.3300273418426514,-2.9371347427368164
1749220198765464600,5.485464599609375,0.3409775495529175,0.7047975659370422,-2.360323905944824
1749220198775455700,5.495455810546875,0.3406081795692444,-0.035835761576890945,-1.7349399328231812
1749220198785446700,5.50544677734375,0.37140578031539917,-0.5395210385322571,-1.009290337562561
1749220198795437600,5.5154375,0.34424978494644165,-0.7348513603210449,-0.32040491700172424
1749220198805428700,5.5254287109375,0.22697855532169342,-0.6816251277923584,0.33632341027259827
1749220198815419600,5.535419677734375,0.10808145999908447,-0.29168325662612915,0.9182118773460388
1749220198825410600,5.54541064453125,0.048230912536382675,0.2595229148864746,1.2867954969406128
1749220198835401500,5.5554013671875,0.31469643115997314,0.24287815392017365,1.5483660697937012
1749220198845392600,5.565392578125,0.7220913767814636,0.8937541842460632,2.590679883956909
1749220198855383600,5.575383544921875,0.36680781841278076,1.715057373046875,1.7870668172836304
1749220198865374500,5.58537451171875,-0.8014026880264282,2.462576150894165,2.8436217308044434
1749220198875365600,5.59536572265625,-1.5056684017181396,4.404168605804443,3.0201034545898438
1749220198885356500,5.6053564453125,-0.9612796902656555,4.04322624206543,2.9956963062286377
1749220198895347700,5.61534765625,-0.14749757945537567,0.6191604733467102,3.2458736896514893
1749220198905338600,5.625338623046875,0.09264364838600159,-1.6258422136306763,2.884212017059326
1749220198915329800,5.635329833984375,0.4849754869937897,-1.5800577402114868,2.880687713623047
1749220198925320700,5.64532080078125,1.1150524616241455,-1.4942679405212402,2.5766518115997314
1749220198935311600,5.6553115234375,1.197206974029541,-1.797848105430603,2.636230707168579
1749220198945302800,5.665302734375,0.40018922090530396,-1.658799171447754,2.4549875259399414
1749220198955293700,5.675293701171875,-0.8197542428970337,-0.5481842756271362,2.2594921588897705
1749220198965284600,5.68528466796875,-1.1339374780654907,0.6547296047210693,2.2596869468688965
1749220198975275500,5.695275634765625,-0.6303675770759583,1.528043270111084,1.8544034957885742
1749220198985266700,5.7052666015625,-0.02510029263794422,1.568993091583252,1.859274983406067
1749220198995257600,5.715257568359375,0.136414036154747,1.2878564596176147,1.6996616125106812
1749220199005248500,5.72524853515625,0.0002996056282427162,0.7223435640335083,1.6314263343811035
1749220199015239700,5.73523974609375,-0.014671620912849903,0.12249741703271866,1.5683236122131348
1749220199025230600,5.745230712890625,0.09694492071866989,-0.1860143393278122,1.4359090328216553
1749220199035221500,5.755221435546875,0.18260176479816437,-0.3566036522388458,1.3372381925582886
1749220199045212700,5.765212646484375,0.16631174087524414,-0.5798671245574951,1.2336862087249756
1749220199055203600,5.77520361328125,0.11628959327936172,-0.6418319344520569,1.1583867073059082
1749220199065194500,5.785194580078125,0.12664581835269928,-0.40131279826164246,1.079734444618225
1749220199075185700,5.795185546875,0.210873082280159,-0.04003237187862396,0.9995421171188354
1749220199085176800,5.8051767578125,0.2899250388145447,0.18065579235553741,0.9401485919952393
1749220199095167700,5.815167724609375,0.32444173097610474,0.11229431629180908,0.889512300491333
1749220199105158700,5.82515869140625,0.32070183753967285,-0.1674494445323944,0.8580433130264282
1749220199115149800,5.83514990234375,0.2981741726398468,-0.4577244222164154,0.8469493985176086
1749220199125140700,5.845140625,0.25157976150512695,-0.6203439831733704,0.8247194886207581
1749220199135131600,5.855131591796875,0.19127115607261658,-0.5557788014411926,0.8074973225593567
1749220199145122600,5.86512255859375,0.14654523134231567,-0.2888815999031067,0.801794707775116
1749220199155113700,5.87511376953125,0.12118448317050934,0.020076239481568336,0.7917268872261047
1749220199165105000,5.88510498046875,0.1108655333518982,0.16831684112548828,0.8015502095222473
1749220199175095800,5.895095703125,0.09686582535505295,0.17036721110343933,0.8291818499565125
1749220199185086700,5.905086669921875,0.10337672382593155,0.07062436640262604,0.8586103320121765
1749220199195078000,5.915077880859375,0.11790186911821365,-0.050516437739133835,0.8979345560073853
1749220199205068800,5.92506884765625,0.13306458294391632,-0.13588273525238037,0.932988703250885
1749220199215060700,5.935060791015625,0.14319656789302826,-0.20131847262382507,0.9695187211036682
1749220199225050600,5.945050537109375,0.13044188916683197,-0.2032441943883896,1.0032122135162354
1749220199235042800,5.955042724609375,0.10318497568368912,-0.13097985088825226,1.0253766775131226
1749220199245032700,5.96503271484375,0.08225066214799881,-0.02889396622776985,1.0366402864456177
1749220199255023600,5.975023681640625,0.062489476054906845,0.08815302699804306,1.0470255613327026
1749220199265015800,5.985015869140625,0.055748485028743744,0.1723288893699646,1.04358971118927
1749220199275006700,5.9950068359375,0.06915856152772903,0.18010824918746948,1.0409338474273682
1749220199284996900,6.004996826171875,0.07370378077030182,0.12470997124910355,1.0351648330688477
1749220199294988800,6.01498876953125,0.07026084512472153,0.03284396603703499,1.0320731401443481
1749220199304979700,6.024979736328125,0.08540251851081848,-0.016031164675951004,1.0467509031295776
1749220199314970600,6.034970703125,0.12854360044002533,-0.07167818397283554,1.0436129570007324
1749220199324961800,6.0449619140625,0.19442647695541382,-0.227645143866539,1.0683704614639282
1749220199334952700,6.05495263671875,0.1553640216588974,-0.39798703789711,1.1628918647766113
1749220199344943900,6.06494384765625,0.09371078014373779,-0.42489856481552124,1.2537014484405518
1749220199354934800,6.074934814453125,0.06611377000808716,-0.4177839159965515,1.4268178939819336
1749220199364926000,6.084926025390625,-0.021766282618045807,-0.4289788007736206,1.521030306816101
1749220199374916900,6.094916748046875,-0.0536765456199646,-0.3961332142353058,1.6510562896728516
1749220199384907800,6.10490771484375,0.013994645327329636,-0.45207878947257996,1.7117981910705566
1749220199394899000,6.11489892578125,0.013308081775903702,-0.5998165607452393,1.7881011962890625
1749220199404889900,6.124889892578125,-0.07588224858045578,-0.6962477564811707,1.8643347024917603
1749220199414880800,6.134880859375,-0.09659364819526672,-0.6584244966506958,1.9284865856170654
1749220199424871700,6.14487158203125,-0.09101752191781998,-0.597883939743042,1.995991826057434
1749220199434862800,6.15486279296875,-0.1269635409116745,-0.6422609686851501,2.074275255203247
1749220199444853800,6.164853759765625,-0.08977409452199936,-0.768775224685669,2.0718748569488525
1749220199454844700,6.1748447265625,-0.006698915269225836,-1.118094563484192,2.133920907974243
1749220199464835800,6.1848359375,-0.02882765419781208,-1.4097046852111816,2.1930439472198486
1749220199474826800,6.19482666015625,-0.05240781232714653,-1.5773221254348755,2.293989658355713
1749220199484817700,6.204817626953125,-0.11643606424331665,-1.6804285049438477,2.423161745071411
1749220199494808800,6.214808837890625,-0.2010747790336609,-1.6844898462295532,2.5642664432525635
1749220199504799700,6.2247998046875,-0.09619950503110886,-1.6699037551879883,2.624478340148926
1749220199514790700,6.234790771484375,0.13715119659900665,-2.2107295989990234,2.6456422805786133
1749220199524781800,6.24478173828125,0.1495455503463745,-2.845581293106079,2.88517165184021
1749220199534773000,6.25477294921875,-0.06600218266248703,-3.092273473739624,2.9029033184051514
1749220199544764000,6.264763916015625,-0.1125611662864685,-3.0337936878204346,2.8536391258239746
1749220199554754800,6.2747548828125,-0.047027964144945145,-2.596376419067383,3.1723623275756836
1749220199564746000,6.28474609375,-0.05429732799530029,-2.550668716430664,3.1156911849975586
1749220199574737000,6.29473681640625,0.11968246102333069,-3.0828425884246826,2.710892677307129
1749220199584727800,6.304727783203125,0.2785554528236389,-3.487414598464966,2.4428277015686035
1749220199594718700,6.31471875,-0.03193636238574982,-3.082254648208618,2.104675531387329
1749220199604710000,6.3247099609375,-0.3712609112262726,-2.507181167602539,2.0181667804718018
1749220199614700800,6.33470068359375,-0.386741578578949,-1.4781484603881836,2.3217720985412598
1749220199624691700,6.344691650390625,-0.2505589723587036,-0.094676174223423,1.4001225233078003
1749220199634683000,6.354682861328125,0.06189825385808945,0.2781519889831543,-0.041549041867256165
1749220199644673800,6.364673828125,0.45538535714149475,0.00010572749306447804,0.42599526047706604
1749220199654664700,6.374664794921875,0.4168930947780609,-0.4407387673854828,0.016834640875458717
1749220199664655600,6.384655517578125,-0.05006502941250801,-0.20377177000045776,-0.5649597644805908
1749220199674646800,6.394646728515625,-0.36998605728149414,0.22144770622253418,-0.967970073223114
1749220199684637700,6.4046376953125,-0.38770750164985657,0.900043249130249,-1.3167939186096191
1749220199694628600,6.414628662109375,-0.31490975618362427,1.639215111732483,-1.7497529983520508
1749220199704619800,6.424619873046875,-0.2801312506198883,2.2518157958984375,-2.2237613201141357
1749220199714610700,6.434610595703125,-0.2789786458015442,2.6296768188476562,-2.59086275100708
1749220199724601900,6.444601806640625,-0.3219311535358429,2.840440034866333,-3.0016565322875977
1749220199734593000,6.454593017578125,-0.35358843207359314,2.8735177516937256,-3.4888839721679688
1749220199744584000,6.464583984375,-0.3764306306838989,2.553298234939575,-3.905247449874878
1749220199754574800,6.474574951171875,-0.42489537596702576,1.8275716304779053,-4.20914363861084
1749220199764565800,6.484565673828125,-0.3762274384498596,0.904592752456665,-4.531071186065674
1749220199774557000,6.494556884765625,-0.2105356603860855,-0.09099781513214111,-4.890146255493164
1749220199784547800,6.5045478515625,-0.043478500097990036,-1.1423770189285278,-5.1083455085754395
1749220199794538800,6.514538818359375,0.058169297873973846,-2.0983598232269287,-5.258626937866211
1749220199804530000,6.524530029296875,0.1969311684370041,-2.6581947803497314,-5.360927104949951
1749220199814520800,6.534520751953125,0.40845274925231934,-2.5370659828186035,-5.343752861022949
1749220199824511700,6.54451171875,0.6483052968978882,-1.656402826309204,-5.3416242599487305
1749220199834502700,6.554502685546875,0.8588638305664062,-0.30049777030944824,-5.260685920715332
1749220199844493800,6.564493896484375,0.9875126481056213,1.2787742614746094,-5.100383758544922
1749220199854484700,6.574484619140625,1.0357624292373657,2.782238245010376,-5.031160831451416
1749220199864475600,6.5844755859375,1.0211597681045532,3.817368268966675,-4.94167947769165
1749220199874466800,6.594466796875,0.9505136013031006,4.095875263214111,-4.885880470275879
1749220199884457700,6.604457763671875,0.8329558372497559,3.687574625015259,-4.867324352264404
1749220199894448600,6.61444873046875,0.7266006469726562,2.9274544715881348,-4.809181213378906
1749220199904439800,6.624439697265625,0.6619662046432495,2.175934314727783,-4.801732540130615
1749220199914431000,6.634430908203125,0.6719949245452881,1.6125656366348267,-4.847811698913574
1749220199924422000,6.644421875,0.7307748794555664,1.3126907348632812,-4.852139949798584
1749220199934412800,6.654412841796875,0.769219696521759,1.2090003490447998,-4.826358318328857
1749220199944404000,6.664404052734375,0.7701424956321716,1.1702626943588257,-4.760660171508789
1749220199954395000,6.674394775390625,0.7655134201049805,1.072925329208374,-4.616049766540527
1749220199964385800,6.6843857421875,0.7694522142410278,0.927920401096344,-4.361906051635742
1749220199974377000,6.694376953125,0.7424411177635193,0.7084423899650574,-3.916259288787842
1749220199984367900,6.704367919921875,0.564261257648468,0.5045017600059509,-3.3196048736572266
1749220199994358800,6.71435888671875,0.296032190322876,0.37097886204719543,-2.9922702312469482
1749220200004349700,6.724349609375,0.21347792446613312,0.21860051155090332,-2.89296555519104
1749220200014340900,6.7343408203125,0.30943959951400757,-0.061175473034381866,-2.503316879272461
1749220200024331800,6.744331787109375,0.353375643491745,-0.3362531065940857,-1.9458441734313965
1749220200034322700,6.75432275390625,0.3690859079360962,-0.5163328647613525,-1.3440433740615845
1749220200044313900,6.76431396484375,0.39269933104515076,-0.6241331100463867,-0.6435741782188416
1749220200054304800,6.7743046875,0.3588572144508362,-0.6496096849441528,0.07869241386651993
1749220200064295700,6.784295654296875,0.2659270167350769,-0.5713087916374207,0.8115813136100769
1749220200074286600,6.79428662109375,0.16581027209758759,-0.19662438333034515,1.3649406433105469
1749220200084277800,6.80427783203125,0.07971453666687012,0.5203697085380554,1.793886661529541
1749220200094268700,6.8142685546875,0.16953390836715698,0.6355812549591064,1.5348987579345703
1749220200104259800,6.824259765625,0.8010032176971436,0.4690713584423065,2.5927700996398926
1749220200114251000,6.8342509765625,1.113228440284729,0.38128235936164856,1.5938524007797241
1749220200124242000,6.844241943359375,-0.22731970250606537,2.5343236923217773,2.645451784133911
1749220200134232800,6.85423291015625,-1.396389365196228,5.10072135925293,3.1816394329071045
1749220200144223700,6.8642236328125,-0.9541906118392944,4.213398456573486,2.955169677734375
1749220200154215400,6.87421533203125,-0.12801335752010345,0.4841972887516022,3.275527238845825
1749220200164206600,6.88420654296875,0.2366306483745575,-1.7017282247543335,2.98684024810791
1749220200174197500,6.894197509765625,0.67708420753479,-1.846796989440918,2.9349279403686523
1749220200184188400,6.9041884765625,1.1775163412094116,-1.702115774154663,2.687767267227173
1749220200194179600,6.9141796875,1.2485719919204712,-1.8622175455093384,2.844013214111328
1749220200204170500,6.92417041015625,0.5964423418045044,-1.8386008739471436,2.3474769592285156
1749220200214161400,6.934161376953125,-0.7407910227775574,-0.6109933257102966,2.325603723526001
1749220200224152300,6.94415234375,-1.3563673496246338,0.7228929400444031,2.154040575027466
1749220200234143500,6.9541435546875,-0.8650913834571838,1.64206063747406,1.8313720226287842
1749220200244134400,6.964134521484375,0.09315258264541626,1.5969948768615723,1.7352733612060547
1749220200254125300,6.974125244140625,0.41980472207069397,1.4363282918930054,1.544035792350769
1749220200264116500,6.984116455078125,0.2082434892654419,0.9564428925514221,1.5169477462768555
1749220200274107400,6.994107421875,0.04356185719370842,0.286580353975296,1.4357876777648926
1749220200284098300,7.004098388671875,0.06629753112792969,-0.03894633427262306,1.326758861541748
1749220200294089200,7.014089111328125,0.14791569113731384,-0.03911278024315834,1.2061190605163574
1749220200304080400,7.024080322265625,0.17287270724773407,-0.1890258491039276,1.1113568544387817
1749220200314071300,7.0340712890625,0.13036653399467468,-0.4791026711463928,1.062930703163147
1749220200324062500,7.0440625,0.11539530009031296,-0.5120766162872314,1.0351057052612305
1749220200334053600,7.0540537109375,0.16374525427818298,-0.21390536427497864,0.9931654930114746
1749220200344044500,7.06404443359375,0.24473890662193298,0.1418604701757431,0.949281632900238
1749220200354035500,7.074035400390625,0.2923796772956848,0.27880313992500305,0.9272034764289856
1749220200364026400,7.0840263671875,0.28140076994895935,0.16466431319713593,0.9180382490158081
1749220200374017500,7.094017578125,0.25309938192367554,-0.07187605649232864,0.9181098937988281
1749220200384008400,7.104008544921875,0.21968123316764832,-0.34010910987854004,0.9047016501426697
1749220200393999400,7.113999267578125,0.16652852296829224,-0.5089327692985535,0.904902994632721
1749220200403990500,7.123990478515625,0.1157606840133667,-0.4793839156627655,0.9218915700912476
1749220200413981400,7.1339814453125,0.10195060074329376,-0.2962321937084198,0.9496206641197205
1749220200423971300,7.143971435546875,0.10127921402454376,-0.10256791859865189,0.9839743375778198
1749220200433963500,7.153963623046875,0.10076043009757996,0.01894998922944069,1.025565266609192
1749220200443954400,7.163954345703125,0.10919945687055588,0.054728757590055466,1.0878427028656006
1749220200453945300,7.1739453125,0.12554407119750977,0.01245214231312275,1.1409573554992676
1749220200463936300,7.183936279296875,0.13152793049812317,-0.0987529382109642,1.197194218635559
1749220200473927400,7.193927490234375,0.12503327429294586,-0.19577881693840027,1.24247407913208
1749220200483918300,7.20391845703125,0.11035420745611191,-0.1761167049407959,1.304714322090149
1749220200493909200,7.2139091796875,0.0912497490644455,-0.10866203159093857,1.332878828048706
1749220200503900400,7.223900390625,0.08838631957769394,-0.012910738587379456,1.3488314151763916
1749220200513891600,7.2338916015625,0.09061245620250702,0.06426234543323517,1.363219976425171
1749220200523881500,7.243881591796875,0.08682970702648163,0.14920254051685333,1.3619112968444824
1749220200533872400,7.253872314453125,0.09103856235742569,0.1612437516450882,1.326229453086853
1749220200543863600,7.263863525390625,0.10419803857803345,0.0710826963186264,1.2888010740280151
1749220200553854500,7.2738544921875,0.10504172742366791,-0.014007960446178913,1.2682348489761353
1749220200563845400,7.283845458984375,0.13509869575500488,-0.061230067163705826,1.2239872217178345
1749220200573836300,7.293836181640625,0.18240176141262054,-0.15077300369739532,1.1920032501220703
1749220200583827500,7.303827392578125,0.19558946788311005,-0.27468669414520264,1.1716550588607788
1749220200593818400,7.313818359375,0.1871137022972107,-0.4283103346824646,1.1639460325241089
1749220200603809300,7.323809326171875,0.1922149807214737,-0.5679004788398743,1.1661454439163208
1749220200613800400,7.333800537109375,0.14685069024562836,-0.6163028478622437,1.2657312154769897
1749220200623791400,7.343791259765625,0.052450425922870636,-0.6332229971885681,1.3580888509750366
1749220200633782300,7.3537822265625,-0.005616073962301016,-0.6876769065856934,1.5251736640930176
1749220200643773400,7.3637734375,-0.04514191299676895,-0.7059685587882996,1.7134445905685425
1749220200653764600,7.3737646484375,-0.09519309550523758,-0.7505229711532593,1.8102829456329346
1749220200663755500,7.383755615234375,-0.14680169522762299,-0.6696950197219849,2.0294384956359863
1749220200673746400,7.393746337890625,-0.17786720395088196,-0.6454793810844421,2.1876306533813477
1749220200683737600,7.403737548828125,-0.19200965762138367,-0.7563853859901428,2.345921039581299
1749220200693728500,7.413728515625,-0.18067044019699097,-1.0435141324996948,2.4586992263793945
1749220200703719400,7.423719482421875,-0.179748997092247,-1.3130416870117188,2.5119221210479736
1749220200713710300,7.43371044921875,-0.2390967309474945,-1.5316296815872192,2.617830753326416
1749220200723701500,7.443701416015625,-0.31370705366134644,-1.609277606010437,2.773752450942993
1749220200733692400,7.4536923828125,-0.2624585032463074,-1.5599786043167114,2.781172275543213
1749220200743683300,7.463683349609375,-0.09956094622612,-1.7614909410476685,2.934356689453125
1749220200753674500,7.473674560546875,0.04639146849513054,-2.1174962520599365,3.1807334423065186
1749220200763665400,7.48366552734375,0.11311936378479004,-2.6992244720458984,3.2778711318969727
1749220200773656300,7.49365625,0.18052557110786438,-3.289858102798462,3.091989755630493
1749220200783647500,7.5036474609375,0.236087366938591,-3.4152820110321045,3.257777452468872
1749220200793638400,7.513638427734375,0.18807829916477203,-3.5853638648986816,2.946345090866089
1749220200803629300,7.52362939453125,0.1962329000234604,-3.696237087249756,2.9415318965911865
1749220200813620200,7.5336201171875,0.05350423604249954,-3.6255087852478027,2.83683443069458
1749220200823611400,7.543611328125,-0.24265418946743011,-3.3457117080688477,2.1480753421783447
1749220200833602300,7.553602294921875,-0.38343873620033264,-2.857616901397705,2.0222280025482178
1749220200843593500,7.563593505859375,-0.3736838400363922,-1.895941138267517,2.3174164295196533
1749220200853584600,7.573584716796875,-0.40302574634552,-0.09571267664432526,2.1683380603790283
1749220200863575600,7.583575439453125,-0.2665041387081146,0.3758567273616791,0.11000107228755951
1749220200873566500,7.59356640625,0.22516654431819916,0.7111726403236389,0.17017918825149536
1749220200883557400,7.603557373046875,0.4737699627876282,0.5456787943840027,0.42448312044143677
1749220200893548500,7.613548583984375,0.27726250886917114,1.1031745672225952,-0.4649895131587982
1749220200903539500,7.62353955078125,0.10457754135131836,1.8411593437194824,-0.9559624195098877
1749220200913530400,7.6335302734375,0.17238028347492218,2.276308536529541,-1.2987943887710571
1749220200923521500,7.643521484375,0.26863518357276917,2.548229455947876,-1.6840115785598755
1749220200933512400,7.653512451171875,0.2844413220882416,2.525181531906128,-2.2133941650390625
1749220200943503400,7.66350341796875,0.2636990249156952,2.2282955646514893,-2.572298288345337
1749220200953494300,7.673494384765625,0.22500674426555634,1.7218660116195679,-2.844949245452881
1749220200963485400,7.6834853515625,0.15279141068458557,1.1257551908493042,-3.2220041751861572
1749220200973476400,7.693476318359375,0.10029251873493195,0.564636766910553,-3.6054306030273438
1749220200983467300,7.70346728515625,0.09191527217626572,0.08092228323221207,-3.855740785598755
1749220200993458400,7.71345849609375,0.0741964653134346,-0.19506269693374634,-4.158659934997559
1749220201003449300,7.723449462890625,0.0757160633802414,-0.1702502965927124,-4.4379377365112305
1749220201013440300,7.733440185546875,0.09725997596979141,0.038009434938430786,-4.6579976081848145
1749220201023431400,7.743431396484375,0.09079248458147049,0.31220823526382446,-4.845409393310547
1749220201033422600,7.753422607421875,0.07619703561067581,0.5436134934425354,-5.017592430114746
1749220201043413500,7.76341357421875,0.06199625879526138,0.7479677200317383,-5.152512550354004
1749220201053404400,7.773404296875,0.05440358817577362,0.9604597091674805,-5.2978925704956055
1749220201063395600,7.7833955078125,0.07503136992454529,1.097824215888977,-5.4494218826293945
1749220201073386500,7.793386474609375,0.1019870862364769,1.073540210723877,-5.483715057373047
1749220201083377400,7.80337744140625,0.11774314194917679,0.9834238886833191,-5.488865852355957
1749220201093368600,7.81336865234375,0.17014190554618835,0.9692193865776062,-5.475679874420166
1749220201103359500,7.823359375,0.2675206661224365,1.0843379497528076,-5.448779582977295
1749220201113350400,7.833350341796875,0.3647390902042389,1.2685037851333618,-5.366281509399414
1749220201123341300,7.84334130859375,0.45314696431159973,1.444818377494812,-5.265146732330322
1749220201133332500,7.85333251953125,0.5518242716789246,1.567702293395996,-5.168184757232666
1749220201143323400,7.863323486328125,0.6555426716804504,1.6337414979934692,-5.007896423339844
1749220201153314300,7.873314208984375,0.725653350353241,1.6654181480407715,-4.762876033782959
1749220201163308300,7.883308349609375,0.7597916126251221,1.6631959676742554,-4.511826515197754
1749220201173299200,7.89329931640625,0.764293909072876,1.649673342704773,-4.264135360717773
1749220201183290400,7.903290283203125,0.7483362555503845,1.6080142259597778,-3.9984750747680664
1749220201193281500,7.913281494140625,0.7006723284721375,1.5836535692214966,-3.7106804847717285
1749220201203272400,7.9232724609375,0.6177061200141907,1.5893803834915161,-3.4328644275665283
1749220201213263600,7.933263671875,0.4578338861465454,1.5540010929107666,-3.070111036300659
1749220201223254500,7.943254638671875,0.23812735080718994,1.249211072921753,-2.708998918533325
1749220201233245400,7.953245361328125,0.024836374446749687,0.7906946539878845,-2.3573710918426514
1749220201243236600,7.963236572265625,-0.038896266371011734,0.4344145655632019,-1.8371819257736206
1749220201253227500,7.9732275390625,0.05524834245443344,0.1346462219953537,-1.3993934392929077
1749220201263218400,7.983218505859375,0.18408168852329254,-0.32167869806289673,-0.9640107750892639
1749220201273209300,7.993209228515625,0.2451935112476349,-0.9487016201019287,-0.476776659488678
1749220201283200500,8.003200439453124,0.25133341550827026,-1.488373041152954,-0.03363945335149765
1749220201293191400,8.01319140625,0.2473735809326172,-1.7551437616348267,0.40802156925201416
1749220201303182300,8.023182373046875,0.25407087802886963,-1.7436612844467163,0.8131168484687805
1749220201313173500,8.033173583984375,0.298236221075058,-1.6272974014282227,1.123732566833496
1749220201323164400,8.043164306640625,0.6158996820449829,-2.2879490852355957,0.8778380751609802
1749220201333155300,8.0531552734375,1.122327446937561,-1.951979398727417,2.386852264404297
1749220201343146200,8.063146240234374,0.39635321497917175,-0.7489399909973145,1.0972141027450562
1749220201353137400,8.073137451171876,-1.1449536085128784,2.97735595703125,2.7388291358947754
1749220201363128300,8.08312841796875,-0.7969467043876648,4.1639862060546875,2.6886725425720215
1749220201373119200,8.093119140625,-0.11446745693683624,1.8531666994094849,2.559216260910034
1749220201383110400,8.1031103515625,0.059667326509952545,-0.7784925699234009,3.0358502864837646
1749220201393101600,8.1131015625,0.09031950682401657,-1.1121424436569214,2.593367576599121
1749220201403092500,8.123092529296875,0.6871373653411865,-0.9706606864929199,2.81790828704834
1749220201413083400,8.13308349609375,1.1183098554611206,-1.2191340923309326,2.665525436401367
1749220201423074600,8.143074462890626,0.8799446225166321,-1.7591875791549683,2.7898473739624023
1749220201433065500,8.1530654296875,-0.3339814245700836,-1.304484486579895,2.243039608001709
1749220201443056400,8.163056396484375,-1.2956771850585938,-0.19090338051319122,2.369894027709961
1749220201453047600,8.173047607421875,-1.1920833587646484,1.0822354555130005,2.013547897338867
1749220201463038500,8.18303857421875,-0.4204374849796295,1.6119424104690552,1.7706716060638428
1749220201473029400,8.193029296875,0.23481065034866333,1.608955979347229,1.7153135538101196
1749220201483020500,8.2030205078125,0.24152393639087677,1.3242698907852173,1.537152647972107
1749220201493011500,8.213011474609376,0.03705975040793419,0.8272808790206909,1.5312042236328125
1749220201503002400,8.22300244140625,0.009502957575023174,0.5689175128936768,1.4644570350646973
1749220201512993300,8.2329931640625,0.09769566357135773,0.5794878602027893,1.3386856317520142
1749220201522984400,8.242984375,0.15748097002506256,0.3974616229534149,1.2531977891921997
1749220201532975400,8.252975341796875,0.08223521709442139,-0.13715173304080963,1.1794317960739136
1749220201542966300,8.26296630859375,-0.023914920166134834,-0.5957688093185425,1.1411203145980835
1749220201552957400,8.27295751953125,0.017001353204250336,-0.6583717465400696,1.1028141975402832
1749220201562948400,8.2829482421875,0.17133553326129913,-0.38353967666625977,1.0693765878677368
1749220201572939500,8.292939453125,0.28045323491096497,-0.06108332797884941,1.0312052965164185
1749220201582930400,8.302930419921875,0.3013196289539337,0.1303793042898178,1.006738305091858
1749220201592921600,8.312921630859375,0.27087119221687317,0.16356922686100006,0.996953010559082
1749220201602912500,8.32291259765625,0.23205241560935974,0.020067717880010605,0.9783005118370056
1749220201612903400,8.3329033203125,0.19429756700992584,-0.264386385679245,0.9722026586532593
1749220201622894600,8.34289453125,0.1440277397632599,-0.48261111974716187,0.9747947454452515
1749220201632885500,8.352885498046875,0.11061146855354309,-0.4734320044517517,0.982837438583374
1749220201642876400,8.36287646484375,0.11113876849412918,-0.310452938079834,0.988881528377533
1749220201652867300,8.372867431640625,0.12847541272640228,-0.14166206121444702,0.9953489899635315
1749220201662858500,8.3828583984375,0.13823243975639343,-0.006170277949422598,0.9898479580879211
1749220201672849400,8.392849365234374,0.14371934533119202,0.00820999313145876,0.9930858612060547
1749220201682840300,8.40284033203125,0.1366361379623413,-0.1023215800523758,0.9889683127403259
1749220201692831500,8.41283154296875,0.12702345848083496,-0.22184264659881592,0.9997978210449219
1749220201702822400,8.422822509765625,0.142955020070076,-0.3351207375526428,1.0062255859375
1749220201712813300,8.432813232421875,0.16982711851596832,-0.3709152340888977,1.0259567499160767
1749220201722804200,8.44280419921875,0.1593313366174698,-0.3645574450492859,1.047920823097229
1749220201732795400,8.45279541015625,0.13382357358932495,-0.33949631452560425,1.0887079238891602
1749220201742786300,8.462786376953124,0.11720571666955948,-0.23579654097557068,1.1416294574737549
1749220201752777200,8.472777099609376,0.11310391873121262,-0.1164025068283081,1.1582742929458618
1749220201762768400,8.482768310546875,0.11367809772491455,-0.06066760793328285,1.1691237688064575
1749220201772759600,8.492759521484375,0.08215212821960449,-0.03983849287033081,1.1836522817611694
1749220201782750500,8.50275048828125,0.05079234018921852,-0.03554254770278931,1.1957247257232666
1749220201792741600,8.51274169921875,0.05518096312880516,-0.11762197315692902,1.2074146270751953
1749220201802732500,8.522732666015624,0.08020935207605362,-0.2580088973045349,1.1962621212005615
1749220201812723500,8.532723388671876,0.13807079195976257,-0.40741702914237976,1.274544358253479
1749220201822714400,8.54271435546875,0.06011180579662323,-0.6137396097183228,1.3359601497650146
1749220201832705500,8.55270556640625,-0.045646581798791885,-0.7502292394638062,1.4474592208862305
1749220201842696400,8.562696533203125,-0.11821772158145905,-0.7237598299980164,1.6164274215698242
1749220201852687400,8.572687255859375,-0.14963236451148987,-0.6401922106742859,1.6729029417037964
1749220201862678500,8.582678466796875,-0.09941686689853668,-0.6164538860321045,1.7964009046554565
1749220201872669400,8.59266943359375,-0.1316877156496048,-0.6777079105377197,1.9826525449752808
1749220201882660400,8.602660400390626,-0.22812238335609436,-0.7313101291656494,2.1001503467559814
1749220201892651300,8.6126513671875,-0.27089807391166687,-0.7318044304847717,2.2834692001342773
1749220201902642400,8.622642333984375,-0.30139580368995667,-0.7275625467300415,2.4222469329833984
1749220201912633300,8.63263330078125,-0.2760116159915924,-0.8488399982452393,2.5043680667877197
1749220201922624300,8.642624267578125,-0.13917812705039978,-1.129814624786377,2.590357780456543
1749220201932615400,8.652615478515624,-0.10575225949287415,-1.5343421697616577,2.6366190910339355
1749220201942606300,8.6626064453125,-0.21763405203819275,-1.8335506916046143,2.748849391937256
1749220201952597500,8.672597412109376,-0.2689278721809387,-1.9819111824035645,2.779421091079712
1749220201962588400,8.68258837890625,-0.26474910974502563,-1.9775840044021606,2.9828131198883057
1749220201972579600,8.69257958984375,-0.23730017244815826,-2.102292776107788,3.0372748374938965
1749220201982570500,8.702570556640625,-0.09595715254545212,-2.2882816791534424,3.0804903507232666
1749220201992561400,8.7125615234375,-0.11109083145856857,-2.389808416366577,3.346625328063965
1749220202002552600,8.722552490234374,-0.22189325094223022,-2.650414228439331,3.0914337635040283
1749220202012543500,8.73254345703125,-0.19299635291099548,-2.9119322299957275,3.1275036334991455
1749220202022534400,8.742534423828126,-0.20905068516731262,-2.814086437225342,3.448817014694214
1749220202032525600,8.752525634765625,-0.21487902104854584,-2.9696075916290283,3.301922559738159
1749220202042516500,8.7625166015625,-0.26109153032302856,-3.492262125015259,2.356715440750122
1749220202052507400,8.77250732421875,-0.4178811311721802,-3.1573293209075928,1.7304214239120483
1749220202062498300,8.782498291015624,-0.579807698726654,-2.14383602142334,1.3561625480651855
1749220202072489500,8.792489501953124,-0.5241526961326599,-1.1697732210159302,1.6249399185180664
1749220202082480400,8.80248046875,-0.3410923480987549,-0.48819151520729065,1.673362135887146
1749220202092471300,8.81247119140625,-0.11642461270093918,0.08066289126873016,0.6290197372436523
1749220202102462500,8.82246240234375,0.029279591515660286,0.6323939561843872,-0.3765651285648346
1749220202112453400,8.832453369140625,0.2120821624994278,0.9319625496864319,-0.07562632113695145
1749220202122444300,8.8424443359375,0.20626342296600342,0.8623936176300049,-0.21854831278324127
1749220202132435200,8.852435302734374,0.018090587109327316,0.8104840517044067,-1.0441490411758423
1749220202142426400,8.86242626953125,0.009141034446656704,0.5889905691146851,-1.5156958103179932
1749220202152417500,8.87241748046875,0.12555952370166779,0.7631916403770447,-1.666099190711975
1749220202162405400,8.8824052734375,0.24033084511756897,1.6150668859481812,-2.0040993690490723
1749220202172396300,8.892396240234374,0.34946000576019287,2.6378092765808105,-2.5029549598693848
1749220202182387200,8.90238720703125,0.3628455698490143,3.2169954776763916,-2.9705119132995605
1749220202192378000,8.912378173828126,0.26536110043525696,3.0254852771759033,-3.58064603805542
1749220202202369300,8.922369384765625,0.1741558164358139,2.3104000091552734,-4.005923271179199
1749220202212359200,8.932359130859375,0.1727195829153061,1.4020267724990845,-4.172186851501465
1749220202222350000,8.94235009765625,0.20411159098148346,0.43709316849708557,-4.418780326843262
1749220202232341000,8.952341064453124,0.27157533168792725,-0.5846402645111084,-4.753690242767334
1749220202242332200,8.962332275390626,0.4027431905269623,-1.3981568813323975,-4.971043586730957
1749220202252323000,8.972322998046875,0.5419775247573853,-1.7969881296157837,-5.075146675109863
1749220202262314000,8.98231396484375,0.6371407508850098,-1.902588129043579,-5.248046398162842
1749220202272305200,8.99230517578125,0.6922780871391296,-1.8441112041473389,-5.2851457595825195
1749220202282296000,9.002296142578125,0.7737207412719727,-1.5222783088684082,-5.175753593444824
1749220202292287200,9.012287353515624,0.9659721851348877,-0.6832552552223206,-5.13592004776001
1749220202302278100,9.022278076171874,1.2183706760406494,0.7080695629119873,-5.147500514984131
1749220202312269300,9.032269287109376,1.3809994459152222,2.136413335800171,-5.169328689575195
1749220202322260200,9.04226025390625,1.3809432983398438,2.9746341705322266,-5.187666416168213
1749220202332251100,9.052251220703125,1.3022652864456177,3.126019239425659,-5.189377307891846
1749220202342242300,9.0622421875,1.2267340421676636,2.8714993000030518,-5.250216484069824
1749220202352233200,9.072233154296875,1.1831902265548706,2.4898295402526855,-5.280851364135742
1749220202362224000,9.08222412109375,1.1702126264572144,2.0362982749938965,-5.233031749725342
1749220202372215000,9.092215087890626,1.1906061172485352,1.5286757946014404,-5.168516159057617
1749220202382206200,9.102206298828126,1.2310121059417725,1.2131025791168213,-5.057884216308594
1749220202392197000,9.112197021484375,1.2555731534957886,1.170660138130188,-4.829668998718262
1749220202402188000,9.12218798828125,1.2665525674819946,1.3199294805526733,-4.401307106018066
1749220202412179200,9.13217919921875,1.1811332702636719,1.305978536605835,-3.8703956604003906
1749220202422170000,9.142170166015624,0.9343429207801819,0.7580568194389343,-3.566154718399048
1749220202432161000,9.1521611328125,0.6904032230377197,0.10252371430397034,-3.334286689758301
1749220202442152000,9.16215185546875,0.5937941074371338,-0.30532902479171753,-3.016860246658325
1749220202452143000,9.17214306640625,0.5447514653205872,-0.6666967868804932,-2.590874671936035
1749220202462134000,9.182134033203125,0.5654327869415283,-1.0360591411590576,-1.8225915431976318
1749220202472125000,9.192125,0.6657111644744873,-1.5439462661743164,-1.0220205783843994
1749220202482116000,9.2021162109375,0.7367488741874695,-2.1213760375976562,-0.22126048803329468
1749220202492107300,9.212107177734374,0.6844374537467957,-2.4881880283355713,0.7166845798492432
1749220202502098200,9.22209814453125,0.5382549166679382,-2.5782358646392822,1.5895226001739502
1749220202512089300,9.23208935546875,0.344633549451828,-2.393967390060425,2.0595858097076416
1749220202522080300,9.242080322265625,0.26864930987358093,-2.5345492362976074,1.3745719194412231
1749220202532071200,9.2520712890625,0.3258119225502014,-2.410362720489502,1.617185354232788
1749220202542062000,9.26206201171875,0.21617597341537476,-0.22795672714710236,1.7686315774917603
1749220202552053200,9.27205322265625,-0.43529659509658813,3.5947601795196533,1.4383034706115723
1749220202562044200,9.282044189453124,-1.2074180841445923,6.418938159942627,1.6903916597366333
1749220202572035000,9.29203515625,-1.0309144258499146,6.9602556228637695,2.3251936435699463
1749220202582026200,9.302026123046875,-0.14983609318733215,4.82217264175415,2.0247676372528076
1749220202592017200,9.31201708984375,0.9428690075874329,1.348710536956787,3.144263505935669
1749220202602008000,9.322008056640625,1.4905380010604858,-1.6286348104476929,2.4001805782318115
1749220202611999000,9.3319990234375,0.5976314544677734,-1.5663056373596191,2.799934148788452
1749220202621990100,9.341990234375,-0.466083288192749,-0.9105646014213562,2.0276455879211426
1749220202631981000,9.35198095703125,-0.7032985091209412,-0.17809037864208221,1.9872210025787354
1749220202641972000,9.361971923828126,-0.3206712305545807,-0.7469769716262817,1.7460192441940308
1749220202651963100,9.371963134765625,-0.14898814260959625,-0.9868314266204834,1.6013180017471313
1749220202661954000,9.3819541015625,-0.16528110206127167,-0.6866031289100647,1.5061078071594238
1749220202671945200,9.3919453125,-0.07999896258115768,0.018066884949803352,1.4173588752746582
1749220202681936100,9.40193603515625,0.09528391063213348,0.6322685480117798,1.2654718160629272
1749220202691927300,9.41192724609375,0.17732737958431244,1.0036710500717163,1.1517343521118164
1749220202701918200,9.421918212890626,0.14471857249736786,1.0301111936569214,1.1268961429595947
1749220202711909000,9.4319091796875,0.09026437997817993,0.7502100467681885,1.1231104135513306
1749220202721900300,9.441900390625,0.04253760725259781,0.2910728454589844,1.1262543201446533
1749220202731891200,9.45189111328125,0.020547086372971535,-0.31876519322395325,1.1196445226669312
1749220202741882000,9.461882080078125,0.0350772924721241,-0.9408617615699768,1.1406701803207397
1749220202751873000,9.471873046875,0.07234317064285278,-1.319663166999817,1.1553559303283691
1749220202761864200,9.4818642578125,0.1105659231543541,-1.3563692569732666,1.169984221458435
1749220202771855000,9.491855224609376,0.1375322937965393,-1.1649396419525146,1.197860836982727
1749220202781846000,9.501845947265625,0.1275329291820526,-0.9089030623435974,1.230981707572937
1749220202791837200,9.511837158203125,0.08545737713575363,-0.6839911341667175,1.2694073915481567
1749220202801828000,9.521828125,0.01444152370095253,-0.5061106085777283,1.3062824010849
1749220202811819000,9.531819091796875,-0.07540847361087799,-0.3657627999782562,1.348738431930542
1749220202821810200,9.54181005859375,-0.14982891082763672,-0.2657078504562378,1.3843451738357544
1749220202831801000,9.551801025390626,-0.17924486100673676,-0.17410814762115479,1.4098154306411743
1749220202841792000,9.5617919921875,-0.17329135537147522,-0.01721946708858013,1.440792202949524
1749220202851783000,9.571782958984375,-0.15558560192584991,0.1812068074941635,1.4489668607711792
1749220202861774000,9.581774169921875,-0.13551761209964752,0.3663468360900879,1.4664499759674072
1749220202871765200,9.59176513671875,-0.10740421712398529,0.4022217392921448,1.4625095129013062
1749220202881756200,9.601756103515624,-0.08689894527196884,0.29691609740257263,1.4101618528366089
1749220202891747300,9.611747314453124,-0.05992618575692177,0.10750622302293777,1.3619168996810913
1749220202901738200,9.62173828125,-0.03398539870977402,-0.09261702001094818,1.3384472131729126
1749220202911729200,9.631729248046875,-0.03313185274600983,-0.2355795055627823,1.3138537406921387
1749220202921720000,9.641719970703125,-0.01672891341149807,-0.24856747686862946,1.3133658170700073
1749220202931711200,9.651711181640625,0.018491392955183983,-0.181038498878479,1.344230055809021
1749220202941702100,9.6617021484375,0.02088024839758873,-0.17368124425411224,1.3193414211273193
1749220202951693000,9.671693115234374,0.00845473725348711,-0.18694299459457397,1.345152497291565
1749220202961684200,9.681684326171874,0.010059292428195477,-0.24576503038406372,1.380245327949524
1749220202971675100,9.691675048828126,-0.012525378726422787,-0.3672914505004883,1.3838938474655151
1749220202981666000,9.701666015625,-0.0060150157660245895,-0.43752941489219666,1.4395805597305298
1749220202991657000,9.711656982421875,0.05993097648024559,-0.6307182908058167,1.4570671319961548
1749220203001648000,9.721648193359375,0.052384112030267715,-0.8945406079292297,1.558076024055481
1749220203011639000,9.73163916015625,-0.1296386867761612,-0.9784014225006104,1.7022584676742554
1749220203021630000,9.7416298828125,-0.26131442189216614,-0.8937554955482483,1.8253800868988037
1749220203031621000,9.75162109375,-0.2811698913574219,-0.6248431205749512,2.0364973545074463
1749220203041612000,9.761612060546875,-0.259116530418396,-0.6361362338066101,2.085022449493408
1749220203051603200,9.771603271484375,-0.24262462556362152,-0.7743806838989258,2.311152696609497
1749220203061594400,9.781594482421875,-0.3399839401245117,-0.8750864863395691,2.448697090148926
1749220203071585300,9.791585205078125,-0.4377885162830353,-0.9765968918800354,2.5986111164093018
1749220203081576200,9.801576171875,-0.5119075179100037,-1.0909940004348755,2.7670607566833496
1749220203091567000,9.811567138671874,-0.5470399260520935,-1.2518430948257446,2.8580243587493896
1749220203101558300,9.821558349609376,-0.46339988708496094,-1.5230170488357544,2.9701011180877686
1749220203111549200,9.831549072265625,-0.26928871870040894,-2.0161263942718506,3.018449306488037
1749220203121539000,9.8415390625,-0.16534900665283203,-2.60056209564209,3.234708309173584
1749220203131530000,9.851530029296875,-0.3814123272895813,-2.9930853843688965,3.362257957458496
1749220203141521200,9.861521240234374,-0.640412449836731,-2.8253188133239746,3.677506923675537
1749220203151512000,9.871511962890626,-0.6835740804672241,-2.795267343521118,3.5417673587799072
1749220203161502700,9.881502685546875,-0.6592769622802734,-3.1905064582824707,3.719271659851074
1749220203171494000,9.891493896484375,-1.033929467201233,-3.1709907054901123,3.6748440265655518
1749220203181484800,9.90148486328125,-1.4146754741668701,-2.0152862071990967,3.7668957710266113
1749220203191475700,9.911475830078125,-1.5006273984909058,-1.255405306816101,3.681629180908203
1749220203201466600,9.921466552734374,-1.2310696840286255,-1.3727673292160034,2.8989953994750977
1749220203211457800,9.931457763671874,-0.8823252320289612,-1.2318999767303467,2.1726205348968506
1749220203221448700,9.94144873046875,-0.8346828818321228,-0.39358004927635193,1.4775888919830322
1749220203231439600,9.951439697265625,-0.8578683733940125,0.8138502836227417,1.4665898084640503
1749220203241430800,9.9614306640625,-0.716317892074585,1.163802981376648,1.6148273944854736
1749220203251421700,9.971421630859375,-0.6879637241363525,1.2944177389144897,1.15402090549469
1749220203261412600,9.98141259765625,-0.9016592502593994,1.3902206420898438,0.37642183899879456
1749220203271403800,9.99140380859375,-0.9412303566932678,1.0821983814239502,-0.6739739179611206
1749220203281394700,10.001394775390626,-0.36836472153663635,0.4183487892150879,-0.7652638554573059
1749220203291385600,10.011385498046875,0.06936363130807877,-0.9244303703308105,-0.7838420867919922
1749220203301376500,10.02137646484375,-0.0979984700679779,-1.639003038406372,-1.0482441186904907
1749220203311367700,10.03136767578125,-0.4798600673675537,-1.4560353755950928,-1.4409669637680054
1749220203321358600,10.041358642578125,-0.5827076435089111,-0.5259676575660706,-1.871004343032837
1749220203331349500,10.051349609375,-0.3200666904449463,0.8741389513015747,-2.2482471466064453
1749220203341340700,10.061340576171874,0.06253848224878311,2.184149980545044,-2.7331125736236572
1749220203351331600,10.07133154296875,0.2334231436252594,3.0420162677764893,-3.417515277862549
1749220203361322800,10.08132275390625,0.18344971537590027,3.287266492843628,-3.9747252464294434
1749220203371313700,10.091313720703125,0.21401561796665192,3.0430026054382324,-4.348593235015869
1749220203381304800,10.101304931640625,0.37000468373298645,2.3625965118408203,-4.795607566833496
1749220203391295700,10.111295654296875,0.5119740962982178,1.2075904607772827,-5.211066722869873
1749220203401286700,10.12128662109375,0.5953403115272522,-0.4181908667087555,-5.54008150100708
1749220203411277800,10.13127783203125,0.7477424144744873,-2.122922420501709,-5.763326168060303
1749220203421268700,10.141268798828126,1.015177845954895,-3.163895606994629,-5.890406608581543
1749220203431259600,10.151259765625,1.3235743045806885,-3.4454100131988525,-5.986418724060059
1749220203441250600,10.16125048828125,1.5775498151779175,-3.4038002490997314,-6.057962417602539
1749220203451241700,10.17124169921875,1.7175601720809937,-3.158846378326416,-5.903980731964111
1749220203461232600,10.181232666015624,1.9024429321289062,-2.3682613372802734,-5.773181915283203
1749220203471223600,10.1912236328125,2.285658597946167,-0.7519522905349731,-5.872910022735596
1749220203481214700,10.201214599609376,2.691013813018799,1.2784496545791626,-6.035309791564941
1749220203491205600,10.21120556640625,2.8387534618377686,2.9351000785827637,-6.171414375305176
1749220203501196500,10.221196533203125,2.698580741882324,3.813458204269409,-6.195991039276123
1749220203511187700,10.231187744140625,2.3860526084899902,3.9082119464874268,-6.179035186767578
1749220203521178600,10.2411787109375,2.060096502304077,3.535911798477173,-6.14706563949585
1749220203531169500,10.25116943359375,1.7842292785644531,3.1242105960845947,-6.030083656311035
1749220203541160700,10.26116064453125,1.4732683897018433,2.652269124984741,-5.780201435089111
1749220203551151900,10.27115185546875,1.0087449550628662,1.6423383951187134,-5.483534336090088
1749220203561142800,10.281142822265625,0.4811229407787323,0.5406123995780945,-4.938126564025879
1749220203571133700,10.2911337890625,0.22835834324359894,0.19842706620693207,-4.391430854797363
1749220203581124900,10.301124755859375,0.32615306973457336,0.7854546308517456,-3.926177501678467
1749220203591115800,10.31111572265625,0.5844038128852844,1.63944673538208,-3.416050434112549
1749220203601106700,10.321106689453124,0.7462483644485474,1.5380218029022217,-2.453187942504883
1749220203611097600,10.33109765625,0.8403322696685791,0.16718100011348724,-0.6702734231948853
1749220203621088800,10.3410888671875,0.7130829691886902,-1.7148178815841675,1.0381278991699219
1749220203631079700,10.35107958984375,0.3838712275028229,-3.3562586307525635,1.5320390462875366
1749220203641070600,10.361070556640625,0.13173486292362213,-3.954430103302002,2.5722978115081787
1749220203651061800,10.371061767578125,0.1572229117155075,-3.6679835319519043,2.821469783782959
1749220203661052700,10.381052734375,-0.32984715700149536,-0.8284375071525574,1.0039269924163818
1749220203671043600,10.391043701171874,-0.8737367987632751,3.324774980545044,2.689474582672119
1749220203681034500,10.401034423828126,-0.8472860455513,5.788089752197266,2.4669582843780518
1749220203691025700,10.411025634765625,-0.40311843156814575,4.784337043762207,2.1508800983428955
1749220203701016600,10.4210166015625,0.38079768419265747,2.123382806777954,3.0037715435028076
1749220203711007500,10.431007568359375,1.1270694732666016,-0.18558131158351898,3.2247061729431152
1749220203720997600,10.44099755859375,1.3675521612167358,-0.8250901699066162,2.3439252376556396
1749220203730988800,10.45098876953125,0.3119421899318695,-0.33121415972709656,2.7666966915130615
1749220203740979700,10.460979736328126,-0.6742562055587769,0.008474444970488548,2.0510385036468506
1749220203750970600,10.470970703125,-0.7377544641494751,-0.05760364234447479,1.9843356609344482
1749220203760961800,10.4809619140625,-0.382891982793808,-0.7792515754699707,1.721798300743103
1749220203770952700,10.49095263671875,-0.10842767357826233,-1.199213981628418,1.467090368270874
1749220203780943600,10.500943603515625,0.0853055790066719,-1.1098986864089966,1.4351756572723389
1749220203790934500,10.5109345703125,0.11057630926370621,-0.47846245765686035,1.2801636457443237
1749220203800925700,10.52092578125,0.11949896812438965,0.1363791525363922,1.1461113691329956
1749220203810916600,10.53091650390625,0.14771169424057007,0.6153576970100403,1.0564112663269043
1749220203820907500,10.540907470703125,0.14667145907878876,1.013524055480957,0.9750970005989075
1749220203830898700,10.550898681640625,0.09728607535362244,1.1406340599060059,0.9602586627006531
1749220203840889600,10.5608896484375,0.014158962294459343,0.8799832463264465,0.9302937984466553
1749220203850880500,10.570880615234374,-0.04947620630264282,0.2626878023147583,0.8976149559020996
1749220203860871700,10.58087158203125,-0.040885914117097855,-0.5660375952720642,0.9185106754302979
1749220203870862800,10.59086279296875,0.021137243136763573,-1.2730333805084229,0.9876775145530701
1749220203880853800,10.600853759765625,0.08154945075511932,-1.5174391269683838,1.0947024822235107
1749220203890844700,10.6108447265625,0.11741957068443298,-1.304787278175354,1.2022392749786377
1749220203900835800,10.6208359375,0.124834343791008,-0.8922058343887329,1.2868850231170654
1749220203910826800,10.63082666015625,0.10009277611970901,-0.5569460988044739,1.3362452983856201
1749220203920817700,10.640817626953124,0.03945819288492203,-0.3816024959087372,1.3757362365722656
1749220203930808800,10.650808837890626,-0.044389303773641586,-0.3418729305267334,1.4269355535507202
1749220203940799700,10.6607998046875,-0.1141904890537262,-0.3899080753326416,1.5019831657409668
1749220203950790700,10.670790771484375,-0.14487995207309723,-0.4460794925689697,1.6072750091552734
1749220203960781600,10.680781494140625,-0.1542889028787613,-0.3658038079738617,1.732991337776184
1749220203970772700,10.690772705078125,-0.1553989052772522,-0.061945658177137375,1.8058881759643555
1749220203980763600,10.700763671875,-0.14003193378448486,0.2977520525455475,1.7564170360565186
1749220203990754600,10.710754638671874,-0.13252794742584229,0.45635369420051575,1.7108458280563354
1749220204000745700,10.720745849609376,-0.149789497256279,0.3470008373260498,1.7209988832473755
1749220204010736600,10.730736572265625,-0.1541653275489807,0.12933774292469025,1.7017689943313599
1749220204020727600,10.7407275390625,-0.10514932125806808,-0.06442239880561829,1.6778242588043213
1749220204030718500,10.750718505859375,-0.05233803763985634,-0.15900003910064697,1.6259506940841675
1749220204040709600,10.760709716796875,-0.05361555889248848,-0.1943894475698471,1.572191596031189
1749220204050700500,10.770700439453124,-0.07345957309007645,-0.2358759045600891,1.534096121788025
1749220204060691700,10.780691650390626,-0.047806669026613235,-0.2601926922798157,1.5060689449310303
1749220204070683000,10.790682861328126,0.0006940197781659663,-0.393089234828949,1.4945859909057617
1749220204080673800,10.800673828125,0.0029846045654267073,-0.6481904983520508,1.502028465270996
1749220204090664700,10.810664794921875,-0.047559794038534164,-0.9878023862838745,1.5432648658752441
1749220204100655900,10.82065576171875,-0.12972843647003174,-1.0655291080474854,1.7083981037139893
1749220204110646800,10.830646728515624,-0.22614018619060516,-0.9526894092559814,1.8809996843338013
1749220204120637700,10.8406376953125,-0.31409427523612976,-0.8064307570457458,2.077646493911743
1749220204130628600,10.850628662109376,-0.4013415575027466,-0.6771859526634216,2.3201751708984375
1749220204140619800,10.860619873046875,-0.45534753799438477,-0.6488181948661804,2.4441778659820557
1749220204150610700,10.870610595703125,-0.3939419686794281,-0.7029551863670349,2.624635696411133
1749220204160602000,10.88060205078125,-0.48499199748039246,-0.6883832216262817,2.8244431018829346
1749220204170593000,10.890593017578125,-0.7063824534416199,-0.6088058352470398,2.967806816101074
1749220204180584000,10.900583984375,-0.8276625275611877,-0.7676383256912231,3.1437253952026367
1749220204190575000,10.9105751953125,-0.7698777914047241,-1.0592364072799683,3.232985496520996
1749220204200566000,10.92056591796875,-0.5021384954452515,-1.640873908996582,3.25063419342041
1749220204210557000,10.930556884765625,-0.4136107563972473,-2.3752896785736084,3.368342876434326
1749220204220547000,10.940547119140625,-0.6000384092330933,-2.705482244491577,3.7493534088134766
1749220204230538000,10.9505380859375,-0.7608118653297424,-2.952012538909912,3.8045666217803955
1749220204240529200,10.960529052734374,-0.6306048631668091,-2.906613826751709,4.000154972076416
1749220204250520000,10.97052001953125,-0.563441276550293,-2.8488337993621826,4.127285003662109
1749220204260511000,10.980510986328126,-0.6590687036514282,-2.97784686088562,3.7032816410064697
1749220204270502100,10.990502197265625,-0.8433133959770203,-3.04276442527771,3.824728488922119
1749220204280493000,11.0004931640625,-1.1947624683380127,-2.770169258117676,3.9478743076324463
1749220204290484000,11.01048388671875,-1.4223692417144775,-2.920600175857544,2.6968986988067627
1749220204300475100,11.02047509765625,-1.356559157371521,-2.2115421295166016,1.6621289253234863
1749220204310466000,11.030466064453124,-1.292323112487793,-0.864342212677002,1.0550352334976196
1749220204320457000,11.04045703125,-1.1697977781295776,0.46081048250198364,1.459986686706543
1749220204330448000,11.05044775390625,-0.9667032361030579,0.5604414939880371,2.668771505355835
1749220204340439000,11.06043896484375,-1.029327154159546,1.1184391975402832,3.000953197479248
1749220204350430000,11.070429931640625,-1.5659762620925903,1.2389166355133057,-0.6885022521018982
1749220204360420900,11.0804208984375,-1.333404302597046,2.4232213497161865,-1.7323907613754272
1749220204370412000,11.090412109375,-0.06059756875038147,2.3745486736297607,0.10208748281002045
1749220204380403000,11.10040283203125,0.5526629090309143,0.3026094138622284,-0.42143964767456055
1749220204390393900,11.110393798828126,0.2268563210964203,-0.05564967915415764,-1.0803052186965942
1749220204400385000,11.120385009765625,-0.17913806438446045,0.2678287923336029,-1.6942018270492554
1749220204410376200,11.130376220703125,-0.17782005667686462,1.359697699546814,-2.100538730621338
1749220204420367000,11.1403671875,0.029507558792829514,2.5416693687438965,-2.396845579147339
1749220204430358000,11.15035791015625,0.1488422006368637,2.9177191257476807,-2.9834625720977783
1749220204440349200,11.16034912109375,0.09796411544084549,2.8879354000091553,-3.580782175064087
1749220204450340000,11.170340087890626,0.02659246139228344,2.651934862136841,-3.8904857635498047
1749220204460331000,11.1803310546875,0.044385042041540146,2.224698305130005,-4.254646301269531
1749220204470322000,11.190322021484375,0.16601213812828064,1.347167730331421,-4.857725143432617
1749220204480313000,11.20031298828125,0.35407817363739014,-0.006972155533730984,-5.374984264373779
1749220204490304000,11.210303955078125,0.5190735459327698,-1.4490158557891846,-5.6261162757873535
1749220204500295000,11.220294921875,0.7427540421485901,-2.637453556060791,-5.888607978820801
1749220204510286000,11.2302861328125,1.1251235008239746,-3.3547561168670654,-6.177268028259277
1749220204520277000,11.240277099609376,1.5737724304199219,-3.467099189758301,-6.2898030281066895
1749220204530268000,11.250267822265625,1.8851933479309082,-3.0435938835144043,-6.3984479904174805
1749220204540259000,11.260259033203125,2.013495683670044,-2.4039196968078613,-6.4718732833862305
1749220204550250000,11.27025,2.111936330795288,-1.5479419231414795,-6.347207546234131
1749220204560241000,11.280240966796875,2.32334566116333,-0.28093793988227844,-6.388252258300781
1749220204570231800,11.290231689453124,2.6149401664733887,1.23387610912323,-6.5775861740112305
1749220204580223000,11.300222900390626,2.8084301948547363,2.5151138305664062,-6.702914237976074
1749220204590214000,11.3102138671875,2.7442779541015625,3.124199867248535,-6.692915916442871
1749220204600205000,11.320205078125,2.465846300125122,3.1051723957061768,-6.566900253295898
1749220204610196200,11.3301962890625,2.244530439376831,2.71525239944458,-6.385429382324219
1749220204620187100,11.340187255859375,2.207456588745117,2.5049662590026855,-5.93869686126709
1749220204630178000,11.350177978515624,2.0845680236816406,2.358670234680176,-5.606778621673584
1749220204640168000,11.36016796875,1.6938197612762451,0.958777129650116,-5.636762619018555
1749220204650159000,11.3701591796875,0.9944056868553162,-0.6771166920661926,-4.447545528411865
1749220204660150000,11.38014990234375,0.17353370785713196,-0.8701601624488831,-3.7090048789978027
1749220204670141000,11.390140869140625,-0.21711553633213043,0.1755337417125702,-3.655980348587036
1749220204680131800,11.4001318359375,0.2021203488111496,1.0495091676712036,-2.6534769535064697
1749220204690123000,11.410123046875,0.9819564819335938,0.504714846611023,-1.2270405292510986
1749220204700114000,11.420114013671874,1.3050203323364258,-0.841538667678833,0.32860609889030457
1749220204710104800,11.430104736328126,0.9212201833724976,-2.4029245376586914,1.1532059907913208
1749220204720096000,11.440095947265625,0.2852354645729065,-3.009833812713623,2.4287850856781006
1749220204730087200,11.450087158203125,-0.13248559832572937,-2.468529462814331,2.925808906555176
1749220204740078000,11.460078125,-0.3828669488430023,0.41599613428115845,1.6896289587020874
1749220204750069000,11.470069091796875,-0.11021119356155396,3.525380849838257,2.5553014278411865
1749220204760060200,11.48006005859375,-0.4195631742477417,6.068698406219482,2.0664310455322266
1749220204770051000,11.490051025390626,-0.7794334888458252,7.394308090209961,2.4989302158355713
1749220204780042000,11.5000419921875,-0.2146313339471817,5.5515947341918945,2.5464890003204346
1749220204790033200,11.510033203125,0.7696466445922852,1.57174551486969,3.1086275577545166
1749220204800024000,11.520024169921875,1.8301807641983032,-1.7142804861068726,2.807053327560425
1749220204810015000,11.530014892578125,1.4123398065567017,-1.8660109043121338,2.775447368621826
1749220204820006000,11.540005859375,-0.10467048734426498,-1.638787031173706,2.2760403156280518
1749220204829997000,11.5499970703125,-0.8886425495147705,-1.608073353767395,2.1275055408477783
1749220204839988000,11.559988037109376,-0.7761516571044922,-1.996525526046753,1.9820722341537476
1749220204849979000,11.569978759765625,-0.4705275595188141,-1.9931001663208008,1.6000093221664429
1749220204859970000,11.579969970703125,-0.18422043323516846,-1.2915153503417969,1.5602238178253174
1749220204869961000,11.5899609375,-0.009995642118155956,-0.030192257836461067,1.265194058418274
1749220204879952000,11.599951904296875,0.08931097388267517,1.4779430627822876,1.0340303182601929
1749220204889943000,11.609943115234374,0.20324233174324036,2.1557114124298096,0.9157889485359192
1749220204899934000,11.619933837890626,0.129017636179924,1.72926664352417,0.8239796161651611
1749220204909924900,11.6299248046875,-0.191332146525383,0.9149289727210999,0.7376535534858704
1749220204919916000,11.639916015625,-0.3815239369869232,0.1919015347957611,0.7255057692527771
1749220204929907200,11.6499072265625,-0.222412571310997,-0.5689558386802673,0.6908647418022156
1749220204939898000,11.659898193359375,0.07841598242521286,-0.9640158414840698,0.7284528613090515
1749220204949889000,11.669888916015625,0.2243438959121704,-0.9353700876235962,0.8214808106422424
1749220204959880200,11.679880126953124,0.18849028646945953,-0.8340365290641785,0.9341682195663452
1749220204969871000,11.68987109375,0.11459875106811523,-0.8402273058891296,1.057930827140808
1749220204979862000,11.699862060546875,0.06994180381298065,-0.9194195866584778,1.1601169109344482
1749220204989853000,11.70985302734375,0.02467898093163967,-0.9710263609886169,1.2602746486663818
1749220204999844000,11.719843994140625,-0.035774510353803635,-0.9703288674354553,1.3638354539871216
1749220205009834000,11.729833984375,-0.09556780010461807,-0.8978458642959595,1.4743238687515259
1749220205019825000,11.739824951171874,-0.13334473967552185,-0.7378010749816895,1.5725712776184082
1749220205029815800,11.74981591796875,-0.15934625267982483,-0.45132243633270264,1.6592340469360352
1749220205039807000,11.759806884765625,-0.18226806819438934,-0.11011691391468048,1.7376595735549927
1749220205049798000,11.7697978515625,-0.2120203822851181,0.09018022567033768,1.740904688835144
1749220205059789000,11.7797890625,-0.2622222900390625,0.2261982560157776,1.750118374824524
1749220205069780200,11.7897802734375,-0.2980695068836212,0.2769564986228943,1.7561498880386353
1749220205079771100,11.799771240234374,-0.3086315989494324,0.22481846809387207,1.7758042812347412
1749220205089762000,11.809761962890626,-0.28729915618896484,0.12118208408355713,1.8214818239212036
1749220205099753000,11.8197529296875,-0.25851118564605713,0.06829490512609482,1.8366069793701172
1749220205109744000,11.829744140625,-0.2192111760377884,0.10327951610088348,1.8333216905593872
1749220205119735000,11.839735107421875,-0.21626891195774078,0.07370191812515259,1.7907662391662598
1749220205129726000,11.849725830078125,-0.22910375893115997,0.044255610555410385,1.7458584308624268
1749220205139717000,11.859717041015625,-0.22294439375400543,-0.002403502818197012,1.7027397155761719
1749220205149708000,11.8697080078125,-0.19497188925743103,-0.0220954492688179,1.662104606628418
1749220205159702300,11.879702392578125,-0.1653841733932495,0.030764836817979813,1.6681410074234009
1749220205169693200,11.889693115234374,-0.13964392244815826,-0.05763346701860428,1.5721968412399292
1749220205179684000,11.89968408203125,-0.055927980691194534,-0.22064875066280365,1.5481338500976562
1749220205189675300,11.90967529296875,0.029985329136252403,-0.5355172157287598,1.4777050018310547
1749220205199666200,11.919666259765625,0.00008868326403899118,-0.9239397644996643,1.472913146018982
1749220205209657000,11.929656982421875,-0.12090751528739929,-0.9769127368927002,1.548585057258606
1749220205219648300,11.939648193359375,-0.14998869597911835,-0.9422879219055176,1.660159707069397
1749220205229639200,11.94963916015625,-0.20946161448955536,-0.8014479875564575,1.8433167934417725
1749220205239630300,11.95963037109375,-0.34793373942375183,-0.8042658567428589,1.9668225049972534
1749220205249621200,11.969621337890626,-0.3873991072177887,-0.758390486240387,2.1191091537475586
1749220205259612400,11.9796123046875,-0.319303959608078,-0.8494551777839661,2.214479684829712
1749220205269603300,11.989603271484375,-0.4422951340675354,-0.9469425678253174,2.389677047729492
1749220205279594200,11.99959423828125,-0.6054177284240723,-1.001495599746704,2.5280606746673584
1749220205289585400,12.00958544921875,-0.6190794706344604,-1.0395809412002563,2.665156841278076
1749220205299576300,12.019576416015624,-0.6286320090293884,-1.1061517000198364,2.8160035610198975
1749220205309567200,12.029567138671876,-0.593630850315094,-1.3097964525222778,2.8756303787231445
1749220205319558100,12.03955810546875,-0.5800290107727051,-1.6915302276611328,3.056006908416748
1749220205329549300,12.04954931640625,-0.726841390132904,-1.7511714696884155,3.3429603576660156
1749220205339540200,12.059540283203125,-0.8374887704849243,-1.796819806098938,3.6166975498199463
1749220205349530000,12.069530029296875,-0.7332646250724792,-2.050373077392578,3.6038219928741455
1749220205359521000,12.07952099609375,-0.6721640229225159,-2.114968776702881,3.9130377769470215
1749220205369512200,12.08951220703125,-0.8378880023956299,-2.146564245223999,3.5629279613494873
1749220205379503400,12.09950341796875,-0.8281325697898865,-1.965883493423462,3.591688871383667
1749220205389494300,12.109494384765625,-0.7737798690795898,-1.9088201522827148,3.69793438911438
1749220205399485400,12.1194853515625,-0.9013450145721436,-2.041030168533325,2.8605754375457764
1749220205409476400,12.129476318359375,-1.0158417224884033,-1.8542522192001343,1.9585347175598145
1749220205419467300,12.13946728515625,-0.9632296562194824,-1.2265691757202148,1.973531723022461
1749220205429458200,12.149458251953124,-0.8214219212532043,-0.5427391529083252,2.886009693145752
1749220205439449300,12.159449462890626,-0.7356100678443909,0.14885525405406952,2.4924185276031494
1749220205449440300,12.169440185546875,-0.741790771484375,0.3466642200946808,0.3339928984642029
1749220205459431200,12.17943115234375,-0.44819003343582153,0.8509430885314941,-0.00558012118563056
1749220205469422300,12.18942236328125,0.025919215753674507,0.5144913196563721,0.586600661277771
1749220205479413200,12.199413330078125,0.12106756865978241,-0.34521812200546265,-0.10091782361268997
1749220205489404200,12.209404052734374,-0.1301926225423813,-0.2516239881515503,-0.48412513732910156
1749220205499395300,12.219395263671874,-0.34032294154167175,0.32439085841178894,-0.8684797286987305
1749220205509386200,12.22938623046875,-0.38628992438316345,1.5388232469558716,-1.336625337600708
1749220205519377200,12.239377197265625,-0.33484697341918945,2.5587034225463867,-1.8224581480026245
1749220205529368000,12.2493681640625,-0.35379350185394287,3.0580098628997803,-2.3316009044647217
1749220205539359200,12.259359130859375,-0.43050771951675415,3.0942201614379883,-2.7278337478637695
1749220205549350100,12.26935009765625,-0.515472412109375,2.861818552017212,-3.0874879360198975
1749220205559341300,12.27934130859375,-0.5600318908691406,2.3865578174591064,-3.6915299892425537
1749220205569332500,12.28933251953125,-0.5082427263259888,1.5919610261917114,-4.2092108726501465
1749220205579323400,12.299323486328126,-0.40916168689727783,0.6004943251609802,-4.474658489227295
1749220205589314300,12.309314208984375,-0.3129006624221802,-0.38119634985923767,-4.826918601989746
1749220205599305200,12.31930517578125,-0.14080825448036194,-1.113294005393982,-5.182241439819336
1749220205609296400,12.32929638671875,0.1233174055814743,-1.484479308128357,-5.443243026733398
1749220205619287300,12.339287353515624,0.366076797246933,-1.5566765069961548,-5.681844711303711
1749220205629278200,12.3492783203125,0.5679827332496643,-1.5237367153167725,-5.92191219329834
1749220205639269400,12.359269287109376,0.7913268804550171,-1.5009839534759521,-6.085752487182617
1749220205649260300,12.36926025390625,1.083385944366455,-1.3577170372009277,-6.139394760131836
1749220205659250200,12.379250244140625,1.3846075534820557,-0.9115699529647827,-6.187189102172852
1749220205669241000,12.389240966796875,1.6511486768722534,-0.11651835590600967,-6.218721866607666
1749220205679232300,12.399232177734374,1.872706651687622,0.8997175693511963,-6.235249996185303
1749220205689223200,12.40922314453125,2.0269885063171387,1.8336756229400635,-6.3250885009765625
1749220205699214300,12.41921435546875,2.0565025806427,2.331284761428833,-6.34210205078125
1749220205709205200,12.429205322265625,1.973952054977417,2.3542747497558594,-6.2705278396606445
1749220205719196400,12.439196533203125,1.8937687873840332,2.2201054096221924,-6.173939228057861
1749220205729187300,12.449187255859375,1.9078015089035034,2.1532912254333496,-6.048163414001465
1749220205739178200,12.45917822265625,1.9438532590866089,2.0500056743621826,-5.81812047958374
1749220205749169400,12.46916943359375,1.8925679922103882,1.324059247970581,-5.576324939727783
1749220205759160300,12.479160400390626,1.5967013835906982,-0.25610020756721497,-5.1812567710876465
1749220205769151200,12.489151123046875,1.197364091873169,-1.8593207597732544,-4.589735984802246
1749220205779142100,12.49914208984375,0.9766464233398438,-2.5618062019348145,-4.175717353820801
1749220205789133300,12.50913330078125,0.9026116132736206,-2.1214144229888916,-3.6778640747070312
1749220205799124200,12.519124267578125,0.800965428352356,-1.3488160371780396,-2.9500529766082764
1749220205809115100,12.529115234375,0.7411747574806213,-1.0636862516403198,-1.9430478811264038
1749220205819106300,12.539106201171874,0.771605908870697,-1.5262128114700317,-0.757925808429718
1749220205829097200,12.54909716796875,0.7231321334838867,-2.3412258625030518,0.46531203389167786
1749220205839088000,12.559088134765625,0.44192948937416077,-2.8178963661193848,1.6466556787490845
1749220205849079300,12.569079345703125,0.08000428974628448,-2.853088617324829,2.3951265811920166
1749220205859070200,12.5790703125,-0.0337691493332386,-3.029327154159546,1.6442012786865234
1749220205869061000,12.58906103515625,0.34639042615890503,-3.165433406829834,1.072564721107483
1749220205879052300,12.59905224609375,0.7096200585365295,-0.40728628635406494,2.576763391494751
1749220205889043500,12.60904345703125,-0.13844309747219086,4.133005619049072,1.6098926067352295
1749220205899034400,12.619034423828126,-1.375757098197937,6.456503391265869,2.0711965560913086
1749220205909025300,12.629025390625,-1.3388110399246216,7.2003936767578125,3.1377651691436768
1749220205919016400,12.639016357421875,-0.6055961847305298,6.411577224731445,2.072028636932373
1749220205929007400,12.64900732421875,0.4537278115749359,3.442460775375366,3.0380454063415527
1749220205938998300,12.658998291015624,1.1787614822387695,-0.5084041357040405,3.44767165184021
1749220205948988200,12.66898828125,1.3780385255813599,-2.217214584350586,2.518084764480591
1749220205958979300,12.678979248046875,0.0959467664361,-1.8014111518859863,2.841710090637207
1749220205968970200,12.68897021484375,-0.9213874340057373,-1.702641487121582,2.1217055320739746
1749220205978961200,12.698961181640625,-0.9403547048568726,-1.5492510795593262,2.328552484512329
1749220205988952000,12.7089521484375,-0.5615198016166687,-1.7067861557006836,2.0140902996063232
1749220205998943200,12.718943115234374,-0.249949648976326,-1.3876036405563354,1.9443182945251465
1749220206008934100,12.72893408203125,-0.08674315363168716,-1.052560567855835,1.880037546157837
1749220206018925300,12.73892529296875,-0.10201051831245422,-0.5052658319473267,1.7352049350738525
1749220206028916500,12.74891650390625,-0.16723692417144775,0.24307416379451752,1.7290807962417603
1749220206038907400,12.758907470703125,-0.19246532022953033,0.9392021298408508,1.6424968242645264
1749220206048898300,12.768898193359375,-0.18445639312267303,1.1744498014450073,1.6186333894729614
1749220206058889200,12.77888916015625,-0.22385333478450775,0.6863304376602173,1.6559972763061523
1749220206068880400,12.78888037109375,-0.3792107105255127,-0.17022792994976044,1.6561559438705444
1749220206078871300,12.798871337890626,-0.5176191926002502,-0.7837408781051636,1.6950279474258423
1749220206088862200,12.8088623046875,-0.4454653561115265,-0.9213711619377136,1.6524258852005005
1749220206098853400,12.818853271484375,-0.22473670542240143,-0.5917823314666748,1.5143284797668457
1749220206108844300,12.82884423828125,-0.05864866450428963,-0.1321260780096054,1.3188918828964233
1749220206118835200,12.838835205078125,0.010340522043406963,0.1235046237707138,1.165799856185913
1749220206128826000,12.848826171875,0.023203855380415916,0.1069251149892807,1.0808497667312622
1749220206138817300,12.8588173828125,-0.002972354181110859,-0.09243512153625488,1.0110307931900024
1749220206148808200,12.86880810546875,-0.05901431664824486,-0.3651857078075409,0.9617606997489929
1749220206158799000,12.878799072265625,-0.12811322510242462,-0.5945616364479065,0.9608464241027832
1749220206168786700,12.88878662109375,-0.1585552841424942,-0.6243885159492493,0.9983509182929993
1749220206178777600,12.898777587890624,-0.15660105645656586,-0.4492931067943573,1.0414667129516602
1749220206188768800,12.908768798828126,-0.14902649819850922,-0.18149308860301971,1.093579649925232
1749220206198759700,12.918759765625,-0.14075657725334167,0.10134366154670715,1.170220136642456
1749220206208750800,12.928750732421875,-0.13658741116523743,0.2639850378036499,1.2010869979858398
1749220206218741800,12.93874169921875,-0.1581670045852661,0.26337677240371704,1.1729836463928223
1749220206228732000,12.94873193359375,-0.175624281167984,0.13402330875396729,1.1726438999176025
1749220206238722800,12.958722900390624,-0.16970807313919067,-0.06890103965997696,1.1804267168045044
1749220206248713700,12.968713623046876,-0.15863332152366638,-0.22384774684906006,1.1694973707199097
1749220206258704600,12.97870458984375,-0.1284988522529602,-0.26699894666671753,1.1936883926391602
1749220206268695800,12.98869580078125,-0.11675617843866348,-0.3436218202114105,1.2529499530792236
1749220206278686700,12.998686767578125,-0.14525599777698517,-0.4567156136035919,1.2927218675613403
1749220206288677600,13.008677734375,-0.1523543894290924,-0.5111916661262512,1.3563772439956665
1749220206298668800,13.018668701171874,-0.10351813584566116,-0.6255046129226685,1.4041281938552856
1749220206308659700,13.02865966796875,-0.07605748623609543,-0.7857363820075989,1.490243911743164
1749220206318650600,13.038650634765625,-0.20082977414131165,-0.7869398593902588,1.6391375064849854
1749220206328641500,13.0486416015625,-0.29911133646965027,-0.7112892866134644,1.7690569162368774
1749220206338632700,13.0586328125,-0.35600152611732483,-0.569194495677948,1.976479411125183
1749220206348624000,13.068623779296875,-0.4864053428173065,-0.5471059679985046,2.119279623031616
1749220206358614800,13.07861474609375,-0.5336149334907532,-0.6473321914672852,2.2046139240264893
1749220206368606000,13.08860595703125,-0.3681039810180664,-0.8797084093093872,2.342637538909912
1749220206378596900,13.098596923828126,-0.3754660189151764,-1.0136241912841797,2.5816428661346436
1749220206388587800,13.108587890625,-0.5809667110443115,-1.106656551361084,2.7846667766571045
1749220206398578700,13.11857861328125,-0.7519081234931946,-1.2297474145889282,3.043163776397705
1749220206408569900,13.12856982421875,-0.8367641568183899,-1.4480589628219604,3.1743030548095703
1749220206418560800,13.138560791015625,-0.6499801278114319,-1.8183813095092773,3.2640414237976074
1749220206428551700,13.1485517578125,-0.4434908926486969,-2.291372060775757,3.388718843460083
1749220206438542800,13.15854296875,-0.5788431167602539,-2.5697524547576904,3.60931396484375
1749220206448533800,13.16853369140625,-0.8437206149101257,-2.680678129196167,3.914959669113159
1749220206458524700,13.178524658203125,-0.802460789680481,-2.615262985229492,3.9128339290618896
1749220206468514600,13.1885146484375,-0.6801556348800659,-2.5585803985595703,4.091734409332275
1749220206478505700,13.198505615234374,-0.8876723051071167,-2.810995578765869,3.698948621749878
1749220206488497000,13.208496826171874,-1.2008103132247925,-2.814085006713867,3.722217082977295
1749220206498487800,13.21848779296875,-1.5470893383026123,-2.64711332321167,3.8298521041870117
1749220206508478700,13.228478759765625,-1.6652426719665527,-2.712139368057251,2.6978206634521484
1749220206518470000,13.238469970703125,-1.507205843925476,-1.9168344736099243,2.0969924926757812
1749220206528460800,13.248460693359375,-1.4806395769119263,-0.29725512862205505,2.637174129486084
1749220206538451700,13.25845166015625,-1.598567008972168,1.8382346630096436,2.9231512546539307
1749220206548443000,13.26844287109375,-1.4692065715789795,2.2192153930664062,0.6540196537971497
1749220206558433800,13.278433837890624,-0.7037141919136047,2.424105405807495,-0.010310960933566093
1749220206568424700,13.2884248046875,0.11031212657690048,2.0167970657348633,0.644658088684082
1749220206578415900,13.298415771484375,0.2905098497867584,1.4663807153701782,-0.1450543999671936
1749220206588406800,13.30840673828125,0.14080585539340973,1.4913222789764404,-0.8899221420288086
1749220206598397700,13.318397705078125,0.15731212496757507,1.4789729118347168,-1.1762346029281616
1749220206608388600,13.328388671875,0.35003843903541565,1.6419801712036133,-1.4683653116226196
1749220206618379800,13.3383798828125,0.47397688031196594,1.897608995437622,-1.9596670866012573
1749220206628370700,13.34837060546875,0.4906855523586273,2.0896170139312744,-2.536423444747925
1749220206638361600,13.358361572265625,0.48918113112449646,2.0502724647521973,-3.018338680267334
1749220206648352800,13.368352783203125,0.4810534417629242,1.8100981712341309,-3.3430838584899902
1749220206658343700,13.37834375,0.46945297718048096,1.4437648057937622,-3.744842767715454
1749220206668334800,13.3883349609375,0.49897491931915283,1.0163486003875732,-4.264781475067139
1749220206678325800,13.39832568359375,0.5701255202293396,0.5015547275543213,-4.704793453216553
1749220206688317000,13.40831689453125,0.6276950836181641,-0.1316957175731659,-5.101383209228516
1749220206698307800,13.418307861328126,0.6515806913375854,-0.7301362156867981,-5.466938018798828
1749220206708298800,13.428298828125,0.7478576898574829,-1.175216794013977,-5.752467155456543
1749220206718288600,13.43828857421875,0.9597592949867249,-1.473513126373291,-6.034097671508789
1749220206728279800,13.44827978515625,1.1783435344696045,-1.7116109132766724,-6.320836067199707
1749220206738270700,13.458270751953124,1.2904211282730103,-1.9419077634811401,-6.512131690979004
1749220206748261600,13.46826171875,1.3555353879928589,-2.141385078430176,-6.646546840667725
1749220206758252800,13.478252685546876,1.4227546453475952,-2.225552558898926,-6.718267917633057
1749220206768243700,13.48824365234375,1.4963595867156982,-1.9538350105285645,-6.631661891937256
1749220206778234600,13.498234619140625,1.6181361675262451,-1.184950590133667,-6.563664436340332
1749220206788225500,13.5082255859375,1.784853219985962,-0.07901359349489212,-6.565471649169922
1749220206798216700,13.518216796875,1.8699052333831787,0.937696099281311,-6.586050510406494
1749220206808208000,13.528207763671874,1.7662625312805176,1.5232168436050415,-6.434413433074951
1749220206818198800,13.53819873046875,1.5367531776428223,1.6229569911956787,-6.186841011047363
1749220206828190000,13.54818994140625,1.3695082664489746,1.5861377716064453,-5.9247941970825195
1749220206838180900,13.558180908203125,1.3343299627304077,1.6854968070983887,-5.649094104766846
1749220206848171800,13.568171875,1.2697150707244873,1.785378098487854,-5.326300621032715
1749220206858162700,13.57816259765625,1.0855475664138794,1.7223386764526367,-4.934248447418213
1749220206868153900,13.58815380859375,0.8568116426467896,1.669098138809204,-4.44004487991333
1749220206878144800,13.598144775390624,0.6889312863349915,1.9997279644012451,-3.8412017822265625
1749220206888135700,13.6081357421875,0.5542719960212708,2.7208824157714844,-3.2019667625427246
1749220206898126800,13.618126953125,0.3835687041282654,3.5362091064453125,-2.5256145000457764
1749220206908117800,13.62811767578125,0.10091356188058853,2.6609978675842285,-1.4731967449188232
1749220206918108700,13.638108642578125,-0.0023728765081614256,0.45424684882164,0.7513134479522705
1749220206928099800,13.648099853515625,0.08113773167133331,-1.5216559171676636,2.4349093437194824
1749220206938090800,13.6580908203125,0.3968394994735718,-3.570605754852295,1.5798805952072144
1749220206948081700,13.66808154296875,1.0972024202346802,-5.1983866691589355,1.3536208868026733
1749220206958071800,13.67807177734375,0.8833553194999695,-3.3189756870269775,1.773635983467102
1749220206968063000,13.68806298828125,-0.906924843788147,2.546499252319336,2.013918161392212
1749220206978054000,13.698053955078125,-1.7112559080123901,6.051555156707764,2.3541977405548096
1749220206988044800,13.708044921875,-0.8765296936035156,4.7446513175964355,2.4059441089630127
1749220206998035700,13.71803564453125,0.11168844997882843,2.645240306854248,2.2043421268463135
1749220207008027000,13.72802685546875,0.9680646657943726,1.079720377922058,2.527618169784546
1749220207018017800,13.738017822265626,1.2661445140838623,-0.36288154125213623,2.274080753326416
1749220207028008700,13.7480087890625,1.4327934980392456,-1.4740207195281982,2.778200149536133
1749220207037999900,13.757999755859375,1.0445828437805176,-1.6714444160461426,1.9154051542282104
1749220207047990800,13.76799072265625,-0.17675507068634033,-1.296409249305725,1.990485429763794
1749220207057981700,13.777981689453124,-0.8859553933143616,-0.6255621314048767,1.6401325464248657
1749220207067972600,13.78797265625,-0.7360466122627258,0.1416141241788864,1.434295415878296
1749220207077963800,13.7979638671875,-0.19941110908985138,0.4985964894294739,1.2928557395935059
1749220207087954700,13.80795458984375,0.22525203227996826,0.8078073263168335,1.2424507141113281
1749220207097945600,13.817945556640625,0.3161078989505768,0.7898525595664978,1.1272047758102417
1749220207107936800,13.827936767578125,0.2604251801967621,0.5869899988174438,1.1503340005874634
1749220207117927700,13.837927734375,0.2645874619483948,0.3573983311653137,1.09751296043396
1749220207127918800,13.8479189453125,0.3122628331184387,0.13627661764621735,1.0508629083633423
1749220207137909800,13.85790966796875,0.2665256857872009,-0.14776389300823212,1.0236523151397705
1749220207147901000,13.86790087890625,0.10231225937604904,-0.5592010021209717,1.0277663469314575
1749220207157891800,13.877891845703125,-0.03965100646018982,-0.9455643892288208,1.0826106071472168
1749220207167882200,13.88788232421875,-0.05733785778284073,-1.149158239364624,1.1383000612258911
1749220207177873400,13.897873291015625,0.0012865731259807944,-1.065529704093933,1.2081347703933716
1749220207187863300,13.90786328125,0.05266374349594116,-0.7206548452377319,1.2585691213607788
1749220207197854200,13.917854248046876,0.07206833362579346,-0.29020678997039795,1.2925835847854614
1749220207207845000,13.92784521484375,0.07393734157085419,0.02888651005923748,1.31197190284729
1749220207217836300,13.937836181640625,0.07156473398208618,0.12985652685165405,1.3406627178192139
1749220207227827200,13.9478271484375,0.040935713797807693,0.005852296482771635,1.368004560470581
1749220207237818400,13.957818359375,-0.01944720186293125,-0.27529868483543396,1.4022102355957031
1749220207247809500,13.9678095703125,-0.0851263478398323,-0.5765317678451538,1.4542821645736694
1749220207257800400,13.977800537109376,-0.13775919377803802,-0.7266837358474731,1.527090072631836
1749220207267791400,13.987791259765626,-0.16468828916549683,-0.5820671319961548,1.6097264289855957
1749220207277782300,13.9977822265625,-0.1662590205669403,-0.21547316014766693,1.6903877258300781
1749220207287773400,14.0077734375,-0.16214630007743835,0.1684662401676178,1.7760088443756104
1749220207297764400,14.017764404296875,-0.1634587049484253,0.4246165454387665,1.8539953231811523
1749220207307755300,14.02775537109375,-0.17481228709220886,0.49405258893966675,1.9238017797470093
1749220207317746400,14.037746337890624,-0.16883642971515656,0.45936119556427,1.9885802268981934
1749220207327737300,14.0477373046875,-0.13354820013046265,0.320980429649353,1.9682728052139282
1749220207337728300,14.057728271484375,-0.1293867528438568,0.16922923922538757,1.8885825872421265
1749220207347719200,14.06771923828125,-0.146242156624794,0.08661691844463348,1.86890709400177
1749220207357710300,14.07771044921875,-0.12825916707515717,0.0612977109849453,1.8540836572647095
1749220207367701200,14.087701171875,-0.07305263727903366,-0.04264972731471062,1.816400170326233
1749220207377692200,14.097692138671874,-0.02003149874508381,-0.2580839991569519,1.7696294784545898
1749220207387683300,14.107683349609376,-0.024096282199025154,-0.4397273063659668,1.7944337129592896
1749220207397674200,14.11767431640625,-0.05926278978586197,-0.6339021325111389,1.7550222873687744
1749220207407664400,14.127664306640625,-0.018187792971730232,-0.805069088935852,1.7623313665390015
1749220207417655300,14.1376552734375,0.05534261837601662,-0.9990867376327515,1.8014161586761475
1749220207427646500,14.147646484375,-0.14100958406925201,-1.0827486515045166,1.944449543952942
1749220207437637400,14.157637451171874,-0.3465427756309509,-0.6534755229949951,2.098733901977539
1749220207447628300,14.167628173828126,-0.316990464925766,-0.3061141073703766,2.260411500930786
1749220207457619200,14.177619140625,-0.3362390100955963,-0.17291025817394257,2.4223878383636475
1749220207467610400,14.1876103515625,-0.43587052822113037,-0.2172340452671051,2.689391851425171
1749220207477601300,14.197601318359375,-0.5126691460609436,-0.44067591428756714,2.834993839263916
1749220207487592200,14.20759228515625,-0.5357076525688171,-0.832278847694397,3.0087625980377197
1749220207497583400,14.217583251953124,-0.535793662071228,-1.331826090812683,3.1730146408081055
1749220207507574300,14.22757421875,-0.58766108751297,-1.8172681331634521,3.316603899002075
1749220207517565200,14.237565185546876,-0.58765709400177,-2.026613473892212,3.532618284225464
1749220207527556400,14.247556396484375,-0.32233941555023193,-2.395509719848633,3.54667067527771
1749220207537547300,14.25754736328125,-0.2586027979850769,-2.925842523574829,3.78852915763855
1749220207547538200,14.2675380859375,-0.6483534574508667,-3.0878005027770996,4.067809104919434
1749220207557529000,14.277529052734375,-0.789829671382904,-2.9543793201446533,4.051961421966553
1749220207567520300,14.287520263671874,-0.6761009693145752,-3.1787853240966797,4.047525882720947
1749220207577511400,14.297511474609376,-0.96714186668396,-3.5398616790771484,3.8074710369110107
1749220207587502300,14.30750244140625,-1.564217448234558,-2.6861557960510254,3.8842740058898926
1749220207597493500,14.317493408203125,-1.87735915184021,-2.370760917663574,3.2035863399505615
1749220207607484400,14.327484375,-1.6385031938552856,-2.403449773788452,2.1753439903259277
1749220207617475300,14.337475341796875,-1.3701399564743042,-1.6953321695327759,1.4210790395736694
1749220207627466200,14.34746630859375,-1.3469946384429932,-0.3041976988315582,1.024522066116333
1749220207637456400,14.357456298828126,-1.3809573650360107,0.8625922799110413,1.5983054637908936
1749220207647447300,14.367447265625,-1.3173975944519043,1.7456262111663818,2.0439188480377197
1749220207657438200,14.377438232421875,-1.2920269966125488,2.5085620880126953,0.6904404759407043
1749220207667429000,14.38742919921875,-1.2971999645233154,3.0818352699279785,-1.414857029914856
1749220207677420300,14.397420166015625,-0.7580176591873169,3.4807937145233154,-0.9681059122085571
1749220207687411200,14.4074111328125,-0.17682191729545593,2.573603391647339,-0.5151128768920898
1749220207697402000,14.417402099609374,-0.1895161271095276,0.9391155242919922,-1.2653954029083252
1749220207707393300,14.427393310546876,-0.519371509552002,-0.11254864931106567,-1.5419223308563232
1749220207717384400,14.437384521484375,-0.6631063222885132,-0.7356407046318054,-1.8073060512542725
1749220207727375400,14.447375244140625,-0.5210554599761963,-0.39170652627944946,-2.402510643005371
1749220207737366300,14.4573662109375,-0.25198644399642944,0.6872574687004089,-2.866269111633301
1749220207747357400,14.467357421875,-0.07552192360162735,1.6310862302780151,-3.0231595039367676
1749220207757348400,14.477348388671874,-0.1185157299041748,2.0889511108398438,-3.1989617347717285
1749220207767339300,14.48733935546875,-0.29604044556617737,2.1658544540405273,-3.6924002170562744
1749220207777330400,14.497330322265626,-0.42474648356437683,2.041142702102661,-4.48643159866333
1749220207787321300,14.5073212890625,-0.3169342875480652,1.7850875854492188,-5.077301502227783
1749220207797312300,14.517312255859375,-0.0018543590558692813,1.0695260763168335,-5.286850929260254
1749220207807303200,14.52730322265625,0.19229035079479218,-0.31357577443122864,-5.47479772567749
1749220207817294300,14.53729443359375,0.2263801395893097,-1.9439587593078613,-5.722626209259033
1749220207827285200,14.54728515625,0.3453938961029053,-3.096406936645508,-5.925600528717041
1749220207837275400,14.557275390625,0.6851847171783447,-3.267817258834839,-5.997625350952148
1749220207847266300,14.567266357421875,1.1519534587860107,-2.7455248832702637,-6.087862968444824
1749220207857257500,14.577257568359375,1.4373247623443604,-2.1445233821868896,-6.185446262359619
1749220207867248400,14.587248291015625,1.5150238275527954,-1.5687947273254395,-6.1533732414245605
1749220207877239300,14.5972392578125,1.6588151454925537,-0.8047811985015869,-6.152105331420898
1749220207887230500,14.60723046875,2.017770528793335,0.28068146109580994,-6.317548751831055
1749220207897221400,14.617221435546876,2.430971622467041,1.447882056236267,-6.480020523071289
1749220207907212300,14.62721240234375,2.6608896255493164,2.179128408432007,-6.459270477294922
1749220207917203200,14.637203125,2.678666353225708,2.331493377685547,-6.320950984954834
1749220207927194400,14.6471943359375,2.5993752479553223,2.125247001647949,-6.189376354217529
1749220207937185300,14.657185302734375,2.569319486618042,1.702584981918335,-5.989287376403809
1749220207947176200,14.66717626953125,2.5881195068359375,1.2594637870788574,-5.649906158447266
1749220207957167400,14.67716748046875,2.454406261444092,1.055238127708435,-5.292908668518066
1749220207967158300,14.687158203125,1.913221836090088,0.3494589328765869,-4.928805351257324
1749220207977149200,14.697149169921875,0.9343003034591675,-1.1828272342681885,-4.4726409912109375
1749220207987140400,14.707140380859375,0.2706882059574127,-1.908449411392212,-3.873337745666504
1749220207997131300,14.71713134765625,0.24185523390769958,-1.824365258216858,-3.0955002307891846
1749220208007122200,14.7271220703125,0.642861008644104,-0.8290918469429016,-1.489846110343933
1749220208017113000,14.737113037109374,1.030856966972351,-0.2332654744386673,0.2639126181602478
1749220208027104300,14.747104248046876,1.1243040561676025,-1.1913304328918457,1.1075817346572876
1749220208037095400,14.757095458984375,0.7846702933311462,-2.034824848175049,2.112110137939453
1749220208047085300,14.767085205078125,0.22609758377075195,-1.5820164680480957,3.460642099380493
1749220208057076200,14.777076171875,-0.5536267161369324,1.2905195951461792,1.7354308366775513
1749220208067067400,14.7870673828125,-0.7295985221862793,4.735413551330566,2.7129714488983154
1749220208077058300,14.797058349609374,-0.7137556672096252,6.889913082122803,2.5767433643341064
1749220208087049200,14.80704931640625,-0.9558982849121094,8.14180850982666,2.7531301975250244
1749220208097040400,14.817040283203125,-0.2489517629146576,6.811117649078369,3.0698606967926025
1749220208107031300,14.82703125,1.1659367084503174,3.2331039905548096,3.3690383434295654
1749220208117022200,14.837022216796875,1.6740700006484985,0.3506629467010498,2.8449268341064453
1749220208127013000,14.84701318359375,0.6731038689613342,-0.7681542038917542,3.1095402240753174
1749220208137004300,14.85700439453125,-0.46142488718032837,-0.44477373361587524,2.4881720542907715
1749220208146995200,14.8669951171875,-0.6592673659324646,-1.1537468433380127,2.3169870376586914
1749220208156986000,14.876986083984375,-0.2694264054298401,-2.696258783340454,2.2264063358306885
1749220208166977300,14.886977294921875,-0.024281904101371765,-3.5856339931488037,2.0518765449523926
1749220208176968400,14.896968505859375,-0.0744691714644432,-3.2758424282073975,1.9907861948013306
1749220208186959600,14.906959716796875,-0.16751788556575775,-1.8756310939788818,1.875632643699646
1749220208196950500,14.916950439453124,-0.06781207025051117,-0.2519206702709198,1.7208225727081299
1749220208206941400,14.92694140625,0.1358984410762787,1.1256763935089111,1.5838497877120972
1749220208216932600,14.9369326171875,0.19904226064682007,2.412252902984619,1.4510904550552368
1749220208226923500,14.946923583984375,0.1307516247034073,3.0283992290496826,1.3835630416870117
1749220208236914400,14.95691455078125,0.02316364273428917,2.145688533782959,1.2978209257125854
1749220208246905300,14.9669052734375,-0.23878541588783264,0.6600918769836426,1.2310792207717896
1749220208256895500,14.9768955078125,-0.45395392179489136,-0.33344507217407227,1.2216864824295044
1749220208266886400,14.986886474609374,-0.34506097435951233,-0.804919421672821,1.1650445461273193
1749220208276877300,14.996877197265626,-0.03801236301660538,-0.5257543325424194,1.0580675601959229
1749220208286868200,15.0068681640625,0.18516559898853302,0.13607794046401978,0.896382749080658
1749220208296859400,15.016859375,0.27911579608917236,0.5669827461242676,0.7436128854751587
1749220208306850600,15.0268505859375,0.30356574058532715,0.5315216779708862,0.6326850652694702
1749220208316841500,15.036841552734375,0.27692854404449463,0.07044966518878937,0.5651214718818665
1749220208326832600,15.04683251953125,0.2232551872730255,-0.6458964347839355,0.5279943346977234
1749220208336823600,15.056823486328126,0.16232526302337646,-1.260862112045288,0.5402363538742065
1749220208346814500,15.066814453125,0.11567360162734985,-1.4727877378463745,0.6049785614013672
1749220208356805400,15.076805419921875,0.08581610769033432,-1.270569920539856,0.7136733531951904
1749220208366796500,15.086796630859375,0.053572945296764374,-0.8422324061393738,0.8662927150726318
1749220208376787500,15.096787353515625,0.012744823470711708,-0.45656248927116394,1.0514503717422485
1749220208386778400,15.1067783203125,-0.04813903197646141,-0.21828439831733704,1.2604855298995972
1749220208396769500,15.11676953125,-0.10844232141971588,-0.08744462579488754,1.4621680974960327
1749220208406760400,15.126760498046876,-0.15070348978042603,-0.032276447862386703,1.6321717500686646
1749220208416751400,15.13675146484375,-0.18663406372070312,0.00376064982265234,1.7077187299728394
1749220208426742300,15.1467421875,-0.2235952764749527,0.09154856204986572,1.7277790307998657
1749220208436733400,15.1567333984375,-0.22278407216072083,0.13575144112110138,1.730513572692871
1749220208446723600,15.1667236328125,-0.1977463662624359,0.10465636849403381,1.7345823049545288
1749220208456714500,15.176714599609374,-0.1594727486371994,-0.14118587970733643,1.6642165184020996
1749220208466705400,15.186705322265626,-0.10828519612550735,-0.4490449130535126,1.6382808685302734
1749220208476696600,15.196696533203125,-0.09888104349374771,-0.6490504145622253,1.6767778396606445
1749220208486687500,15.2066875,-0.12116078287363052,-0.7179126143455505,1.7181791067123413
1749220208496678400,15.216678466796875,-0.04882266744971275,-0.6978957653045654,1.745116949081421
1749220208506669600,15.226669677734375,-0.07251761108636856,-0.7115833163261414,1.8355342149734497
1749220208516660500,15.236660400390624,-0.24762390553951263,-0.5192583799362183,1.957619071006775
1749220208526651400,15.2466513671875,-0.2997201383113861,-0.46288934350013733,2.099252700805664
1749220208536642300,15.256642333984376,-0.3449198305606842,-0.4325660765171051,2.300645112991333
1749220208546633500,15.266633544921875,-0.4698820114135742,-0.6124106645584106,2.4308454990386963
1749220208556624400,15.276624267578125,-0.4333450496196747,-0.7046369910240173,2.620325803756714
1749220208566615300,15.286615234375,-0.4198928773403168,-0.7653536200523376,2.76066255569458
1749220208576606500,15.2966064453125,-0.5654245018959045,-0.8080768585205078,2.900125741958618
1749220208586597400,15.306597412109374,-0.658626914024353,-1.055100440979004,3.012601852416992
1749220208596588300,15.31658837890625,-0.6555493474006653,-1.369197130203247,3.1192915439605713
1749220208606579500,15.326579345703125,-0.5086528658866882,-1.7318320274353027,3.2113444805145264
1749220208616570400,15.3365703125,-0.30351540446281433,-2.301058530807495,3.3125088214874268
1749220208626561300,15.346561279296875,-0.3349819779396057,-2.765376091003418,3.505453109741211
1749220208636552400,15.356552490234375,-0.5341965556144714,-2.934675693511963,3.860522985458374
1749220208646542300,15.366542236328126,-0.5846461653709412,-2.9598240852355957,3.891761541366577
1749220208656533500,15.376533447265626,-0.4781396687030792,-2.8635220527648926,4.052214622497559
1749220208666524400,15.3865244140625,-0.6645897030830383,-3.2182295322418213,3.8341238498687744
1749220208676515300,15.396515380859375,-1.0665682554244995,-2.9575185775756836,3.5106332302093506
1749220208686506500,15.406506591796875,-1.24687922000885,-1.7639687061309814,3.699171781539917
1749220208696497400,15.416497314453125,-1.0591764450073242,-1.5327895879745483,3.0837996006011963
1749220208706488300,15.42648828125,-0.6680302619934082,-1.802560567855835,1.8179123401641846
1749220208716479500,15.4364794921875,-0.49818822741508484,-1.4159915447235107,1.0531896352767944
1749220208726470400,15.446470458984376,-0.597973644733429,-0.24272608757019043,0.917827844619751
1749220208736461300,15.45646142578125,-0.5631219744682312,0.5904337167739868,1.0252856016159058
1749220208746452200,15.4664521484375,-0.32169973850250244,0.5581263899803162,0.8279197812080383
1749220208756443400,15.476443359375,-0.05762254819273949,0.6688081622123718,0.2955048978328705
1749220208766434300,15.486434326171874,0.08002106845378876,0.7074007987976074,-0.19007860124111176
1749220208776425500,15.496425537109374,0.18359778821468353,1.2105518579483032,-0.5024849772453308
1749220208786416600,15.506416748046876,0.29178470373153687,1.5472811460494995,-0.7694029211997986
1749220208796407600,15.516407470703125,0.48317331075668335,0.6201215982437134,-1.0059031248092651
1749220208806398500,15.5263984375,0.5904510617256165,-0.1289457380771637,-0.9532992839813232
1749220208816389400,15.536389404296875,0.5860738754272461,-0.07318472862243652,-1.2078807353973389
1749220208826380500,15.546380615234375,0.6243072748184204,0.5634835958480835,-1.8266046047210693
1749220208836370400,15.556370361328124,0.7784353494644165,1.4975436925888062,-2.3114936351776123
1749220208846361300,15.566361328125,0.9903342723846436,2.219672918319702,-2.4370641708374023
1749220208856352300,15.576352294921875,1.1092867851257324,2.436506986618042,-2.8121824264526367
1749220208866343400,15.586343505859375,0.9907411932945251,2.387995481491089,-3.6803207397460938
1749220208876334300,15.596334228515625,0.7452837824821472,2.166403293609619,-4.295965671539307
1749220208886325200,15.6063251953125,0.5875489711761475,1.4982901811599731,-4.525135517120361
1749220208896316400,15.61631640625,0.545879602432251,0.46876296401023865,-4.861031532287598
1749220208906307600,15.6263076171875,0.5916374921798706,-0.636741042137146,-5.257005214691162
1749220208916298500,15.636298583984376,0.7281545996665955,-1.574989676475525,-5.529368877410889
1749220208926289400,15.646289306640625,0.9297060966491699,-2.1078808307647705,-5.724295139312744
1749220208936280600,15.656280517578125,1.1057966947555542,-2.3506314754486084,-5.936558723449707
1749220208946271500,15.666271484375,1.212295413017273,-2.437415838241577,-6.09235143661499
1749220208956262400,15.676262451171874,1.3064833879470825,-2.3030078411102295,-6.142257213592529
1749220208966253600,15.686253662109374,1.5001232624053955,-1.7229129076004028,-6.175947189331055
1749220208976244500,15.696244384765626,1.8144593238830566,-0.5654745697975159,-6.283288478851318
1749220208986235400,15.7062353515625,2.102214813232422,0.9136892557144165,-6.459766387939453
1749220208996226300,15.716226318359375,2.2271275520324707,2.249488353729248,-6.636703014373779
1749220209006217500,15.726217529296875,2.1491663455963135,3.1190106868743896,-6.689947128295898
1749220209016208400,15.73620849609375,1.9205796718597412,3.4930944442749023,-6.609055042266846
1749220209026198300,15.7461982421875,1.6626636981964111,3.4711122512817383,-6.443878173828125
1749220209036189400,15.756189453125,1.51614511013031,3.274623394012451,-6.124925136566162
1749220209046180600,15.7661806640625,1.462435245513916,3.165287733078003,-5.652418613433838
1749220209056171500,15.776171630859375,1.2776776552200317,2.978548765182495,-5.14443302154541
1749220209066162400,15.786162353515625,0.8761469721794128,2.2048122882843018,-4.643558979034424
1749220209076153600,15.796153564453125,0.4274829030036926,1.2193368673324585,-4.126952171325684
1749220209086144500,15.80614453125,0.11878950148820877,0.03605840355157852,-3.693333625793457
1749220209096135400,15.816135498046876,0.09969010949134827,-0.7400549054145813,-2.5268490314483643
1749220209106126300,15.826126220703125,0.4266456067562103,-1.211020827293396,-0.7470475435256958
1749220209116117500,15.836117431640625,0.7620465159416199,-1.8977062702178955,0.6496016979217529
1749220209126108400,15.8461083984375,0.7410285472869873,-2.421562910079956,1.6426633596420288
1749220209136099300,15.856099365234375,0.4724554121494293,-2.579301357269287,2.4189183712005615
1749220209146090500,15.866090576171874,0.3275717496871948,-3.0339579582214355,2.360903263092041
1749220209156081400,15.876081298828124,0.35742416977882385,-3.125727415084839,2.396944046020508
1749220209166072800,15.88607275390625,0.24050262570381165,-0.5954804420471191,2.344195604324341
1749220209176063700,15.896063720703125,-0.5543553233146667,3.1230037212371826,1.8175965547561646
1749220209186054700,15.9060546875,-1.6467992067337036,7.728391170501709,2.7375450134277344
1749220209196045800,15.9160458984375,-1.4976129531860352,8.913459777832031,2.6496315002441406
1749220209206036000,15.926035888671874,-0.26841041445732117,6.269052505493164,2.9288454055786133
1749220209216027000,15.93602685546875,1.0613692998886108,1.8106824159622192,3.552503824234009
1749220209226017800,15.946017822265626,1.8183555603027344,-0.9597001671791077,2.8867030143737793
1749220209236008700,15.9560087890625,0.9374305605888367,-1.1095112562179565,3.4325344562530518
1749220209245999900,15.965999755859375,-0.37274429202079773,-0.7367624640464783,2.793001890182495
1749220209255990800,15.97599072265625,-0.6783753037452698,-1.257265567779541,2.6376514434814453
1749220209265981700,15.985981689453125,-0.3852163851261139,-2.897005796432495,2.465071678161621
1749220209275972900,15.995972900390624,-0.20606395602226257,-3.8246676921844482,2.188493251800537
1749220209285963800,16.0059638671875,-0.3541213274002075,-3.036306858062744,1.928898572921753
1749220209295954700,16.01595458984375,-0.4354047179222107,-1.0408762693405151,1.6663599014282227
1749220209305945900,16.02594580078125,-0.1258506029844284,0.9939114451408386,1.4302303791046143
1749220209315936800,16.035936767578125,0.16668884456157684,2.116122245788574,1.2170825004577637
1749220209325927700,16.045927734375,0.13974697887897491,2.529484510421753,1.08207106590271
1749220209335918600,16.055918701171876,0.0469488650560379,2.3028481006622314,0.9685818552970886
1749220209345909800,16.06590966796875,0.0473206453025341,1.6173648834228516,0.965342104434967
1749220209355900700,16.075900634765624,0.07429979741573334,0.6579000949859619,1.0021767616271973
1749220209365891600,16.0858916015625,0.03032727912068367,-0.35840368270874023,0.9548508524894714
1749220209375882800,16.0958828125,-0.05428214743733406,-1.3215172290802002,0.8707191944122314
1749220209385873000,16.105872802734375,-0.07068295776844025,-2.012033700942993,0.8261002898216248
1749220209395863800,16.11586376953125,0.004442951641976833,-2.048586845397949,0.8322396874427795
1749220209405854700,16.125854736328126,0.11833596229553223,-1.4476549625396729,0.8717663288116455
1749220209415846000,16.135845947265626,0.21988976001739502,-0.5495579242706299,0.8963145613670349
1749220209425836800,16.1458369140625,0.26196983456611633,0.24753576517105103,0.9128637313842773
1749220209435827700,16.15582763671875,0.21424198150634766,0.6762317419052124,0.9647282361984253
1749220209445818600,16.165818603515625,0.08465443551540375,0.6407451033592224,1.0296478271484375
1749220209455809800,16.175809814453125,-0.045272406190633774,0.300437331199646,1.0649487972259521
1749220209465800700,16.18580078125,-0.10814297944307327,-0.21080517768859863,1.0711805820465088
1749220209475791600,16.19579150390625,-0.09926053881645203,-0.5854357481002808,1.127484679222107
1749220209485782800,16.20578271484375,-0.05060538649559021,-0.5976599454879761,1.2093329429626465
1749220209495773700,16.215773681640623,-0.009161540307104588,-0.3012123107910156,1.303135633468628
1749220209505764600,16.2257646484375,-0.006585464812815189,0.11868670582771301,1.3861503601074219
1749220209515755800,16.235755859375,-0.028902221471071243,0.4112623631954193,1.4127992391586304
1749220209525747000,16.245746826171874,-0.07286088913679123,0.40177619457244873,1.448998212814331
1749220209535737900,16.25573779296875,-0.12176531553268433,0.18814034759998322,1.4994539022445679
1749220209545728800,16.265728759765626,-0.13594798743724823,-0.0550033301115036,1.5835850238800049
1749220209555720000,16.275719970703125,-0.12205400317907333,-0.20162898302078247,1.6342482566833496
1749220209565710800,16.2857109375,-0.09204204380512238,-0.20863284170627594,1.6780396699905396
1749220209575700700,16.29570068359375,-0.08256571739912033,-0.20954763889312744,1.6915011405944824
1749220209585691600,16.305691650390624,-0.0887724831700325,-0.32100731134414673,1.6748251914978027
1749220209595682800,16.315682861328124,-0.13348695635795593,-0.5026983022689819,1.6886787414550781
1749220209605673700,16.325673828125,-0.15303562581539154,-0.530791699886322,1.6906201839447021
1749220209615664600,16.33566455078125,-0.03310175985097885,-0.6303425431251526,1.6732321977615356
1749220209625655600,16.345655517578123,-0.08161336928606033,-0.7444730997085571,1.8133554458618164
1749220209635646700,16.355646728515627,-0.2677028179168701,-0.8055697679519653,1.9484304189682007
1749220209645637600,16.3656376953125,-0.4090612828731537,-0.7688090801239014,2.134626626968384
1749220209655628800,16.37562890625,-0.4451574981212616,-0.6642246246337891,2.249738931655884
1749220209665620000,16.385619873046874,-0.32911717891693115,-0.6757273077964783,2.4020636081695557
1749220209675611000,16.39561083984375,-0.37897899746894836,-0.7155341506004333,2.6459288597106934
1749220209685601800,16.405601806640625,-0.5524005889892578,-0.8153677582740784,2.811973810195923
1749220209695592700,16.4155927734375,-0.6475588083267212,-1.20012366771698,3.0406594276428223
1749220209705583900,16.425583984375,-0.6728649735450745,-1.6423698663711548,3.1552867889404297
1749220209715574800,16.43557470703125,-0.5414574146270752,-1.938297152519226,3.3307478427886963
1749220209725565700,16.445565673828124,-0.35259613394737244,-2.2849442958831787,3.3369011878967285
1749220209735556900,16.455556884765624,-0.33323922753334045,-2.607243537902832,3.5704240798950195
1749220209745547800,16.4655478515625,-0.677310049533844,-2.8574600219726562,3.7935845851898193
1749220209755537700,16.47553759765625,-0.8865524530410767,-2.6154284477233887,3.93733549118042
1749220209765528600,16.485528564453126,-0.6351998448371887,-2.2898452281951904,3.9207608699798584
1749220209775519700,16.495519775390626,-0.685092568397522,-2.655881643295288,3.9850685596466064
1749220209785510700,16.5055107421875,-1.1200467348098755,-2.685776472091675,3.524341344833374
1749220209795501800,16.515501708984374,-1.3991636037826538,-1.8129301071166992,3.7590394020080566
1749220209805493000,16.525492919921874,-1.3996440172195435,-1.721553087234497,3.126673936843872
1749220209815484000,16.53548388671875,-1.1321889162063599,-1.6567639112472534,1.9282721281051636
1749220209825474800,16.545474853515625,-0.9167900085449219,-1.0194863080978394,1.086526870727539
1749220209835465700,16.5554658203125,-0.9264404773712158,0.16271089017391205,0.8196858167648315
1749220209845457000,16.565456787109376,-0.8304197192192078,1.1216249465942383,0.9308410882949829
1749220209855447800,16.57544775390625,-0.5887055993080139,1.0983235836029053,0.8842920064926147
1749220209865438700,16.585438720703124,-0.33949604630470276,1.0648225545883179,0.4591215252876282
1749220209875430000,16.595429931640624,-0.19761188328266144,0.7420104742050171,-0.0858459323644638
1749220209885420800,16.6054208984375,-0.11110148578882217,1.0168172121047974,-0.7342380285263062
1749220209895411700,16.61541162109375,-0.03953436017036438,1.559515118598938,-1.0452947616577148
1749220209905402600,16.625402587890626,0.13236230611801147,0.49583131074905396,-1.2168323993682861
1749220209915393800,16.635393798828126,0.25059974193573,-0.6211913824081421,-1.0617719888687134
1749220209925383700,16.6453837890625,0.25409218668937683,-0.6848356127738953,-1.3690158128738403
1749220209935374800,16.655374755859373,0.33171454071998596,-0.1112024188041687,-2.1898105144500732
1749220209945365800,16.66536572265625,0.537956953048706,0.9051885008811951,-2.9275529384613037
1749220209955357000,16.67535693359375,0.7653837203979492,1.7236076593399048,-3.2334346771240234
1749220209965347800,16.685347900390624,0.8405224084854126,1.9033780097961426,-3.370598554611206
1749220209975338800,16.6953388671875,0.7287556529045105,1.6689026355743408,-3.8865530490875244
1749220209985330000,16.705329833984376,0.576295793056488,1.2707499265670776,-4.6980791091918945
1749220209995320800,16.71532080078125,0.5552368760108948,0.6358020305633545,-5.12335205078125
1749220210005311700,16.725311767578123,0.610660195350647,-0.2594486176967621,-5.226386547088623
1749220210015302700,16.735302734375,0.6381847262382507,-1.139946699142456,-5.430517673492432
1749220210025293800,16.7452939453125,0.7029320597648621,-1.7113139629364014,-5.731759548187256
1749220210035284700,16.75528466796875,0.8676370978355408,-1.8700999021530151,-5.968135833740234
1749220210045275600,16.765275634765626,1.023476004600525,-1.7390860319137573,-6.047505855560303
1749220210055266800,16.775266845703126,1.1208454370498657,-1.3356645107269287,-6.015856742858887
1749220210065257700,16.7852578125,1.2748419046401978,-0.6304964423179626,-6.127123832702637
1749220210075248600,16.79524853515625,1.5962600708007812,0.32371389865875244,-6.355096817016602
1749220210085239600,16.805239501953125,1.9503135681152344,1.3979949951171875,-6.509122371673584
1749220210095230700,16.815230712890624,2.1525344848632812,2.345541477203369,-6.61690616607666
1749220210105220900,16.825220947265624,2.2081925868988037,2.9040634632110596,-6.730293273925781
1749220210115211800,16.835211669921875,2.1530160903930664,3.1146085262298584,-6.752415180206299
1749220210125202700,16.84520263671875,2.0574331283569336,3.1273045539855957,-6.650040149688721
1749220210135193900,16.85519384765625,1.9842512607574463,3.050624370574951,-6.384340763092041
1749220210145184800,16.865184814453126,1.890444040298462,2.7651846408843994,-5.973050117492676
1749220210155175700,16.87517578125,1.5712820291519165,1.5626894235610962,-5.733626842498779
1749220210165166300,16.885166259765626,0.979994535446167,-0.2747647166252136,-5.1056013107299805
1749220210175157200,16.8951572265625,0.47045034170150757,-1.5958441495895386,-4.228149890899658
1749220210185148200,16.905148193359373,0.3091575801372528,-2.099055051803589,-3.757817029953003
1749220210195139000,16.91513916015625,0.458612859249115,-2.087632894515991,-2.890626907348633
1749220210205130200,16.925130126953125,0.6424439549446106,-1.6429024934768677,-1.0165488719940186
1749220210215121200,16.93512109375,0.6835370659828186,-1.5920653343200684,0.6510933637619019
1749220210225112300,16.9451123046875,0.6201833486557007,-1.9090555906295776,1.8117668628692627
1749220210235103500,16.955103515625,0.5452625155448914,-2.80263090133667,1.9795798063278198
1749220210245094400,16.965094482421875,0.3987140953540802,-3.878234386444092,1.9720726013183594
1749220210255085300,16.975085205078123,0.10783059149980545,-2.8533108234405518,2.173935890197754
1749220210265076200,16.985076171875,-0.2885689437389374,1.2192715406417847,2.038025379180908
1749220210275067400,16.9950673828125,-0.6562638878822327,4.425859451293945,1.4779521226882935
1749220210285057300,17.005057373046874,-1.133918046951294,6.910364151000977,2.4592044353485107
1749220210295048200,17.015048095703126,-0.6232420206069946,6.838079929351807,2.343590259552002
1749220210305039000,17.0250390625,0.5902688503265381,5.660428524017334,2.829141139984131
1749220210315030300,17.0350302734375,1.221384048461914,2.743906259536743,2.3024091720581055
1749220210325021200,17.045021240234377,0.3501553535461426,1.2943778038024902,2.875776767730713
1749220210335012000,17.05501220703125,-0.4961719512939453,0.7118192911148071,2.107696294784546
1749220210345003300,17.065003173828124,-0.4422248303890228,-0.16200114786624908,1.9958655834197998
1749220210354994200,17.074994140625,0.13207414746284485,-1.8489898443222046,1.8140803575515747
1749220210364985300,17.0849853515625,0.3463456928730011,-3.1427481174468994,1.6497433185577393
1749220210374976300,17.094976318359375,0.11271536350250244,-3.40036940574646,1.5550165176391602
1749220210384967400,17.104967529296875,-0.0773531123995781,-2.3962349891662598,1.4204065799713135
1749220210394958300,17.114958251953126,0.02093803882598877,-0.711089015007019,1.2002863883972168
1749220210404949200,17.12494921875,0.23891431093215942,0.8000175952911377,0.9451481699943542
1749220210414940400,17.1349404296875,0.3038792014122009,1.9119446277618408,0.7501136660575867
1749220210424931300,17.144931396484374,0.18282601237297058,2.4578003883361816,0.6345759034156799
1749220210434922200,17.154922119140625,0.06427912414073944,2.302751302719116,0.5350461006164551
1749220210444913200,17.1649130859375,0.037392113357782364,1.3524030447006226,0.4205986261367798
1749220210454903300,17.1749033203125,0.03774098679423332,0.008474977687001228,0.44873490929603577
1749220210464894200,17.184894287109376,0.048955027014017105,-1.065760850906372,0.6060052514076233
1749220210474885000,17.194885009765624,0.12466976046562195,-1.5911356210708618,0.7517169117927551
1749220210484876000,17.2048759765625,0.21105897426605225,-1.6449706554412842,0.8778055906295776
1749220210494867200,17.2148671875,0.2162414938211441,-1.3914244174957275,0.9973530173301697
1749220210504858400,17.2248583984375,0.13312555849552155,-0.9829232096672058,1.0876635313034058
1749220210514849300,17.234849365234375,0.04194345697760582,-0.5781922340393066,1.1546614170074463
1749220210524840400,17.24484033203125,-0.008157795295119286,-0.2712554633617401,1.2015762329101562
1749220210534831400,17.254831298828126,-0.0440867654979229,-0.1380169838666916,1.2585598230361938
1749220210544822300,17.264822265625,-0.09382449835538864,-0.1583198606967926,1.3298840522766113
1749220210554813200,17.274813232421874,-0.135558620095253,-0.2408064901828766,1.4030760526657104
1749220210564804400,17.284804443359373,-0.15374481678009033,-0.23987171053886414,1.4457060098648071
1749220210574795300,17.294795166015625,-0.16146692633628845,-0.13944204151630402,1.4474074840545654
1749220210584786200,17.3047861328125,-0.1779969036579132,0.02027331292629242,1.4358898401260376
1749220210594777300,17.31477734375,-0.19019924104213715,0.1458946168422699,1.4346272945404053
1749220210604768300,17.324768310546876,-0.20006757974624634,0.23051922023296356,1.433517336845398
1749220210614759200,17.33475927734375,-0.19071614742279053,0.24535302817821503,1.4431365728378296
1749220210624749000,17.3447490234375,-0.16370530426502228,0.1648842841386795,1.4519026279449463
1749220210634740500,17.354740478515627,-0.139833003282547,0.05693864822387695,1.4513911008834839
1749220210644731400,17.3647314453125,-0.129954531788826,-0.053342051804065704,1.454816460609436
1749220210654722300,17.374722412109374,-0.13213247060775757,-0.11304106563329697,1.4621061086654663
1749220210664713200,17.384713134765626,-0.12344523519277573,-0.17303702235221863,1.4632935523986816
1749220210674704400,17.394704345703126,-0.12067928165197372,-0.20117731392383575,1.4838882684707642
1749220210684695300,17.4046953125,-0.11956874281167984,-0.24505741894245148,1.5133018493652344
1749220210694686200,17.414686279296873,-0.11869948357343674,-0.2915021479129791,1.5262738466262817
1749220210704677400,17.424677490234377,-0.11109776049852371,-0.27992698550224304,1.5454726219177246
1749220210714668300,17.434668212890625,-0.09932205826044083,-0.2641128599643707,1.5446264743804932
1749220210724659200,17.4446591796875,-0.11126793175935745,-0.25782275199890137,1.540461540222168
1749220210734650400,17.454650390625,-0.1406378149986267,-0.27182939648628235,1.5190761089324951
1749220210744641300,17.464641357421876,-0.14550207555294037,-0.2967802584171295,1.5088943243026733
1749220210754632200,17.474632080078123,-0.13372983038425446,-0.3653814494609833,1.5461606979370117
1749220210764623000,17.484623046875,-0.16579268872737885,-0.5382562875747681,1.5672649145126343
1749220210774614300,17.4946142578125,-0.23397894203662872,-0.6302487850189209,1.699683666229248
1749220210784605200,17.504605224609374,-0.28647491335868835,-0.636522650718689,1.8075106143951416
1749220210794596000,17.51459619140625,-0.2998642027378082,-0.641304075717926,1.9523687362670898
1749220210804586200,17.524586181640625,-0.2891681492328644,-0.6701986193656921,2.13273286819458
1749220210814577400,17.534577392578125,-0.3137315511703491,-0.7750704288482666,2.3067290782928467
1749220210824568300,17.544568359375,-0.3378097414970398,-0.9311777353286743,2.4766199588775635
1749220210834559200,17.554559326171876,-0.30219340324401855,-1.2562657594680786,2.638399839401245
1749220210844550400,17.56455029296875,-0.284000039100647,-1.687650442123413,2.758873224258423
1749220210854541300,17.574541259765624,-0.2999576926231384,-2.027378559112549,2.9206953048706055
1749220210864532200,17.5845322265625,-0.24895575642585754,-2.1438326835632324,3.0591962337493896
1749220210874523100,17.594523193359375,-0.06695293635129929,-2.413799524307251,3.066771984100342
1749220210884514300,17.604514404296875,-0.03911464661359787,-2.891793966293335,3.232102632522583
1749220210894505200,17.614505126953127,-0.41270074248313904,-3.279538869857788,3.328385829925537
1749220210904496000,17.62449609375,-0.7035331130027771,-3.2865676879882812,3.400627374649048
1749220210914487300,17.6344873046875,-0.6529112458229065,-2.844696283340454,3.322723150253296
1749220210924478200,17.644478271484374,-0.4450102150440216,-2.5494096279144287,3.389575719833374
1749220210934469000,17.65446923828125,-0.3918018639087677,-2.299774169921875,3.210277795791626
1749220210944460000,17.6644599609375,-0.4371267259120941,-1.6277996301651,3.3066816329956055
1749220210954451200,17.674451171875,-0.3374139964580536,-1.9932883977890015,2.572709083557129
1749220210964442400,17.6844423828125,-0.004244545940309763,-2.719790458679199,1.8401687145233154
1749220210974432300,17.694432373046876,0.19079658389091492,-2.6452279090881348,1.2834275960922241
1749220210984423200,17.704423095703124,0.23440077900886536,-1.9087551832199097,0.9170629978179932
1749220210994414300,17.714414306640624,0.3701847195625305,-1.2430155277252197,1.1242132186889648
1749220211004405200,17.7244052734375,0.5668980479240417,-0.8122982382774353,1.5770363807678223
1749220211014396200,17.734396240234375,0.5227422714233398,-0.2517038881778717,0.7381821870803833
1749220211024387300,17.74438720703125,0.26324281096458435,0.15429796278476715,-1.0125210285186768
1749220211034378200,17.754378173828126,0.4031580984592438,0.4974593222141266,-1.4189788103103638
1749220211044369200,17.764369140625,1.0582534074783325,-0.22024288773536682,-1.2041295766830444
1749220211054360000,17.774360107421874,1.3834424018859863,-1.5707366466522217,-1.5342127084732056
1749220211064351200,17.784351318359374,1.0500857830047607,-1.918143630027771,-1.5973865985870361
1749220211074342100,17.794342041015625,0.593778669834137,-1.4004826545715332,-1.8828322887420654
1749220211084333000,17.8043330078125,0.40246063470840454,0.13035720586776733,-2.414647102355957
1749220211094324200,17.81432421875,0.5176721811294556,1.7781401872634888,-2.8581104278564453
1749220211104315400,17.8243154296875,0.7113167643547058,2.673466205596924,-3.3102059364318848
1749220211114306300,17.834306396484376,0.7264419198036194,2.8660194873809814,-3.922031879425049
1749220211124297200,17.844297119140624,0.6670829653739929,2.4922361373901367,-4.398866653442383
1749220211134288400,17.854288330078123,0.7049381732940674,1.824664831161499,-4.450679779052734
1749220211144278300,17.8642783203125,0.7676141262054443,0.7392413020133972,-4.702831268310547
1749220211154269200,17.874269287109374,0.8049430847167969,-0.7207704186439514,-5.132111549377441
1749220211164260000,17.884260009765626,0.923364520072937,-2.029008388519287,-5.198232650756836
1749220211174252300,17.894252197265626,1.089583396911621,-2.6486523151397705,-5.16200065612793
1749220211184243200,17.9042431640625,1.2356524467468262,-2.6561684608459473,-5.197049140930176
1749220211194234000,17.914234130859374,1.3341326713562012,-2.397948741912842,-5.068143367767334
1749220211204225000,17.92422509765625,1.5008777379989624,-1.874503254890442,-4.894399642944336
1749220211214216200,17.93421630859375,1.854270577430725,-0.9768879413604736,-4.866861820220947
1749220211224207000,17.94420703125,2.2934653759002686,0.32556718587875366,-4.873589992523193
1749220211234198000,17.954197998046876,2.5914223194122314,1.6070024967193604,-4.865471363067627
1749220211244189200,17.964189208984376,2.757701873779297,2.2267067432403564,-4.855224609375
1749220211254180000,17.97418017578125,2.858318567276001,2.1807990074157715,-4.8318376541137695
1749220211264171000,17.9841708984375,2.900784969329834,1.65096914768219,-4.742246150970459
1749220211274162200,17.994162109375,2.893291473388672,0.7081862092018127,-4.561573505401611
1749220211284153300,18.0041533203125,2.8260295391082764,-0.4203474819660187,-4.3619489669799805
1749220211294144300,18.014144287109374,2.7543251514434814,-1.321321725845337,-4.156981468200684
1749220211304135200,18.02413525390625,2.719041347503662,-1.7647104263305664,-3.846506357192993
1749220211314125000,18.034125,2.54490065574646,-2.309983015060425,-3.6285552978515625
1749220211324116200,18.0441162109375,2.0324923992156982,-3.288900852203369,-3.1993215084075928
1749220211334107100,18.054107177734377,1.530358076095581,-4.324126720428467,-3.325416088104248
1749220211344098000,18.06409814453125,1.3077812194824219,-4.806985378265381,-3.0413355827331543
1749220211354089200,18.074089111328124,1.1786389350891113,-4.482362270355225,-2.302016019821167
1749220211364080000,18.084080078125,1.0047190189361572,-3.65319561958313,-1.762282133102417
1749220211374071000,18.094071044921876,0.909153401851654,-3.1553380489349365,-1.32143235206604
1749220211384062200,18.104062255859375,0.8508722186088562,-3.2652647495269775,-0.7671850919723511
1749220211394053000,18.11405322265625,0.7059611082077026,-3.6083104610443115,-0.011099789291620255
1749220211404044000,18.1240439453125,0.4789237082004547,-3.8817074298858643,0.6579725742340088
1749220211414035200,18.13403515625,0.2841755449771881,-3.8160994052886963,1.0983449220657349
1749220211424026400,18.1440263671875,0.07295037060976028,-3.2684478759765625,1.483590006828308
1749220211434017300,18.154017333984374,-0.20654545724391937,-2.3242313861846924,1.8241816759109497
1749220211444008200,18.16400830078125,-0.4565773904323578,-1.2119569778442383,2.0606799125671387
1749220211453999400,18.173999267578125,-0.6495388746261597,-0.1595901995897293,2.252840042114258
1749220211463990300,18.183990234375,-0.6700119376182556,0.46972382068634033,2.3037400245666504
1749220211473981200,18.193981201171876,-0.9590357542037964,1.166547417640686,1.8988690376281738
1749220211483971000,18.20397119140625,-1.5485026836395264,2.7573466300964355,0.6124604940414429
1749220211493962200,18.213962158203124,-0.39511188864707947,3.5054452419281006,-0.0995716005563736
1749220211503953200,18.223953125,0.5256227850914001,4.8949151039123535,0.3108462989330292
1749220211513944000,18.233944091796875,0.1731126606464386,5.893728256225586,1.2181594371795654
1749220211523935000,18.24393505859375,-0.9447126984596252,4.19760274887085,0.9128351807594299
1749220211533926100,18.253926025390626,-1.7664531469345093,1.6384011507034302,0.42269161343574524
1749220211543917000,18.2639169921875,-1.1678706407546997,0.08981350809335709,1.2911864519119263
1749220211553908200,18.273908203125,-0.2799277901649475,-1.2910405397415161,1.1244723796844482
1749220211563899400,18.2838994140625,0.09317761659622192,-2.0187935829162598,0.9396631121635437
1749220211573890300,18.293890380859374,-0.1032819151878357,-1.7124719619750977,1.1894150972366333
1749220211583881200,18.303881103515625,-0.4199315011501312,-0.3902297914028168,1.1578129529953003
1749220211593872100,18.3138720703125,-0.42246362566947937,0.759807288646698,0.8185262680053711
1749220211603863300,18.32386328125,-0.5523963570594788,1.4019497632980347,0.4895406663417816
1749220211613854200,18.333854248046876,-0.6496917009353638,1.5142326354980469,0.44224318861961365
1749220211623845000,18.34384521484375,-0.6231067180633545,1.2995154857635498,0.48211339116096497
1749220211633836300,18.353836181640624,-0.44659534096717834,1.1245397329330444,0.4605335295200348
1749220211643827200,18.3638271484375,-0.13933099806308746,0.834069550037384,0.46815362572669983
1749220211653817000,18.373817138671875,0.045038849115371704,0.15848630666732788,0.5401210188865662
1749220211663808000,18.38380810546875,0.028871329501271248,-0.5126504898071289,0.524592399597168
1749220211673799200,18.393799072265626,-0.05079101026058197,-0.7124618887901306,0.46914273500442505
1749220211683790000,18.4037900390625,-0.10140331834554672,-0.6487162113189697,0.4121217727661133
1749220211693781200,18.41378125,-0.14735563099384308,-0.49261021614074707,0.3371604382991791
1749220211703772200,18.423772216796873,-0.2153935432434082,-0.18371230363845825,0.27451279759407043
1749220211713763300,18.433763427734377,-0.2534346580505371,0.08367811888456345,0.2753540873527527
1749220211723754200,18.443754150390625,-0.2272331565618515,0.08156676590442657,0.3277509808540344
1749220211733745200,18.4537451171875,-0.2048301100730896,-0.08855836093425751,0.37679094076156616
1749220211743736300,18.463736328125,-0.2134166806936264,-0.3048318028450012,0.4006267786026001
1749220211753727200,18.473727294921876,-0.21390749514102936,-0.4484483599662781,0.4069017171859741
1749220211763718100,18.48371826171875,-0.20030486583709717,-0.4830225706100464,0.37768125534057617
1749220211773709000,18.493708984375,-0.19634553790092468,-0.4393310248851776,0.32994675636291504
1749220211783700200,18.5037001953125,-0.20653294026851654,-0.3628881871700287,0.29392164945602417
1749220211793691100,18.513691162109374,-0.21765004098415375,-0.25593775510787964,0.2617431879043579
1749220211803682000,18.52368212890625,-0.23219622671604156,-0.18879282474517822,0.2263399213552475
1749220211813672200,18.533672119140626,-0.25201839208602905,-0.17687571048736572,0.22815141081809998
1749220211823663400,18.543663330078125,-0.26929670572280884,-0.18578104674816132,0.24972115457057953
1749220211833654300,18.553654296875,-0.2653674781322479,-0.17796947062015533,0.26392191648483276
1749220211843645200,18.563645263671877,-0.24768570065498352,-0.12567484378814697,0.2724722623825073
1749220211853636400,18.57363623046875,-0.22474150359630585,-0.07308486104011536,0.25237685441970825
1749220211863627300,18.583627197265624,-0.19224241375923157,-0.07973877340555191,0.20122312009334564
1749220211873618200,18.5936181640625,-0.16016118228435516,-0.15435920655727386,0.14251106977462769
1749220211883609300,18.603609375,-0.1276777982711792,-0.2692767381668091,0.09322528541088104
1749220211893600300,18.613600341796875,-0.0983223095536232,-0.3467528820037842,0.04970923438668251
1749220211903591200,18.623591064453127,-0.08516229689121246,-0.34714463353157043,0.004708202555775642
1749220211913582000,18.63358203125,-0.07208191603422165,-0.34227558970451355,-0.03055844083428383
1749220211923573200,18.6435732421875,-0.05694104731082916,-0.35114631056785583,-0.04153812304139137
1749220211933564200,18.653564208984374,-0.05155613645911217,-0.3574686646461487,-0.03371641784906387
1749220211943555000,18.66355517578125,-0.06675320118665695,-0.3842230439186096,-0.03845764324069023
1749220211953546200,18.673546142578125,-0.08768564462661743,-0.43412455916404724,-0.03244422748684883
1749220211963537200,18.683537109375,-0.10156524181365967,-0.4759705364704132,0.012892629019916058
1749220211973527300,18.69352734375,-0.11868856847286224,-0.4733545184135437,0.01341567374765873
1749220211983518200,18.703518310546876,-0.1357240080833435,-0.5306748151779175,-0.004372644238173962
1749220211993509400,18.71350927734375,-0.15393070876598358,-0.6593614220619202,0.03536944091320038
1749220212003500300,18.723500244140624,-0.1764695793390274,-0.7359158396720886,0.017826400697231293
1749220212013491200,18.7334912109375,-0.1935391128063202,-0.7642907500267029,-0.03626053407788277
1749220212023482000,18.743482177734375,-0.21803539991378784,-0.7999800443649292,0.020622454583644867
1749220212033473300,18.753473388671875,-0.26123425364494324,-0.7335405349731445,0.050638411194086075
1749220212043464200,18.763464111328126,-0.3097842335700989,-0.5548842549324036,0.0018024274613708258
1749220212053455000,18.773455078125,-0.33579638600349426,-0.46903538703918457,0.023571105673909187
1749220212063446300,18.7834462890625,-0.35955896973609924,-0.526535153388977,0.02039102464914322
1749220212073437200,18.793437255859374,-0.3895554840564728,-0.6310696005821228,0.03888534754514694
1749220212083428000,18.803427978515625,-0.4129902422428131,-0.7378953695297241,0.04115116596221924
1749220212093419000,18.8134189453125,-0.42586609721183777,-0.8107773065567017,0.0727197453379631
1749220212103410200,18.82341015625,-0.42553746700286865,-0.8363902568817139,0.10155671834945679
1749220212113401000,18.833401123046876,-0.42570576071739197,-0.8551630973815918,0.1252942681312561
1749220212123392000,18.84339208984375,-0.4510585367679596,-0.8779693841934204,0.1429443657398224
1749220212133383200,18.853383056640624,-0.49816611409187317,-0.900344967842102,0.14250095188617706
1749220212143373300,18.863373291015623,-0.5497334599494934,-0.8794413208961487,0.15756912529468536
1749220212153364200,18.8733642578125,-0.6008527874946594,-0.8038395047187805,0.1714697629213333
1749220212163355100,18.883355224609375,-0.6449491381645203,-0.7676261067390442,0.19706113636493683
1749220212173349400,18.893349365234375,-0.6751171946525574,-0.7947322726249695,0.23546046018600464
1749220212183340300,18.90334033203125,-0.6920551657676697,-0.8579149842262268,0.2745940089225769
1749220212193331500,18.91333154296875,-0.7061853408813477,-0.8894843459129333,0.3138772249221802
1749220212203322400,18.923322265625,-0.715726912021637,-0.876135528087616,0.34820112586021423
1749220212213313300,18.933313232421874,-0.7268980741500854,-0.8457757234573364,0.38393595814704895
1749220212223304400,18.943304443359374,-0.7358825206756592,-0.8237037062644958,0.4136594831943512
1749220212233295400,18.95329541015625,-0.7446544766426086,-0.8202815651893616,0.43628382682800293
1749220212243286300,18.963286376953125,-0.7525262236595154,-0.8536579012870789,0.4617985188961029
1749220212253277400,18.97327734375,-0.7475658059120178,-0.8983508348464966,0.4769638776779175
1749220212263268400,18.983268310546876,-0.7299711108207703,-0.9143475890159607,0.49232473969459534
1749220212273259500,18.993259521484376,-0.6939207315444946,-0.9951058626174927,0.4915638864040375
1749220212283250400,19.00325048828125,-0.6350075602531433,-1.1995586156845093,0.4630347490310669
1749220212293241600,19.01324169921875,-0.5449849963188171,-1.4603363275527954,0.4621122479438782
1749220212303231500,19.0232314453125,-0.46282729506492615,-1.6761025190353394,0.4169711172580719
1749220212313222400,19.033222412109374,-0.36487090587615967,-1.9780375957489014,0.28540724515914917
1749220212323213300,19.04321337890625,-0.2574496567249298,-2.3484034538269043,0.21041955053806305
1749220212333204500,19.05320458984375,-0.13852272927761078,-2.8163764476776123,-0.02040620520710945
1749220212343195400,19.0631953125,0.13213273882865906,-3.6980299949645996,-0.44136860966682434
1749220212353186300,19.073186279296873,0.6110218167304993,-5.208831787109375,-0.817848265171051
1749220212363177500,19.083177490234377,0.9458925127983093,-7.140923023223877,-1.1251977682113647
1749220212373168400,19.09316845703125,1.0138344764709473,-8.800518035888672,-1.228373408317566
1749220212383159300,19.1031591796875,1.1513034105300903,-10.194856643676758,-1.2971181869506836
1749220212393150200,19.113150146484376,1.5184705257415771,-11.55280876159668,-1.3821837902069092
1749220212403141400,19.123141357421876,1.8820301294326782,-12.885921478271484,-1.2319726943969727
1749220212413132500,19.133132568359375,2.1103899478912354,-13.967971801757812,-1.1775389909744263
1749220212423123500,19.14312353515625,2.225649833679199,-14.306631088256836,-0.9183322191238403
1749220212433114600,19.153114501953127,2.1735246181488037,-13.902693748474121,-0.732374906539917
1749220212443105500,19.16310546875,2.0471248626708984,-13.0765380859375,-0.7191693186759949
1749220212453096400,19.173096435546874,1.9223988056182861,-12.078866958618164,-0.5468755960464478
1749220212463086300,19.18308642578125,1.5758270025253296,-10.46479320526123,-0.27455008029937744
1749220212473077500,19.193077392578125,0.9509194493293762,-7.968031883239746,0.04541941359639168
1749220212483068400,19.203068359375,0.3048664331436157,-5.075016498565674,0.3957979381084442
1749220212493059300,19.213059326171877,-0.16684889793395996,-2.2760841846466064,0.7228703498840332
1749220212503050200,19.22305029296875,-0.499265193939209,0.14395025372505188,1.06165611743927
1749220212513041400,19.23304150390625,-0.7615939974784851,1.9303081035614014,1.310915470123291
1749220212523032300,19.2430322265625,-0.8826176524162292,3.000386953353882,1.3639051914215088
1749220212533023200,19.253023193359375,-0.9506204128265381,3.6573808193206787,1.4944320917129517
1749220212543014400,19.263014404296875,-1.0588600635528564,3.99249267578125,1.4486730098724365
1749220212553005600,19.273005615234375,-1.1370185613632202,4.042940139770508,1.2467913627624512
1749220212562996500,19.28299658203125,-1.1850364208221436,3.9032719135284424,1.0950857400894165
1749220212572987400,19.2929873046875,-1.24898362159729,3.7691879272460938,0.838398814201355
1749220212582978600,19.302978515625,-1.2380551099777222,3.682831048965454,0.5912129878997803
1749220212592969500,19.312969482421874,-1.149385690689087,3.5326974391937256,0.3983502984046936
1749220212602960400,19.32296044921875,-1.036943793296814,3.36611270904541,0.26122307777404785
1749220212612951600,19.33295166015625,-0.797087550163269,3.3416011333465576,0.34213390946388245
1749220212622941400,19.34294140625,-0.37532275915145874,3.1681180000305176,-0.33903372287750244
1749220212632932400,19.352932373046876,-0.28598541021347046,2.5597071647644043,-1.0020878314971924
1749220212642923300,19.36292333984375,0.06760460883378983,1.164007306098938,-1.5630792379379272
1749220212652914400,19.37291455078125,0.5450116395950317,-0.6732628345489502,-1.8114837408065796
1749220212662905300,19.3829052734375,0.775941014289856,-2.0544180870056152,-0.9042907357215881
1749220212672896500,19.392896484375,0.4817677140235901,-2.7262332439422607,-1.1102303266525269
1749220212682887400,19.402887451171875,0.012770656496286392,-2.5505032539367676,-1.6067743301391602
1749220212692878600,19.412878662109375,0.12840405106544495,-1.084151268005371,-0.7194183468818665
1749220212702869500,19.422869384765626,0.3539420962333679,0.6480019688606262,-0.8288282155990601
1749220212712860400,19.4328603515625,0.3032541573047638,1.1028778553009033,-0.9628056883811951
1749220212722851600,19.4428515625,0.04126381501555443,0.8689606785774231,-0.7317362427711487
1749220212732842500,19.452842529296873,-0.15415281057357788,0.6006887555122375,-0.47540009021759033
1749220212742833400,19.46283349609375,-0.11600623279809952,0.1301281750202179,-0.35535064339637756
1749220212752824600,19.472824462890625,-0.01101696491241455,-0.36837801337242126,-0.340116024017334
1749220212762815500,19.4828154296875,-0.04777231439948082,-0.5060921907424927,-0.23139327764511108
1749220212772805400,19.492805419921876,-0.12736274302005768,-0.17057493329048157,-0.09765998274087906
1749220212782796300,19.50279638671875,-0.09422876685857773,0.4532252848148346,-0.07192452251911163
1749220212792787200,19.512787109375,-0.015204785391688347,1.0081100463867188,-0.12762320041656494
1749220212802778400,19.5227783203125,-0.00250576832331717,1.2401784658432007,-0.20677554607391357
1749220212812769500,19.53276953125,-0.03428659960627556,1.1310935020446777,-0.28800010681152344
1749220212822760400,19.542760498046874,-0.02959917113184929,0.72834312915802,-0.32376980781555176
1749220212832751600,19.552751708984374,-0.016949955374002457,0.1916152387857437,-0.3958818316459656
1749220212842742500,19.562742431640626,0.0016892430139705539,-0.2512072026729584,-0.44064661860466003
1749220212852733400,19.5727333984375,0.03371695056557655,-0.45997345447540283,-0.4472062587738037
1749220212862724600,19.582724609375,0.05851257964968681,-0.5062245726585388,-0.46812114119529724
1749220212872715500,19.592715576171877,0.05012894794344902,-0.43679356575012207,-0.49186667799949646
1749220212882706400,19.60270654296875,0.0009701895760372281,-0.22271856665611267,-0.491865873336792
1749220212892697300,19.612697265625,-0.05209755524992943,-0.04144624248147011,-0.5021776556968689
1749220212902688500,19.6226884765625,-0.08568747341632843,0.03670927882194519,-0.4993640184402466
1749220212912679400,19.632679443359375,-0.09992367029190063,0.03723471984267235,-0.4578056335449219
1749220212922670300,19.64267041015625,-0.10673097521066666,-0.04123558849096298,-0.41844332218170166
1749220212932660200,19.65266015625,-0.11237075179815292,-0.16488748788833618,-0.37549400329589844
1749220212942651400,19.6626513671875,-0.12340182811021805,-0.20818781852722168,-0.31530335545539856
1749220212952642600,19.672642578125,-0.1352723389863968,-0.17862513661384583,-0.29275304079055786
1749220212962633500,19.682633544921874,-0.1536010056734085,-0.1418047994375229,-0.2759737968444824
1749220212972624600,19.692624755859374,-0.17849890887737274,-0.12039991468191147,-0.2614699602127075
1749220212982615600,19.702615478515625,-0.20147345960140228,-0.11861772835254669,-0.24951209127902985
1749220212992606500,19.7126064453125,-0.21498075127601624,-0.1317998468875885,-0.24671737849712372
1749220213002597400,19.722597412109376,-0.21116018295288086,-0.13760393857955933,-0.2499469816684723
1749220213012588500,19.732588623046876,-0.2108464539051056,-0.13470081984996796,-0.2509259581565857
1749220213022579500,19.742579345703124,-0.20646315813064575,-0.10506756603717804,-0.24106641113758087
1749220213032570400,19.7525703125,-0.19282032549381256,-0.06319281458854675,-0.22192494571208954
1749220213042561500,19.7625615234375,-0.18124915659427643,-0.01787194050848484,-0.205400288105011
1749220213052552400,19.772552490234375,-0.19806142151355743,0.030781349167227745,-0.21042461693286896
1749220213062543400,19.78254345703125,-0.23647086322307587,0.07930947095155716,-0.22415533661842346
1749220213072533200,19.792533203125,-0.2652100920677185,0.09372595697641373,-0.22330684959888458
1749220213082524400,19.8025244140625,-0.29368487000465393,0.0694991797208786,-0.21299296617507935
1749220213092515600,19.812515625,-0.315944105386734,0.00646642129868269,-0.20606155693531036
1749220213102506500,19.822506591796873,-0.3357713520526886,-0.03334437310695648,-0.1952642947435379
1749220213112497400,19.832497314453125,-0.34110087156295776,-0.024396419525146484,-0.1751105636358261
1749220213122488600,19.842488525390625,-0.3249530494213104,-0.014400511048734188,-0.15713529288768768
1749220213132479500,19.8524794921875,-0.3067159950733185,-0.031797345727682114,-0.15331605076789856
1749220213142470400,19.862470458984376,-0.3090966045856476,-0.05327653884887695,-0.16024719178676605
1749220213152461600,19.872461669921876,-0.31551802158355713,-0.05461850389838219,-0.1671684831380844
1749220213162452500,19.882452392578124,-0.3178602457046509,-0.05680655688047409,-0.18041478097438812
1749220213172440000,19.892440185546874,-0.32049837708473206,-0.07441671192646027,-0.20204098522663116
1749220213182431000,19.902430908203126,-0.330661803483963,-0.12393419444561005,-0.23772414028644562
1749220213192422000,19.912421875,-0.3374382257461548,-0.19180113077163696,-0.27288347482681274
1749220213202413000,19.9224130859375,-0.33951336145401,-0.2425236850976944,-0.2939578592777252
1749220213212404000,19.932404052734373,-0.31647753715515137,-0.2615881860256195,-0.30627205967903137
1749220213222394000,19.94239404296875,-0.2874773144721985,-0.25756630301475525,-0.3038858473300934
1749220213232385000,19.952385009765624,-0.2606654167175293,-0.25434625148773193,-0.28518274426460266
1749220213242376200,19.962376220703124,-0.24471333622932434,-0.2701880633831024,-0.27271008491516113
1749220213252367000,19.9723671875,-0.23760908842086792,-0.27345097064971924,-0.24504517018795013
1749220213262358000,19.98235791015625,-0.22627601027488708,-0.2718365788459778,-0.21693576872348785
1749220213272349200,19.99234912109375,-0.21435703337192535,-0.2504252791404724,-0.19586750864982605
1749220213282340000,20.002340087890627,-0.21169599890708923,-0.20518431067466736,-0.17850902676582336
1749220213292331000,20.0123310546875,-0.21162143349647522,-0.15138952434062958,-0.15919896960258484
1749220213302322000,20.022322021484374,-0.21241265535354614,-0.1132783517241478,-0.14620274305343628
1749220213312313000,20.03231298828125,-0.214067280292511,-0.08954719454050064,-0.13359427452087402
1749220213322304000,20.042303955078125,-0.20856812596321106,-0.06988587230443954,-0.13493092358112335
1749220213332295000,20.052294921875,-0.20059248805046082,-0.056115467101335526,-0.13180223107337952
1749220213342286000,20.0622861328125,-0.19175052642822266,-0.04014874994754791,-0.12929114699363708
1749220213352276000,20.07227587890625,-0.1826358586549759,-0.022790268063545227,-0.12818220257759094
1749220213362267100,20.08226708984375,-0.17209745943546295,-0.015843944624066353,-0.12618961930274963
1749220213372258000,20.092258056640624,-0.16455592215061188,-0.02008928917348385,-0.12811721861362457
1749220213382249200,20.102249267578124,-0.16094361245632172,-0.03615454211831093,-0.13248880207538605
1749220213392240000,20.112240234375,-0.15904077887535095,-0.05395377799868584,-0.13086001574993134
1749220213402231000,20.12223095703125,-0.1525048464536667,-0.066917784512043,-0.12721361219882965
1749220213412222000,20.132221923828126,-0.14445970952510834,-0.0762561559677124,-0.1294005960226059
1749220213422213000,20.142213134765626,-0.1395680159330368,-0.08368877321481705,-0.13057132065296173
1749220213432204000,20.1522041015625,-0.13483265042304993,-0.08186983317136765,-0.13238413631916046
1749220213442195000,20.16219482421875,-0.12763918936252594,-0.07920853793621063,-0.13846120238304138
1749220213452186000,20.17218603515625,-0.11631249636411667,-0.07267899811267853,-0.14060398936271667
1749220213462177000,20.182177001953125,-0.11181920766830444,-0.0648418441414833,-0.145920991897583
1749220213472168000,20.19216796875,-0.10963115841150284,-0.050520166754722595,-0.14909733831882477
1749220213482158800,20.202158935546876,-0.11078137159347534,-0.03966006264090538,-0.15678881108760834
1749220213492150000,20.21214990234375,-0.1054111123085022,-0.02937333472073078,-0.16076092422008514
1749220213502140200,20.22214013671875,-0.09855639934539795,-0.0309310182929039,-0.16315430402755737
1749220213512131000,20.232131103515623,-0.09019274264574051,-0.048953160643577576,-0.16232739388942719
1749220213522122000,20.2421220703125,-0.08380994200706482,-0.07422123104333878,-0.16439586877822876
1749220213532113200,20.252113037109375,-0.07661355286836624,-0.10482761263847351,-0.16139422357082367
1749220213542104000,20.26210400390625,-0.0708768367767334,-0.1331932097673416,-0.1634477823972702
1749220213552095000,20.272094970703126,-0.06315739452838898,-0.1520177572965622,-0.16352981328964233
1749220213562086100,20.282086181640626,-0.05919860675930977,-0.1590232104063034,-0.15847912430763245
1749220213572077000,20.2920771484375,-0.05572637915611267,-0.1589323878288269,-0.1521594375371933
1749220213582068000,20.30206787109375,-0.05781030282378197,-0.14534308016300201,-0.14719797670841217
1749220213592059000,20.312058837890625,-0.05534794554114342,-0.12353232502937317,-0.14010730385780334
1749220213602050000,20.322050048828125,-0.05306774377822876,-0.10339350253343582,-0.13048237562179565
1749220213612041000,20.332041015625,-0.0527241975069046,-0.09633905440568924,-0.11961055546998978
1749220213622032000,20.342031982421876,-0.048100683838129044,-0.09641175717115402,-0.11096832901239395
1749220213632023000,20.35202294921875,-0.04421912506222725,-0.10947669297456741,-0.1023641899228096
1749220213642013200,20.36201318359375,-0.044681183993816376,-0.12007580697536469,-0.09234298020601273
1749220213652004000,20.372004150390627,-0.036126311868429184,-0.12392807006835938,-0.0825263038277626
1749220213661995000,20.3819951171875,-0.034095119684934616,-0.11630530655384064,-0.07249097526073456
1749220213671986200,20.391986083984374,-0.032106537371873856,-0.09655983000993729,-0.05841457471251488
1749220213681977000,20.40197705078125,-0.027359185740351677,-0.07136339694261551,-0.048826929181814194
1749220213691968000,20.411968017578126,-0.024028370156884193,-0.05108075961470604,-0.04008163884282112
1749220213701959000,20.421958984375,-0.027486750856041908,-0.02713334932923317,-0.027771709486842155
1749220213711950000,20.4319501953125,-0.026260100305080414,-0.013246296904981136,-0.01734010875225067
1749220213721941000,20.44194091796875,-0.02123338356614113,-0.009983924217522144,-0.007181213703006506
1749220213731932000,20.451931884765624,-0.014831144362688065,-0.022373748943209648,0.0001358212175546214
1749220213741923000,20.461923095703124,-0.012296879664063454,-0.03906431049108505,0.010803379118442535
1749220213751914000,20.4719140625,-0.014367220923304558,-0.05949661508202553,0.019698336720466614
1749220213761905000,20.48190478515625,-0.012997823767364025,-0.0816301479935646,0.027229489758610725
1749220213771895000,20.49189501953125,-0.008888300508260727,-0.08931390196084976,0.03508688136935234
1749220213781886200,20.50188623046875,-0.005561213009059429,-0.08096595853567123,0.04367024824023247
1749220213791877000,20.511877197265626,-0.005680522415786982,-0.05539641156792641,0.0483211949467659
1749220213801868000,20.521867919921874,-0.0017273263074457645,-0.02804761379957199,0.054366301745176315
1749220213811859000,20.53185888671875,-0.0031457259319722652,-0.00968538410961628,0.05849872902035713
1749220213821850000,20.54185009765625,-0.0035270904190838337,-0.005653624422848225,0.06568233668804169
1749220213831841000,20.551841064453125,-0.00017736652807798237,-0.01125212199985981,0.06767331808805466
1749220213841832000,20.56183203125,0.004013383761048317,-0.014549913816154003,0.06902088224887848
1749220213851823000,20.571822998046876,0.007002782076597214,-0.025058481842279434,0.073784738779068
1749220213861814000,20.58181396484375,0.006489857099950314,-0.03376968204975128,0.07467876374721527
1749220213871805000,20.591804931640624,0.008348477073013783,-0.03466716781258583,0.0753815695643425
1749220213881796000,20.601796142578124,0.009610016830265522,-0.029415147379040718,0.07453308999538422
1749220213891787000,20.611787109375,0.012108860537409782,-0.02515568770468235,0.07397595793008804
1749220213901778000,20.62177783203125,0.013974937610328197,-0.028360001742839813,0.07096099108457565
1749220213911768000,20.63176806640625,0.01799125038087368,-0.03128335252404213,0.06871168315410614
1749220213921759000,20.641759033203126,0.02159450761973858,-0.023502929136157036,0.0669366866350174
1749220213931750100,20.651750244140626,0.023608390241861343,-0.010035323910415173,0.06383410841226578
1749220213941741000,20.661740966796874,0.02479110099375248,0.004770520608872175,0.05739058926701546
1749220213951732000,20.67173193359375,0.027066238224506378,0.016565660014748573,0.056605756282806396
1749220213961723100,20.68172314453125,0.028022579848766327,0.011922439560294151,0.050813913345336914
1749220213971714000,20.691714111328125,0.032108135521411896,0.0026101642288267612,0.04517040774226189
1749220213981705000,20.701705078125,0.03452681750059128,-0.009427856653928757,0.039086949080228806
1749220213991696100,20.711696044921876,0.028012726455926895,-0.009668339975178242,0.03771675378084183
1749220214001687000,20.72168701171875,0.027035878971219063,-0.007989749312400818,0.035828571766614914
1749220214011678000,20.731677978515624,0.028922460973262787,-0.007137804292142391,0.032655149698257446
1749220214021668900,20.7416689453125,0.021258683875203133,-0.007895473390817642,0.029692381620407104
1749220214031659000,20.751658935546875,0.02052897773683071,-0.017645839601755142,0.026316292583942413
1749220214041650200,20.761650146484374,0.020246149972081184,-0.024870729073882103,0.029863357543945312
1749220214051641000,20.77164111328125,0.01914306730031967,-0.022720491513609886,0.03055923990905285
1749220214061632000,20.781632080078126,0.017300160601735115,-0.01498454250395298,0.03099280409514904
1749220214071623200,20.791623046875,0.014473481103777885,-0.013971475884318352,0.028173314407467842
1749220214081614000,20.801614013671873,0.017073258757591248,-0.015990683808922768,0.028498221188783646
1749220214091605000,20.81160498046875,0.014537929557263851,-0.021497568115592003,0.025955701246857643
1749220214101596200,20.82159619140625,0.01221512071788311,-0.034202177077531815,0.023479493334889412
1749220214111587000,20.831587158203124,-0.02682974934577942,-0.1057589203119278,0.00455773388966918
1749220214121578000,20.841577880859376,-0.08311992138624191,-0.204239159822464,-0.012108327820897102
1749220214131569000,20.85156884765625,-0.056838516145944595,-0.09851352125406265,0.019536150619387627
1749220214141560000,20.86156005859375,0.03653191030025482,0.024520257487893105,0.020714865997433662
1749220214151551000,20.871551025390627,0.05709204822778702,-0.0005803027888759971,-0.0021318604703992605
1749220214161542000,20.8815419921875,0.018094846978783607,-0.03602218255400658,0.011004181578755379
1749220214171532000,20.891531982421874,0.011513910256326199,-0.045830339193344116,0.008701878599822521
1749220214181523200,20.901523193359374,0.05264803022146225,0.06784429401159286,0.022366559132933617
1749220214191514000,20.91151416015625,0.06966909021139145,0.06149718165397644,-0.000287088769255206
1749220214201505000,20.921505126953125,0.04279806464910507,0.005116465035825968,-0.0132686672732234
1749220214211496200,20.93149609375,-0.005081844050437212,-0.024713868275284767,-0.0030125677585601807
1749220214221487000,20.941487060546876,-0.016460198909044266,-0.042159970849752426,0.0035955337807536125
1749220214231478000,20.95147802734375,0.01381328422576189,-0.010008691810071468,-0.01437947154045105
1749220214241469200,20.96146923828125,0.050268497318029404,-0.04261563718318939,-0.017106017097830772
1749220214251460000,20.971460205078124,0.041794851422309875,-0.09041671454906464,-0.0193683709949255
1749220214261451000,20.981450927734375,0.04373762756586075,-0.12977424263954163,-0.02105202153325081
1749220214271442000,20.99144189453125,0.045580536127090454,-0.11910907924175262,-0.02208000235259533
1749220214281433000,21.00143310546875,0.01835850067436695,-0.04970044270157814,-0.017257550731301308
1749220214291424000,21.011424072265626,0.04543406143784523,-0.03549274802207947,-0.0001233043585671112
1749220214301414000,21.021413818359374,0.06976869702339172,0.0031617048662155867,-0.0028855351265519857
1749220214311405000,21.031405029296874,0.05131831392645836,0.04104384034872055,-0.006095176562666893
1749220214321396200,21.041396240234373,0.031141674146056175,0.032646361738443375,-0.005874666851013899
1749220214331387100,21.05138720703125,0.030341127887368202,0.06124578043818474,-0.00824088603258133
1749220214341378000,21.0613779296875,0.042270757257938385,0.07108137011528015,-0.014407701790332794
1749220214351369200,21.071369140625,0.04240311682224274,0.03057681769132614,-0.011121094226837158
1749220214361360100,21.081360107421876,0.05555380508303642,0.018338793888688087,-0.007141000125557184
1749220214371351000,21.09135107421875,0.07458741962909698,0.08901695907115936,-0.006197708658874035
1749220214381342000,21.101342041015624,0.04271550476551056,0.12008779495954514,0.013937653042376041
1749220214391333000,21.1113330078125,0.020926853641867638,0.19033345580101013,0.007481618318706751
1749220214401324000,21.121323974609375,0.025718413293361664,0.25281068682670593,0.018089255318045616
1749220214411315000,21.13131494140625,0.03567517176270485,0.2715289890766144,0.02623133733868599
1749220214421306000,21.14130615234375,-0.018091386184096336,0.23766928911209106,0.05278119072318077
1749220214431296000,21.1512958984375,-0.02347389981150627,0.12576910853385925,0.0353982038795948
1749220214441287200,21.161287109375,-0.006571882404386997,0.05212205648422241,0.021275194361805916
1749220214451278000,21.171278076171873,0.03736335039138794,0.013220996595919132,0.0119485380128026
1749220214461269200,21.181269287109377,0.041665688157081604,-0.009411078877747059,0.017656758427619934
1749220214471260200,21.19126025390625,0.03738918527960777,0.01931936852633953,0.012490491382777691
1749220214481251000,21.2012509765625,0.12062948197126389,0.09347721934318542,0.00583791546523571
1749220214491242000,21.211241943359376,0.24484916031360626,0.0850970521569252,0.013888917863368988
1749220214501233200,21.221233154296876,0.2609562277793884,0.040410805493593216,0.022183332592248917
1749220214511224000,21.23122412109375,0.19597989320755005,-0.051241084933280945,0.0012426309986039996
1749220214521215000,21.241215087890627,0.11859109252691269,-0.0842038244009018,0.014809305779635906
1749220214531206100,21.2512060546875,0.011663047596812248,-0.026324015110731125,0.03152010962367058
1749220214541197000,21.261197021484374,-0.05416949465870857,0.03196698799729347,0.034280210733413696
1749220214551187000,21.27118701171875,-0.09357282519340515,0.09188065677881241,0.04145609587430954
1749220214561177900,21.281177734375,-0.07724418491125107,0.15463830530643463,0.06616809964179993
1749220214571169000,21.2911689453125,-0.0417647585272789,0.1616022139787674,0.08549599349498749
1749220214581160200,21.30116015625,-0.05704198032617569,0.182946115732193,0.11249538511037827
1749220214591151000,21.311151123046876,-0.03283730894327164,0.2089201956987381,0.11510128527879715
1749220214601142300,21.321142333984376,-0.05693545565009117,0.22683128714561462,0.12343112379312515
1749220214611133200,21.33113330078125,0.02605104073882103,0.36431989073753357,0.04719867184758186
1749220214621124000,21.3411240234375,0.008596683852374554,0.23386389017105103,0.02251249924302101
1749220214631115000,21.351114990234375,-0.03217950835824013,0.14613750576972961,0.06528286635875702
1749220214641106200,21.361106201171875,-0.016147810965776443,0.08014010637998581,0.06112407520413399
1749220214651097000,21.37109716796875,0.04874942824244499,0.06813804060220718,0.056780457496643066
1749220214661088000,21.381087890625,0.08175558596849442,0.1492840200662613,0.11702702194452286
1749220214671079200,21.3910791015625,0.12837527692317963,0.2976711094379425,0.11517585813999176
1749220214681069000,21.401069091796874,0.1974795162677765,0.3696502149105072,0.12318771332502365
1749220214691060000,21.41106005859375,0.17915484309196472,0.3441818654537201,0.08238302171230316
1749220214701051000,21.42105078125,0.08112361282110214,0.2124723196029663,0.05064799636602402
1749220214711042000,21.4310419921875,0.058404721319675446,0.09696196764707565,0.03839505836367607
1749220214721033200,21.441033203125,0.1287907361984253,0.027334684506058693,0.04129257798194885
1749220214731024100,21.451024169921876,0.055503204464912415,-0.019960392266511917,0.011670238338410854
1749220214741015000,21.46101513671875,-0.11189164966344833,-0.07183796912431717,0.020913004875183105
1749220214751006200,21.471006103515624,-0.017119597643613815,0.0524059496819973,0.07127178460359573
1749220214760997000,21.4809970703125,0.09813215583562851,0.19180671870708466,0.13900582492351532
1749220214770988000,21.490988037109375,0.13282541930675507,0.3329516053199768,0.15412218868732452
1749220214780979200,21.500979248046875,0.12191205471754074,0.486339271068573,0.15776965022087097
1749220214790970000,21.51097021484375,0.12298291176557541,0.5197510123252869,0.15033197402954102
1749220214800960000,21.5209599609375,0.12670893967151642,0.5466484427452087,0.15459144115447998
1749220214810951000,21.530950927734374,0.14280535280704498,0.6609364151954651,0.10033166408538818
1749220214820942000,21.540942138671873,0.26156288385391235,0.7763229012489319,0.044553618878126144
1749220214830933000,21.55093310546875,0.4115888774394989,0.7865182757377625,-0.06506741791963577
1749220214840924000,21.560923828125,0.5376850366592407,0.6904066801071167,-0.14625442028045654
1749220214850915000,21.5709150390625,0.397274911403656,0.597443699836731,-0.14097283780574799
1749220214860906200,21.58090625,0.21312852203845978,0.44524243474006653,-0.09644345194101334
1749220214870897200,21.590897216796876,0.12568575143814087,0.3912889361381531,-0.07724152505397797
1749220214880888000,21.60088818359375,0.14137257635593414,0.3173385560512543,-0.06099784001708031
1749220214890879200,21.610879150390623,0.1879296898841858,0.2839861810207367,-0.05071244388818741
1749220214900870100,21.6208701171875,0.2260693460702896,0.2640276551246643,-0.06330227106809616
1749220214910861000,21.630861083984374,0.21346861124038696,0.2702711820602417,-0.046666037291288376
1749220214920851000,21.640850830078126,0.13536395132541656,0.27746355533599854,-0.0028913940768688917
1749220214930842000,21.650842041015625,0.02166401594877243,0.17113685607910156,0.05054520070552826
1749220214940833000,21.6608330078125,-0.05534607917070389,0.0703657791018486,0.03425810486078262
1749220214950824000,21.670823974609377,-0.15052585303783417,0.026396986097097397,0.05648244917392731
1749220214960814800,21.68081494140625,-0.21155299246311188,-0.04633207991719246,0.04114903509616852
1749220214970806000,21.690805908203124,-0.20367376506328583,-0.11126819998025894,0.041371140629053116
1749220214980797000,21.700796875,-0.09025266766548157,-0.07532244920730591,0.05760364234447479
1749220214990788000,21.7107880859375,0.04256637021899223,0.03333079069852829,0.057853713631629944
1749220215000779300,21.720779296875,-0.176932692527771,-0.287658154964447,0.12456776201725006
1749220215010770200,21.730770263671875,-0.0987715870141983,-0.10257324576377869,0.1569312959909439
1749220215020761000,21.740760986328127,-0.19320115447044373,-0.07136712223291397,0.17204339802265167
1749220215030752000,21.750751953125,-0.27238786220550537,-0.09060020744800568,0.24545103311538696
1749220215040742100,21.7607421875,-0.24212448298931122,-0.09442716836929321,0.2721380293369293
1749220215050733000,21.770733154296874,-0.21211358904838562,-0.069991335272789,0.27335405349731445
1749220215060724000,21.780723876953125,-0.182833731174469,0.09657341241836548,0.2799355089664459
1749220215070715000,21.79071484375,-0.10097375512123108,0.15119005739688873,0.2462337464094162
1749220215080706000,21.8007060546875,-0.10325182229280472,0.32019850611686707,0.26198768615722656
1749220215090697000,21.810697021484376,-0.08564193546772003,0.32206112146377563,0.29452085494995117
1749220215100688000,21.82068798828125,-0.3190935552120209,0.502325713634491,0.18991374969482422
1749220215110679000,21.830678955078124,0.09147106111049652,0.26545482873916626,0.18565961718559265
1749220215120670200,21.840670166015624,0.20480027794837952,-0.22999484837055206,0.23245374858379364
1749220215130661000,21.8506611328125,-0.03375237062573433,-0.3070923089981079,0.33265891671180725
1749220215140652000,21.860652099609375,-0.11534816026687622,-0.22108951210975647,0.2698439955711365
1749220215150642200,21.87064208984375,0.043715521693229675,-0.1596735566854477,0.21846656501293182
1749220215160633000,21.880633056640626,0.1682894080877304,-0.16219928860664368,0.21370242536067963
1749220215170624000,21.8906240234375,0.21016548573970795,-0.1647428721189499,0.27452531456947327
1749220215180615000,21.900614990234374,0.37980884313583374,-0.24932780861854553,0.3724026083946228
1749220215190605800,21.910605712890625,0.5635808110237122,-0.055688563734292984,0.4206172525882721
1749220215200596700,21.9205966796875,0.6852923035621643,-0.06915882974863052,0.4681656062602997
1749220215210588000,21.930587890625,0.8678549528121948,-0.18789319694042206,0.5071840882301331
1749220215220578800,21.940578857421876,1.0660793781280518,-0.038180675357580185,0.5517465472221375
1749220215230569700,21.95056982421875,0.9559286236763,-0.13516154885292053,0.5698552131652832
1749220215240561000,21.960560791015624,0.8597506880760193,-0.39533719420433044,0.585416316986084
1749220215250552000,21.970552001953124,0.8946141004562378,-0.3782295882701874,0.8344796895980835
1749220215260543000,21.98054296875,0.7390780448913574,-0.6601265072822571,0.7879002094268799
1749220215270532900,21.990532958984375,0.4042057991027832,-1.0018044710159302,0.8905453681945801
1749220215280524000,22.00052392578125,0.025496838614344597,-1.1499193906784058,0.8981305360794067
1749220215290515000,22.010514892578126,-0.4528399109840393,-0.7305967211723328,0.9111291766166687
1749220215300505900,22.020505859375,-0.5315360426902771,-1.1234382390975952,1.2917824983596802
1749220215310496800,22.030496826171873,-0.08416414260864258,-0.6448794007301331,1.1858803033828735
1749220215320488000,22.040488037109377,0.4227858781814575,-0.6797364354133606,1.461090326309204
1749220215330478800,22.050478759765625,0.17641684412956238,-0.4657711684703827,1.6448540687561035
1749220215340469800,22.0604697265625,0.07352960854768753,-0.6840997934341431,1.9966983795166016
1749220215350461000,22.0704609375,0.16982339322566986,-0.6035005450248718,1.9911105632781982
1749220215360451800,22.080451904296876,0.33236703276634216,-0.541628897190094,2.204622507095337
1749220215370442800,22.09044287109375,0.529072642326355,-0.1644456684589386,2.810565233230591
1749220215380434000,22.100433837890623,0.8170253038406372,-0.21089120209217072,3.4090752601623535
1749220215390424000,22.110424072265626,1.1959222555160522,0.10846282541751862,3.9492392539978027
1749220215400415000,22.1204150390625,1.6577924489974976,-0.08361580222845078,4.589685916900635
1749220215410406000,22.130406005859374,2.1092209815979004,-0.09229157865047455,3.892448902130127
1749220215420397000,22.14039697265625,1.899314522743225,0.8823308348655701,2.192138195037842
1749220215430388000,22.150387939453125,1.6345486640930176,0.7687531113624573,1.7658510208129883
1749220215440379000,22.16037890625,1.2220209836959839,0.9164408445358276,1.3425346612930298
1749220215450369800,22.170369873046877,0.7090604901313782,0.9090614914894104,0.9128735661506653
1749220215460361000,22.18036083984375,0.23910632729530334,0.7551688551902771,0.5334692597389221
1749220215470352000,22.190351806640624,-0.14048121869564056,0.3984333872795105,0.16842682659626007
1749220215480342800,22.2003427734375,-0.11917965114116669,0.3237839341163635,-0.1963292956352234
1749220215490334000,22.210333984375,0.22082026302814484,0.3657393753528595,-0.5702245831489563
1749220215500324900,22.220324951171875,0.7566607594490051,0.29685109853744507,-0.9920796751976013
1749220215510315000,22.23031494140625,1.418800711631775,0.3572675883769989,-1.3599871397018433
1749220215520306000,22.240305908203126,1.9308754205703735,0.5687103271484375,-1.6753402948379517
1749220215530297000,22.250297119140626,2.0927274227142334,0.6423293948173523,-1.9671058654785156
1749220215540288000,22.2602880859375,1.9213532209396362,0.4611934423446655,-2.296546220779419
1749220215550279000,22.27027880859375,1.6231167316436768,0.4253941774368286,-2.7028584480285645
1749220215560269800,22.280269775390625,1.4707597494125366,0.7045408487319946,-3.1408536434173584
1749220215570261000,22.290260986328125,1.5592401027679443,1.0844881534576416,-3.534013509750366
1749220215580252000,22.300251953125,1.8388956785202026,1.4262503385543823,-3.831833600997925
1749220215590242800,22.310242919921876,2.202610731124878,1.5002784729003906,-3.9705395698547363
1749220215600234000,22.32023388671875,2.2298672199249268,1.8655518293380737,-3.9775288105010986
1749220215610225000,22.330224853515624,1.8423553705215454,2.1221871376037598,-3.8680684566497803
1749220215620215000,22.340215087890623,1.4404375553131104,2.240445852279663,-3.7298038005828857
1749220215630206000,22.3502060546875,1.3827084302902222,2.511244773864746,-3.5994184017181396
1749220215640197000,22.360197021484375,1.7564319372177124,2.7639291286468506,-3.479745864868164
1749220215650188000,22.37018798828125,2.351707935333252,2.760953903198242,-3.433990478515625
1749220215660179000,22.380178955078126,2.8802073001861572,2.403345823287964,-3.46405291557312
1749220215670169900,22.390169921875,3.256882667541504,2.013871192932129,-3.545172691345215
1749220215680161000,22.4001611328125,3.50223445892334,1.7702462673187256,-3.614657163619995
1749220215690152000,22.41015185546875,3.535515785217285,1.794103980064392,-3.593623399734497
1749220215700142800,22.420142822265625,3.2487568855285645,2.1095428466796875,-3.4521896839141846
1749220215710134000,22.430134033203124,2.7864818572998047,2.5965144634246826,-3.219754695892334
1749220215720125000,22.440125,2.395960807800293,3.1141467094421387,-2.9357869625091553
1749220215730114800,22.45011474609375,2.183734893798828,3.6905696392059326,-2.6708827018737793
1749220215740106000,22.46010595703125,2.1193621158599854,3.979645252227783,-2.479928731918335
1749220215750097200,22.47009716796875,1.3811489343643188,4.02813196182251,-3.4815785884857178
1749220215760088000,22.480088134765627,0.888834536075592,3.6080269813537598,-4.101619720458984
1749220215770079000,22.490078857421874,0.3130979835987091,3.582768678665161,-4.46127986907959
1749220215780070000,22.50006982421875,0.07909801602363586,4.22674036026001,-4.240030765533447
1749220215790061000,22.51006103515625,0.16446058452129364,4.001379013061523,-3.8815481662750244
1749220215800052000,22.520052001953125,0.3556015193462372,3.7707276344299316,-3.529376268386841
1749220215810043000,22.53004296875,0.4222226142883301,3.5089240074157715,-3.199251890182495
1749220215820034000,22.540033935546877,0.4041927456855774,3.340047597885132,-2.8605990409851074
1749220215830025000,22.55002490234375,0.40999311208724976,3.112058639526367,-2.5132558345794678
1749220215840016000,22.560015869140624,0.37114158272743225,2.9466323852539062,-2.1607956886291504
1749220215850005800,22.570005859375,0.27123016119003296,2.8869330883026123,-1.8151506185531616
1749220215859997000,22.579996826171875,0.17441867291927338,2.609952688217163,-1.476627230644226
1749220215869987800,22.58998779296875,0.09436991065740585,2.2642836570739746,-1.1819100379943848
1749220215879979000,22.59997900390625,0.1253904104232788,2.059985876083374,-0.992394208908081
1749220215889970000,22.609969970703126,0.28302958607673645,1.9245953559875488,-0.9189977645874023
1749220215899961000,22.619961181640626,0.46275460720062256,1.8394360542297363,-0.9581430554389954
1749220215909952000,22.629951904296874,0.6559341549873352,1.7337466478347778,-1.0616936683654785
1749220215919943000,22.63994287109375,0.7560128569602966,1.5446560382843018,-1.125019907951355
1749220215929934000,22.64993408203125,0.7376686930656433,1.4312416315078735,-1.1050387620925903
1749220215939925000,22.659925048828125,0.5562192797660828,1.2967578172683716,-1.0213172435760498
1749220215949916000,22.669916015625,0.5228831768035889,1.0499533414840698,-0.9499186873435974
1749220215959905800,22.67990576171875,0.5238661766052246,0.7205238342285156,-0.8677401542663574
1749220215969897000,22.68989697265625,0.4980148375034332,0.5797296762466431,-0.7176321744918823
1749220215979887900,22.699887939453124,0.48764556646347046,0.5399734973907471,-0.5367939472198486
1749220215989878800,22.709878662109375,0.5022154450416565,0.5883154273033142,-0.34768927097320557
1749220215999869700,22.71986962890625,0.4756639897823334,0.6925947070121765,-0.15990763902664185
1749220216009861000,22.729861083984375,0.4717440903186798,0.8920425772666931,-0.0189001876860857
1749220216019852000,22.73985205078125,0.43686068058013916,1.071372389793396,0.06573933362960815
1749220216029843000,22.749843017578126,0.4385374188423157,1.1076138019561768,0.074212446808815
1749220216039834000,22.759834228515626,0.38982126116752625,0.9810166358947754,0.03225141391158104
1749220216049825000,22.769824951171874,0.3810650706291199,0.9775356650352478,-0.03291400894522667
1749220216059816000,22.77981591796875,0.3274058401584625,0.9148562550544739,-0.08923054486513138
1749220216069805800,22.789805908203125,0.21437035501003265,0.8148782849311829,-0.139611154794693
1749220216079797000,22.799796875,0.12248729914426804,0.7228484749794006,-0.1857384443283081
1749220216089788000,22.809787841796876,0.0740467980504036,0.634190022945404,-0.2240634560585022
1749220216099778800,22.81977880859375,0.09185322374105453,0.53034508228302,-0.2581769526004791
1749220216109769700,22.829769775390623,0.13592320680618286,0.5838351845741272,-0.11796365678310394
1749220216119761000,22.839760986328123,0.14190280437469482,0.4326164126396179,0.02828516811132431
1749220216129751800,22.849751708984375,0.16225682199001312,0.16993018984794617,0.012432434596121311
1749220216139743000,22.859742919921874,0.17533400654792786,0.018063155934214592,-0.08152495324611664
1749220216149734100,22.869734130859374,0.19050176441669464,0.0014583469601348042,-0.20806531608104706
1749220216159725000,22.87972509765625,0.15995104610919952,0.031375765800476074,-0.3730630576610565
1749220216169716000,22.889716064453125,0.09264551103115082,0.14614495635032654,-0.5491355657577515
1749220216179707100,22.89970703125,0.015837552025914192,0.35676905512809753,-0.6841735243797302
1749220216189697000,22.909697021484376,-0.12418612837791443,0.716546893119812,-0.7028082013130188
1749220216199688000,22.91968798828125,-0.1584964394569397,1.1071628332138062,-0.6393645405769348
