time,seconds_elapsed,z,y,x
1749219653800415000,0.0234150390625,0.021027253940701485,-0.006115150637924671,0.045458294451236725
1749219653810405400,0.0334052734375,0.029872411862015724,0.028198348358273506,0.04544231668114662
1749219653820396300,0.043396240234375,0.0370219349861145,0.08312737941741943,0.0356362909078598
1749219653830387200,0.05338720703125,0.021677598357200623,0.03291187807917595,0.03315342590212822
1749219653840378000,0.063378173828125,0.012924320995807648,-0.03015577234327793,0.039733562618494034
1749219653850369300,0.073369384765625,0.01858646795153618,-0.010645187459886074,0.024631043896079063
1749219653860360200,0.083360107421875,0.020534569397568703,0.0163041390478611,0.02280811034142971
1749219653870350000,0.09335009765625,0.01335735060274601,0.038058970123529434,0.014024739153683186
1749219653880341000,0.103341064453125,0.014978150837123394,0.06596995890140533,0.013874270021915436
1749219653890332200,0.113332275390625,0.01678190939128399,0.09210915118455887,0.0031292142812162638
1749219653900323000,0.123322998046875,0.009375392459332943,0.09272487461566925,0.011855061165988445
1749219653910314000,0.13331396484375,0.005089300684630871,0.09251874685287476,0.01637045107781887
1749219653920304000,0.14330419921875,0.0051710596308112144,0.061591193079948425,0.020603012293577194
1749219653930295300,0.15329541015625,-0.005091697443276644,0.021387847140431404,0.020023509860038757
1749219653940286200,0.1632861328125,-0.003144660498946905,0.004579572007060051,0.017523067072033882
1749219653950277000,0.173277099609375,0.003964648116379976,0.04075941443443298,0.010573548264801502
1749219653960268300,0.183268310546875,0.009147691540420055,0.07301588356494904,0.00024767397553659976
1749219653970258200,0.193258056640625,0.024535436183214188,0.13036759197711945,-0.001350488979369402
1749219653980249000,0.2032490234375,0.02562759816646576,0.1932477504014969,-0.00011984224693151191
1749219653990240000,0.213239990234375,0.015961123630404472,0.1726956069469452,0.012287825345993042
1749219654000231000,0.22323095703125,0.01703411154448986,0.15000121295452118,0.01804398186504841
1749219654010222000,0.23322216796875,0.020499682053923607,0.15155597031116486,0.014784272760152817
1749219654020213200,0.243213134765625,0.01811934821307659,0.12073520570993423,0.01780669391155243
1749219654030203100,0.253203125,0.008976184763014317,0.08398384600877762,0.018092717975378036
1749219654040194000,0.263194091796875,0.0057007623836398125,0.03496277704834938,0.013362410478293896
1749219654050185200,0.273185302734375,0.009544236585497856,0.03289936110377312,0.007534881588071585
1749219654060176100,0.283176025390625,0.02135322615504265,0.07837123423814774,0.005634716246277094
1749219654070167000,0.2931669921875,0.0214735995978117,0.124984011054039,0.008347944356501102
1749219654080157000,0.303156982421875,0.020257867872714996,0.1655796468257904,0.011669439263641834
1749219654090148000,0.313148193359375,0.019695939496159554,0.20148678123950958,0.018274078145623207
1749219654100139300,0.32313916015625,0.010359164327383041,0.21091756224632263,0.01737925596535206
1749219654110130200,0.333130126953125,0.008898153901100159,0.17283861339092255,0.02383236214518547
1749219654120121300,0.343121337890625,0.002567820018157363,0.06953726708889008,0.037637922912836075
1749219654130112300,0.3531123046875,0.013671870343387127,-0.015854064375162125,0.02972353994846344
1749219654140102100,0.36310205078125,0.030596258118748665,-0.0268329456448555,0.016989635303616524
1749219654150093000,0.373093017578125,0.04499570280313492,-0.01050537172704935,0.009702960960566998
1749219654160084200,0.383084228515625,0.051187820732593536,0.06411214172840118,0.00689092930406332
1749219654170075100,0.3930751953125,0.04434722289443016,0.046307310461997986,0.021074125543236732
1749219654180066000,0.403066162109375,0.009984723292291164,0.028730448335409164,0.02245151251554489
1749219654190056200,0.41305615234375,0.00951014831662178,0.02930808812379837,0.005538043566048145
1749219654200047400,0.42304736328125,0.004578240215778351,-0.023389212787151337,0.009093363769352436
1749219654210038300,0.433038330078125,-0.007903995923697948,-0.025122663006186485,0.013193832710385323
1749219654220029200,0.443029296875,-0.004975850228220224,-0.054077085107564926,0.02569497749209404
1749219654230020000,0.45302001953125,0.004801146686077118,-0.08378278464078903,0.01636965200304985
1749219654240010200,0.46301025390625,0.019056782126426697,-0.08857753872871399,-0.005656820256263018
1749219654250001200,0.473001220703125,0.035767585039138794,-0.08414790034294128,-0.008949552662670612
1749219654259992000,0.482991943359375,0.03536384925246239,-0.04831533506512642,-0.0005126585019752383
1749219654269983000,0.49298291015625,0.03205327317118645,-0.048950497061014175,0.009859022684395313
1749219654279974100,0.50297412109375,0.02598659321665764,-0.029085181653499603,0.015217036008834839
1749219654289965000,0.512965087890625,-0.0019542276859283447,-0.1178739070892334,0.058467306196689606
1749219654299955200,0.522955078125,-0.044561341404914856,-0.40129709243774414,0.1209767535328865
1749219654309946000,0.532946044921875,-0.19578415155410767,-1.2665778398513794,0.2638079524040222
1749219654319937300,0.542937255859375,-0.22377130389213562,-2.0920119285583496,0.238984614610672
1749219654329928200,0.55292822265625,0.17516249418258667,-1.3966701030731201,-0.061169080436229706
1749219654339919000,0.562919189453125,0.3544369041919708,0.7020819783210754,-0.20126067101955414
1749219654349909000,0.572908935546875,0.12458906322717667,1.175431728363037,-0.06346286088228226
1749219654359900200,0.582900146484375,-0.02635890245437622,0.6194747090339661,0.08436814695596695
1749219654369891000,0.59289111328125,-0.03398246690630913,0.5840506553649902,0.06665413081645966
1749219654379882000,0.602882080078125,0.013999971561133862,0.42524051666259766,0.03031955659389496
1749219654389873200,0.612873046875,-0.03443494066596031,0.024836108088493347,0.0073290192522108555
1749219654399863300,0.62286328125,-0.06483465433120728,-0.1864556223154068,0.02936667762696743
1749219654409854200,0.632854248046875,-0.016033029183745384,-0.290090948343277,0.04176662117242813
1749219654419845000,0.64284521484375,0.010083260014653206,-0.21052926778793335,-0.01230460312217474
1749219654429836000,0.6528359375,0.01563754864037037,-0.19439370930194855,-0.00037736992817372084
1749219654439827200,0.6628271484375,-0.014092116616666317,-0.1809396892786026,0.042439866811037064
1749219654449818000,0.672818115234375,-0.02057291939854622,-0.2360498160123825,0.05038141459226608
1749219654459808000,0.68280810546875,-0.00896579772233963,-0.33658841252326965,0.0400286428630352
1749219654469799200,0.692799072265625,0.006076002027839422,-0.39948081970214844,0.03506983816623688
1749219654479790300,0.702790283203125,0.03185513615608215,-0.3833061158657074,0.039082154631614685
1749219654489781200,0.71278125,0.03663817048072815,-0.3325856626033783,0.04264519736170769
1749219654499772200,0.722772216796875,0.015261776745319366,-0.287702351808548,0.04887646064162254
1749219654509762000,0.732761962890625,0.020830446854233742,-0.14123116433620453,0.02407044917345047
1749219654519753200,0.742753173828125,0.028864670544862747,0.057911504060029984,0.0006255765329115093
1749219654529744100,0.752744140625,0.021987857297062874,0.14739291369915009,-0.004460528492927551
1749219654539735000,0.762735107421875,0.002984072081744671,0.15252482891082764,0.0028607675340026617
1749219654549726200,0.772726318359375,-0.002195776207372546,0.11941108107566833,0.0059907808899879456
1749219654559716400,0.78271630859375,0.010403105989098549,0.041979674249887466,-0.0005243764026090503
1749219654569707300,0.792707275390625,0.011835088022053242,0.0939352810382843,-0.015245798043906689
1749219654579698200,0.8026982421875,0.00875141378492117,0.026222016662359238,-0.01685301586985588
1749219654589689300,0.812689453125,0.0036756948102265596,-0.1568913459777832,0.003943875432014465
1749219654599679500,0.822679443359375,0.024644892662763596,-0.130719393491745,-0.003995007835328579
1749219654609670700,0.832670654296875,0.05630694702267647,-0.06877000629901886,-0.013795441016554832
1749219654619660500,0.84266064453125,0.038001712411642075,-0.009042496792972088,-0.009635317139327526
1749219654629651500,0.8526513671875,0.02069276198744774,0.05474979802966118,-0.0019534286111593246
1749219654639642400,0.862642333984375,0.0008311725687235594,0.11133185029029846,0.017780061811208725
1749219654649633300,0.87263330078125,0.011059575714170933,0.1263563334941864,0.02137080207467079
1749219654659624700,0.882624755859375,0.015516375191509724,0.04800374433398247,0.01254934724420309
1749219654669614600,0.892614501953125,0.01824238710105419,0.001582716591656208,0.003263703780248761
1749219654679605500,0.90260546875,0.01985892653465271,-0.018140921369194984,-0.0020181434229016304
1749219654689596400,0.912596435546875,0.021830730140209198,-0.054198257625103,0.009475260972976685
1749219654699587600,0.922587646484375,0.03815244510769844,-0.013371998444199562,0.001440237509086728
1749219654709578500,0.93257861328125,0.04569398611783981,-0.02069835364818573,0.0027230822015553713
1749219654719568400,0.942568359375,0.03322187066078186,-0.01732839085161686,-0.002912699244916439
1749219654729559300,0.952559326171875,0.04199325665831566,-0.06322716921567917,0.008145278319716454
1749219654739550500,0.962550537109375,0.03160053491592407,-0.10277644544839859,0.00885074958205223
1749219654749541600,0.972541748046875,0.029019666835665703,-0.1371125876903534,0.029317941516637802
1749219654759532500,0.982532470703125,0.007291202433407307,-0.22581475973129272,0.04715872183442116
1749219654769522400,0.9925224609375,-0.003022421384230256,-0.4800049662590027,0.021889852359890938
1749219654779513600,1.002513671875,0.03773672506213188,-0.6540542244911194,0.019888486713171005
1749219654789504500,1.01250439453125,0.04538745433092117,-0.8743932843208313,0.0270683690905571
1749219654799495400,1.022495361328125,0.08432899415493011,-1.0508008003234863,0.020201142877340317
1749219654809486600,1.032486572265625,0.0842064917087555,-0.8695148825645447,-0.04548146575689316
1749219654819477500,1.0424775390625,0.12434431910514832,-0.6155103445053101,-0.08874664455652237
1749219654829467600,1.052467529296875,0.18324919044971466,-0.4732932448387146,-0.08047620207071304
1749219654839458600,1.06245849609375,0.12115784734487534,-0.15366145968437195,-0.07193570584058762
1749219654849449700,1.07244970703125,0.10623562335968018,-0.039270173758268356,-0.052730854600667953
1749219654859440600,1.082440673828125,0.08896049857139587,-0.15681757032871246,0.01643063873052597
1749219654869431600,1.092431640625,0.0007470166892744601,-0.2973986566066742,0.007870440371334553
1749219654879421400,1.10242138671875,-0.007835552096366882,-0.30768007040023804,0.0596952885389328
1749219654889412400,1.112412353515625,-0.04181322827935219,-0.1459026038646698,0.019414709880948067
1749219654899403500,1.122403564453125,-0.024465395137667656,-0.27947452664375305,0.050388604402542114
1749219654909394400,1.13239453125,-0.05168236792087555,-0.22144344449043274,0.05178596451878548
1749219654919385300,1.14238525390625,-0.0111045828089118,-0.2310127168893814,0.05531864985823631
1749219654929376500,1.15237646484375,0.0142931854352355,-0.16221579909324646,0.029979471117258072
1749219654939366700,1.16236669921875,0.044862281531095505,-0.1485777497291565,0.028984779492020607
1749219654949357600,1.172357666015625,0.049502305686473846,-0.06202448904514313,0.039081621915102005
1749219654959348500,1.182348388671875,0.051425639539957047,0.06781100481748581,-0.02779274806380272
1749219654969339600,1.192339599609375,0.051120974123477936,0.22138218581676483,0.004415520932525396
1749219654979330600,1.20233056640625,0.02003123238682747,0.029226595535874367,0.05764758214354515
1749219654989320400,1.212320556640625,-0.048221323639154434,0.23918914794921875,0.01131044514477253
1749219654999311400,1.222311279296875,-0.06170011684298515,0.31017303466796875,0.04617362096905708
1749219655009302500,1.232302490234375,-0.13866280019283295,0.2422616332769394,0.03098641149699688
1749219655019293400,1.24229345703125,-0.10646678507328033,0.27741509675979614,0.03495931625366211
1749219655029284400,1.252284423828125,-0.05831683427095413,-0.2171940952539444,0.1446101814508438
1749219655039274500,1.2622744140625,-0.0961582213640213,0.09292754530906677,0.0018876485992223024
1749219655049265700,1.272265625,-0.06560377776622772,-0.01386787835508585,0.1373802274465561
1749219655059256600,1.282256591796875,-0.05887183919548988,-0.3046818673610687,0.039027292281389236
1749219655069247500,1.29224755859375,-0.11509063839912415,0.003593935864046216,0.09995589405298233
1749219655079238400,1.30223828125,-0.08570558577775955,-0.6134397387504578,0.18265503644943237
1749219655089229600,1.3122294921875,-0.17359815537929535,-0.2319948822259903,0.012165852822363377
1749219655099219500,1.322219482421875,-0.10200599581003189,0.07707640528678894,0.13649286329746246
1749219655109210400,1.33221044921875,-0.001487375469878316,-0.5819917917251587,0.15902186930179596
1749219655119201500,1.342201416015625,-0.12807327508926392,-0.05325682833790779,0.02923884615302086
1749219655129192700,1.352192626953125,-0.17397792637348175,0.3275648057460785,-0.014514760114252567
1749219655139183600,1.36218359375,-0.12866343557834625,0.26121217012405396,-0.002404301892966032
1749219655149173500,1.372173583984375,-0.11598838865756989,0.14046736061573029,0.036671992391347885
1749219655159164400,1.382164306640625,-0.1458541452884674,0.2934553027153015,0.006078132428228855
1749219655169155600,1.392155517578125,-0.09680537134408951,0.3090563714504242,-0.006385461427271366
1749219655179146500,1.402146484375,-0.041796449571847916,0.08122055232524872,0.086792953312397
1749219655189137400,1.412137451171875,0.05241553857922554,-0.6611888408660889,0.22570715844631195
1749219655199127600,1.42212744140625,0.04380793496966362,-0.5226714611053467,0.11876393109560013
1749219655209118700,1.43211865234375,0.023691747337579727,0.3581536114215851,-0.11836259812116623
1749219655219109600,1.442109619140625,0.0850701555609703,0.516970157623291,-0.115204356610775
1749219655229100500,1.4521005859375,0.04121268540620804,0.29612433910369873,-0.07110720127820969
1749219655239091700,1.462091796875,-0.04825834184885025,-0.060856692492961884,0.03182876855134964
1749219655249082600,1.47208251953125,0.01798619143664837,-1.1164727210998535,0.2658194303512573
1749219655259072500,1.482072509765625,-0.05272100120782852,-1.028414011001587,0.11480993777513504
1749219655269063400,1.4920634765625,-0.11528398096561432,-0.1815412938594818,-0.04595151171088219
1749219655279054300,1.502054443359375,0.008097607642412186,0.09185907989740372,-0.06125430390238762
1749219655289045500,1.51204541015625,0.06567887961864471,-0.13404621183872223,-0.030606377869844437
1749219655299036400,1.522036376953125,-0.008710401132702827,-0.3936282694339752,0.05630801245570183
1749219655309026600,1.532026611328125,-0.13609498739242554,-0.6877147555351257,0.1001199409365654
1749219655319017500,1.542017578125,-0.5218421220779419,-1.3469583988189697,-0.019873838871717453
1749219655329008600,1.552008544921875,-0.2885180711746216,-1.7377139329910278,-0.03771089389920235
1749219655338999600,1.56199951171875,0.2615189552307129,-0.7219642996788025,-0.033666349947452545
1749219655348990500,1.571990478515625,0.35939890146255493,0.6134149432182312,-0.09773828089237213
1749219655358981600,1.581981689453125,0.27639591693878174,0.8990799784660339,-0.08911016583442688
1749219655368971500,1.591971435546875,0.052805423736572266,0.48311686515808105,-0.01757393404841423
1749219655378962400,1.60196240234375,-0.14161892235279083,-0.306419312953949,0.09532572329044342
1749219655388953300,1.611953369140625,-0.12357466667890549,-0.49977704882621765,0.11215876042842865
1749219655398944500,1.621944580078125,-0.09580908715724945,-0.24224619567394257,0.03725868836045265
1749219655408935400,1.631935302734375,-0.06947708129882812,-0.12708498537540436,0.05176013335585594
1749219655418925600,1.641925537109375,-0.07647214084863663,-0.20594224333763123,0.07500340044498444
1749219655428916500,1.65191650390625,-0.09849648177623749,-0.3017020523548126,0.06988747417926788
1749219655438907600,1.66190771484375,-0.018142784014344215,-0.42534250020980835,0.05843720957636833
1749219655448898600,1.671898681640625,0.02022510953247547,-0.5775133967399597,0.08182482421398163
1749219655458889500,1.681889404296875,0.023390809074044228,-0.7006747722625732,0.08651518076658249
1749219655468879400,1.69187939453125,0.060736317187547684,-0.7528519034385681,0.07894808053970337
1749219655478870500,1.70187060546875,0.06943473219871521,-0.8067843914031982,0.07007229328155518
1749219655488861400,1.711861328125,0.01344496849924326,-0.6542111039161682,0.05999169871211052
1749219655498852600,1.7218525390625,0.0028482507914304733,-0.6955960988998413,0.11151987314224243
1749219655508843500,1.731843505859375,0.015864983201026917,-0.5568097233772278,0.04416799545288086
1749219655518834700,1.741834716796875,0.021009411662817,-0.47484588623046875,0.0738648995757103
1749219655528824600,1.751824462890625,0.017616810277104378,-0.4561033546924591,0.06575797498226166
1749219655538815500,1.7618154296875,0.012706740759313107,-0.3868369162082672,0.06720034033060074
1749219655548806400,1.771806396484375,0.04962800815701485,-0.4364902377128601,0.012959208339452744
1749219655558797600,1.781797607421875,0.1812257170677185,-0.22985024750232697,-0.08038458973169327
1749219655568788500,1.79178857421875,0.31427884101867676,-0.21701087057590485,-0.19439184665679932
1749219655578778600,1.801778564453125,0.4283020794391632,-0.3213828206062317,-0.1631377935409546
1749219655588769500,1.81176953125,0.4855597913265228,-0.6373705863952637,-0.25026389956474304
1749219655598764500,1.8217646484375,0.5374991297721863,-1.0472936630249023,-0.07489767670631409
1749219655608755700,1.831755615234375,0.4778376817703247,-1.2907724380493164,0.13929903507232666
1749219655618747000,1.841746826171875,0.5735349059104919,-1.3932191133499146,-0.030491596087813377
1749219655628737800,1.85173779296875,0.5332093238830566,-0.9514787197113037,-0.19935758411884308
1749219655638727700,1.861727783203125,0.28983473777770996,-0.4380604326725006,-0.1322656273841858
1749219655648718600,1.871718505859375,-0.01708364486694336,-0.2063603550195694,-0.01356507744640112
1749219655658709800,1.881709716796875,-0.11591675132513046,-0.02261875942349434,0.0038631814531981945
1749219655668700700,1.89170068359375,-0.06810475140810013,0.27159368991851807,-0.05012521892786026
1749219655678691600,1.901691650390625,-0.01690974086523056,0.36212357878685,-0.056172993034124374
1749219655688681700,1.911681640625,-0.003570233704522252,0.14063967764377594,-0.024052605032920837
1749219655698672600,1.921672607421875,0.0009779128013178706,-0.14075392484664917,-0.009649431332945824
1749219655708663800,1.931663818359375,0.033427730202674866,-0.21556690335273743,-0.003144926857203245
1749219655718654700,1.94165478515625,0.054781224578619,-0.14248311519622803,0.007246727589517832
1749219655728645600,1.951645751953125,0.034457843750715256,-0.08228155970573425,0.014004765078425407
1749219655738635500,1.961635498046875,-0.0016136092599481344,-0.0394616536796093,0.018917765468358994
1749219655748626700,1.971626708984375,-0.021997444331645966,0.012790363281965256,0.03554680943489075
1749219655758617600,1.98161767578125,-0.027577565982937813,0.05873415246605873,0.04524071514606476
1749219655768608500,1.9916083984375,-0.027465978637337685,0.05898661911487579,0.04240098595619202
1749219655778599700,2.001599609375,-0.025348765775561333,0.0295520331710577,0.04362044855952263
1749219655788590600,2.011590576171875,-0.02395220473408699,0.0015845808666199446,0.05203976482152939
1749219655798580700,2.021580810546875,-0.016888968646526337,-0.002778742229565978,0.05464620143175125
1749219655808571600,2.031571533203125,-0.0202751774340868,0.004060255363583565,0.05601746216416359
1749219655818562800,2.041562744140625,-0.02773336134850979,0.009673932567238808,0.057613760232925415
1749219655828553700,2.0515537109375,-0.032096948474645615,0.0199207104742527,0.05945240706205368
1749219655838544600,2.061544677734375,-0.027589816600084305,0.036309003829956055,0.057847585529088974
1749219655848534500,2.071534423828125,-0.02148185670375824,0.028418324887752533,0.04778030514717102
1749219655858525700,2.081525634765625,-0.023389745503664017,0.009434514679014683,0.0499878004193306
1749219655868516600,2.0915166015625,-0.049783799797296524,0.020503411069512367,0.05291328206658363
1749219655878507500,2.101507568359375,-0.05269436910748482,0.08471675217151642,0.02365020103752613
1749219655888498400,2.11149853515625,-0.0032000544015318155,0.06316246092319489,0.032332371920347214
1749219655898489600,2.121489501953125,0.00717482203617692,0.015847405418753624,0.04790573939681053
1749219655908479700,2.131479736328125,0.0389292910695076,0.009721336886286736,0.006036853417754173
1749219655918470700,2.141470703125,0.03953968733549118,-0.11076779663562775,0.02249785140156746
1749219655928461600,2.151461669921875,-0.010260093957185745,-0.03931624814867973,0.04158845543861389
1749219655938452700,2.16145263671875,-0.08693622797727585,-0.0029878003988415003,0.05318092927336693
1749219655948443600,2.171443603515625,-0.16658525168895721,-0.03428340330719948,0.0737578421831131
1749219655958433500,2.18143359375,-0.13579031825065613,-0.10155325382947922,0.043546412140131
1749219655968424400,2.191424560546875,-0.12979474663734436,-0.14588530361652374,0.030963242053985596
1749219655978415600,2.20141552734375,-0.15656058490276337,-0.3407730162143707,0.0492120198905468
1749219655988406800,2.21140673828125,-0.10534186661243439,-0.30821162462234497,0.04540875926613808
1749219655998397700,2.221397705078125,0.020167851820588112,-0.02774827368557453,0.0014306501252576709
1749219656008387600,2.2313876953125,0.08745421469211578,-0.08495031297206879,-0.0035292210523039103
1749219656018378800,2.241378662109375,0.035039741545915604,-0.2366788536310196,0.029505161568522453
1749219656028369700,2.25136962890625,-0.027527764439582825,-0.38633066415786743,0.08366746455430984
1749219656038360600,2.261360595703125,-0.06272942572832108,-0.4732820689678192,0.07742315530776978
1749219656048351700,2.271351806640625,-0.023132748901844025,-0.6942482590675354,0.12363112717866898
1749219656058342700,2.2813427734375,-0.08140617609024048,-0.7182193994522095,0.11789201200008392
1749219656068332800,2.291332763671875,-0.06979266554117203,-0.30435803532600403,0.14806829392910004
1749219656078323700,2.30132373046875,-0.08329169452190399,-0.3457416892051697,0.15964984893798828
1749219656088314600,2.311314697265625,-0.059904079884290695,-0.24327203631401062,0.12290142476558685
1749219656098305800,2.321305908203125,-0.05368160456418991,-0.40543296933174133,0.12309662997722626
1749219656108296700,2.331296630859375,-0.15869243443012238,-0.7500215172767639,0.12097648531198502
1749219656118286600,2.34128662109375,-0.22293534874916077,-0.6211700439453125,0.14931492507457733
1749219656128277500,2.351277587890625,-0.17601338028907776,-0.05638524517416954,0.07420099526643753
1749219656138268700,2.3612685546875,-0.21049465239048004,-0.04736751690506935,0.08543606847524643
1749219656148259600,2.371259521484375,-0.30379530787467957,-0.3828325867652893,0.11185755580663681
1749219656158250500,2.38125048828125,-0.3752090334892273,-0.6182379126548767,0.17367830872535706
1749219656168241700,2.39124169921875,-0.31569111347198486,-0.45825251936912537,0.15760080516338348
1749219656178231800,2.401231689453125,-0.23396696150302887,-0.2649938464164734,0.12775956094264984
1749219656188222700,2.41122265625,-0.23431263864040375,-0.21245500445365906,0.13382650911808014
1749219656198213600,2.421213623046875,-0.2389281541109085,-0.14231745898723602,0.12515684962272644
1749219656208204800,2.431204833984375,-0.2093857079744339,-0.02328055538237095,0.10265553742647171
1749219656218195700,2.44119580078125,-0.12966984510421753,0.315420538187027,0.048837315291166306
1749219656228186600,2.4511865234375,-0.05560440570116043,0.652431070804596,-0.023989222943782806
1749219656238176500,2.461176513671875,-0.05657432973384857,0.4333477020263672,-0.0466252937912941
1749219656248167700,2.471167724609375,-0.05564967915415764,0.029631128534674644,-0.0022602248936891556
1749219656258158600,2.48115869140625,0.010363158769905567,-0.04327636584639549,0.0336836613714695
1749219656268149500,2.4911494140625,0.048355814069509506,-0.06369109451770782,0.02491973154246807
1749219656278140700,2.501140625,0.04730253294110298,-0.007166832685470581,0.007957259193062782
1749219656288130800,2.511130859375,0.05318892002105713,0.21031302213668823,0.011159710586071014
1749219656298121700,2.521121826171875,0.05176732316613197,0.4293026328086853,-0.03292039781808853
1749219656308112600,2.531112548828125,0.07108749449253082,0.5003719925880432,-0.06524451822042465
1749219656318103600,2.541103515625,0.06305219978094101,0.37435442209243774,-0.05640149116516113
1749219656328094700,2.5510947265625,0.06354488432407379,0.03671806678175926,-0.0395873561501503
1749219656338085600,2.561085693359375,0.05055878311395645,-0.21508727967739105,-0.04126674681901932
1749219656348075500,2.571075439453125,0.03941744565963745,-0.3171643614768982,-0.04905169829726219
1749219656358066400,2.58106640625,0.07862263917922974,-0.41389650106430054,-0.053155362606048584
1749219656368057600,2.5910576171875,0.0703202337026596,-0.3427940905094147,-0.0556800402700901
1749219656378048800,2.601048828125,0.07633232325315475,-0.450057715177536,-0.04053570702672005
1749219656388039700,2.611039794921875,0.06103166192770004,-0.22273986041545868,-0.06526955217123032
1749219656398029600,2.621029541015625,0.07672300934791565,-0.10601697862148285,-0.06094804033637047
1749219656408020700,2.631020751953125,0.0638069435954094,-0.044745367020368576,-0.06016426905989647
1749219656418011600,2.64101171875,0.0480644628405571,0.08750907331705093,-0.07923489809036255
1749219656428002600,2.65100244140625,0.050401389598846436,0.07634057849645615,-0.0717996209859848
1749219656437993700,2.66099365234375,0.06403624266386032,0.014629542827606201,-0.058338671922683716
1749219656447984600,2.670984619140625,0.16915813088417053,0.15950843691825867,-0.13837358355522156
1749219656457974800,2.680974853515625,0.21402254700660706,0.12533394992351532,-0.15009576082229614
1749219656467965700,2.690965576171875,0.13600550591945648,-0.02057584933936596,-0.08710241317749023
1749219656477956600,2.70095654296875,0.11087937653064728,-0.08909871429204941,-0.09920407831668854
1749219656487947800,2.71094775390625,0.35326486825942993,-0.19323550164699554,-0.11860866844654083
1749219656497938700,2.720938720703125,0.0728347897529602,-0.2819629907608032,-0.11787763237953186
1749219656507928600,2.730928466796875,-0.011929630301892757,-0.19861802458763123,-0.0713048055768013
1749219656517919500,2.74091943359375,-0.08528613299131393,-0.0015475628897547722,0.011198326013982296
1749219656527910700,2.75091064453125,-0.0834144651889801,0.09364127367734909,0.00447011599317193
1749219656537901600,2.760901611328125,-0.0033393376506865025,0.053762298077344894,-0.0012860405258834362
1749219656547892500,2.770892578125,0.03744617477059364,-0.022107167169451714,0.03524534031748772
1749219656557883600,2.780883544921875,0.04469689726829529,-0.023251526057720184,0.03965606540441513
1749219656567873800,2.790873779296875,0.015085209161043167,-0.005860552191734314,0.046614907681941986
1749219656577864700,2.80086474609375,-0.016154468059539795,-0.031159782782197,0.05356708914041519
1749219656587855600,2.810855712890625,-0.017288975417613983,-0.0586707703769207,0.060508351773023605
1749219656597846800,2.8208466796875,-0.020056532695889473,-0.0525958314538002,0.06085642799735069
1749219656607833600,2.83083349609375,-0.02851686254143715,-0.03765123710036278,0.0672336295247078
1749219656617823500,2.840823486328125,-0.03621499612927437,-0.01254908088594675,0.07585295289754868
1749219656627814700,2.850814697265625,-0.04447425901889801,0.013717410154640675,0.07714299112558365
1749219656637805800,2.860805908203125,-0.053214751183986664,0.041603367775678635,0.08448931574821472
1749219656647796700,2.870796630859375,-0.05926758423447609,0.07229763269424438,0.08692477643489838
1749219656657788000,2.880787841796875,-0.059911005198955536,0.08452979475259781,0.08573035150766373
1749219656667778800,2.89077880859375,-0.054131411015987396,0.08714235574007034,0.09362875670194626
1749219656677768700,2.900768798828125,-0.054371628910303116,0.07931718975305557,0.09790286421775818
1749219656687759600,2.910759521484375,-0.05541132763028145,0.07581833004951477,0.09416031837463379
1749219656697750800,2.920750732421875,-0.06570497900247574,0.07411257922649384,0.10371840745210648
1749219656707741700,2.93074169921875,-0.07474134862422943,0.06241224333643913,0.09812523424625397
1749219656717732600,2.940732666015625,-0.05383127182722092,0.05055345594882965,0.10334023833274841
1749219656727722800,2.95072265625,-0.045278266072273254,0.04164065420627594,0.10362892597913742
1749219656737713700,2.960713623046875,-0.1177588552236557,-0.0024687503464519978,0.08797965943813324
1749219656747704800,2.970704833984375,-0.23676647245883942,-0.08165384829044342,0.08611437678337097
1749219656757695700,2.98069580078125,-0.18503589928150177,0.036131639033555984,0.09460054337978363
1749219656767686700,2.990686767578125,0.07844021171331406,0.1252756267786026,0.10221478343009949
1749219656777677800,3.000677734375,0.08610532432794571,0.03749091550707817,0.10271839052438736
1749219656787667700,3.010667724609375,-0.12603862583637238,-0.08702091872692108,0.08873625844717026
1749219656797658600,3.02065869140625,-0.13609392940998077,0.025000158697366714,0.06450469046831131
1749219656807649500,3.0306494140625,-0.0046908920630812645,0.14508076012134552,0.08541130274534225
1749219656817640700,3.040640625,0.02022244781255722,0.2316441535949707,0.07685882598161697
1749219656827631600,3.050631591796875,-0.06604399532079697,0.16597644984722137,0.06495583057403564
1749219656837622500,3.06062255859375,-0.11852478235960007,0.08266744762659073,0.06929145753383636
1749219656847612700,3.07061279296875,-0.11795486509799957,0.020918598398566246,0.08750401437282562
1749219656857603800,3.080603759765625,-0.07768361270427704,-0.058025751262903214,0.09552598744630814
1749219656867594800,3.0905947265625,-0.02755865640938282,-0.10262278467416763,0.11152280122041702
1749219656877585700,3.100585693359375,0.00758042186498642,-0.13382597267627716,0.11714766174554825
1749219656887576600,3.11057666015625,-0.013281983323395252,-0.16118834912776947,0.10856695473194122
1749219656897566700,3.120566650390625,-0.03009611740708351,-0.1293124556541443,0.09959237277507782
1749219656907557600,3.1305576171875,-0.02473783679306507,-0.05192365124821663,0.08297611027956009
1749219656917548500,3.140548583984375,-0.02556661330163479,0.008356733247637749,0.06521948426961899
1749219656927539700,3.150539794921875,-0.035711925476789474,0.05903162807226181,0.045342449098825455
1749219656937531000,3.16053076171875,-0.04077805578708649,0.1277576982975006,0.03460165113210678
1749219656947521800,3.170521728515625,-0.03809012845158577,0.17565837502479553,0.02105681598186493
1749219656957511700,3.18051171875,-0.03338245674967766,0.1978454440832138,0.01350622158497572
1749219656967502600,3.190502685546875,-0.03526771068572998,0.19579720497131348,-0.00580835435539484
1749219656977493800,3.20049365234375,-0.05300489440560341,0.11796711385250092,-0.0037316211964935064
1749219656987484700,3.210484619140625,-0.032586973160505295,0.09136532992124557,0.006054696626961231
1749219656997475600,3.2204755859375,-0.02719966322183609,0.06826800107955933,-0.0024951156228780746
1749219657007465700,3.2304658203125,-0.027057716622948647,0.00740252248942852,0.0014948323369026184
1749219657017457000,3.240456787109375,-0.027701668441295624,0.020489562302827835,-0.00030546457855962217
1749219657027447800,3.25044775390625,-0.014580540359020233,0.10201051831245422,-0.017122527584433556
1749219657037438700,3.260438720703125,-0.03568689152598381,0.1767265647649765,-0.022784141823649406
1749219657047430000,3.270429931640625,-0.05534448102116585,0.19220592081546783,-0.027050793170928955
1749219657057420800,3.2804208984375,-0.07671608030796051,0.19145438075065613,-0.036192890256643295
1749219657067410700,3.29041064453125,-0.07300576567649841,0.11627707630395889,-0.038005173206329346
1749219657077401600,3.300401611328125,-0.014988803304731846,0.05263258516788483,-0.031495075672864914
1749219657087392800,3.310392822265625,0.011110175400972366,-0.0020325244404375553,-0.026738403365015984
1749219657097383700,3.3203837890625,0.00669438811019063,0.010223609395325184,-0.024031033739447594
1749219657107374600,3.33037451171875,-0.014495053328573704,-0.020668527111411095,-0.001130245509557426
1749219657117364700,3.34036474609375,-0.04416746273636818,-0.12623649835586548,0.011005247011780739
1749219657127355600,3.350355712890625,-0.09256402403116226,-0.1397765427827835,0.0019475696608424187
1749219657137346800,3.360346923828125,-0.10632617026567459,0.0015643407823517919,-0.01847141794860363
1749219657147337700,3.370337646484375,-0.059006594121456146,0.18056072294712067,-0.0497228167951107
1749219657157328600,3.38032861328125,-0.0917123407125473,0.293043315410614,-0.07145394384860992
1749219657167319800,3.39031982421875,-0.07421696931123734,0.3782604932785034,-0.08529412746429443
1749219657177309700,3.400309814453125,-0.03795670345425606,0.45803093910217285,-0.11015845835208893
1749219657187300600,3.410300537109375,-0.015057246200740337,0.4727481007575989,-0.10753151774406433
1749219657197291500,3.42029150390625,-0.03554361313581467,0.34241753816604614,-0.08754423260688782
1749219657207282700,3.43028271484375,-0.07204090058803558,0.17261464893817902,-0.0754108652472496
1749219657217273600,3.440273681640625,-0.07576986402273178,0.07195728272199631,-0.060928065329790115
1749219657227263700,3.450263671875,-0.09370758384466171,0.028677983209490776,-0.052750296890735626
1749219657237254700,3.460254638671875,-0.12007634341716766,-0.010730408132076263,-0.054187338799238205
1749219657247245800,3.470245849609375,-0.08890590071678162,-0.027186347171664238,-0.03916018456220627
1749219657257236700,3.48023681640625,-0.05591120198369026,0.09752282500267029,-0.034755583852529526
1749219657267227600,3.4902275390625,0.011522699147462845,0.13329175114631653,-0.009808422066271305
1749219657277218600,3.500218505859375,-0.017531855031847954,0.09136586636304855,-0.018082065507769585
1749219657287208700,3.510208740234375,-0.11400007456541061,0.07161267101764679,-0.04151388630270958
1749219657297199600,3.52019970703125,-0.17440669238567352,-0.15421833097934723,-0.04258554428815842
1749219657307190800,3.530190673828125,-0.17505542933940887,-0.2385963350534439,-0.008713063783943653
1749219657317181700,3.540181640625,-0.039983633905649185,-0.19231484830379486,0.00033422670094296336
1749219657327172900,3.5501728515625,0.07447104156017303,-0.2619469165802002,-0.013281716965138912
1749219657337163800,3.560163818359375,0.03718092292547226,-0.3463672697544098,-0.004058124963194132
1749219657347153700,3.570153564453125,0.04019322618842125,-0.3531434237957001,0.011564244516193867
1749219657357144600,3.58014453125,0.08406640589237213,-0.16822709143161774,0.0008407599525526166
1749219657367135700,3.5901357421875,0.06610684841871262,-0.0020298613235354424,0.002956641372293234
1749219657377126700,3.600126708984375,0.011624165810644627,0.041064877063035965,0.014459633268415928
1749219657387117600,3.61011767578125,-0.021914353594183922,0.0757988914847374,0.014582937583327293
1749219657397107700,3.620107666015625,-0.02371651493012905,0.10638342797756195,0.01666712760925293
1749219657407099000,3.630098876953125,-0.02057025581598282,0.10363371670246124,0.0168538149446249
1749219657417089800,3.64008984375,-0.005915147252380848,0.07629796862602234,0.02195509895682335
1749219657427080700,3.650080810546875,-0.007496532052755356,0.0889383926987648,0.020607274025678635
1749219657437072000,3.66007177734375,-0.014547517523169518,0.11215796321630478,0.020057598128914833
1749219657447062800,3.670062744140625,-0.0326538160443306,0.13964417576789856,0.020181700587272644
1749219657457052700,3.680052734375,-0.06588421016931534,0.2839108109474182,0.0009153284481726587
1749219657467043600,3.690043701171875,-0.11750665307044983,0.1776147335767746,0.03527063876390457
1749219657477034800,3.70003466796875,-0.12959128618240356,0.03044685535132885,0.04978220537304878
1749219657487025700,3.710025634765625,-0.012720588594675064,0.00791544746607542,0.030820230022072792
1749219657497016600,3.7200166015625,0.1290658414363861,0.09568843990564346,0.016862869262695312
1749219657507006700,3.7300068359375,0.15399169921875,0.1562093049287796,0.0035380094777792692
1749219657516997600,3.73999755859375,0.10695946961641312,0.09454754739999771,0.007420365698635578
1749219657526988800,3.74998876953125,0.09719259291887283,0.15871454775333405,-0.009604690596461296
1749219657536979700,3.759979736328125,0.1189279854297638,0.19294388592243195,-0.01829352043569088
1749219657546970600,3.769970703125,0.0830320343375206,0.10737492889165878,-0.019063172861933708
1749219657556961800,3.7799619140625,0.02484436333179474,-0.01830443926155567,-0.022286929190158844
1749219657566951700,3.78995166015625,0.038298919796943665,0.02996189333498478,-0.03965846449136734
1749219657576942600,3.799942626953125,0.108647920191288,-0.1491207778453827,-0.033787526190280914
1749219657586933500,3.80993359375,0.09279625117778778,-0.24835015833377838,-0.005110073368996382
1749219657596924700,3.819924560546875,0.10326194018125534,-0.18393947184085846,-0.023624902591109276
1749219657606915800,3.829915771484375,0.19005489349365234,-0.1714140921831131,-0.02155109867453575
1749219657616907000,3.839906982421875,0.23123401403427124,-0.08250073343515396,-0.017471667379140854
1749219657626897200,3.849897216796875,0.19613301753997803,0.03133555129170418,-0.018523083999753
1749219657636888000,3.85988818359375,0.10148028284311295,0.04471580684185028,0.003148122690618038
1749219657646879000,3.86987890625,0.031676437705755234,0.001722532557323575,0.027003122493624687
1749219657656870100,3.8798701171875,0.041299767792224884,0.030840735882520676,0.02774960547685623
1749219657666861000,3.889861083984375,0.032159000635147095,-0.051357198506593704,0.03513028845191002
1749219657676851000,3.899850830078125,0.02213166654109955,-0.06461387872695923,0.03822461888194084
1749219657686841900,3.909841796875,0.035290081053972244,0.029529396444559097,0.017160611227154732
1749219657696833000,3.9198330078125,-0.0005480785621330142,0.1169990599155426,-0.008941829204559326
1749219657706824200,3.92982421875,-0.027053987607359886,0.15001532435417175,-0.012661466374993324
1749219657716815000,3.939815185546875,0.061577875167131424,0.31832924485206604,-0.03897829353809357
1749219657726806000,3.949805908203125,0.29657548666000366,0.3233000338077545,-0.06565117835998535
1749219657736796200,3.959796142578125,-0.10425769537687302,-0.018642127513885498,-0.029570940881967545
1749219657746787000,3.969787109375,-0.3131672441959381,-0.5165525674819946,0.043888628482818604
1749219657756778000,3.979778076171875,-0.10676372796297073,-0.4866389036178589,0.037160418927669525
1749219657766769000,3.989768798828125,0.09799367189407349,-0.16975468397140503,0.004900216590613127
1749219657776760000,3.999760009765625,0.08639694005250931,-0.014707573689520359,-0.016619190573692322
1749219657786750000,4.00975,-0.028599154204130173,0.013824203051626682,-0.027523236349225044
1749219657796741000,4.0197412109375,-0.1011122390627861,0.18920587003231049,-0.08745235204696655
1749219657806732000,4.02973193359375,-0.025649704039096832,0.18727055191993713,-0.07214290648698807
1749219657816723200,4.03972314453125,0.004810467828065157,0.1474355310201645,-0.09888742864131927
1749219657826714000,4.049714111328125,-0.03515345975756645,0.11396971344947815,-0.11510128527879715
1749219657836705000,4.059705078125,-0.01872441917657852,0.022127673029899597,-0.10543401539325714
1749219657846695000,4.06969482421875,0.005287972744554281,-0.1118232011795044,-0.12117809057235718
1749219657856686000,4.07968603515625,0.042499788105487823,-0.1562678962945938,-0.13817918300628662
1749219657866677000,4.089677001953125,0.07282866537570953,-0.17584453523159027,-0.15189258754253387
1749219657876668000,4.09966796875,0.11338674277067184,-0.01900538243353367,-0.17077520489692688
1749219657886658800,4.109658935546875,0.09663759171962738,0.09844987094402313,-0.18159349262714386
1749219657896649200,4.119649169921875,0.08246105164289474,0.1710686832666397,-0.17377498745918274
1749219657906640100,4.12964013671875,0.061470285058021545,0.19416548311710358,-0.16615594923496246
1749219657916631000,4.139631103515625,0.06630818545818329,0.16725637018680573,-0.1528710424900055
1749219657926622000,4.1496220703125,0.06527434289455414,0.12557470798492432,-0.13456952571868896
1749219657936613000,4.159613037109375,0.044021785259246826,0.09259677678346634,-0.1120048314332962
1749219657946604000,4.16960400390625,0.040157537907361984,0.04863970726728439,-0.10554853081703186
1749219657956594000,4.179593994140625,0.01697632111608982,0.021279456093907356,-0.08077234029769897
1749219657966584800,4.189584716796875,0.019527895376086235,0.015501728281378746,-0.0685761347413063
1749219657976576000,4.199575927734375,0.06091181933879852,0.11644671857357025,-0.07287793606519699
1749219657986567000,4.20956689453125,0.041298702359199524,0.17987042665481567,-0.05776183307170868
1749219657996557800,4.219557861328125,0.04873078688979149,0.17939744889736176,-0.05392208695411682
1749219658006549000,4.229549072265625,0.016644224524497986,0.2209467589855194,-0.04057485610246658
1749219658016539100,4.2395390625,-0.015206383541226387,0.2636526823043823,-0.035537220537662506
1749219658026530000,4.249530029296875,-0.0031465247739106417,0.2708408236503601,-0.037692517042160034
1749219658036521000,4.25952099609375,0.0259274709969759,0.21498793363571167,-0.03148176148533821
1749219658046512000,4.26951220703125,0.005118062719702721,0.16821697354316711,-0.027631361037492752
1749219658056503000,4.2795029296875,0.017349695786833763,0.09138903766870499,-0.03021409548819065
1749219658066493000,4.289492919921875,0.059181563556194305,0.11012543737888336,-0.036107137799263
1749219658076483800,4.29948388671875,0.05360197648406029,0.10742659121751785,-0.024159664288163185
1749219658086475000,4.30947509765625,0.04578293487429619,0.0726073607802391,-0.024815600365400314
1749219658096466200,4.319466064453125,0.03935246542096138,0.07329019159078598,-0.02725399099290371
1749219658106457000,4.32945703125,0.046717170625925064,0.07291442155838013,-0.03521657735109329
1749219658116448000,4.339447998046875,0.028301678597927094,0.05944308638572693,-0.03050651028752327
1749219658126438100,4.349438232421875,0.035175565630197525,0.0520634688436985,-0.0410425066947937
1749219658136429000,4.359428955078125,0.06391506642103195,0.055635564029216766,-0.05951898545026779
1749219658146420000,4.369419921875,0.003832022426649928,0.0543426014482975,-0.04745513200759888
1749219658156411000,4.379410888671875,0.04598400369286537,0.049490053206682205,-0.053637661039829254
1749219658166402000,4.389402099609375,0.0745469406247139,0.05307174101471901,-0.05245521664619446
1749219658176392200,4.39939208984375,0.023502662777900696,0.13545262813568115,-0.047795750200748444
1749219658186383000,4.409383056640625,0.03280561789870262,0.06586423516273499,-0.038536474108695984
1749219658196374000,4.4193740234375,0.10386648029088974,0.06006999313831329,-0.05593809857964516
1749219658206365200,4.429365234375,0.018005365505814552,0.0950562059879303,-0.04693342000246048
1749219658216356000,4.439356201171875,0.07250935584306717,0.21353411674499512,-0.05529015511274338
1749219658226347000,4.449346923828125,0.16203896701335907,0.1044478490948677,-0.07054633647203445
1749219658236337000,4.4593369140625,0.047921452671289444,0.17909997701644897,-0.0661286860704422
1749219658246328000,4.469328125,0.045101698487997055,0.17376379668712616,-0.029284119606018066
1749219658256319000,4.479319091796875,0.03869280219078064,0.10809184610843658,-0.028917668387293816
1749219658266310000,4.489309814453125,0.09050886332988739,0.1658472865819931,-0.029831398278474808
1749219658276300800,4.49930078125,0.06156110018491745,0.07349951565265656,-0.01332778949290514
1749219658286292000,4.5092919921875,-0.004520982038229704,0.11842092126607895,-0.004282363224774599
1749219658296282000,4.5192822265625,0.03184448182582855,0.1231970340013504,-0.007321828510612249
1749219658306273000,4.52927294921875,0.08611757308244705,0.10378285497426987,-0.007124488707631826
1749219658316264000,4.539263916015625,0.10008399188518524,0.04760986194014549,-0.019686618819832802
1749219658326255000,4.549255126953125,-0.013848437927663326,0.024898691102862358,0.01326786819845438
1749219658336246000,4.55924609375,0.006652043666690588,0.0041425470262765884,0.0016325177857652307
1749219658346236000,4.56923583984375,0.09770765155553818,-0.022174278274178505,-0.010015083476901054
1749219658356226800,4.579226806640625,0.13146108388900757,0.08425123244524002,-0.047917190939188004
1749219658366218000,4.589218017578125,0.08122268319129944,0.05363260209560394,-0.017164872959256172
1749219658376209000,4.599208984375,0.023081084713339806,-0.06642722338438034,-0.039135951548814774
1749219658386200000,4.609199951171875,0.03279523178935051,0.1294751614332199,-0.022475214675068855
1749219658396191200,4.619191162109375,0.09020552784204483,0.19547921419143677,-0.035364117473363876
1749219658406181000,4.62918115234375,0.0777408704161644,0.10003578662872314,-0.017679661512374878
1749219658416172000,4.639172119140625,0.05138329416513443,0.05314631015062332,-0.015330753289163113
1749219658426163000,4.649162841796875,-0.006422212813049555,-0.04092239961028099,0.015354721806943417
1749219658436154000,4.659154052734375,-0.015630891546607018,-0.1290179044008255,0.023265374824404716
1749219658446145000,4.66914501953125,-0.02858077920973301,-0.17258694767951965,0.033844251185655594
1749219658456135000,4.679135009765625,-0.05143842473626137,-0.28108254075050354,0.05420651286840439
1749219658466126000,4.6891259765625,-0.035904206335544586,-0.304395854473114,0.04941122606396675
1749219658476117200,4.6991171875,0.028807146474719048,-0.28561922907829285,0.03560300171375275
1749219658486108200,4.709108154296875,0.05363206937909126,-0.3084350526332855,0.025144236162304878
1749219658496099000,4.71909912109375,0.02659805491566658,-0.3096263110637665,0.02545502595603466
1749219658506090000,4.729090087890625,0.021252024918794632,-0.26748523116111755,0.01811934821307659
1749219658516079900,4.739079833984375,0.0526413731276989,-0.25695082545280457,0.013069729320704937
1749219658526071000,4.749071044921875,0.0811353325843811,-0.2697816789150238,0.01498374342918396
1749219658536062000,4.75906201171875,0.071989506483078,-0.3302181363105774,0.015222362242639065
1749219658546052900,4.769052978515625,0.05404752120375633,-0.4289622902870178,0.02497166208922863
1749219658556044000,4.7790439453125,0.037758830934762955,-0.4940832257270813,0.036856550723314285
1749219658566035000,4.789034912109375,0.04969644919037819,-0.6024594902992249,0.03934900462627411
1749219658576025000,4.799025146484375,0.06070888787508011,-0.6238148808479309,0.06540856510400772
1749219658586016000,4.80901611328125,0.04348915442824364,-0.44960737228393555,0.07863089442253113
1749219658596007200,4.819007080078125,0.009889648295938969,-0.23583729565143585,0.05453541502356529
1749219658605998800,4.828998779296875,-0.000287088769255206,-0.014355503022670746,0.04477066546678543
1749219658615989800,4.83898974609375,0.011083543300628662,0.17291931807994843,0.035168372094631195
1749219658625980700,4.848980712890625,0.03768399730324745,0.2113465964794159,0.02323608100414276
1749219658635970600,4.858970458984375,0.026812972500920296,0.08298756182193756,0.01124972477555275
1749219658645961700,4.868961669921875,-0.006956176832318306,-0.03309616819024086,0.017667144536972046
1749219658655952600,4.87895263671875,0.006759635638445616,-0.08548400551080704,0.013276390731334686
1749219658665943600,4.888943603515625,0.031027691438794136,-0.11993865668773651,0.004621649626642466
1749219658675934500,4.8989345703125,0.05549654737114906,-0.14168709516525269,0.009907225146889687
1749219658685924600,4.908924560546875,0.03975646570324898,-0.16931286454200745,0.012825516983866692
1749219658695915800,4.918915771484375,0.04266304150223732,-0.32742366194725037,0.04538026452064514
1749219658705906700,4.92890673828125,0.056891512125730515,-0.20479042828083038,-0.0029401297215372324
1749219658715897600,4.938897705078125,0.07842689752578735,-0.16973844170570374,0.017043698579072952
1749219658725888800,4.948888671875,0.04947247728705406,-0.0721823200583458,0.016281235963106155
1749219658735879700,4.958879638671875,0.018880480900406837,0.023313311859965324,0.01353711448609829
1749219658745869600,4.96886962890625,0.016336895525455475,0.051311392337083817,0.011208978481590748
1749219658755860500,4.978860595703125,0.008886968716979027,0.038484539836645126,0.00851519126445055
1749219658765851600,4.9888515625,0.0015156050212681293,0.01569800265133381,0.012538428418338299
1749219658775842600,4.998842529296875,-0.005041630007326603,-0.004035754129290581,0.014839399605989456
1749219658785833500,5.00883349609375,-0.013006346300244331,-0.020668527111411095,0.01709669455885887
1749219658795823600,5.01882373046875,-0.014871091581881046,-0.02526460960507393,0.01709376648068428
1749219658805814800,5.028814697265625,-0.013098224997520447,-0.013058277778327465,0.019229887053370476
1749219658815805700,5.0388056640625,-0.020196614786982536,0.015390408225357533,0.024346617981791496
1749219658825796600,5.048796630859375,-0.019287411123514175,0.03844379633665085,0.02190982550382614
1749219658835787500,5.05878759765625,-0.016517722979187965,0.04464123770594597,0.02395193837583065
1749219658845778700,5.06877880859375,-0.015721172094345093,0.036911144852638245,0.024895496666431427
1749219658855768600,5.0787685546875,-0.01918754354119301,0.0296724084764719,0.02387896738946438
1749219658865759500,5.088759521484375,-0.021045098081231117,0.0156513974070549,0.025491511449217796
1749219658875750700,5.098750732421875,-0.020362796261906624,0.011757856234908104,0.02545982040464878
1749219658885741800,5.108741943359375,-0.025232119485735893,0.017436247318983078,0.026748256757855415
1749219658895732700,5.118732666015625,-0.024934377521276474,0.03335236385464668,0.02100621536374092
1749219658905723600,5.1287236328125,-0.023190274834632874,0.038962580263614655,0.019348131492733955
1749219658915713500,5.138713623046875,0.2592829763889313,0.13851073384284973,-0.0076123797334730625
1749219658925704700,5.14870458984375,0.17676864564418793,0.2633000910282135,-0.014666827395558357
1749219658935695600,5.158695556640625,-0.09331050515174866,0.28523334860801697,0.01781708002090454
1749219658945686500,5.1686865234375,0.150519460439682,0.24679459631443024,0.006362558342516422
1749219658955677700,5.178677734375,0.02225497178733349,0.21849292516708374,0.005251220893114805
1749219658965667800,5.188667724609375,-0.0226224884390831,0.14227138459682465,0.021086376160383224
1749219658975658800,5.19865869140625,0.05248264968395233,0.20043562352657318,0.001019990653730929
1749219658985649700,5.208649658203125,0.09397895634174347,0.3564832806587219,-0.02124030701816082
1749219658995640800,5.218640869140625,0.08882947266101837,0.46767210960388184,-0.026316026225686073
1749219659005631700,5.2286318359375,0.036498889327049255,0.4846271276473999,-0.018812835216522217
1749219659015622700,5.23862255859375,0.004627774935215712,0.4086189270019531,-0.00987153872847557
1749219659025612500,5.248612548828125,-0.011612181551754475,0.3188687860965729,-0.0012926984345540404
1749219659035603700,5.258603759765625,-0.074268639087677,0.30168741941452026,0.02419242076575756
1749219659045594600,5.2685947265625,-0.06980970501899719,0.2515118718147278,0.02057638205587864
1749219659055585500,5.27858544921875,-0.01383964903652668,0.26400822401046753,0.009178584441542625
1749219659065576400,5.288576416015625,0.05812641978263855,0.3762497901916504,-0.005155347287654877
1749219659075567600,5.298567626953125,0.09697555005550385,0.5368157625198364,-0.011873437091708183
1749219659085557800,5.308557861328125,0.08678975701332092,0.6394470930099487,-0.013102219440042973
1749219659095548700,5.318548583984375,0.08935171365737915,0.5413724184036255,-0.037706632167100906
1749219659105539600,5.32853955078125,0.049726277589797974,0.5670053958892822,0.015241004526615143
1749219659115530800,5.33853076171875,-0.02610830031335354,0.5353241562843323,0.03377847000956535
1749219659125521700,5.348521728515625,-0.028508873656392097,0.5127314925193787,0.029889721423387527
1749219659135511600,5.358511474609375,0.032771795988082886,0.470192551612854,-0.011655590496957302
1749219659145502500,5.36850244140625,0.12854012846946716,0.5990961790084839,0.019089005887508392
1749219659155493600,5.37849365234375,0.13223260641098022,0.7950428128242493,0.003979827743023634
1749219659165484500,5.388484619140625,0.13580043613910675,0.8678591847419739,0.0057135457172989845
1749219659175475700,5.398475830078125,0.14783260226249695,1.026450753211975,0.04148139804601669
1749219659185466600,5.408466552734375,0.17660219967365265,0.986797571182251,0.04434962198138237
1749219659195456800,5.418456787109375,0.1704052835702896,0.9713538885116577,0.042872898280620575
1749219659205447700,5.42844775390625,0.1776336431503296,0.9686819911003113,0.04860268905758858
1749219659215438600,5.4384384765625,0.18481965363025665,0.8839907646179199,0.05601666495203972
1749219659225429500,5.448429443359375,0.19360168278217316,0.7537342309951782,0.0643097460269928
1749219659235420700,5.458420654296875,0.198746919631958,0.6924983263015747,0.06578566879034042
1749219659245410600,5.46841064453125,0.2108304798603058,0.6851599812507629,0.07080386579036713
1749219659255401700,5.478401611328125,0.23218956589698792,0.7566282749176025,0.0519377663731575
1749219659265392600,5.488392578125,0.28020182251930237,0.9320869445800781,0.03303997591137886
1749219659275383800,5.4983837890625,0.3205487132072449,1.0696064233779907,0.021032314747571945
1749219659285374700,5.508374755859375,0.32735708355903625,1.0874775648117065,0.03639476001262665
1749219659295365600,5.51836572265625,0.3073258697986603,1.0618033409118652,0.03959561139345169
1749219659305355500,5.52835546875,0.3128598928451538,0.999269962310791,0.009549562819302082
1749219659315346700,5.5383466796875,0.2614995241165161,1.0856584310531616,0.09559203684329987
1749219659325337600,5.548337646484375,0.1654270440340042,0.973275899887085,0.06774868816137314
1749219659335328500,5.55832861328125,0.04580477252602577,0.7397648692131042,0.02989851124584675
1749219659345319700,5.568319580078125,-0.028540031984448433,0.4927133023738861,0.04254160076379776
1749219659355310600,5.578310546875,-0.06776147335767746,0.42166975140571594,0.07917577773332596
1749219659365300700,5.58830078125,-0.10659488290548325,0.4214942455291748,0.1105872318148613
1749219659375291600,5.598291748046875,-0.16466698050498962,0.3459209203720093,0.08589999377727509
1749219659385282800,5.60828271484375,-0.23061856627464294,0.335404634475708,0.11711836606264114
1749219659395273700,5.618273681640625,-0.2375102937221527,0.35894644260406494,0.08052892982959747
1749219659405264600,5.6282646484375,-0.29086753726005554,0.4631231725215912,0.11798442900180817
1749219659415254500,5.638254638671875,-0.36767813563346863,0.5774556398391724,0.1359759420156479
1749219659425245700,5.64824560546875,-0.3523987829685211,0.720416784286499,0.10808625817298889
1749219659435236600,5.658236572265625,-0.4136379063129425,0.8363492488861084,0.1731097251176834
1749219659445227500,5.6682275390625,-0.42692601680755615,0.9147622585296631,0.18242865800857544
1749219659455218400,5.678218505859375,-0.3731386959552765,1.111334204673767,0.18886499106884003
1749219659465209600,5.688209716796875,-0.27703478932380676,1.3717072010040283,0.20159436762332916
1749219659475199700,5.69819970703125,-0.2416435182094574,1.513838529586792,0.27498388290405273
1749219659485190700,5.708190673828125,0.24271491169929504,1.5507416725158691,0.4238269031047821
1749219659495181600,5.718181640625,0.40133652091026306,1.932192087173462,0.34873268008232117
1749219659505172700,5.7281728515625,0.30130231380462646,2.1178975105285645,0.3401857912540436
1749219659515163600,5.73816357421875,0.1852601319551468,1.9739043712615967,0.3755001127719879
1749219659525153500,5.748153564453125,-0.1293015331029892,1.8617829084396362,0.3203292787075043
1749219659535144400,5.75814453125,-0.6106446981430054,1.7943894863128662,0.2824399471282959
1749219659545135600,5.768135498046875,-0.5716038346290588,2.14259934425354,0.44114357233047485
1749219659555126800,5.778126708984375,-0.3747600317001343,2.158564567565918,0.5156369805335999
1749219659565117700,5.78811767578125,-0.38463982939720154,1.527984380722046,0.48198848962783813
1749219659575108600,5.798108642578125,-0.4302999973297119,1.0009856224060059,0.4975045919418335
1749219659585098800,5.8080986328125,-0.4492289423942566,0.6722601652145386,0.4521957039833069
1749219659595089700,5.818089599609375,-0.4408130645751953,0.58391273021698,0.4187360107898712
1749219659605079800,5.828079833984375,-0.3857958912849426,0.5992738008499146,0.43139347434043884
1749219659615070700,5.83807080078125,-0.26772624254226685,0.609846830368042,0.4088982939720154
1749219659625061600,5.8480615234375,-0.24470321834087372,0.5936606526374817,0.39854949712753296
1749219659635052800,5.858052734375,-0.24110102653503418,0.6003620028495789,0.37490037083625793
1749219659645043000,5.86804296875,-0.26408809423446655,0.5939877033233643,0.354346364736557
1749219659655033900,5.878033935546875,-0.35471734404563904,0.5917879343032837,0.36745205521583557
1749219659665024800,5.888024658203125,-0.47400563955307007,0.6272407174110413,0.397984117269516
1749219659675016000,5.898015869140625,-0.568595826625824,0.6918250918388367,0.4272557199001312
1749219659685006800,5.9080068359375,-0.7237805724143982,0.7831182479858398,0.4008486270904541
1749219659694996700,5.917996826171875,-1.0027775764465332,0.7849030494689941,0.31151607632637024
1749219659704987600,5.927987548828125,-1.0060937404632568,0.7446600198745728,0.39613401889801025
1749219659714978800,5.937978759765625,-0.7530831098556519,0.49960583448410034,0.3469768762588501
1749219659724970000,5.947969970703125,-0.3991236984729767,0.08937621861696243,0.3256596028804779
1749219659734961000,5.9579609375,-0.017241837456822395,-0.13893072307109833,0.2888624370098114
1749219659744951800,5.967951904296875,0.10711660236120224,-0.4307447373867035,0.23050165176391602
1749219659754941700,5.977941650390625,0.10002540051937103,-0.6646232604980469,0.18399512767791748
1749219659764932900,5.987932861328125,0.10652165114879608,-0.7690199613571167,0.12823998928070068
1749219659774923800,5.997923828125,0.11453696340322495,-0.8743283152580261,0.06957055628299713
1749219659784914700,6.007914794921875,0.0928545743227005,-1.0057803392410278,0.04711265116930008
1749219659794905900,6.01790576171875,0.0727682113647461,-1.1044288873672485,0.02834615297615528
1749219659804896000,6.02789599609375,0.06389322876930237,-1.087273359298706,0.013551495037972927
1749219659814887000,6.037886962890625,0.051533497869968414,-0.8682416677474976,-0.015619440004229546
1749219659824877800,6.0478779296875,0.06326738744974136,-0.5266315937042236,-0.04445534944534302
1749219659834869000,6.057868896484375,0.11694525927305222,-0.2017778605222702,-0.08569839596748352
1749219659844860000,6.06785986328125,0.14682939648628235,0.019785955548286438,-0.11068470031023026
1749219659854850800,6.077850830078125,0.1551017016172409,0.12073760479688644,-0.12020843476057053
1749219659864840700,6.0878408203125,0.1836976557970047,0.12792840600013733,-0.14266633987426758
1749219659874832000,6.097831787109375,0.2312268316745758,0.04836034029722214,-0.16635115444660187
1749219659884822800,6.10782275390625,0.2596512734889984,-0.14081090688705444,-0.18321456015110016
1749219659894813700,6.117813720703125,0.2889614999294281,-0.35248613357543945,-0.21538607776165009
1749219659904804600,6.1278046875,0.3211519122123718,-0.4296131432056427,-0.24413250386714935
1749219659914795800,6.137795654296875,0.3252556025981903,-0.5797419548034668,-0.25318673253059387
1749219659924786000,6.147785888671875,0.313968300819397,-0.761002242565155,-0.25552019476890564
1749219659934776800,6.15777685546875,0.28734254837036133,-0.9368206858634949,-0.26336532831192017
1749219659944767700,6.167767822265625,0.30313777923583984,-1.2763562202453613,-0.3425632119178772
1749219659954759000,6.177759033203125,0.2208290547132492,-1.2808579206466675,-0.25472018122673035
1749219659964749800,6.187749755859375,0.17830581963062286,-1.3497933149337769,-0.2698509097099304
1749219659974739700,6.19773974609375,0.17103299498558044,-1.355962872505188,-0.257695734500885
1749219659984730600,6.207730712890625,0.15330886840820312,-1.2368510961532593,-0.24167680740356445
1749219659994721800,6.2177216796875,0.14623896777629852,-1.166338324546814,-0.23393793404102325
1749219660004712700,6.227712646484375,0.16478389501571655,-1.1357759237289429,-0.2331312596797943
1749219660014703900,6.237703857421875,0.14045670628547668,-1.0610915422439575,-0.22819189727306366
1749219660024695000,6.247695068359375,0.0833180621266365,-0.9493881464004517,-0.21637438237667084
1749219660034685000,6.257684814453125,0.04265691712498665,-0.8165491819381714,-0.2036854773759842
1749219660044675800,6.26767578125,0.03230387717485428,-0.6948347091674805,-0.19284828007221222
1749219660054666800,6.277666748046875,0.025539182126522064,-0.6017175316810608,-0.19913546741008759
1749219660064658000,6.287657958984375,0.02124563418328762,-0.5612263083457947,-0.20557792484760284
1749219660074648800,6.29764892578125,0.011233213357627392,-0.5756955146789551,-0.2042282372713089
1749219660084639700,6.3076396484375,0.02642255276441574,-0.6134746074676514,-0.13882392644882202
1749219660094630000,6.3176298828125,0.012178901582956314,-0.7378101348876953,-0.15731185674667358
1749219660104620800,6.327620849609375,0.06930956244468689,-0.8420699834823608,-0.23752839863300323
1749219660114612000,6.337612060546875,0.08568587899208069,-0.7609828114509583,-0.2366413027048111
1749219660124603000,6.347602783203125,0.019602462649345398,-0.6889414191246033,-0.21572643518447876
1749219660134593800,6.35759375,-0.012807408347725868,-0.7900922298431396,-0.20739632844924927
1749219660144583700,6.367583740234375,-0.005404086317867041,-1.0266083478927612,-0.2359989434480667
1749219660154574800,6.377574951171875,-0.0358584001660347,-1.0668290853500366,-0.2272280901670456
1749219660164565800,6.387565673828125,-0.019339609891176224,-1.0782803297042847,-0.20952366292476654
1749219660174556700,6.397556640625,0.03369058668613434,-1.000184178352356,-0.22921347618103027
1749219660184547800,6.4075478515625,0.04087712615728378,-0.8287528157234192,-0.20564156770706177
1749219660194538800,6.417538818359375,0.07007016241550446,-0.7416807413101196,-0.1973671317100525
1749219660204529000,6.42752880859375,0.09591347724199295,-0.7212066650390625,-0.1856212615966797
1749219660214519800,6.437519775390625,0.11092279106378555,-0.6876356601715088,-0.17592282593250275
1749219660224511000,6.447510986328125,0.11074835062026978,-0.7061669826507568,-0.16195720434188843
1749219660234502000,6.457501953125,0.08405735343694687,-0.7769654989242554,-0.14621900022029877
1749219660244492800,6.467492919921875,0.061707571148872375,-0.8119216561317444,-0.1454663872718811
1749219660254483700,6.477483642578125,0.09402849525213242,-0.764583945274353,-0.13749714195728302
1749219660264473900,6.487473876953125,0.117494136095047,-0.6741416454315186,-0.1279262751340866
1749219660274464800,6.49746484375,0.1297936886548996,-0.5434334874153137,-0.12416482716798782
1749219660284455700,6.50745556640625,0.13306483626365662,-0.38577327132225037,-0.12346947193145752
1749219660294446600,6.517446533203125,0.12386149168014526,-0.2499922662973404,-0.12648363411426544
1749219660304437800,6.527437744140625,0.1166994497179985,-0.15888552367687225,-0.12191152572631836
1749219660314429000,6.537428955078125,0.1146986186504364,-0.13077080249786377,-0.142149418592453
1749219660324418800,6.547418701171875,0.12698698043823242,-0.1758946031332016,-0.17826135456562042
1749219660334409700,6.55740966796875,0.13238893449306488,-0.2578539252281189,-0.21144060790538788
1749219660344401000,6.56740087890625,0.12453287094831467,-0.3389173448085785,-0.18957579135894775
1749219660354391800,6.577391845703125,0.07851052284240723,-0.362114816904068,-0.12336694449186325
1749219660364382700,6.5873828125,0.05698605254292488,-0.3942312002182007,-0.07606946676969528
1749219660374372600,6.59737255859375,0.07602392882108688,-0.43665027618408203,-0.0579458586871624
1749219660384363800,6.60736376953125,0.09098955988883972,-0.45611345767974854,-0.03148069605231285
1749219660394355000,6.61735498046875,0.08974666148424149,-0.44684940576553345,-0.008767126128077507
1749219660404345900,6.627345947265625,0.09119223058223724,-0.43530139327049255,0.012573848478496075
1749219660414337000,6.6373369140625,0.0909043401479721,-0.4376652240753174,0.023371635004878044
1749219660424328000,6.647327880859375,0.08570105582475662,-0.4665085971355438,0.04964744672179222
1749219660434317800,6.65731787109375,0.06787705421447754,-0.48277491331100464,0.0744052603840828
1749219660444308700,6.667308837890625,0.056719470769166946,-0.47239843010902405,0.07947272062301636
1749219660454300000,6.6772998046875,0.053942859172821045,-0.4732908606529236,0.09507352113723755
1749219660464290800,6.687290771484375,0.041489917784929276,-0.44860175251960754,0.10338577628135681
1749219660474281700,6.69728173828125,0.026570091024041176,-0.40861600637435913,0.09988585114479065
1749219660484272600,6.707272705078125,0.002031991956755519,-0.3721112310886383,0.10364063829183578
1749219660494262800,6.7172626953125,-0.0012812467757612467,-0.34909674525260925,0.10295833647251129
1749219660504254000,6.72725390625,-0.00031851406674832106,-0.3194935619831085,0.10319695621728897
1749219660514244900,6.737244873046875,-0.009891246445477009,-0.2560104727745056,0.10152928531169891
1749219660524235800,6.74723583984375,-0.014919827692210674,-0.15448836982250214,0.09362662583589554
1749219660534227000,6.75722705078125,-0.019602995365858078,-0.05891790986061096,0.08518946170806885
1749219660544216800,6.767216796875,-0.027153324335813522,0.019808858633041382,0.08192416280508041
1749219660554207700,6.777207763671875,-0.03381548821926117,0.06332224607467651,0.06829676777124405
1749219660564198700,6.78719873046875,-0.03713831305503845,0.05498176068067551,0.07338739931583405
1749219660574189800,6.79718994140625,-0.047863397747278214,0.03206632286310196,0.07353493571281433
1749219660584180700,6.8071806640625,-0.05812908336520195,-0.0034021881874650717,0.0908484160900116
1749219660594171600,6.817171630859375,-0.07834646850824356,-0.03916391357779503,0.11102186143398285
1749219660604161500,6.82716162109375,-0.08279421925544739,-0.06188041344285011,0.11542992293834686
1749219660614152700,6.837152587890625,-0.06773723661899567,-0.09760485589504242,0.12910018861293793
1749219660624143600,6.8471435546875,-0.06425461918115616,-0.09489322453737259,0.13675358891487122
1749219660634134500,6.857134521484375,-0.07615575194358826,-0.050519898533821106,0.13841512799263
1749219660644125400,6.86712548828125,-0.0901125818490982,0.0121879568323493,0.13773763179779053
1749219660654116600,6.87711669921875,-0.09644238650798798,0.06686744838953018,0.13834109902381897
1749219660664106500,6.8871064453125,-0.09857610613107681,0.0819217637181282,0.13273434340953827
1749219660674097700,6.89709765625,-0.10140837728977203,0.059789564460515976,0.13843856751918793
1749219660684088600,6.907088623046875,-0.11073716729879379,0.03498115390539169,0.13768436014652252
1749219660694079700,6.917079833984375,-0.1077301949262619,-0.00009241169027518481,0.13481853902339935
1749219660704070700,6.927070556640625,-0.09379120916128159,-0.036252811551094055,0.1261693835258484
1749219660714061600,6.9370615234375,-0.09507591277360916,-0.07266940921545029,0.1309465616941452
1749219660724051500,6.947051513671875,-0.1027066707611084,-0.09217626601457596,0.12106011062860489
1749219660734042600,6.957042724609375,-0.07152185589075089,-0.11480061709880829,0.11653966456651688
1749219660744033500,6.967033447265625,-0.06966616213321686,-0.09431131929159164,0.12123055756092072
1749219660754024400,6.9770244140625,-0.09854308515787125,-0.017014402896165848,0.11073344200849533
1749219660764015600,6.987015625,-0.09536194056272507,0.05982418358325958,0.11005166918039322
1749219660774006500,6.997006591796875,-0.0938870832324028,0.12416642159223557,0.10071436315774918
1749219660783996700,7.00699658203125,-0.11183172464370728,0.16228264570236206,0.09326070547103882
1749219660793987600,7.016987548828125,-0.11127246171236038,0.16503049433231354,0.08258435875177383
1749219660803978800,7.026978759765625,-0.09888236969709396,0.1202332004904747,0.06902088224887848
1749219660813969700,7.0369697265625,-0.09030938893556595,0.0673324316740036,0.05373699590563774
1749219660823960600,7.046960693359375,-0.08030708879232407,-0.0003398193512111902,0.035162780433893204
1749219660833951500,7.056951416015625,-0.06447060406208038,-0.04962560907006264,0.015671370550990105
1749219660843941400,7.06694140625,-0.05964601784944534,-0.06484610587358475,0.0010109359864145517
1749219660853932500,7.0769326171875,-0.054490406066179276,-0.044265199452638626,-0.010885937139391899
1749219660863923500,7.08692333984375,-0.05282699689269066,-0.006368683185428381,-0.026007365435361862
1749219660873914400,7.096914306640625,-0.05152497440576553,0.029648173600435257,-0.03263011574745178
1749219660883905500,7.106905517578125,-0.05932430922985077,0.06427831947803497,-0.03620434179902077
1749219660893895700,7.116895751953125,-0.06742484867572784,0.09034747630357742,-0.03965580090880394
1749219660903886600,7.126886474609375,-0.08263442665338516,0.11615084111690521,-0.03304396942257881
1749219660913877500,7.13687744140625,-0.08843106031417847,0.13771605491638184,-0.03386262431740761
1749219660923868700,7.14686865234375,-0.09551666676998138,0.14403946697711945,-0.030703051015734673
1749219660933859600,7.156859619140625,-0.1024845615029335,0.15227262675762177,-0.025286447256803513
1749219660943850500,7.1668505859375,-0.10321373492479324,0.1721653789281845,-0.020241089165210724
1749219660953840400,7.17684033203125,-0.10435304045677185,0.2032995969057083,-0.009710418060421944
1749219660963831600,7.18683154296875,-0.10563454777002335,0.2373073548078537,-0.003757187630981207
1749219660973822700,7.19682275390625,-0.09902378171682358,0.23746901750564575,0.009454754181206226
1749219660983813600,7.206813720703125,-0.09320823848247528,0.20595023036003113,0.0236456748098135
1749219660993804500,7.216804443359375,-0.08487068116664886,0.14851170778274536,0.04204705357551575
1749219661003795700,7.226795654296875,-0.08809869736433029,0.07971107214689255,0.06148253381252289
1749219661013785600,7.23678564453125,-0.09191740304231644,0.02580416575074196,0.08680599927902222
1749219661023776500,7.246776611328125,-0.1038784608244896,0.006217149551957846,0.11374147981405258
1749219661033767400,7.256767333984375,-0.11432258039712906,0.022161494940519333,0.13453517854213715
1749219661043758600,7.266758544921875,-0.12382740527391434,0.07645269483327866,0.15544605255126953
1749219661053749500,7.27674951171875,-0.13420040905475616,0.1473338007926941,0.16253618896007538
1749219661063740400,7.286740478515625,-0.13306696712970734,0.21276873350143433,0.17177362740039825
1749219661073730600,7.29673046875,-0.12411528825759888,0.23750443756580353,0.18129388988018036
1749219661083721700,7.3067216796875,-0.10358764231204987,0.2070208191871643,0.17872287333011627
1749219661093712600,7.316712646484375,-0.08781667053699493,0.14899933338165283,0.19580306112766266
1749219661103703600,7.32670361328125,-0.09151820093393326,0.0677817091345787,0.21136870980262756
1749219661113694700,7.33669482421875,-0.08338330686092377,0.0070222229696810246,0.24016998708248138
1749219661123685600,7.346685546875,-0.07023607939481735,-0.01296400185674429,0.26315465569496155
1749219661133675500,7.356675537109375,-0.04589904844760895,-0.013888917863368988,0.2673629820346832
1749219661143666400,7.36666650390625,-0.012559201568365097,0.03346847742795944,0.3033633530139923
1749219661153657600,7.37665771484375,0.005131112411618233,0.11206608265638351,0.32591259479522705
1749219661163648500,7.3866484375,0.03821635991334915,0.20589616894721985,0.343435138463974
1749219661173639400,7.396639404296875,0.058394066989421844,0.2959131598472595,0.38661667704582214
1749219661183630600,7.406630615234375,0.06174752116203308,0.3494802415370941,0.44890907406806946
1749219661193620700,7.416620849609375,0.07112770527601242,0.3341550827026367,0.501583993434906
1749219661203611600,7.426611572265625,0.05716715008020401,0.2970239520072937,0.5430590510368347
1749219661213602600,7.4366025390625,0.014604508876800537,0.2688349187374115,0.5713425874710083
1749219661223593500,7.446593505859375,-0.045209288597106934,0.22399981319904327,0.584368109703064
1749219661233584600,7.456584716796875,-0.10106376558542252,0.1564367413520813,0.6070159077644348
1749219661243575600,7.466575439453125,-0.16568270325660706,0.08475936204195023,0.6207916140556335
1749219661253565400,7.4765654296875,-0.22050601243972778,0.012226572260260582,0.6517751216888428
1749219661263556600,7.486556640625,-0.25156351923942566,-0.04184278845787048,0.6758375763893127
1749219661273547800,7.4965478515625,-0.2788252532482147,-0.06179625540971756,0.6991250514984131
1749219661283538700,7.50653857421875,-0.31887730956077576,-0.023815317079424858,0.7067219614982605
1749219661293529600,7.516529541015625,-0.3754788041114807,0.027347734197974205,0.7011114954948425
1749219661303519500,7.52651953125,-0.41783851385116577,0.04361139237880707,0.6812075972557068
1749219661313510700,7.5365107421875,-0.42498910427093506,0.017830662429332733,0.6678465008735657
1749219661323501600,7.54650146484375,-0.4025578200817108,-0.06226364150643349,0.6364794969558716
1749219661333492500,7.556492431640625,-0.37421542406082153,-0.19572262465953827,0.6126276850700378
1749219661343483400,7.5664833984375,-0.360962450504303,-0.3081836700439453,0.5958409905433655
1749219661353474600,7.576474609375,-0.3307779133319855,-0.38495540618896484,0.56598961353302
1749219661363464700,7.586464599609375,-0.2857382595539093,-0.4448584318161011,0.5377758145332336
1749219661373455600,7.59645556640625,-0.2523891031742096,-0.47877269983291626,0.5067729353904724
1749219661383446500,7.606446533203125,-0.2299109548330307,-0.4944978654384613,0.4705219566822052
1749219661393437700,7.616437744140625,-0.2115982621908188,-0.4771953225135803,0.45029792189598083
1749219661403428600,7.6264287109375,-0.20284472405910492,-0.42786213755607605,0.42026251554489136
1749219661413419500,7.63641943359375,-0.1950717568397522,-0.38764840364456177,0.39646878838539124
1749219661423409400,7.646409423828125,-0.19200965762138367,-0.35906654596328735,0.3716113567352295
1749219661433400600,7.656400634765625,-0.1970403641462326,-0.3471835255622864,0.3467046916484833
1749219661443391500,7.6663916015625,-0.20216961205005646,-0.3599478006362915,0.3284633755683899
1749219661453382400,7.67638232421875,-0.20491214096546173,-0.3696014881134033,0.308098167181015
1749219661463373600,7.68637353515625,-0.19734768569469452,-0.34788286685943604,0.2850991189479828
1749219661473364500,7.696364501953125,-0.17905549705028534,-0.3161414563655853,0.2669752538204193
1749219661483354600,7.706354736328125,-0.16753973066806793,-0.2765706181526184,0.24191489815711975
1749219661493345500,7.716345458984375,-0.155355766415596,-0.2559151351451874,0.20876653492450714
1749219661503336700,7.726336669921875,-0.14748185873031616,-0.23236453533172607,0.1861075609922409
1749219661513327600,7.73632763671875,-0.13199558854103088,-0.19623395800590515,0.15155836939811707
1749219661523318500,7.746318603515625,-0.12942935526371002,-0.17633642256259918,0.12058953195810318
1749219661533309400,7.756309326171875,-0.13340705633163452,-0.1594192236661911,0.1138533279299736
1749219661543299600,7.766299560546875,-0.13475514948368073,-0.13035401701927185,0.09502504765987396
1749219661553290500,7.77629052734375,-0.13121767342090607,-0.09131020307540894,0.08498013764619827
1749219661563281700,7.78628173828125,-0.13883031904697418,-0.039202261716127396,0.07827723026275635
1749219661573272600,7.7962724609375,-0.125243678689003,0.04525376483798027,0.06545250862836838
1749219661583263700,7.806263671875,-0.1070132702589035,0.14072781801223755,0.0674690529704094
1749219661593254700,7.816254638671875,-0.09039940685033798,0.20988905429840088,0.06617981940507889
1749219661603244500,7.82624462890625,-0.06156163290143013,0.2460382729768753,0.06226497143507004
1749219661613235700,7.836235595703125,-0.02947719767689705,0.2589434087276459,0.05659909546375275
1749219661623226600,7.8462265625,0.012687299400568008,0.2743431329727173,0.04199671745300293
1749219661633217500,7.856217529296875,0.05193430557847023,0.27543291449546814,0.03304024040699005
1749219661643208700,7.866208740234375,0.08502807468175888,0.2777178883552551,0.021991318091750145
1749219661653199600,7.87619970703125,0.03438007831573486,0.3120287358760834,0.06989546120166779
1749219661663189800,7.886189697265625,0.06571003794670105,0.12953029572963715,-0.036081839352846146
1749219661673180700,7.8961806640625,0.33181893825531006,-0.277570903301239,-0.09729805588722229
1749219661683171800,7.906171875,0.3011276125907898,-0.42226335406303406,0.00185063062235713
1749219661693162800,7.916162841796875,0.26323002576828003,-0.6021338105201721,0.05483155697584152
1749219661703153700,7.926153564453125,0.3464988172054291,-0.6644815802574158,-0.03791116178035736
1749219661713144600,7.93614453125,0.16248825192451477,-0.42695000767707825,-0.09115467965602875
1749219661723134700,7.946134765625,0.05542410910129547,-0.14730529487133026,0.02701510675251484
1749219661733125600,7.956125732421875,0.20681549608707428,-0.07306808233261108,0.051835235208272934
1749219661743116500,7.966116455078125,0.4040457308292389,-0.07008854299783707,0.07810332626104355
1749219661753107500,7.976107421875,0.3427980840206146,0.1815548837184906,0.13896454870700836
1749219661763098600,7.9860986328125,0.22098857164382935,0.43632563948631287,0.21896830201148987
1749219661773089500,7.996089599609375,0.18986234068870544,0.42356669902801514,0.24080967903137207
1749219661783079700,8.00607958984375,0.2089518904685974,0.25469353795051575,0.2545750141143799
1749219661793070600,8.016070556640624,0.224320188164711,0.038052309304475784,0.2590637803077698
1749219661803061800,8.026061767578126,0.23659709095954895,-0.08030149340629578,0.2653339207172394
1749219661813052700,8.036052734375,0.23893801867961884,-0.03532736375927925,0.26470115780830383
1749219661823043600,8.046043701171875,0.22353695333003998,0.1316203474998474,0.263643354177475
1749219661833034800,8.05603466796875,0.19072307646274567,0.3138236999511719,0.26717549562454224
1749219661843024600,8.066024658203125,0.17822246253490448,0.4512007236480713,0.26463937759399414
1749219661853015600,8.076015625,0.17685067653656006,0.541176974773407,0.25495052337646484
1749219661863006500,8.08600634765625,0.18529821932315826,0.5908955335617065,0.25140878558158875
1749219661872998000,8.095997802734376,0.19055131077766418,0.5965339541435242,0.2335198074579239
1749219661882988800,8.10598876953125,0.20995482802391052,0.5305533409118652,0.2077273577451706
1749219661892979700,8.115979736328125,0.22548532485961914,0.4354840815067291,0.20429854094982147
1749219661902969600,8.125969482421874,0.23286813497543335,0.3321254849433899,0.21293677389621735
1749219661912960500,8.13596044921875,0.24086055159568787,0.25590795278549194,0.22048044204711914
1749219661922951700,8.14595166015625,0.2440616637468338,0.23531824350357056,0.22675111889839172
1749219661932942600,8.155942626953125,0.24204272031784058,0.263265997171402,0.23065771162509918
1749219661942933500,8.16593359375,0.243615061044693,0.29680609703063965,0.23234589397907257
1749219661952924700,8.175924560546875,0.24730299413204193,0.3196978271007538,0.22475294768810272
1749219661962914800,8.185914794921874,0.25651299953460693,0.3274092972278595,0.21056069433689117
1749219661972905700,8.19590576171875,0.25205114483833313,0.3094995319843292,0.18557119369506836
1749219661982896600,8.205896728515626,0.27180835604667664,0.252697229385376,0.12944453954696655
1749219661992887800,8.2158876953125,0.3075825870037079,0.1468442976474762,0.03401203081011772
1749219662002878700,8.225878662109375,0.28662538528442383,0.11683580279350281,0.050524692982435226
1749219662012869600,8.23586962890625,0.23835211992263794,0.10161583870649338,0.09355977922677994
1749219662022859500,8.245859619140624,0.22286929190158844,0.10732033103704453,0.13774561882019043
1749219662032850700,8.2558505859375,0.23571932315826416,0.07059694081544876,0.12234348803758621
1749219662042841600,8.265841552734376,0.21543428301811218,0.016511332243680954,0.2068684995174408
1749219662052832500,8.27583251953125,0.17452412843704224,0.03179308399558067,0.24235564470291138
1749219662062823400,8.285823486328125,0.17087267339229584,0.09818169474601746,0.2632840871810913
1749219662072814600,8.295814697265625,0.1757718324661255,0.15783649682998657,0.2703036665916443
1749219662082804700,8.3058046875,0.16001683473587036,0.2171940952539444,0.27032336592674255
1749219662092795600,8.315795654296876,0.1307889074087143,0.2935043275356293,0.26742106676101685
1749219662102786600,8.32578662109375,0.13340413570404053,0.406351238489151,0.23421116173267365
1749219662112777700,8.33577783203125,0.1474488377571106,0.5022364854812622,0.2126922905445099
1749219662122768600,8.3457685546875,0.1543610692024231,0.528559684753418,0.1955263614654541
1749219662132759600,8.355759521484375,0.17569060623645782,0.4525384306907654,0.1906740814447403
1749219662142749400,8.36574951171875,0.22368422150611877,0.29447343945503235,0.19296492636203766
1749219662152740600,8.37574072265625,0.28598248958587646,0.08211004734039307,0.20012164115905762
1749219662162731500,8.3857314453125,0.3251626491546631,-0.09184949845075607,0.1961900144815445
1749219662172722700,8.39572265625,0.3231181502342224,-0.17123273015022278,0.19235959649085999
1749219662182713900,8.4057138671875,0.3285760283470154,-0.199496328830719,0.1845533400774002
1749219662192704800,8.415704833984375,0.33987393975257874,-0.11250177770853043,0.17570525407791138
1749219662202694700,8.425694580078124,0.3323899209499359,0.03172677010297775,0.1719382107257843
1749219662212685600,8.435685546875,0.3112984895706177,0.11864489316940308,0.18528969585895538
1749219662222676700,8.4456767578125,0.28818997740745544,0.15670572221279144,0.2064354568719864
1749219662232667600,8.455667724609375,0.2624899446964264,0.16618497669696808,0.22566747665405273
1749219662242658600,8.465658447265625,0.22493191063404083,0.14718572795391083,0.23561891913414001
1749219662252649500,8.4756494140625,0.1987442523241043,0.16447629034519196,0.2188122421503067
1749219662262639900,8.485639892578124,0.19585685431957245,0.22578172385692596,0.1937050223350525
1749219662272630800,8.495630859375,0.18142011761665344,0.2580925226211548,0.1635385900735855
1749219662282621700,8.50562158203125,0.17151743173599243,0.2562946379184723,0.12083826959133148
1749219662292612600,8.515612548828125,0.18199697136878967,0.24570749700069427,0.09700297564268112
1749219662302603800,8.525603759765625,0.16508562862873077,0.21794085204601288,0.09379839897155762
1749219662312594700,8.5355947265625,0.159521222114563,0.13839195668697357,0.07484787702560425
1749219662322585600,8.545585693359374,0.1812744438648224,0.05801350250840187,0.04339061677455902
1749219662332575500,8.555575439453126,0.1858138144016266,0.020661868155002594,0.03711754083633423
1749219662342566700,8.565566650390625,0.17233768105506897,0.021516744047403336,0.04296930506825447
1749219662352557600,8.5755576171875,0.18450087308883667,-0.014790929853916168,-0.008671252056956291
1749219662362548500,8.585548583984375,0.19857381284236908,-0.020120181143283844,-0.029748307541012764
1749219662372539600,8.59553955078125,0.1718583106994629,0.014718226157128811,-0.02021552249789238
1749219662382530800,8.60553076171875,0.15754541754722595,0.04445375129580498,-0.00771810719743371
1749219662392520700,8.615520751953126,0.1588975042104721,0.04981096461415291,-0.027767982333898544
1749219662402511600,8.62551171875,0.17251478135585785,0.02052604779601097,-0.023182284086942673
1749219662412502800,8.635502685546875,0.160829097032547,0.011199391447007656,0.024951955303549767
1749219662422493700,8.64549365234375,0.15768682956695557,-0.03828320652246475,0.06338749080896378
1749219662432484600,8.655484619140625,0.1598738133907318,-0.07023154944181442,0.09827224165201187
1749219662442475500,8.6654755859375,0.1581353098154068,-0.0613003745675087,0.1323750913143158
1749219662452465400,8.67546533203125,0.150835320353508,-0.0525476299226284,0.1443025767803192
1749219662462456600,8.68545654296875,0.1474941223859787,-0.0411682091653347,0.1522901952266693
1749219662472447700,8.69544775390625,0.14644749462604523,-0.035346537828445435,0.1589510291814804
1749219662482438700,8.705438720703125,0.14652392268180847,-0.05306880921125412,0.16886092722415924
1749219662492429800,8.715429931640625,0.14165407419204712,-0.0773584395647049,0.1811511516571045
1749219662502420700,8.725420654296874,0.14553296566009521,-0.10428299754858017,0.1964091956615448
1749219662512410600,8.73541064453125,0.15008856356143951,-0.11057870835065842,0.21567103266716003
1749219662522401500,8.745401611328125,0.15515495836734772,-0.12717393040657043,0.24284060299396515
1749219662532392700,8.755392822265625,0.15804849565029144,-0.14472709596157074,0.25708213448524475
1749219662542383600,8.765383544921875,0.14024418592453003,-0.10274022817611694,0.2584909498691559
1749219662552374500,8.77537451171875,0.12429265677928925,-0.07065872102975845,0.2569441795349121
1749219662562365400,8.785365478515626,0.11397823691368103,-0.04309740290045738,0.258669376373291
1749219662572355800,8.79535595703125,0.1142386943101883,-0.019331086426973343,0.26485881209373474
1749219662582346800,8.8053466796875,0.10733577609062195,-0.035590749233961105,0.2697952687740326
1749219662592337700,8.815337646484375,0.09268519282341003,-0.045208755880594254,0.27208957076072693
1749219662602328600,8.82532861328125,0.0830187201499939,-0.01949673518538475,0.274212121963501
1749219662612319700,8.83531982421875,0.07145527750253677,0.03206019848585129,0.2802670896053314
1749219662622311000,8.845310791015624,0.06743070483207703,0.06236111372709274,0.28317925333976746
1749219662632300800,8.85530078125,0.06285139918327332,0.0809347927570343,0.2946588099002838
1749219662642291700,8.865291748046875,0.05317826569080353,0.05253884196281433,0.3038927912712097
1749219662652282600,8.87528271484375,0.04710439592599869,0.02369733899831772,0.3325188159942627
1749219662662273800,8.885273681640625,0.036080773919820786,-0.0019598202779889107,0.3556598424911499
1749219662672264700,8.8952646484375,0.01008299458771944,-0.003802194958552718,0.3746415078639984
1749219662682256000,8.905255859375,0.0005110605852678418,0.00048389637959189713,0.39674896001815796
1749219662692245800,8.915245849609375,0.0032226911280304193,0.024981515482068062,0.4026193618774414
1749219662702237000,8.92523681640625,-0.007513043470680714,0.023965254426002502,0.40173277258872986
1749219662712227800,8.935227783203125,-0.008560731075704098,-0.017107613384723663,0.40725353360176086
1749219662722218800,8.94521875,-0.010279801674187183,-0.05997332185506821,0.39145326614379883
1749219662732209700,8.955209716796874,0.00566907087340951,-0.166020929813385,0.3458617925643921
1749219662742200800,8.965200927734376,0.022541794925928116,-0.20624318718910217,0.31941261887550354
1749219662752191700,8.975191650390625,0.0557309053838253,-0.2893194258213043,0.20354992151260376
1749219662762181600,8.985181640625,0.11544910073280334,-0.45525139570236206,0.10110131651163101
1749219662772172800,8.9951728515625,0.11233506351709366,-0.5344801545143127,0.0009768474847078323
1749219662782164000,9.0051640625,0.05718206241726875,-0.6322996616363525,0.06664454191923141
1749219662792155000,9.01515478515625,-0.00037257623625919223,-0.6141603589057922,0.15985330939292908
1749219662802145800,9.025145751953126,-0.0011491540353745222,-0.5216152667999268,0.19781480729579926
1749219662812137000,9.035136962890626,-0.018989669159054756,-0.4092905819416046,0.24613013863563538
1749219662822126800,9.045126953125,-0.04499943181872368,-0.22308793663978577,0.2514684498310089
1749219662832117800,9.05511767578125,-0.057673417031764984,-0.12410863488912582,0.2810598909854889
1749219662842108700,9.065108642578124,-0.06803125143051147,-0.0973806157708168,0.28965047001838684
1749219662852099600,9.075099609375,-0.07544788718223572,-0.07930654287338257,0.30808407068252563
1749219662862090800,9.0850908203125,-0.09527591615915298,-0.04571981728076935,0.3287126421928406
1749219662872081700,9.09508154296875,-0.10674029588699341,-0.010201504454016685,0.3471936583518982
1749219662882071800,9.10507177734375,-0.11214038729667664,0.033426132053136826,0.38784173130989075
1749219662892062700,9.115062744140625,-0.11028815805912018,0.06102047860622406,0.42773401737213135
1749219662902054000,9.125053955078124,-0.11838629841804504,0.049971021711826324,0.4798968434333801
1749219662912044800,9.135044921875,-0.1338973492383957,0.017138240858912468,0.5322700142860413
1749219662922035700,9.14503564453125,-0.1330624520778656,-0.00008442220860160887,0.5756513476371765
1749219662932027000,9.15502685546875,-0.1351815164089203,0.011167433112859726,0.592583954334259
1749219662942016800,9.165016845703125,-0.1397770792245865,0.04825354740023613,0.589006245136261
1749219662952007700,9.175007568359375,-0.14274862408638,0.11106127500534058,0.5720118284225464
1749219662961998600,9.18499853515625,-0.1359381228685379,0.16476312279701233,0.5466018319129944
1749219662971989800,9.19498974609375,-0.11237474530935287,0.15692277252674103,0.5103822946548462
1749219662981981000,9.20498095703125,-0.10160385817289352,0.11539769917726517,0.47177737951278687
1749219662991971800,9.214971923828125,-0.08905823528766632,0.10684175789356232,0.45337626338005066
1749219663001961700,9.224961669921875,-0.07457996159791946,0.09222473204135895,0.42843976616859436
1749219663011953000,9.234952880859375,-0.06353583186864853,0.04971642419695854,0.4220801293849945
1749219663021943800,9.24494384765625,-0.05041550472378731,-0.0028506475500762463,0.42112886905670166
1749219663031934700,9.254934814453126,-0.03503841161727905,-0.03707972541451454,0.41666167974472046
1749219663041925600,9.264925537109375,-0.036251481622457504,-0.0554768405854702,0.424616277217865
1749219663051916800,9.274916748046875,-0.04716724529862404,-0.039927441626787186,0.4364875853061676
1749219663061907700,9.28490771484375,-0.05856504291296005,-0.00006391586794052273,0.4581257700920105
1749219663071897900,9.29489794921875,-0.08052679896354675,0.03405916690826416,0.47139787673950195
1749219663081888800,9.304888671875,-0.09392622858285904,0.004781439434736967,0.483685165643692
1749219663091880000,9.3148798828125,-0.09386524558067322,-0.04572514444589615,0.47849708795547485
1749219663101870800,9.324870849609376,-0.0870313048362732,-0.08644673973321915,0.5106920003890991
1749219663111861800,9.33486181640625,-0.0914526879787445,-0.12381195276975632,0.5350301265716553
1749219663121853000,9.34485302734375,-0.10940771549940109,-0.1523676961660385,0.5727876424789429
1749219663131842800,9.3548427734375,-0.11496680229902267,-0.12485671043395996,0.6035165190696716
1749219663141833700,9.364833740234374,-0.12835051119327545,-0.08413511514663696,0.6294059157371521
1749219663151824600,9.37482470703125,-0.14304371178150177,-0.06701498478651047,0.6533141732215881
1749219663161815800,9.38481591796875,-0.14526158571243286,-0.09131020307540894,0.6774892807006836
1749219663171806700,9.394806640625,-0.14214222133159637,-0.15096527338027954,0.7008504867553711
1749219663181797600,9.404797607421875,-0.14781981706619263,-0.1633007824420929,0.7091507911682129
1749219663191787800,9.414787841796874,-0.20357069373130798,-0.05426696687936783,0.7263106107711792
1749219663201779000,9.424779052734374,-0.18424120545387268,0.06354675441980362,0.7575529217720032
1749219663211769900,9.434769775390626,-0.16616420447826385,0.08202242851257324,0.7636678218841553
1749219663221760800,9.4447607421875,-0.19933468103408813,0.05084480345249176,0.7854822874069214
1749219663231751700,9.454751708984375,-0.20269158482551575,-0.04483618214726448,0.7966260313987732
1749219663241742800,9.464742919921875,-0.18854887783527374,-0.13334926962852478,0.7992865443229675
1749219663251732700,9.474732666015624,-0.21434637904167175,-0.1863914430141449,0.8025198578834534
1749219663261723600,9.4847236328125,-0.22468796372413635,-0.20588286221027374,0.8336748480796814
1749219663271714600,9.494714599609376,-0.22066153585910797,-0.23000577092170715,0.8714182376861572
1749219663281706000,9.5047060546875,-0.2493261992931366,-0.2501552402973175,0.923729419708252
1749219663291697000,9.51469677734375,-0.29123398661613464,-0.24070023000240326,0.9882383346557617
1749219663301687800,9.524687744140625,-0.3220376968383789,-0.2153639793395996,1.0588219165802002
1749219663311679000,9.534678955078125,-0.34991034865379333,-0.2365981638431549,1.1354999542236328
1749219663321668900,9.5446689453125,-0.3864486515522003,-0.2608478367328644,1.2362008094787598
1749219663331659800,9.55465966796875,-0.41437801718711853,-0.27182886004447937,1.3495925664901733
1749219663341650700,9.564650634765625,-0.43759864568710327,-0.30882975459098816,1.4508360624313354
1749219663351641600,9.5746416015625,-0.47294917702674866,-0.32271066308021545,1.5791306495666504
1749219663361632800,9.5846328125,-0.5051339864730835,-0.28480562567710876,1.6951062679290771
1749219663371623700,9.594623779296874,-0.5515835285186768,-0.2677195966243744,1.8139594793319702
1749219663381613800,9.60461376953125,-0.5739628672599792,-0.23799099028110504,1.926527500152588
1749219663391604700,9.614604736328126,-0.49396923184394836,-0.2970420718193054,2.0321922302246094
1749219663401596000,9.624595947265625,-0.3519023656845093,-0.457116961479187,2.1233267784118652
1749219663411586800,9.6345869140625,-0.261994332075119,-0.6211469173431396,2.203411817550659
1749219663421577700,9.64457763671875,-0.2259971797466278,-0.8113770484924316,2.3557558059692383
1749219663431569000,9.65456884765625,-0.2019570916891098,-0.9249770641326904,2.520397186279297
1749219663441558800,9.664558837890626,-0.09291423112154007,-1.1454458236694336,2.453949451446533
1749219663451549700,9.6745498046875,-0.14079706370830536,-1.3341633081436157,2.5893197059631348
1749219663461540600,9.68454052734375,-0.29568278789520264,-1.2101802825927734,2.7596547603607178
1749219663471531800,9.69453173828125,-0.26465803384780884,-1.1199474334716797,2.66129207611084
1749219663481522700,9.704522705078125,0.15607374906539917,-1.59097158908844,2.5119926929473877
1749219663491513900,9.714513916015624,0.17973273992538452,-1.9600846767425537,2.393125534057617
1749219663501504800,9.7245048828125,-0.2877838611602783,-1.978430986404419,2.4029362201690674
1749219663511495000,9.734494873046875,-0.47967952489852905,-2.1979713439941406,2.1999731063842773
1749219663521485800,9.74448583984375,-0.3262676000595093,-2.232508420944214,2.3101396560668945
1749219663531476700,9.754476806640625,-0.14183489978313446,-2.2523860931396484,1.9034514427185059
1749219663541467600,9.764467529296875,0.02780180424451828,-2.0338995456695557,1.3702272176742554
1749219663551458800,9.774458740234374,0.26615285873413086,-1.313888669013977,1.24612557888031
1749219663561449700,9.78444970703125,0.2929801940917969,-0.7579904794692993,0.8661859631538391
1749219663571439600,9.794439697265625,0.2199571281671524,-0.5286800861358643,0.15322177112102509
1749219663581430800,9.8044306640625,0.310155987739563,-0.5858429670333862,-0.14000797271728516
1749219663591422000,9.814421875,0.48927542567253113,-0.7120627164840698,-0.46634718775749207
1749219663601412900,9.824412841796875,0.6071802377700806,-0.5500170588493347,-0.9636722803115845
1749219663611404500,9.834404541015624,0.6580540537834167,-0.1972680687904358,-1.4283132553100586
1749219663621395500,9.8443955078125,0.6919659376144409,0.17800435423851013,-1.8265143632888794
1749219663631385300,9.85438525390625,0.7260591983795166,0.49544355273246765,-2.187037229537964
1749219663641376300,9.864376220703125,0.7437868118286133,0.7705147862434387,-2.58021879196167
1749219663651367400,9.874367431640625,0.7871915102005005,0.9889446496963501,-2.9417967796325684
1749219663661358300,9.8843583984375,0.8695396780967712,1.2179906368255615,-3.3120317459106445
1749219663671349200,9.894349365234374,0.9231602549552917,1.4679628610610962,-3.6600825786590576
1749219663681340200,9.904340087890626,0.9391562938690186,1.5640127658843994,-3.8979268074035645
1749219663691331300,9.914331298828126,0.9266018867492676,1.357476830482483,-4.0203070640563965
1749219663701321500,9.924321533203125,0.9025015830993652,0.8841603994369507,-4.210366249084473
1749219663711312400,9.9343125,0.8858864307403564,0.5121453404426575,-4.422369003295898
1749219663721303300,9.94430322265625,1.0221086740493774,0.2511235773563385,-4.604564666748047
1749219663731294500,9.95429443359375,1.1636927127838135,-0.08688882738351822,-4.792471408843994
1749219663741285400,9.964285400390626,1.20685613155365,-0.43862369656562805,-4.9260711669921875
1749219663751276300,9.9742763671875,1.2701475620269775,-0.7683760523796082,-5.054124355316162
1749219663761266200,9.98426611328125,1.4225364923477173,-1.03572416305542,-5.15532922744751
1749219663771257300,9.99425732421875,1.5774697065353394,-1.117976427078247,-5.228115081787109
1749219663781248300,10.004248291015625,1.6610015630722046,-0.9382915496826172,-5.238280296325684
1749219663791239200,10.0142392578125,1.672606348991394,-0.5109913945198059,-5.233767509460449
1749219663801230300,10.024230224609376,1.6662077903747559,0.03177577257156372,-5.237776756286621
1749219663811221200,10.03422119140625,1.6805577278137207,0.564193069934845,-5.233190536499023
1749219663821211400,10.04421142578125,1.696980357170105,1.020039677619934,-5.202536106109619
1749219663831202300,10.054202392578125,1.6557180881500244,1.3699276447296143,-5.166024208068848
1749219663841193200,10.064193115234374,1.5368162393569946,1.590519666671753,-5.014768600463867
1749219663851184400,10.074184326171874,1.3406256437301636,1.7739366292953491,-4.776090621948242
1749219663861175300,10.08417529296875,1.1066677570343018,2.006967067718506,-4.589932441711426
1749219663871166200,10.094166259765625,0.9363197684288025,2.231797695159912,-4.433259963989258
1749219663881157400,10.104157470703125,0.6770493388175964,2.6102116107940674,-3.9519150257110596
1749219663891147300,10.114147216796875,0.17727011442184448,3.2327253818511963,-3.5831637382507324
1749219663901138400,10.124138427734374,-0.10192210227251053,3.5807945728302,-3.008424997329712
1749219663911129300,10.13412939453125,0.03165300190448761,3.5758683681488037,-2.4060730934143066
1749219663921120500,10.14412060546875,0.22099442780017853,3.1830084323883057,-1.8420920372009277
1749219663931111400,10.154111328125,0.14102450013160706,2.421066999435425,-1.0279676914215088
1749219663941102300,10.164102294921875,-0.09378428012132645,1.452059030532837,-0.13976429402828217
1749219663951092200,10.17409228515625,-0.32004112005233765,0.6681109666824341,0.7219582200050354
1749219663961083400,10.18408349609375,-0.5837361216545105,0.03498062118887901,1.540084719657898
1749219663971074300,10.19407421875,-0.7775924205780029,-0.4951391816139221,2.378244161605835
1749219663981065200,10.204065185546876,-0.5236943960189819,-1.552915334701538,2.458453893661499
1749219663991056100,10.21405615234375,-0.17779876291751862,-3.011397361755371,2.2082936763763428
1749219664001047300,10.22404736328125,-0.5216032862663269,-2.6205477714538574,2.8416481018066406
1749219664011038200,10.2340380859375,-0.7901103496551514,-0.6033865213394165,2.7089240550994873
1749219664021028400,10.2440283203125,-0.593403697013855,0.2105495184659958,2.7381367683410645
1749219664031019300,10.254019287109376,-0.1216617226600647,0.08693250268697739,2.388761520385742
1749219664041010400,10.264010498046876,-0.15526895225048065,1.0316872596740723,2.116544008255005
1749219664051001300,10.27400146484375,-0.27991339564323425,1.9125264883041382,1.8429570198059082
1749219664060992300,10.2839921875,-0.2950657308101654,2.1568973064422607,1.7718160152435303
1749219664070983400,10.2939833984375,-0.15329314768314362,1.6221904754638672,1.7590203285217285
1749219664080974300,10.303974365234374,0.41377079486846924,0.6255823969841003,1.6202040910720825
1749219664090964200,10.313964111328126,0.3163795471191406,0.07591073960065842,1.563373327255249
1749219664100955100,10.323955078125,-0.08936662971973419,-0.31832125782966614,1.4668105840682983
1749219664110946300,10.3339462890625,0.01369557250291109,-0.5698586702346802,1.3276050090789795
1749219664120937500,10.3439375,0.0800066813826561,-0.5368781089782715,1.2475788593292236
1749219664130928400,10.353928466796875,0.006116481963545084,-0.224710613489151,1.1288790702819824
1749219664140919300,10.363919189453124,-0.01702052913606167,0.0978970006108284,1.0785421133041382
1749219664150909400,10.373909423828126,0.055378835648298264,0.22296996414661407,1.033195972442627
1749219664160900400,10.383900390625,0.10729396343231201,0.30123788118362427,1.0177764892578125
1749219664170891300,10.393891357421875,0.1396726816892624,0.40532034635543823,0.9876236915588379
1749219664180882200,10.403882080078125,0.16685450077056885,0.5450979471206665,0.9697182178497314
1749219664190873300,10.413873291015625,0.20137278735637665,0.5767000913619995,0.9456043243408203
1749219664200864300,10.4238642578125,0.21828599274158478,0.35838237404823303,0.9356571435928345
1749219664210855200,10.433855224609376,0.20374727249145508,0.00395692465826869,0.9256298542022705
1749219664220845300,10.44384521484375,0.17025482654571533,-0.21944500505924225,0.9119377136230469
1749219664230836500,10.45383642578125,0.16508269309997559,-0.3492024540901184,0.9045117497444153
1749219664240827400,10.463827392578125,0.13328535854816437,-0.29886314272880554,0.8951853513717651
1749219664250818300,10.473818359375,0.07035805284976959,-0.05806117132306099,0.862613320350647
1749219664260809500,10.4838095703125,0.047030624002218246,0.23178556561470032,0.8490743637084961
1749219664270800400,10.49380029296875,0.052080243825912476,0.43057429790496826,0.8332828879356384
1749219664280790300,10.503790283203125,0.047980841249227524,0.44456785917282104,0.8337166905403137
1749219664290781200,10.51378125,0.04182068258523941,0.3336120545864105,0.8338873982429504
1749219664300772400,10.5237724609375,0.05004745349287987,0.17707198858261108,0.8475403785705566
1749219664310763300,10.53376318359375,0.052377186715602875,0.02804814651608467,0.8583565354347229
1749219664320754200,10.543754150390624,0.046655118465423584,-0.06376966089010239,0.8579149842262268
1749219664330745300,10.553745361328126,0.03453587368130684,-0.03771062567830086,0.8418659567832947
1749219664340736500,10.563736572265626,0.013348029926419258,0.042578086256980896,0.8253898024559021
1749219664350726400,10.573726318359375,-0.003967044875025749,0.10095883905887604,0.8042756915092468
1749219664360717300,10.58371728515625,-0.02208905667066574,0.14435504376888275,0.7874322533607483
1749219664370708200,10.593708251953124,-0.03099200502038002,0.15269073843955994,0.7744371294975281
1749219664380699400,10.603699462890624,-0.03704936429858208,0.10584840178489685,0.7674891948699951
1749219664390690300,10.613690185546876,-0.03664616122841835,0.04404095932841301,0.7613431811332703
1749219664400681200,10.62368115234375,-0.036365997046232224,0.016692960634827614,0.7590286135673523
1749219664410671400,10.63367138671875,-0.05416736379265785,0.014481737278401852,0.771536648273468
1749219664420662500,10.64366259765625,-0.06813164800405502,0.016712401062250137,0.7815583944320679
1749219664430653400,10.6536533203125,-0.0720725953578949,0.029042836278676987,0.8018674254417419
1749219664440644400,10.663644287109374,-0.09407083690166473,0.017110809683799744,0.8390986919403076
1749219664450635300,10.67363525390625,-0.11476892977952957,-0.030786408111453056,0.8645625114440918
1749219664460626400,10.68362646484375,-0.12038100510835648,-0.06918386369943619,0.8958554267883301
1749219664470617300,10.693617431640625,-0.1193399727344513,-0.08360568434000015,0.9117052555084229
1749219664480607200,10.703607177734375,-0.13436473906040192,-0.08069697767496109,0.9126613140106201
1749219664490598100,10.71359814453125,-0.1418876349925995,-0.05181419476866722,0.915365993976593
1749219664500589300,10.72358935546875,-0.14120052754878998,-0.04881467670202255,0.907596230506897
1749219664510580200,10.733580322265626,-0.1293412148952484,-0.08771254122257233,0.9018283486366272
1749219664520571100,10.743571044921875,-0.1235634833574295,-0.11122745275497437,0.8919658660888672
1749219664530562300,10.753562255859375,-0.13222967088222504,-0.13997334241867065,0.8840981125831604
1749219664540553200,10.76355322265625,-0.14113394916057587,-0.16643664240837097,0.8781350255012512
1749219664550543400,10.77354345703125,-0.12227051705121994,-0.19206957519054413,0.8646240234375
1749219664560534300,10.7835341796875,-0.16360943019390106,-0.15910816192626953,0.8657084703445435
1749219664570525400,10.793525390625,-0.16666194796562195,-0.10667664557695389,0.8751775622367859
1749219664580516400,10.803516357421875,-0.1413251757621765,-0.10492881387472153,0.870751678943634
1749219664590507300,10.81350732421875,-0.13517352938652039,-0.1556124985218048,0.8763648271560669
1749219664600498200,10.823498291015625,-0.14605307579040527,-0.22527733445167542,0.8857258558273315
1749219664610488300,10.83348828125,-0.16043680906295776,-0.2684445083141327,0.8878933787345886
1749219664620478500,10.843478515625,-0.18727988004684448,-0.3034070134162903,0.9007463455200195
1749219664630469400,10.853469482421875,-0.22347676753997803,-0.30436068773269653,0.9269113540649414
1749219664640460500,10.86346044921875,-0.2617538571357727,-0.26508626341819763,0.9716665744781494
1749219664650451500,10.873451416015625,-0.29825299978256226,-0.20563066005706787,1.051277995109558
1749219664660442400,10.8834423828125,-0.3317811191082001,-0.13254818320274353,1.1438151597976685
1749219664670433300,10.893433349609374,-0.41797593235969543,-0.08425069600343704,1.2544047832489014
1749219664680424400,10.903424560546876,-0.5314798355102539,-0.0601046159863472,1.3697292804718018
1749219664690414300,10.913414306640625,-0.6025130152702332,-0.07490833103656769,1.5102519989013672
1749219664700405200,10.9234052734375,-0.6384649276733398,-0.11942066997289658,1.639062762260437
1749219664710396400,10.933396484375,-0.665666937828064,-0.16220994293689728,1.782090187072754
1749219664720387600,10.9433876953125,-0.6695082783699036,-0.22488583624362946,1.9334403276443481
1749219664730378500,10.95337841796875,-0.6701200604438782,-0.34586313366889954,2.0787808895111084
1749219664740369400,10.963369384765626,-0.7403124570846558,-0.44614657759666443,2.2027294635772705
1749219664750360600,10.973360595703125,-0.854388415813446,-0.5373092293739319,2.2707910537719727
1749219664760350500,10.9833505859375,-0.872395396232605,-0.6206142902374268,2.3529348373413086
1749219664770341400,10.99334130859375,-0.8270657062530518,-0.7125591039657593,2.547581672668457
1749219664780332300,11.003332275390624,-0.7634510397911072,-0.8118374943733215,2.6617355346679688
1749219664790323500,11.013323486328124,-0.6702007055282593,-1.115998387336731,2.8080949783325195
1749219664800314400,11.023314453125,-0.7342888712882996,-1.1381958723068237,3.061666965484619
1749219664810305300,11.03330517578125,-0.9800446033477783,-0.7913244962692261,3.0591747760772705
1749219664820295400,11.04329541015625,-0.8992807865142822,-0.5853574872016907,3.086423397064209
1749219664830286600,11.05328662109375,-0.6447555422782898,-0.5067220330238342,3.1815338134765625
1749219664840277500,11.063277587890624,-0.5039784908294678,-0.731265664100647,2.8362486362457275
1749219664850268400,11.073268310546876,-0.5522692799568176,-1.1763712167739868,2.5670344829559326
1749219664860259300,11.08325927734375,-0.7188279032707214,-1.620923638343811,2.3598201274871826
1749219664870250500,11.09325048828125,-0.9462397694587708,-1.5370911359786987,2.6693527698516846
1749219664880241400,11.103241455078125,-0.8917951583862305,-1.5084372758865356,2.003563642501831
1749219664890232300,11.113232421875,-0.4714948236942291,-1.2863163948059082,1.1982195377349854
1749219664900222200,11.12322216796875,0.0006854976527392864,-0.6067532896995544,1.1406755447387695
1749219664910213400,11.13321337890625,0.053636595606803894,0.051112983375787735,0.7078863382339478
1749219664920204300,11.143204345703126,-0.07792249321937561,0.4462251663208008,-0.015732357278466225
1749219664930195500,11.153195556640625,-0.005813946947455406,0.3514041006565094,-0.36238405108451843
1749219664940186600,11.1631865234375,0.19040696322917938,0.058406051248311996,-0.6979716420173645
1749219664950177500,11.173177490234375,0.3831612467765808,0.02966788038611412,-1.1859087944030762
1749219664960168400,11.18316845703125,0.5230429768562317,0.09522425383329391,-1.5887279510498047
1749219664970158300,11.193158447265626,0.5908827185630798,0.20745651423931122,-1.922485113143921
1749219664980149500,11.2031494140625,0.6662315726280212,0.33623021841049194,-2.278775215148926
1749219664990140400,11.213140380859375,0.7711864709854126,0.5712882876396179,-2.669257640838623
1749219665000131300,11.22313134765625,0.8923065066337585,0.8332391977310181,-3.0988597869873047
1749219665010122200,11.233122314453125,0.9847075343132019,1.0493139028549194,-3.452495574951172
1749219665020113400,11.243113525390624,1.016821265220642,1.2238900661468506,-3.7901315689086914
1749219665030104300,11.253104248046874,1.0356359481811523,1.310479760169983,-3.9971795082092285
1749219665040094500,11.263094482421875,1.0129847526550293,1.113358736038208,-4.116440296173096
1749219665050085400,11.27308544921875,0.9509852528572083,0.7164177298545837,-4.232335567474365
1749219665060076500,11.28307666015625,0.8559026718139648,0.5160723924636841,-4.456508159637451
1749219665070067500,11.2930673828125,0.8827702403068542,0.5227899551391602,-4.63668155670166
1749219665080058400,11.303058349609374,0.9552082419395447,0.4080066680908203,-4.785557746887207
1749219665090049500,11.313049560546874,0.9416862726211548,0.26116713881492615,-4.910765171051025
1749219665100040400,11.32304052734375,0.9692763686180115,0.13016891479492188,-5.007974147796631
1749219665110030300,11.3330302734375,1.0726211071014404,0.03322586417198181,-5.072299003601074
1749219665120021200,11.343021240234375,1.1755930185317993,-0.01179460808634758,-5.1200056076049805
1749219665130012400,11.353012451171875,1.2659826278686523,0.00626029260456562,-5.130889892578125
1749219665140003300,11.36300341796875,1.3354583978652954,0.12809590995311737,-5.109100818634033
1749219665149994500,11.372994384765626,1.3975718021392822,0.3514528274536133,-5.091933250427246
1749219665159985400,11.3829853515625,1.4728063344955444,0.5753511786460876,-5.09441614151001
1749219665169976600,11.3929765625,1.580583930015564,0.6463550329208374,-5.130735397338867
1749219665179966500,11.402966552734375,1.6934365034103394,0.4386199712753296,-5.105691909790039
1749219665189957400,11.412957275390625,1.6684744358062744,0.19100484251976013,-4.918704986572266
1749219665199948300,11.4229482421875,1.5644614696502686,-0.11793329566717148,-4.599889755249023
1749219665209939500,11.432939453125,1.5139141082763672,-0.40159085392951965,-4.132595539093018
1749219665219930400,11.442930419921876,1.542029619216919,-0.5915994048118591,-3.849940061569214
1749219665229921300,11.45292138671875,1.6131744384765625,-0.6746618151664734,-3.4771804809570312
1749219665239912400,11.462912353515625,1.3463975191116333,-0.21037507057189941,-3.2807986736297607
1749219665249902600,11.472902587890625,1.0520697832107544,0.4000912010669708,-3.17829966545105
1749219665259893500,11.4828935546875,1.02481210231781,0.8140029311180115,-3.0991175174713135
1749219665269884400,11.492884521484376,1.0282001495361328,0.9756469130516052,-2.915647268295288
1749219665279875300,11.502875244140625,0.9988390803337097,1.0173081159591675,-2.5575385093688965
1749219665289866500,11.512866455078125,0.9300554990768433,1.0464718341827393,-2.083026170730591
1749219665299857400,11.522857421875,0.7719454765319824,1.0359216928482056,-1.5385140180587769
1749219665309848300,11.532848388671875,0.5243854522705078,0.8996994495391846,-0.9509865641593933
1749219665319838200,11.542838134765624,0.2814119756221771,0.6744862794876099,-0.3464775085449219
1749219665329829400,11.552829345703126,0.08704967796802521,0.47843074798583984,0.2932896614074707
1749219665339820300,11.5628203125,-0.1129225566983223,0.3542073369026184,0.8092774152755737
1749219665349811200,11.572811279296875,-0.1487540602684021,0.044685445725917816,1.1009443998336792
1749219665359802400,11.58280224609375,-0.20930741727352142,0.17793510854244232,1.6989198923110962
1749219665369793500,11.59279345703125,-0.40294507145881653,0.48718297481536865,1.945029616355896
1749219665379784400,11.602784423828124,-0.42776066064834595,0.0454375222325325,1.2687290906906128
1749219665389774300,11.6127744140625,-0.9442983269691467,0.31816092133522034,1.6228944063186646
1749219665399765500,11.622765625,-1.0631769895553589,1.0864845514297485,2.015331268310547
1749219665409756400,11.63275634765625,-0.5549806356430054,1.8642401695251465,2.35262131690979
1749219665419747300,11.642747314453125,-0.40165582299232483,1.3497579097747803,2.3277533054351807
1749219665429738200,11.65273828125,-0.44657668471336365,1.3308076858520508,2.8323564529418945
1749219665439729400,11.6627294921875,-0.4321141242980957,1.885206699371338,2.865569591522217
1749219665449720300,11.67272021484375,-0.412436306476593,1.8687129020690918,2.553318977355957
1749219665459710500,11.68271044921875,-0.08692717552185059,0.9593744874000549,2.6316750049591064
1749219665469701400,11.692701416015625,-0.07877923548221588,0.4971240162849426,2.4141526222229004
1749219665479692500,11.702692626953125,-0.1603691726922989,-0.06489963829517365,2.2882161140441895
1749219665489683500,11.712683349609375,-0.13264858722686768,-0.4787607192993164,2.1675243377685547
1749219665499674400,11.72267431640625,-0.1100093275308609,-0.46186697483062744,2.0237410068511963
1749219665509665500,11.73266552734375,-0.14603310823440552,-0.11871972680091858,1.8717012405395508
1749219665519656400,11.742656494140626,-0.1594916582107544,0.28549593687057495,1.7565858364105225
1749219665529646300,11.752646240234375,-0.042567700147628784,0.3915179669857025,1.6389833688735962
1749219665539637200,11.76263720703125,0.1291166990995407,0.3509364426136017,1.5067009925842285
1749219665549628400,11.77262841796875,0.17529486119747162,0.38207387924194336,1.4050475358963013
1749219665559619300,11.782619384765624,0.132792666554451,0.16306987404823303,1.369282603263855
1749219665569610200,11.7926103515625,0.13301104307174683,-0.30913493037223816,1.3051750659942627
1749219665579601400,11.802601318359375,0.12475178390741348,-0.36167246103286743,1.218645453453064
1749219665589592600,11.812592529296875,0.09508470445871353,-0.2554836869239807,1.1443994045257568
1749219665599582500,11.82258251953125,0.08999060839414597,-0.1947961151599884,1.067496418952942
1749219665609574100,11.83257421875,0.08637696504592896,-0.12429451942443848,1.020554780960083
1749219665619565300,11.8425654296875,0.0808652862906456,-0.079276442527771,0.9977927207946777
1749219665629556200,11.85255615234375,0.055028099566698074,-0.09995322674512863,1.0083612203598022
1749219665639547100,11.862547119140626,0.01338877622038126,-0.17244607210159302,1.0262073278427124
1749219665649538000,11.8725380859375,-0.013905162923038006,-0.21153753995895386,1.0536389350891113
1749219665659529200,11.882529296875,-0.0453304648399353,-0.2330007553100586,1.072281002998352
1749219665669519000,11.89251904296875,-0.07618158310651779,-0.2170199304819107,1.0793421268463135
1749219665679510000,11.902510009765624,-0.09320610761642456,-0.22770719230175018,1.0852760076522827
1749219665689501000,11.9125009765625,-0.11351031810045242,-0.20387589931488037,1.0818032026290894
1749219665699492000,11.9224921875,-0.13247574865818024,-0.17660300433635712,1.0735551118850708
1749219665709483300,11.932483154296875,-0.14639556407928467,-0.12118155509233475,1.056206464767456
1749219665719474200,11.94247412109375,-0.15178632736206055,-0.07600075751543045,1.0314006805419922
1749219665729465300,11.95246533203125,-0.13590803742408752,-0.07724898308515549,0.9951156973838806
1749219665739455200,11.962455322265624,-0.1274319887161255,-0.10047706961631775,0.9664345383644104
1749219665749446100,11.972446044921876,-0.12494486570358276,-0.12756355106830597,0.9258303642272949
1749219665759437000,11.98243701171875,-0.10359030961990356,-0.16552744805812836,0.8921030163764954
1749219665769428200,11.99242822265625,-0.10700314491987228,-0.15618987381458282,0.8500546216964722
1749219665779419100,12.002419189453125,-0.11330578476190567,-0.11032038182020187,0.8276790380477905
1749219665789410000,12.01241015625,-0.08886834979057312,-0.11984464526176453,0.7970550656318665
1749219665799401000,12.02240087890625,-0.07970521599054337,-0.1758916676044464,0.7794286608695984
1749219665809391400,12.032391357421876,-0.07287580519914627,-0.22194331884384155,0.7553233504295349
1749219665819382300,12.04238232421875,-0.07081717997789383,-0.2323397696018219,0.7365099787712097
1749219665829373200,12.052373291015625,-0.06765920668840408,-0.2145325392484665,0.7045339345932007
1749219665839364000,12.062364013671875,-0.05626167356967926,-0.19105863571166992,0.681571364402771
1749219665849355300,12.072355224609375,-0.048101749271154404,-0.18266542255878448,0.6522222757339478
1749219665859346200,12.08234619140625,-0.03341494873166084,-0.18820346891880035,0.6201567649841309
1749219665869337000,12.092337158203126,-0.019939886406064034,-0.2088477611541748,0.5906992554664612
1749219665879327000,12.102326904296875,-0.019830962643027306,-0.23198530077934265,0.5650050640106201
1749219665889318100,12.112318115234375,-0.01750841923058033,-0.2434328943490982,0.5502666234970093
1749219665899309000,12.12230908203125,-0.0035412053111940622,-0.2597444951534271,0.5374051332473755
1749219665909300000,12.132300048828125,0.013875601813197136,-0.2687363922595978,0.539679229259491
1749219665919291100,12.142291015625,0.02329307235777378,-0.28285565972328186,0.5404190421104431
1749219665929282300,12.1522822265625,0.019470371305942535,-0.2979704439640045,0.5595362782478333
1749219665939273200,12.162273193359376,0.003168362658470869,-0.32524147629737854,0.597739577293396
1749219665949263000,12.17226318359375,-0.03807175159454346,-0.35366910696029663,0.6562289595603943
1749219665959254300,12.182254150390625,-0.10914965718984604,-0.31936389207839966,0.743812084197998
1749219665969245200,12.1922451171875,-0.18546360731124878,-0.22362670302391052,0.8655872941017151
1749219665979236000,12.202236083984374,-0.2636966109275818,-0.12502077221870422,1.0094592571258545
1749219665989227000,12.21222705078125,-0.3479020595550537,-0.005788114387542009,1.1556808948516846
1749219665999218200,12.22221826171875,-0.42257654666900635,0.07100813090801239,1.300685167312622
1749219666009209000,12.232208984375,-0.489773690700531,0.08631118386983871,1.448630452156067
1749219666019200000,12.242199951171875,-0.5554155707359314,0.05215108394622803,1.590063452720642
1749219666029190100,12.252190185546874,-0.6126956343650818,-0.00977646466344595,1.6927917003631592
1749219666039181300,12.262181396484374,-0.6352850794792175,-0.07389979064464569,1.8164926767349243
1749219666049172200,12.272172119140626,-0.6269568800926208,-0.17039597034454346,1.9307500123977661
1749219666059163100,12.2821630859375,-0.6299619674682617,-0.28501230478286743,2.065877914428711
1749219666069154300,12.292154296875,-0.6455228328704834,-0.3876052498817444,2.21567440032959
1749219666079145200,12.302145263671875,-0.6629595756530762,-0.4685608148574829,2.3399157524108887
1749219666089136000,12.31213623046875,-0.7416706681251526,-0.5156769156455994,2.4158666133880615
1749219666099126000,12.3221259765625,-0.8160085082054138,-0.5694354772567749,2.468761682510376
1749219666109117000,12.332116943359376,-0.7144025564193726,-0.5815065503120422,2.577824831008911
1749219666119108000,12.342108154296875,-0.5347169637680054,-0.674839437007904,2.695420742034912
1749219666129099000,12.35209912109375,-0.4633636474609375,-0.9952773451805115,2.7829456329345703
1749219666139090200,12.362090087890625,-0.448300302028656,-1.3821231126785278,2.9316906929016113
1749219666149081300,12.372081298828125,-0.4483080208301544,-1.3108153343200684,3.077260732650757
1749219666159072300,12.382072265625,-0.48399996757507324,-0.9660806059837341,2.974807024002075
1749219666169062100,12.392062255859376,-0.41721054911613464,-0.8727426528930664,3.0272903442382812
1749219666179053000,12.402052978515625,-0.2563271224498749,-0.9210292100906372,3.05380916595459
1749219666189044200,12.412044189453125,0.010734936222434044,-1.2201423645019531,2.7352612018585205
1749219666199035100,12.42203515625,0.09262740612030029,-1.716619610786438,2.447108745574951
1749219666209026000,12.432026123046874,-0.18786737322807312,-2.142613649368286,2.3122358322143555
1749219666219017000,12.442016845703124,-0.48451343178749084,-2.250190258026123,2.4160776138305664
1749219666229008100,12.452008056640626,-0.35590511560440063,-2.3596677780151367,2.0159740447998047
1749219666238998300,12.461998291015625,0.19404830038547516,-2.382795810699463,1.140648365020752
1749219666248989200,12.4719892578125,0.6449907422065735,-1.676217794418335,1.0461472272872925
1749219666258980000,12.48197998046875,0.6401677131652832,-0.8823941946029663,0.744333028793335
1749219666268971300,12.49197119140625,0.442292720079422,-0.3902553617954254,0.09962992370128632
1749219666278962200,12.501962158203124,0.4559614062309265,-0.33818817138671875,-0.2634660005569458
1749219666288953000,12.511953125,0.6791148781776428,-0.5538970232009888,-0.6102820038795471
1749219666298944300,12.5219443359375,0.9276418685913086,-0.5919469594955444,-1.0330045223236084
1749219666308934100,12.53193408203125,1.1219124794006348,-0.52511066198349,-1.4791196584701538
1749219666318925000,12.541925048828125,1.2084088325500488,-0.4145175516605377,-1.8689249753952026
1749219666328916000,12.551916015625,1.2064361572265625,-0.20194830000400543,-2.1907994747161865
1749219666338907100,12.5619072265625,1.2189301252365112,0.11772982776165009,-2.560438871383667
1749219666348898000,12.57189794921875,1.2666316032409668,0.5604063272476196,-2.905989408493042
1749219666358889200,12.58188916015625,1.3044754266738892,1.0243595838546753,-3.3042402267456055
1749219666368880000,12.591880126953125,1.2844737768173218,1.4375194311141968,-3.6477386951446533
1749219666378870300,12.601870361328125,1.2223331928253174,1.7462642192840576,-3.955097198486328
1749219666388861200,12.611861083984374,1.145703911781311,1.8755165338516235,-4.176870346069336
1749219666398852000,12.62185205078125,1.0640671253204346,1.714560627937317,-4.347563743591309
1749219666408843000,12.631843017578126,0.9496195912361145,1.3989659547805786,-4.589216709136963
1749219666418834200,12.641834228515625,0.8103082776069641,1.0697113275527954,-4.827652454376221
1749219666428825000,12.6518251953125,0.8429168462753296,0.6866143345832825,-4.956404685974121
1749219666438816000,12.66181591796875,0.9789655208587646,0.23643730580806732,-5.085395336151123
1749219666448806100,12.67180615234375,1.0816646814346313,-0.19446241855621338,-5.212780952453613
1749219666458797300,12.68179736328125,1.1780298948287964,-0.531466007232666,-5.284708499908447
1749219666468788200,12.691788330078126,1.3153754472732544,-0.6641154289245605,-5.32883882522583
1749219666478779100,12.701779052734375,1.4705392122268677,-0.6552382707595825,-5.356634140014648
1749219666488770300,12.711770263671875,1.5895640850067139,-0.5797749757766724,-5.313372611999512
1749219666498761200,12.72176123046875,1.6258563995361328,-0.4539792239665985,-5.2238874435424805
1749219666508752100,12.731752197265624,1.6514666080474854,-0.307499498128891,-5.091732978820801
1749219666518742000,12.741741943359376,1.6983343362808228,-0.22370819747447968,-4.898510932922363
1749219666528733200,12.751733154296875,1.723637580871582,-0.21437300741672516,-4.630197525024414
1749219666538724000,12.76172412109375,1.7026286125183105,-0.224042147397995,-4.343115329742432
1749219666548715000,12.771715087890625,1.5942130088806152,-0.14182531833648682,-4.027866840362549
1749219666558706000,12.781705810546875,1.4214832782745361,0.09501279890537262,-3.7501277923583984
1749219666568697000,12.791697021484374,1.221393346786499,0.4647889733314514,-3.4778358936309814
1749219666578688300,12.801688232421874,1.0408285856246948,0.9086964130401611,-3.109764814376831
1749219666588678100,12.81167822265625,0.8847013115882874,1.3602334260940552,-2.7594335079193115
1749219666598669000,12.8216689453125,0.7092413306236267,1.5885052680969238,-2.403265953063965
1749219666608660200,12.83166015625,0.49099236726760864,1.5327717065811157,-1.9560606479644775
1749219666618650600,12.841650634765625,0.24763455986976624,1.3711508512496948,-1.4789031744003296
1749219666628641800,12.851641845703124,0.022937273606657982,1.2442134618759155,-1.037360668182373
1749219666638632700,12.8616328125,-0.17963473498821259,1.184552788734436,-0.6195647120475769
1749219666648623600,12.87162353515625,-0.4183708727359772,1.1873338222503662,-0.20817264914512634
1749219666658613800,12.88161376953125,-0.6363703012466431,1.2499597072601318,0.2006596028804779
1749219666668605000,12.89160498046875,-0.7601548433303833,1.3027241230010986,0.5864096879959106
1749219666678595800,12.901595947265625,-0.8580782413482666,1.3081742525100708,0.9380819797515869
1749219666688586800,12.911586669921874,-0.8931360840797424,1.249287486076355,1.253527045249939
1749219666698578000,12.921577880859376,-0.8695159554481506,1.0954748392105103,1.4314714670181274
1749219666708568800,12.93156884765625,-0.5862514972686768,0.6562854647636414,1.5824707746505737
1749219666718559700,12.941559814453125,0.07078948616981506,-0.5477461814880371,0.9178664684295654
1749219666728549600,12.951549560546875,0.1804099828004837,-1.0817155838012695,0.9733654260635376
1749219666738540800,12.961540771484374,-0.38360652327537537,-0.32950013875961304,1.1568257808685303
1749219666748531700,12.97153173828125,-0.6593171954154968,0.7024034261703491,1.3828080892562866
1749219666758522600,12.981522705078126,-0.4414924383163452,1.0381637811660767,1.5008091926574707
1749219666768513800,12.991513671875,-0.06927281618118286,0.7745859622955322,1.6121623516082764
1749219666778505000,13.0015048828125,-0.02334314025938511,0.6515010595321655,1.6224792003631592
1749219666788496000,13.011495849609375,-0.145193412899971,0.912517786026001,1.7157087326049805
1749219666798485800,13.02148583984375,-0.127338245511055,1.1051337718963623,1.6138393878936768
1749219666808476700,13.0314765625,-0.06517501175403595,0.7919732332229614,1.4956501722335815
1749219666818467800,13.0414677734375,-0.04278022050857544,0.11423496156930923,1.4345375299453735
1749219666828458800,13.051458740234375,0.017907094210386276,-0.7135013341903687,1.4187966585159302
1749219666838449700,13.06144970703125,0.14323171973228455,-1.2718790769577026,1.3924214839935303
1749219666848440800,13.07144091796875,0.12213815748691559,-1.3016761541366577,1.421107530593872
1749219666858431700,13.081431640625,-0.06135816499590874,-0.812244713306427,1.3826946020126343
1749219666868422700,13.091422607421874,-0.13856667280197144,-0.31390121579170227,1.2713680267333984
1749219666878412800,13.101412841796876,0.025177525356411934,0.030734477564692497,1.23395836353302
1749219666888403700,13.11140380859375,0.0006415555253624916,0.41808485984802246,1.1487149000167847
1749219666898395000,13.121394775390625,-0.03545945882797241,0.596246063709259,1.0947834253311157
1749219666908385800,13.1313857421875,0.044370926916599274,0.6488456130027771,1.0445154905319214
1749219666918376700,13.141376708984374,0.11970722675323486,0.5802889466285706,1.0200681686401367
1749219666928367900,13.151367919921874,0.11224504560232162,0.41830217838287354,1.0273844003677368
1749219666938358800,13.16135888671875,0.10824018716812134,0.21598130464553833,1.0139628648757935
1749219666948348700,13.1713486328125,0.14223437011241913,0.03238989785313606,0.9991884827613831
1749219666958339600,13.181339599609375,0.1652507483959198,-0.173941969871521,0.9759822487831116
1749219666968330800,13.191330810546875,0.16017688810825348,-0.32415756583213806,0.9610064625740051
1749219666978321700,13.20132177734375,0.14024072885513306,-0.32393360137939453,0.9240516424179077
1749219666988312800,13.211312744140624,0.14318938553333282,-0.24648115038871765,0.8878230452537537
1749219666998304000,13.221303955078126,0.1331963986158371,-0.10064618289470673,0.8587120771408081
1749219667008295000,13.231294921875,0.10685721039772034,0.09010672569274902,0.8266419768333435
1749219667018284800,13.241284912109375,0.10329096764326096,0.14101837575435638,0.8038696050643921
1749219667028275700,13.251275634765625,0.11180083453655243,0.03995487466454506,0.816511869430542
1749219667038266600,13.2612666015625,0.09977000206708908,-0.14763392508029938,0.8249279856681824
1749219667048257800,13.2712578125,0.09427270293235779,-0.3486027121543884,0.8474860191345215
1749219667058248700,13.281248779296876,0.09222792834043503,-0.4191743731498718,0.8540493845939636
1749219667068239600,13.291239501953125,0.06807652115821838,-0.37071922421455383,0.8504783511161804
1749219667078230800,13.301230712890625,0.041975680738687515,-0.2726379334926605,0.8357694745063782
1749219667088221000,13.311220947265625,0.030003705993294716,-0.16645342111587524,0.8221279382705688
1749219667098211800,13.3212119140625,0.021867748349905014,-0.13327470421791077,0.8034685254096985
1749219667108202800,13.33120263671875,0.00392736354842782,-0.1945958435535431,0.7916563153266907
1749219667118194000,13.34119384765625,-0.019349996000528336,-0.26127979159355164,0.7906019687652588
1749219667128184800,13.351184814453125,-0.018859442323446274,-0.2891939878463745,0.7908376455307007
1749219667138175700,13.36117578125,-0.034086063504219055,-0.31817662715911865,0.7992351651191711
1749219667148166700,13.371166748046875,-0.04952787235379219,-0.321508526802063,0.7946302890777588
1749219667158156800,13.38115673828125,-0.05254017189145088,-0.2907727062702179,0.8004303574562073
1749219667168147700,13.391147705078126,-0.06568074226379395,-0.2758622169494629,0.8066600561141968
1749219667178138600,13.401138671875,-0.08281232416629791,-0.238013356924057,0.8107448220252991
1749219667188129500,13.411129638671875,-0.11023169755935669,-0.10477461665868759,0.8182352185249329
1749219667198121000,13.421120849609375,-0.12852947413921356,-0.01890444941818714,0.8170000314712524
1749219667208111900,13.43111181640625,-0.1420609951019287,-0.025539182126522064,0.8096158504486084
1749219667218102800,13.441102783203124,-0.1316903829574585,-0.02822071872651577,0.7814958095550537
1749219667228092700,13.4510927734375,-0.13857412338256836,-0.05313272774219513,0.7661605477333069
1749219667238083800,13.461083740234375,-0.13648779690265656,-0.07184143364429474,0.7437170147895813
1749219667248074800,13.47107470703125,-0.12966158986091614,-0.08349861949682236,0.7206700444221497
1749219667258065700,13.481065673828125,-0.11758521944284439,-0.0980975404381752,0.7014710307121277
1749219667268056800,13.491056884765625,-0.09178104996681213,-0.13432371616363525,0.6715543866157532
1749219667278047700,13.5010478515625,-0.07263665646314621,-0.2146443873643875,0.6456602215766907
1749219667288038700,13.51103857421875,-0.06270413100719452,-0.30025357007980347,0.626809298992157
1749219667298028800,13.52102880859375,-0.0503515861928463,-0.35873204469680786,0.6120418310165405
1749219667308020000,13.53102001953125,-0.027452928945422173,-0.4027772843837738,0.5937547087669373
1749219667318011000,13.541010986328125,-0.03117016889154911,-0.43207019567489624,0.5966159701347351
1749219667328001800,13.551001708984375,-0.02965536341071129,-0.41132521629333496,0.5954697728157043
1749219667337992700,13.56099267578125,-0.03255314752459526,-0.3405897915363312,0.6051151752471924
1749219667347984000,13.57098388671875,-0.05746249482035637,-0.2792963683605194,0.608953058719635
1749219667357974800,13.580974853515626,-0.08868086338043213,-0.2069196254014969,0.6237959265708923
1749219667367964700,13.590964599609375,-0.11693461239337921,-0.1271986961364746,0.656914472579956
1749219667377955600,13.60095556640625,-0.13242514431476593,-0.051310326904058456,0.6936530470848083
1749219667387946800,13.61094677734375,-0.16804519295692444,0.02496553771197796,0.7263574600219727
1749219667397937700,13.620937744140624,-0.19145146012306213,0.10598502308130264,0.742398202419281
1749219667407928800,13.6309287109375,-0.20144017040729523,0.13626596331596375,0.7524902820587158
1749219667417920000,13.640919921875,-0.2115178406238556,0.11498890072107315,0.7590988874435425
1749219667427911000,13.650910888671875,-0.2227475941181183,0.02834801748394966,0.7739478945732117
1749219667437900800,13.66090087890625,-0.23575180768966675,-0.07155567407608032,0.7870005965232849
1749219667447891700,13.6708916015625,-0.23776622116565704,-0.15331338346004486,0.8161464929580688
1749219667457883000,13.6808828125,-0.2603471577167511,-0.205528125166893,0.8520160913467407
1749219667467873800,13.690873779296876,-0.2823731005191803,-0.23666900396347046,0.8907576203346252
1749219667477864700,13.70086474609375,-0.3113296627998352,-0.29245316982269287,0.9385157823562622
1749219667487855600,13.710855712890625,-0.3765541911125183,-0.2880419194698334,1.006523609161377
1749219667497846800,13.7208466796875,-0.44335612654685974,-0.2379518449306488,1.1053398847579956
1749219667507837000,13.7308369140625,-0.47270336747169495,-0.22705179452896118,1.2388628721237183
1749219667517827800,13.740827880859374,-0.5175811052322388,-0.25181999802589417,1.377563238143921
1749219667527818800,13.75081884765625,-0.583327054977417,-0.29335251450538635,1.5274027585983276
1749219667537810000,13.760809814453125,-0.6450580954551697,-0.2771914005279541,1.667450189590454
1749219667547800800,13.77080078125,-0.6895430088043213,-0.25510871410369873,1.8246805667877197
1749219667557791700,13.780791748046875,-0.7399904727935791,-0.2222069650888443,1.9772799015045166
1749219667567783000,13.790782958984375,-0.7955346703529358,-0.20658913254737854,2.0859413146972656
1749219667577772800,13.800772705078124,-0.9155297875404358,-0.2567178010940552,2.1503734588623047
1749219667587763700,13.810763671875,-1.0154987573623657,-0.28779157996177673,2.234339475631714
1749219667597754600,13.820754638671875,-0.9178134799003601,-0.3437296748161316,2.346815586090088
1749219667607745800,13.830745849609375,-0.7597125172615051,-0.4317505955696106,2.40561580657959
1749219667617736400,13.840736328125,-0.7498776912689209,-0.5403649806976318,2.5011770725250244
1749219667627727400,13.850727294921874,-0.7682979702949524,-0.6900279521942139,2.765718698501587
1749219667637718300,13.86071826171875,-0.6128072142601013,-1.026315689086914,2.8240532875061035
1749219667647708400,13.87070849609375,-0.49425604939460754,-1.4311068058013916,2.755413770675659
1749219667657699300,13.88069921875,-0.6473910212516785,-1.4585062265396118,2.9625871181488037
1749219667667690200,13.890690185546875,-0.7399625182151794,-1.4250681400299072,2.961904287338257
1749219667677681200,13.90068115234375,-0.4248413145542145,-1.5002734661102295,2.856215715408325
1749219667687672300,13.91067236328125,-0.5033659338951111,-1.322048544883728,2.8410427570343018
1749219667697663200,13.920663330078124,-0.8336650133132935,-1.4394441843032837,2.625778913497925
1749219667707654100,13.930654052734376,-0.7995403409004211,-1.8946380615234375,2.2412233352661133
1749219667717644300,13.940644287109375,-0.6072920560836792,-2.0062623023986816,2.297924041748047
1749219667727635500,13.950635498046875,-0.2839196026325226,-2.199165105819702,1.434216856956482
1749219667737626400,13.96062646484375,-0.05350556969642639,-1.903294324874878,1.1765459775924683
1749219667747617300,13.9706171875,0.1026904284954071,-1.318081259727478,0.8503805994987488
1749219667757608400,13.9806083984375,0.20778807997703552,-0.6729946732521057,0.2754528820514679
1749219667767599400,13.990599365234376,0.3235458433628082,-0.24198094010353088,-0.1478283405303955
1749219667777590300,14.00059033203125,0.4376300573348999,-0.11788269132375717,-0.4939332902431488
1749219667787580200,14.010580078125,0.5711284875869751,0.016936639323830605,-0.8847241997718811
1749219667797571300,14.0205712890625,0.7536783218383789,0.19645313918590546,-1.3260401487350464
1749219667807562200,14.030562255859374,0.8979478478431702,0.3918823003768921,-1.7246748208999634
1749219667817553400,14.040553466796876,0.999717116355896,0.529445469379425,-2.12390398979187
1749219667827544300,14.05054443359375,1.0580525398254395,0.6798229813575745,-2.4761929512023926
1749219667837535500,14.060535400390625,1.1133606433868408,0.8494958877563477,-2.8690686225891113
1749219667847526400,14.0705263671875,1.1611586809158325,1.148557186126709,-3.2629544734954834
1749219667857516300,14.080516357421875,1.1485673189163208,1.5550671815872192,-3.584235906600952
1749219667867507200,14.090507080078124,1.06702721118927,1.8554540872573853,-3.7838830947875977
1749219667877498400,14.100498291015626,0.982897937297821,1.7712559700012207,-3.845193862915039
1749219667887489300,14.1104892578125,0.94129878282547,1.2948614358901978,-4.097973823547363
1749219667897480200,14.120480224609375,0.8769967555999756,0.9822803139686584,-4.369541645050049
1749219667907471400,14.130471435546875,0.8834387063980103,0.8216102123260498,-4.514791488647461
1749219667917462300,14.140462158203125,0.9004131555557251,0.6821199655532837,-4.6276631355285645
1749219667927452400,14.150452392578124,0.8450641632080078,0.6599060297012329,-4.755596160888672
1749219667937443300,14.160443359375,0.8092126846313477,0.7126035690307617,-4.89923095703125
1749219667947434500,14.1704345703125,0.8323254585266113,0.7535326480865479,-4.991566181182861
1749219667957425400,14.18042529296875,0.8650490641593933,0.7949098944664001,-5.053673267364502
1749219667967416300,14.190416259765625,0.889447033405304,0.8754987716674805,-5.090688705444336
1749219667977407200,14.2004072265625,0.9123358726501465,1.0131471157073975,-5.091392993927002
1749219667987398400,14.2103984375,0.9369940757751465,1.1845415830612183,-5.0614237785339355
1749219667997388300,14.22038818359375,0.9767436385154724,1.3367984294891357,-5.007183074951172
1749219668007379200,14.230379150390625,1.028252124786377,1.4978408813476562,-4.936581134796143
1749219668017370000,14.2403701171875,1.1007121801376343,1.6343377828598022,-4.875193119049072
1749219668027361300,14.250361328125,1.2103440761566162,1.6755006313323975,-4.797028541564941
1749219668037352400,14.2603525390625,1.326529860496521,1.6328519582748413,-4.693352222442627
1749219668047343400,14.27034326171875,1.4265155792236328,1.5183956623077393,-4.572489261627197
1749219668057334500,14.28033447265625,1.5260370969772339,1.306438684463501,-4.390810966491699
1749219668067324400,14.290324462890625,1.5684183835983276,1.0875828266143799,-4.13944673538208
1749219668077315300,14.3003154296875,1.5378005504608154,0.856941819190979,-3.908386468887329
1749219668087306200,14.31030615234375,1.476863145828247,0.6252931952476501,-3.584085464477539
1749219668097297400,14.32029736328125,1.4196797609329224,0.5169824361801147,-3.2486414909362793
1749219668107288300,14.330288330078124,1.373225450515747,0.4086551368236542,-2.957346200942993
1749219668117279200,14.340279296875,1.2981735467910767,0.22111640870571136,-2.6156697273254395
1749219668127270100,14.350270263671876,1.1817313432693481,-0.01872202195227146,-2.2504003047943115
1749219668137260300,14.36026025390625,1.045735239982605,-0.3002040386199951,-1.8809267282485962
1749219668147251500,14.37025146484375,0.9048830270767212,-0.5940545797348022,-1.5219839811325073
1749219668157242400,14.380242431640625,0.7469894886016846,-0.8655427694320679,-1.1892659664154053
1749219668167233300,14.3902333984375,0.576148271560669,-1.0381238460540771,-0.8517931699752808
1749219668177224400,14.400224365234376,0.425624281167984,-1.151688575744629,-0.4314214289188385
1749219668187215400,14.41021533203125,0.2875228524208069,-1.133151650428772,-0.013589578680694103
1749219668197205200,14.420205322265625,0.06393557041883469,-0.928809642791748,0.3447006642818451
1749219668207196200,14.430196044921875,-0.22404535114765167,-0.6563112735748291,0.6516028046607971
1749219668217187300,14.440187255859374,-0.45486631989479065,-0.46994006633758545,0.9437419772148132
1749219668227178200,14.45017822265625,-0.6084103584289551,-0.41317957639694214,1.1807132959365845
1749219668237169200,14.460169189453126,-0.695396900177002,-0.4309979975223541,1.38547945022583
1749219668247160300,14.470160400390625,-0.7215744256973267,-0.4197671711444855,1.5492560863494873
1749219668257151500,14.4801513671875,-0.7028923630714417,-0.3192445635795593,1.7418993711471558
1749219668267141400,14.490141357421875,-0.7172806262969971,-0.12579414248466492,1.9721405506134033
1749219668277132300,14.50013232421875,-0.734320342540741,0.06747624278068542,2.223083019256592
1749219668287123200,14.510123291015624,-0.6760120391845703,0.22998632490634918,2.395209312438965
1749219668297114400,14.5201142578125,-0.2945546805858612,-0.03171079233288765,1.8687883615493774
1749219668307105300,14.530105224609375,0.17769595980644226,-0.5269748568534851,1.760489583015442
1749219668317096200,14.54009619140625,0.17527461051940918,-0.4955780506134033,1.3319981098175049
1749219668327087400,14.55008740234375,-0.5781291127204895,0.8208584189414978,1.2350963354110718
1749219668337077500,14.560077392578124,-1.3558951616287231,2.206855058670044,1.5306944847106934
1749219668347068400,14.570068359375,-1.211917519569397,3.689053535461426,1.545082449913025
1749219668357059300,14.580059326171876,-0.36212944984436035,3.7954583168029785,2.1334455013275146
1749219668367050500,14.590050537109375,0.11189404129981995,3.1454830169677734,2.6862618923187256
1749219668377041400,14.60004150390625,-0.27965882420539856,2.7885539531707764,2.9021055698394775
1749219668387032300,14.6100322265625,-0.946969747543335,2.422548532485962,2.75160813331604
1749219668397023200,14.620023193359375,-0.5521201491355896,1.893252968788147,3.0349795818328857
1749219668407013400,14.630013427734376,-0.18440446257591248,1.595049500465393,2.647516965866089
1749219668417004300,14.64000439453125,-0.27621641755104065,1.1241120100021362,2.519054412841797
1749219668426995200,14.6499951171875,-0.3398779332637787,0.5760523676872253,2.358107328414917
1749219668436986000,14.659986083984375,-0.3035636246204376,0.6136357188224792,2.121347427368164
1749219668446977300,14.669977294921875,-0.23358026146888733,1.0223788022994995,1.9042330980300903
1749219668456968200,14.67996826171875,-0.26278793811798096,1.2499163150787354,1.7391611337661743
1749219668466959400,14.68995947265625,-0.24622789025306702,0.9168992042541504,1.633226990699768
1749219668476949200,14.69994921875,-0.15051360428333282,0.6527977585792542,1.525273323059082
1749219668486940400,14.7099404296875,-0.029737655073404312,0.8461874723434448,1.4810703992843628
1749219668496931300,14.719931396484375,0.12542343139648438,0.8054706454277039,1.403403639793396
1749219668506922200,14.729922119140625,0.26124197244644165,0.29482072591781616,1.3227702379226685
1749219668516913400,14.739913330078124,0.3005366623401642,-0.0838560163974762,1.2434704303741455
1749219668526904300,14.749904296875,0.3308229148387909,-0.23517709970474243,1.183810830116272
1749219668536895200,14.759895263671876,0.3586055636405945,-0.345489501953125,1.0913487672805786
1749219668546885400,14.769885498046875,0.3477393388748169,-0.5223894119262695,1.0247257947921753
1749219668556876500,14.77987646484375,0.33503392338752747,-0.6631779670715332,0.9549456238746643
1749219668566867500,14.789867431640625,0.3416641354560852,-0.7398972511291504,0.8981297612190247
1749219668576858400,14.7998583984375,0.37151896953582764,-0.7194724082946777,0.8542102575302124
1749219668586849300,14.809849365234374,0.38569068908691406,-0.6575339436531067,0.8155344724655151
1749219668596840400,14.81984033203125,0.40090134739875793,-0.6272303462028503,0.7840929627418518
1749219668606831400,14.829831298828125,0.40839308500289917,-0.6555741429328918,0.7500423192977905
1749219668616822300,14.839822265625,0.39847174286842346,-0.7863004207611084,0.7144925594329834
1749219668626813200,14.849813232421875,0.3669750690460205,-0.9572106599807739,0.6697224378585815
1749219668636804400,14.859804443359375,0.3288383483886719,-1.0489099025726318,0.6282913684844971
1749219668646795300,14.869795166015624,0.3263634741306305,-1.2242099046707153,0.4937029182910919
1749219668656786200,14.8797861328125,0.3253903388977051,-1.299706220626831,0.5131567716598511
1749219668666777300,14.88977734375,0.2448691427707672,-1.1452239751815796,0.5221702456474304
1749219668676768300,14.899768310546875,0.18833768367767334,-1.0311319828033447,0.5421892404556274
1749219668686758400,14.90975830078125,0.164791077375412,-0.9426645040512085,0.5273314714431763
1749219668696749300,14.919749267578124,0.12574994564056396,-0.8647148013114929,0.5477328896522522
1749219668706740500,14.929740478515624,0.07830492407083511,-0.7872099280357361,0.5688650608062744
1749219668716731400,14.9397314453125,0.05760577321052551,-0.7391571402549744,0.613498330116272
1749219668726722300,14.949722412109375,0.022368155419826508,-0.6706452369689941,0.6390201449394226
1749219668736713200,14.959713134765625,-0.044011667370796204,-0.5722166299819946,0.6922280192375183
1749219668746704400,14.969704345703125,-0.044247355312108994,-0.4194082021713257,0.7411808967590332
1749219668756694300,14.9796943359375,-0.04962720721960068,-0.33204665780067444,0.7897897362709045
1749219668766685200,14.989685302734374,-0.08878979086875916,-0.29920774698257446,0.8254914879798889
1749219668776676000,14.999676025390626,-0.11483550816774368,-0.26831772923469543,0.8511979579925537
1749219668786667300,15.009667236328125,-0.11759107559919357,-0.2539640963077545,0.874866783618927
1749219668796658200,15.019658203125,-0.12644502520561218,-0.2647261917591095,0.9109869599342346
1749219668806649000,15.029649169921875,-0.13666117191314697,-0.2531531751155853,0.9531344175338745
1749219668816640300,15.03964013671875,-0.15361300110816956,-0.2326042205095291,0.9872742891311646
1749219668826630400,15.04963037109375,-0.15990950167179108,-0.19374150037765503,1.026228666305542
1749219668836621300,15.059621337890626,-0.1439015120267868,-0.1566748321056366,1.051408290863037
1749219668846612200,15.0696123046875,-0.13930675387382507,-0.17584586143493652,1.0745058059692383
1749219668856603400,15.079603271484375,-0.10961970686912537,-0.25473907589912415,1.0738475322723389
1749219668866594300,15.08959423828125,-0.06934338808059692,-0.38927850127220154,1.071455478668213
1749219668876585200,15.099585205078125,-0.07287074625492096,-0.5061870217323303,1.0841153860092163
1749219668886575000,15.1095751953125,-0.07471898198127747,-0.5585761666297913,1.1001126766204834
1749219668896566300,15.119566162109376,-0.06970371305942535,-0.5964495539665222,1.1182197332382202
1749219668906557400,15.129557373046875,-0.08858552575111389,-0.5607624053955078,1.1511175632476807
1749219668916548400,15.13954833984375,-0.11197313666343689,-0.5222647786140442,1.197213888168335
1749219668926539300,15.149539306640625,-0.11851412802934647,-0.5279463529586792,1.2573550939559937
1749219668936530400,15.159530517578125,-0.13233886659145355,-0.5529135465621948,1.3434656858444214
1749219668946521300,15.169521240234374,-0.21136896312236786,-0.5284236073493958,1.4560215473175049
1749219668956511200,15.17951123046875,-0.33021944761276245,-0.511664092540741,1.5723742246627808
1749219668966502100,15.189502197265625,-0.4648510217666626,-0.44144824147224426,1.7062851190567017
1749219668976493300,15.199493408203125,-0.5522242784500122,-0.34619948267936707,1.8599923849105835
1749219668986484200,15.209484130859375,-0.556040346622467,-0.3323236107826233,2.016906499862671
1749219668996475100,15.21947509765625,-0.5422355532646179,-0.43092554807662964,2.1817731857299805
1749219669006466300,15.22946630859375,-0.530187726020813,-0.582046627998352,2.3492536544799805
1749219669016457200,15.239457275390626,-0.5057297348976135,-0.7621772289276123,2.508005142211914
1749219669026447400,15.249447265625,-0.513003945350647,-0.9091850519180298,2.614720106124878
1749219669036438300,15.259438232421875,-0.6357213258743286,-1.0560262203216553,2.6617255210876465
1749219669046429200,15.26942919921875,-0.7435239553451538,-1.2240471839904785,2.724858045578003
1749219669056420400,15.27942041015625,-0.6309545040130615,-1.398037314414978,2.9182159900665283
1749219669066411300,15.289411376953124,-0.5806236863136292,-1.2667317390441895,2.899618148803711
1749219669076402200,15.299402099609376,-0.6455952525138855,-1.2467974424362183,3.126474380493164
1749219669086393300,15.309393310546875,-0.6404939889907837,-1.2227696180343628,3.1927783489227295
1749219669096383200,15.31938330078125,-0.49788567423820496,-1.109095573425293,2.9726054668426514
1749219669106374100,15.3293740234375,-0.7015983462333679,-1.2307984828948975,2.7776694297790527
1749219669116365300,15.339365234375,-0.8867652416229248,-2.087310791015625,2.3950068950653076
1749219669126356500,15.3493564453125,-0.6624983549118042,-2.395500421524048,2.0195746421813965
1749219669136347400,15.359347412109376,-0.482038289308548,-1.4852063655853271,1.9910844564437866
1749219669146338300,15.36933837890625,-0.6242111325263977,-0.4786169230937958,1.4539577960968018
1749219669156329200,15.3793291015625,-0.515479564666748,0.2700631618499756,0.8414142727851868
1749219669166319400,15.3893193359375,-0.2613738179206848,0.7135695219039917,0.8751741051673889
1749219669176310300,15.399310302734374,-0.13087385892868042,1.0992332696914673,0.10564973205327988
1749219669186301200,15.40930126953125,0.0326295830309391,0.9264072179794312,-0.43159055709838867
1749219669196292000,15.4192919921875,0.28721392154693604,0.036071982234716415,-0.6946368217468262
1749219669206283300,15.429283203125,0.500011146068573,-0.8297703862190247,-1.121148705482483
1749219669216274200,15.439274169921875,0.6638330817222595,-1.4607113599777222,-1.5694963932037354
1749219669226265000,15.44926513671875,0.832362174987793,-1.6884571313858032,-1.930092215538025
1749219669236255200,15.459255126953124,1.023324728012085,-1.625758409500122,-2.286930561065674
1749219669246246400,15.469246337890626,1.1308884620666504,-1.3322327136993408,-2.564657211303711
1749219669256237300,15.4792373046875,1.1655974388122559,-0.7352180480957031,-2.935699462890625
1749219669266228200,15.489228271484375,1.2786121368408203,-0.1462051421403885,-3.361646890640259
1749219669276219400,15.499219482421875,1.421484351158142,0.12224628031253815,-3.7660067081451416
1749219669286210300,15.509210205078125,1.4543951749801636,0.09725970774888992,-4.003573894500732
1749219669296200200,15.5192001953125,1.4044302701950073,-0.10512056201696396,-4.159755229949951
1749219669306191000,15.529191162109376,1.3422704935073853,-0.30230021476745605,-4.341490268707275
1749219669316182300,15.539182373046875,1.2946949005126953,-0.2517555356025696,-4.503147602081299
1749219669326173200,15.549173095703125,1.2887457609176636,-0.046067893505096436,-4.6590256690979
1749219669336164400,15.559164306640625,1.2718943357467651,0.20204177498817444,-4.796455383300781
1749219669346155300,15.5691552734375,1.2429481744766235,0.4970254898071289,-4.887211799621582
1749219669356146400,15.579146484375,1.2226923704147339,0.796488344669342,-4.951424598693848
1749219669366136300,15.58913623046875,1.1985872983932495,1.0808894634246826,-5.001274585723877
1749219669376127200,15.599127197265625,1.1610915660858154,1.3592231273651123,-5.035130023956299
1749219669386118100,15.6091181640625,1.153649926185608,1.5508109331130981,-5.037264823913574
1749219669396109300,15.619109375,1.1533018350601196,1.6551388502120972,-5.008046627044678
1749219669406100200,15.629100341796875,1.1614612340927124,1.7202856540679932,-4.978429317474365
1749219669416091100,15.639091064453124,1.210586428642273,1.7776347398757935,-4.975668907165527
1749219669426082300,15.649082275390626,1.3028393983840942,1.7347726821899414,-4.992743968963623
1749219669436072400,15.659072509765625,1.430402159690857,1.4171603918075562,-5.020150184631348
1749219669446063400,15.6690634765625,1.4979010820388794,1.0407510995864868,-4.874495506286621
1749219669456054300,15.67905419921875,1.4665945768356323,0.7871987223625183,-4.724767684936523
1749219669466045400,15.68904541015625,1.5063414573669434,0.4723118841648102,-4.523159980773926
1749219669476036400,15.699036376953124,1.6449719667434692,0.023747406899929047,-4.339889049530029
1749219669486027300,15.70902734375,1.7493466138839722,-0.4244793653488159,-4.168245315551758
1749219669496018200,15.71901806640625,1.7639580965042114,-0.7378308773040771,-3.9716928005218506
1749219669506008300,15.72900830078125,1.7145907878875732,-0.8056227564811707,-3.7521495819091797
1749219669515999200,15.738999267578125,1.6657789945602417,-0.6643971800804138,-3.4787559509277344
1749219669525990100,15.748990234375,1.6330457925796509,-0.4314483404159546,-3.1830906867980957
1749219669535981000,15.75898095703125,1.5459975004196167,-0.2505536675453186,-2.809962511062622
1749219669545972200,15.76897216796875,1.391983151435852,-0.23564927279949188,-2.314147710800171
1749219669555963400,15.77896337890625,1.2192624807357788,-0.3802778422832489,-1.8019688129425049
1749219669565954300,15.788954345703125,1.0160843133926392,-0.5491397976875305,-1.2384556531906128
1749219669575944200,15.798944091796875,0.7542538046836853,-0.6519293189048767,-0.7031083703041077
1749219669585935400,15.808935302734374,0.5010862946510315,-0.6799668073654175,-0.1950983852148056
1749219669595926300,15.81892626953125,0.2678881585597992,-0.5888925790786743,0.29158976674079895
1749219669605917200,15.828917236328126,0.03675242140889168,-0.3134330213069916,0.7297998666763306
1749219669615907800,15.838907958984375,-0.1882450133562088,0.09020925313234329,1.1557445526123047
1749219669625898800,15.848898681640625,-0.3979969024658203,0.5589354634284973,1.593049168586731
1749219669635889700,15.8588896484375,-0.6001894474029541,1.0924968719482422,2.082653522491455
1749219669645879800,15.8688798828125,-0.7498431205749512,1.5695995092391968,2.3898322582244873
1749219669655871000,15.87887109375,-0.8177646398544312,1.8860887289047241,2.6620914936065674
1749219669665862000,15.88886181640625,-0.5548624396324158,1.4544355869293213,2.168079137802124
1749219669675852800,15.898852783203125,-0.19019390642642975,0.5366266965866089,1.996067762374878
1749219669685843700,15.90884375,-0.39889198541641235,-0.06766533106565475,1.330203652381897
1749219669695835000,15.9188349609375,-1.488888144493103,1.2541565895080566,2.359818696975708
1749219669705825800,15.92882568359375,-1.8204572200775146,3.165908098220825,2.334045171737671
1749219669715815700,15.938815673828126,-1.202128529548645,3.9801812171936035,2.8425707817077637
1749219669725806600,15.948806640625,-0.3690510094165802,2.6091623306274414,2.9352316856384277
1749219669735797800,15.9587978515625,-0.4740684926509857,2.2495548725128174,3.520925998687744
1749219669745789000,15.968788818359375,-0.9234426021575928,2.35896372795105,3.3885464668273926
1749219669755779800,15.97877978515625,-0.9150504469871521,2.3530173301696777,3.134503126144409
1749219669765771000,15.98877099609375,-0.43708518147468567,2.2066099643707275,3.113196849822998
1749219669775762000,15.998761962890624,-0.44005754590034485,2.598701238632202,2.85981822013855
1749219669785751800,16.008751708984374,-0.502318263053894,2.393662452697754,2.6492817401885986
1749219669795742700,16.01874267578125,-0.396298885345459,1.3732256889343262,2.416247606277466
1749219669805734000,16.02873388671875,-0.26824715733528137,0.24298228323459625,2.181074380874634
1749219669815724800,16.038724853515625,-0.1670457124710083,-0.5221854448318481,2.015568494796753
1749219669825715700,16.0487158203125,-0.09037730097770691,-0.8419528007507324,1.8839340209960938
1749219669835706600,16.05870654296875,-0.027095800265669823,-0.5804710984230042,1.7144136428833008
1749219669845697800,16.06869775390625,0.12277864664793015,-0.3405996561050415,1.624274730682373
1749219669855688000,16.07868798828125,0.23739071190357208,-0.5282198786735535,1.4278348684310913
1749219669865678800,16.088678955078127,0.22034461796283722,-0.3771052062511444,1.2474840879440308
1749219669875669800,16.098669677734375,0.22000932693481445,0.11800626665353775,1.164852261543274
1749219669885661000,16.108660888671874,0.28779637813568115,0.37159299850463867,1.0635218620300293
1749219669895651800,16.11865185546875,0.30332231521606445,0.20841605961322784,0.9845165610313416
1749219669905642800,16.128642822265626,0.2569020986557007,-0.24785001575946808,0.9128516912460327
1749219669915634000,16.138634033203125,0.24420814216136932,-0.7446246147155762,0.8637827038764954
1749219669925623800,16.148623779296877,0.27883854508399963,-0.9715203642845154,0.8157824277877808
1749219669935614700,16.15861474609375,0.30315908789634705,-0.941673219203949,0.7866429090499878
1749219669945605600,16.168605712890624,0.3058012127876282,-0.7779266834259033,0.7611135840415955
1749219669955596800,16.1785966796875,0.2888861298561096,-0.5663846135139465,0.7421148419380188
1749219669965588000,16.188587890625,0.2864799499511719,-0.47162559628486633,0.7289809584617615
1749219669975579000,16.198578857421875,0.28590020537376404,-0.5514532923698425,0.7219611406326294
1749219669985569800,16.20856982421875,0.27771735191345215,-0.7112789154052734,0.7236348986625671
1749219669995560000,16.218559814453126,0.2421300709247589,-0.8280177712440491,0.7304768562316895
1749219670005550800,16.22855078125,0.19614766538143158,-0.8485896587371826,0.7414091229438782
1749219670015541800,16.238541748046874,0.16278891265392303,-0.7699710130691528,0.7581191062927246
1749219670025532700,16.24853271484375,0.12479013204574585,-0.656175971031189,0.7773125171661377
1749219670035523800,16.25852392578125,0.06455902010202408,-0.537883460521698,0.802470326423645
1749219670045514800,16.2685146484375,0.006986270658671856,-0.4470400810241699,0.8389154672622681
1749219670055505700,16.278505615234376,-0.03020051307976246,-0.39318031072616577,0.8830562829971313
1749219670065496800,16.288496826171876,-0.06894977390766144,-0.3428998291492462,0.9256271719932556
1749219670075487000,16.298487060546876,-0.10090611129999161,-0.2744169235229492,0.9647855162620544
1749219670085478000,16.308477783203124,-0.11198565363883972,-0.1955718994140625,0.9855581521987915
1749219670095468800,16.31846875,-0.15362924337387085,-0.11930961906909943,1.0273394584655762
1749219670105460000,16.3284599609375,-0.16050392389297485,-0.0711601972579956,1.0442134141921997
1749219670115451000,16.338450927734375,-0.13455142080783844,-0.11926381289958954,1.0572932958602905
1749219670125441800,16.34844189453125,-0.11261443048715591,-0.19787925481796265,1.0527238845825195
1749219670135432700,16.3584326171875,-0.09597286581993103,-0.2565723955631256,1.0317010879516602
1749219670145422600,16.368422607421873,-0.07827110588550568,-0.2745758891105652,1.0005652904510498
1749219670155413800,16.378413818359373,-0.05998504161834717,-0.32571178674697876,0.9668393135070801
1749219670165404700,16.38840478515625,-0.0376051664352417,-0.3951462507247925,0.9336861371994019
1749219670175395800,16.398395751953124,-0.011994345113635063,-0.4733758270740509,0.9067685008049011
1749219670185387000,16.408386962890624,0.013057212345302105,-0.5980021357536316,0.9165633916854858
1749219670195378000,16.4183779296875,0.019835224375128746,-0.724303126335144,0.9494062662124634
1749219670205368800,16.428368896484375,-0.021802233532071114,-0.8012370467185974,1.0411231517791748
1749219670215358700,16.438358642578127,-0.08307917416095734,-0.8117740750312805,1.1793416738510132
1749219670225350000,16.448349853515627,-0.18165208399295807,-0.6758133172988892,1.3366637229919434
1749219670235340800,16.4583408203125,-0.3173438608646393,-0.4310757517814636,1.5059031248092651
1749219670245331700,16.468331787109374,-0.4490070939064026,-0.1553850620985031,1.6696600914001465
1749219670255322600,16.478322509765626,-0.540650486946106,0.005793973337858915,1.8373382091522217
1749219670265313800,16.488313720703125,-0.6323491930961609,0.0710291713476181,1.9466599225997925
1749219670275304700,16.4983046875,-0.7144717574119568,0.07649104297161102,2.0800909996032715
1749219670285294800,16.508294921875,-0.7363030314445496,-0.009302421472966671,2.219876766204834
1749219670295285800,16.51828564453125,-0.7101004719734192,-0.18693846464157104,2.395095109939575
1749219670305277000,16.52827685546875,-0.6950584053993225,-0.4455718696117401,2.593981981277466
1749219670315267800,16.538267822265624,-0.7120224833488464,-0.6431017518043518,2.770350456237793
1749219670325258800,16.5482587890625,-0.6890431046485901,-0.7436222434043884,2.97611403465271
1749219670335250000,16.55825,-0.6582029461860657,-0.7649946212768555,3.0862791538238525
1749219670345240800,16.56824072265625,-0.7654364109039307,-0.8846619129180908,3.197237730026245
1749219670355230700,16.578230712890626,-0.8899115324020386,-0.9067333936691284,3.42443585395813
1749219670365221600,16.5882216796875,-0.7961064577102661,-0.941590428352356,3.7016513347625732
1749219670375212800,16.598212890625,-0.5620564222335815,-1.0387850999832153,3.716264247894287
1749219670385203700,16.60820361328125,-0.5601384043693542,-1.0545310974121094,3.784241199493408
1749219670395195000,16.61819482421875,-0.6942616105079651,-1.0761724710464478,3.6749820709228516
1749219670405185800,16.628185791015625,-0.3153366446495056,-1.4035513401031494,3.3119068145751953
1749219670415177000,16.638177001953125,-0.31349506974220276,-1.7460757493972778,2.9446728229522705
1749219670425168000,16.64816796875,-0.7508170008659363,-2.0592432022094727,2.6592254638671875
1749219670435157800,16.65815771484375,-0.9249155521392822,-1.670615315437317,2.5649824142456055
1749219670445148700,16.668148681640623,-0.1921638548374176,-0.8968005776405334,1.3662141561508179
1749219670455139800,16.678139892578123,0.6799729466438293,-0.1821727305650711,1.4435558319091797
1749219670465130800,16.688130859375,0.7297247648239136,0.2576661705970764,0.4598541557788849
1749219670475121700,16.69812158203125,0.5037757754325867,0.32322385907173157,-0.389317125082016
1749219670485112800,16.70811279296875,0.6020320653915405,-0.19227011501789093,-0.7732400298118591
1749219670495103700,16.718103759765626,0.893772542476654,-0.6109040975570679,-1.2274059057235718
1749219670505094000,16.728093994140625,1.1147358417510986,-0.8079828023910522,-1.7711321115493774
1749219670515084800,16.738084716796877,1.2165583372116089,-0.844609260559082,-2.25089168548584
1749219670525076000,16.748075927734376,1.2878717184066772,-0.69576096534729,-2.6902124881744385
1749219670535067000,16.75806689453125,1.3877843618392944,-0.4017738103866577,-3.0946197509765625
1749219670545057800,16.768057861328124,1.488584280014038,0.1099986732006073,-3.5350868701934814
1749219670555048700,16.778048583984376,1.5219027996063232,0.6388611793518066,-3.9005589485168457
1749219670565039900,16.788039794921875,1.5213557481765747,0.9628208875656128,-4.2115159034729
1749219670575029800,16.79802978515625,1.5108528137207031,1.0159815549850464,-4.508605003356934
1749219670585020700,16.808020751953126,1.4042022228240967,0.8539260625839233,-4.738197326660156
1749219670595011600,16.818011474609374,1.247182011604309,0.6350020170211792,-4.882561683654785
1749219670605003000,16.8280029296875,1.091781497001648,0.3784697949886322,-5.09613561630249
1749219670614994000,16.837993896484374,0.998522162437439,0.2761479616165161,-5.289506435394287
1749219670624985000,16.847985107421874,0.927759051322937,0.2426890730857849,-5.493365287780762
1749219670634976000,16.85797607421875,0.8237490057945251,0.18133410811424255,-5.673309803009033
1749219670644967000,16.867966796875,0.72177654504776,0.11986568570137024,-5.820182800292969
1749219670654956800,16.877956787109376,0.7010481357574463,0.08888246864080429,-5.9464945793151855
1749219670664948000,16.887947998046876,0.7496252655982971,0.13627608120441437,-6.026517391204834
1749219670674939000,16.89793896484375,0.8066781163215637,0.25898441672325134,-6.076728343963623
1749219670684929800,16.9079296875,0.8649970889091492,0.4299119710922241,-6.0738701820373535
1749219670694920700,16.917920654296875,0.9456948637962341,0.6106013059616089,-6.061838150024414
1749219670704912000,16.927911865234375,1.080187201499939,0.7248620986938477,-5.9976582527160645
1749219670714902800,16.93790283203125,1.2289470434188843,0.7652848958969116,-5.857348918914795
1749219670724893000,16.947892822265626,1.3716269731521606,0.6995428800582886,-5.629612445831299
1749219670734883800,16.9578837890625,1.4965356588363647,0.48834678530693054,-5.334606647491455
1749219670744875000,16.967875,1.5934536457061768,0.15696458518505096,-4.97908878326416
1749219670754866000,16.977865966796877,1.6746503114700317,-0.15331313014030457,-4.616326808929443
1749219670764856800,16.98785693359375,1.7025959491729736,-0.28656384348869324,-4.175722122192383
1749219670774848000,16.997847900390624,1.6051119565963745,-0.3398084342479706,-3.742530107498169
1749219670784839000,17.0078388671875,1.400115966796875,-0.45893269777297974,-3.303875207901001
1749219670794828800,17.017828857421875,1.1394706964492798,-0.6042342185974121,-2.7705061435699463
1749219670804819700,17.02781982421875,0.864183783531189,-0.7219566106796265,-1.939882755279541
1749219670814811000,17.037810791015627,0.5989510416984558,-0.6300844550132751,-0.9947305917739868
1749219670824802000,17.047802001953126,0.2948071360588074,-0.3736622631549835,-0.231475830078125
1749219670834793000,17.05779296875,-0.05807368829846382,-0.059785835444927216,0.41702866554260254
1749219670844783900,17.067783935546874,-0.40527427196502686,0.28311026096343994,0.9892343878746033
1749219670854775000,17.077775146484374,-0.7122136950492859,0.44140082597732544,1.5855296850204468
1749219670864766000,17.087765869140625,-0.7342017889022827,0.14739850163459778,1.8725614547729492
1749219670874755800,17.097755859375,-0.46786439418792725,-0.5757666230201721,2.840763807296753
1749219670884746800,17.107746826171876,-0.5482090711593628,-1.0415174961090088,2.53688645362854
1749219670894738000,17.117738037109376,-1.2092703580856323,-1.313008427619934,2.4979143142700195
1749219670904728800,17.127728759765624,-1.9939414262771606,-0.3002391755580902,3.286764144897461
1749219670914719700,17.1377197265625,-1.7539740800857544,2.555408000946045,3.4374866485595703
1749219670924711000,17.1477109375,-1.0062003135681152,3.5114142894744873,3.5091705322265625
1749219670934701800,17.157701904296875,-0.6113680601119995,1.9468979835510254,3.5005929470062256
1749219670944692000,17.16769189453125,-0.8198554515838623,1.455550193786621,3.2455391883850098
1749219670954683000,17.177682861328126,-0.7348321676254272,1.7895214557647705,2.934398651123047
1749219670964674000,17.187674072265626,-0.06301811337471008,1.9032081365585327,3.1798033714294434
1749219670974665000,17.1976650390625,0.024173246696591377,1.9428311586380005,2.587233304977417
1749219670984656000,17.20765576171875,-0.293490469455719,1.4554121494293213,2.7290897369384766
1749219670994646800,17.217646728515625,-0.32475438714027405,0.9271025657653809,2.3941447734832764
1749219671004638000,17.227637939453125,-0.2070906013250351,0.3029590845108032,2.393578290939331
1749219671014628900,17.23762890625,-0.09015892446041107,-0.9942110180854797,2.329415798187256
1749219671024618800,17.24761865234375,-0.10863300412893295,-2.072819709777832,2.220521926879883
1749219671034610000,17.25760986328125,-0.16705051064491272,-2.008173704147339,2.084144353866577
1749219671044601000,17.26760107421875,-0.16687606275081635,-1.150061845779419,1.869880199432373
1749219671054592000,17.277592041015627,-0.16975681483745575,0.006756706163287163,1.6822346448898315
1749219671064583000,17.2875830078125,-0.20056159794330597,0.838999330997467,1.5132709741592407
1749219671074574000,17.297573974609374,-0.266146183013916,1.4136011600494385,1.3241817951202393
1749219671084565000,17.30756494140625,-0.214438796043396,1.535830020904541,1.1546827554702759
1749219671094555000,17.317554931640625,-0.13010500371456146,1.2210355997085571,1.0545803308486938
1749219671104545800,17.3275458984375,-0.12947623431682587,0.7002145648002625,0.9651588797569275
1749219671114537000,17.337536865234377,-0.12260767817497253,0.14021356403827667,0.8984506726264954
1749219671124527900,17.34752783203125,-0.07040412724018097,-0.27608591318130493,0.8361827731132507
1749219671134518800,17.357518798828124,-0.022220084443688393,-0.38217639923095703,0.8008753657341003
1749219671144509700,17.367509765625,-0.01901576854288578,-0.259603351354599,0.7682753801345825
1749219671154500900,17.3775009765625,-0.017800036817789078,-0.08955944329500198,0.7372471690177917
1749219671164491000,17.387490966796875,0.007755657657980919,0.024999093264341354,0.7081938982009888
1749219671174482000,17.39748193359375,0.03847122564911842,0.01101643219590187,0.6839149594306946
1749219671184472800,17.407472900390626,0.06162767857313156,-0.12642531096935272,0.6756460666656494
1749219671194464000,17.417464111328126,0.07154954969882965,-0.28556808829307556,0.6779204607009888
1749219671204455000,17.427454833984374,0.06742937117815018,-0.3705482482910156,0.683747410774231
1749219671214445800,17.43744580078125,0.055275239050388336,-0.3918660283088684,0.6888561844825745
1749219671224437000,17.44743701171875,0.03804192319512367,-0.35344913601875305,0.6989127993583679
1749219671234428000,17.457427978515625,0.012796754948794842,-0.27311834692955017,0.7023203372955322
1749219671244417800,17.467417724609376,-0.010248908773064613,-0.18580980598926544,0.7034748196601868
1749219671254409000,17.477408935546876,-0.027689684182405472,-0.1116759330034256,0.708243191242218
1749219671264400100,17.487400146484376,-0.041361819952726364,-0.07065898925065994,0.715126097202301
1749219671274391000,17.49739111328125,-0.03875032439827919,-0.0856427326798439,0.7263774275779724
1749219671284382000,17.5073818359375,-0.030339529737830162,-0.1431129425764084,0.7309122681617737
1749219671294372900,17.517372802734375,-0.025009479373693466,-0.22625817358493805,0.7280626893043518
1749219671304364000,17.527364013671875,-0.029767217114567757,-0.2872307002544403,0.7197810411453247
1749219671314354000,17.53735400390625,-0.03476756811141968,-0.33815619349479675,0.7155418395996094
1749219671324344800,17.5473447265625,-0.034206174314022064,-0.3655500113964081,0.7117423415184021
1749219671334335700,17.557335693359374,-0.04397624731063843,-0.39241623878479004,0.7295221090316772
1749219671344327000,17.567326904296873,-0.08534818887710571,-0.38391491770744324,0.7612872123718262
1749219671354317800,17.57731787109375,-0.13722017407417297,-0.3472578227519989,0.8125671744346619
1749219671364308700,17.587308837890625,-0.16078995168209076,-0.29116925597190857,0.8659638166427612
1749219671374300000,17.5972998046875,-0.1817154735326767,-0.245615616440773,0.9289891719818115
1749219671384290800,17.607290771484376,-0.20187532901763916,-0.24513572454452515,0.9992784857749939
1749219671394281000,17.617281005859375,-0.22775086760520935,-0.3169185519218445,1.0837531089782715
1749219671404271900,17.62727197265625,-0.2773948609828949,-0.4252317249774933,1.1811505556106567
1749219671414263000,17.637262939453127,-0.33445680141448975,-0.5191987156867981,1.2921031713485718
1749219671424254000,17.64725390625,-0.4055160880088806,-0.5796220898628235,1.416355848312378
1749219671434244900,17.657244873046874,-0.493393212556839,-0.5622212886810303,1.532827615737915
1749219671444235800,17.66723583984375,-0.5970420837402344,-0.4308027923107147,1.6811020374298096
1749219671454227000,17.67722705078125,-0.7212458252906799,-0.28974366188049316,1.8245681524276733
1749219671464216800,17.687216796875,-0.8334447741508484,-0.20073336362838745,1.9779313802719116
1749219671474208000,17.6972080078125,-0.9225397706031799,-0.1526864767074585,2.1406376361846924
1749219671484199000,17.707198974609376,-1.0036582946777344,-0.15749642252922058,2.3065385818481445
1749219671494190000,17.717190185546876,-1.0456366539001465,-0.22863291203975677,2.4771227836608887
1749219671504181000,17.727180908203124,-1.0342297554016113,-0.32974007725715637,2.6198253631591797
1749219671514172000,17.737171875,-1.0220383405685425,-0.4195924699306488,2.778010129928589
1749219671524163000,17.7471630859375,-0.9415664672851562,-0.4991019368171692,2.910491943359375
1749219671534153000,17.757153076171875,-0.849012017250061,-0.7173136472702026,2.9488492012023926
1749219671544144000,17.767143798828126,-0.9192633032798767,-0.961991012096405,2.9218850135803223
1749219671554134800,17.777134765625,-0.9949122071266174,-1.1116782426834106,2.996180534362793
1749219671564126000,17.7871259765625,-0.9813284873962402,-0.9952230453491211,3.1291725635528564
1749219671574116900,17.797116943359374,-0.9085975885391235,-0.8760945200920105,3.103478193283081
1749219671584107800,17.807107666015625,-0.8468351364135742,-0.9956416487693787,3.302605152130127
1749219671594098700,17.8170986328125,-0.8874459862709045,-1.0430225133895874,3.406155824661255
1749219671604089900,17.82708984375,-0.8648423552513123,-1.1336714029312134,2.9595143795013428
1749219671614080000,17.837080078125,-0.722076952457428,-1.5684438943862915,2.528216600418091
1749219671624071000,17.84707080078125,-1.0257940292358398,-1.6338621377944946,2.631809711456299
1749219671634061800,17.857061767578124,-1.4951252937316895,-1.5446629524230957,2.6249759197235107
1749219671644052700,17.867052734375,-1.3943160772323608,-1.226837396621704,1.8988926410675049
1749219671654043600,17.877043701171875,-0.645104706287384,-0.11557293683290482,1.2900738716125488
1749219671664034800,17.887034912109375,-0.07657493650913239,1.0616939067840576,1.2879446744918823
1749219671674025700,17.897025634765626,-0.10415489971637726,1.5040977001190186,0.5254560708999634
1749219671684016600,17.9070166015625,-0.26494696736335754,1.4467757940292358,0.0969872698187828
1749219671694006800,17.9170068359375,-0.17731405794620514,0.8423184156417847,-0.1963186413049698
1749219671703998000,17.926998046875,0.05294603854417801,0.4235731065273285,-0.6788730621337891
1749219671713988900,17.93698876953125,0.305258184671402,0.054550059139728546,-1.1736441850662231
1749219671723979800,17.946979736328124,0.497803658246994,-0.26607614755630493,-1.622997760772705
1749219671733971000,17.956970947265624,0.6510939002037048,-0.48788177967071533,-2.0817372798919678
1749219671743961900,17.9669619140625,0.8025063276290894,-0.47585174441337585,-2.4684393405914307
1749219671753952800,17.976952880859375,0.9937779903411865,-0.2630271017551422,-2.8417961597442627
1749219671763942700,17.986942626953127,1.2260158061981201,0.07603484392166138,-3.242859363555908
1749219671773933800,17.996933837890627,1.3808826208114624,0.4945942759513855,-3.589609384536743
1749219671783924700,18.0069248046875,1.4310075044631958,0.8141701221466064,-3.892721176147461
1749219671793915600,18.01691552734375,1.379258632659912,0.9183775186538696,-4.097301959991455
1749219671803906600,18.026906494140626,1.3096497058868408,0.7809216380119324,-4.2944440841674805
1749219671813897700,18.036897705078125,1.247775912284851,0.6532531976699829,-4.556685447692871
1749219671823889000,18.046888916015625,1.2126823663711548,0.674699068069458,-4.815883636474609
1749219671833879800,18.0568798828125,1.1827350854873657,0.7124850749969482,-5.0450592041015625
1749219671843869700,18.06686962890625,1.1041362285614014,0.5924241542816162,-5.232682704925537
1749219671853860900,18.07686083984375,0.9756988883018494,0.3977934420108795,-5.3529815673828125
1749219671863851800,18.086851806640624,0.8657401204109192,0.273577481508255,-5.432403087615967
1749219671873842700,18.0968427734375,0.8381947875022888,0.2152838110923767,-5.478784084320068
1749219671883833900,18.106833740234375,0.8891823291778564,0.22122293710708618,-5.490516185760498
1749219671893824800,18.11682470703125,0.9779753088951111,0.29077911376953125,-5.459245681762695
1749219671903815700,18.126815673828126,1.0816594362258911,0.36589357256889343,-5.3964738845825195
1749219671913805800,18.136805908203126,1.2006361484527588,0.40943971276283264,-5.320982933044434
1749219671923796700,18.146796630859374,1.329155683517456,0.4100956320762634,-5.226287364959717
1749219671933788000,18.156787841796874,1.4415360689163208,0.44000479578971863,-5.1108245849609375
1749219671943778800,18.16677880859375,1.5080788135528564,0.5138047337532043,-4.9865336418151855
1749219671953769700,18.176769775390625,1.5555424690246582,0.5372748970985413,-4.872951984405518
1749219671963761000,18.186760986328125,1.5903534889221191,0.498437762260437,-4.756132125854492
1749219671973751800,18.196751708984376,1.5652884244918823,0.4286102056503296,-4.594287395477295
1749219671983742700,18.20674267578125,1.4894007444381714,0.350686639547348,-4.354494571685791
1749219671993732600,18.216732666015623,1.4186267852783203,0.38054201006889343,-4.090848922729492
1749219672003723800,18.226723876953123,1.3629802465438843,0.5944806933403015,-3.8009989261627197
1749219672013714700,18.236714599609375,1.2902967929840088,0.9594892859458923,-3.5011415481567383
1749219672023705600,18.24670556640625,1.166354775428772,1.3784172534942627,-3.1812946796417236
1749219672033696800,18.25669677734375,1.0303272008895874,1.7350835800170898,-2.796372413635254
1749219672043688000,18.26668798828125,0.9343990683555603,2.0060641765594482,-2.393441677093506
1749219672053678800,18.276678955078125,0.8468178510665894,2.129232406616211,-1.942797064781189
1749219672063669800,18.286669677734373,0.7475351691246033,1.9587470293045044,-1.4870729446411133
1749219672073659600,18.29665966796875,0.6525216102600098,1.316668152809143,-1.0412280559539795
1749219672083650800,18.30665087890625,0.5902355909347534,0.4220319390296936,-0.539685845375061
1749219672093641700,18.316641845703124,0.5301741361618042,-0.3272170126438141,0.00045327001134864986
1749219672103632600,18.326632568359376,0.410160630941391,-0.6575027704238892,0.6265438199043274
1749219672113623800,18.336623779296875,0.19627603888511658,-0.6227152347564697,1.1562998294830322
1749219672123614700,18.34661474609375,-0.08588135242462158,-0.5840892791748047,1.5791040658950806
1749219672133605600,18.356605712890627,-0.1805492639541626,-0.9031306505203247,1.6981992721557617
1749219672143595800,18.366595703125,-0.3525649607181549,-1.1908433437347412,2.4534473419189453
1749219672153587000,18.3765869140625,-1.1884585618972778,-0.9545581340789795,2.458828926086426
1749219672163577900,18.386577880859374,-1.5836029052734375,-1.4559054374694824,2.100064992904663
1749219672173568800,18.39656884765625,-1.066117763519287,-1.9992786645889282,2.6963703632354736
1749219672183559700,18.4065595703125,-0.8472695350646973,-1.0296754837036133,2.9118127822875977
1749219672193550800,18.41655078125,-0.8121429681777954,-0.1561826765537262,3.312885046005249
1749219672203541800,18.426541748046876,-0.6579776406288147,0.21593256294727325,3.3506486415863037
1749219672213532700,18.43653271484375,-0.4784030616283417,1.4892058372497559,3.2599668502807617
1749219672223522600,18.4465224609375,-0.3743450939655304,3.233431100845337,2.706024169921875
1749219672233513700,18.456513671875,-0.42446234822273254,3.7955305576324463,2.179433822631836
1749219672243504600,18.466504638671875,-0.33737483620643616,2.767979383468628,2.388059377670288
1749219672253495800,18.476495849609375,0.06005268543958664,1.2591073513031006,2.3095171451568604
1749219672263487000,18.486487060546875,0.3643729090690613,0.20005479454994202,2.307910203933716
1749219672273478000,18.496477783203126,-0.02822631224989891,0.21844418346881866,2.166558027267456
1749219672283468800,18.50646875,-0.34496405720710754,0.46721938252449036,2.099611520767212
1749219672293458700,18.516458740234373,-0.30236226320266724,0.0938497930765152,2.023083448410034
1749219672303449900,18.526449951171877,-0.13702762126922607,0.019165704026818275,1.9155129194259644
1749219672313440800,18.536440673828125,-0.06244686618447304,0.4967072308063507,1.812183141708374
1749219672323431700,18.546431640625,-0.003909253980964422,0.6829058527946472,1.7554993629455566
1749219672333422600,18.556422607421876,0.09909515827894211,0.33392685651779175,1.6737059354782104
1749219672343413800,18.566413818359376,0.12108407914638519,0.14113368093967438,1.561218023300171
1749219672353404700,18.57640478515625,0.11019175499677658,0.0652458518743515,1.4682888984680176
1749219672363395600,18.5863955078125,0.15368010103702545,-0.1236439123749733,1.3715699911117554
1749219672373385700,18.5963857421875,0.1645900160074234,-0.2979944050312042,1.2827732563018799
1749219672383377000,18.606376953125,0.12887568771839142,-0.4635567367076874,1.2082058191299438
1749219672393367800,18.616367919921874,0.08461528271436691,-0.5294790267944336,1.138919472694397
1749219672403358700,18.626358642578126,0.057548247277736664,-0.36588743329048157,1.081024169921875
1749219672413350000,18.636349853515625,0.0377202145755291,-0.11240776628255844,1.0201483964920044
1749219672423340800,18.6463408203125,0.0350077860057354,0.09565754979848862,0.9595076441764832
1749219672433331700,18.656331787109377,0.0379154235124588,0.13742657005786896,0.9117560982704163
1749219672443322600,18.666322509765624,0.04581223055720329,-0.0006013417732901871,0.8633174300193787
1749219672453312800,18.676312744140624,0.06363330781459808,-0.2261204868555069,0.8250933885574341
1749219672463303700,18.6863037109375,0.08025702089071274,-0.4407384991645813,0.7860048413276672
1749219672473294800,18.696294921875,0.07873263210058212,-0.5457823872566223,0.748902440071106
1749219672483285800,18.70628564453125,0.04177967086434364,-0.505756139755249,0.6952847838401794
1749219672493277000,18.71627685546875,0.017408818006515503,-0.3918580412864685,0.6586215496063232
1749219672503267800,18.726267822265626,-0.015002917498350143,-0.2485533505678177,0.6187726855278015
1749219672513258800,18.7362587890625,-0.04927300661802292,-0.13841593265533447,0.6007582545280457
1749219672523250000,18.74625,-0.0470157116651535,-0.1534164547920227,0.6022136807441711
1749219672533239800,18.75623974609375,-0.03665867820382118,-0.2467847466468811,0.6210928559303284
1749219672543230700,18.766230712890625,-0.0243705864995718,-0.34893935918807983,0.6521141529083252
1749219672553221600,18.7762216796875,-0.022721290588378906,-0.45328599214553833,0.6741600632667542
1749219672563212800,18.786212890625,-0.011020160280168056,-0.4886692762374878,0.7061517834663391
1749219672573203700,18.79620361328125,-0.020170515403151512,-0.47344717383384705,0.7201837301254272
1749219672583194600,18.806194580078124,-0.05176306143403053,-0.4228716194629669,0.7340694665908813
1749219672593185500,18.816185546875,-0.07594456523656845,-0.3650229871273041,0.7518020868301392
1749219672603176000,18.826176025390627,-0.09080979973077774,-0.3199918568134308,0.7690830826759338
1749219672613166800,18.836166748046875,-0.09426604956388474,-0.27721935510635376,0.7829900979995728
1749219672623157500,18.846157470703126,-0.08693676441907883,-0.2615887224674225,0.7937407493591309
1749219672633148400,18.8561484375,-0.06518539786338806,-0.25583016872406006,0.7924323678016663
1749219672643139300,18.866139404296874,-0.04661703482270241,-0.29241323471069336,0.7854482531547546
1749219672653130200,18.876130126953125,-0.05049886181950569,-0.35315725207328796,0.7919244766235352
1749219672663121400,18.886121337890625,-0.05550107732415199,-0.4362979531288147,0.8195468187332153
1749219672673112300,18.8961123046875,-0.05747288092970848,-0.5297304391860962,0.886888325214386
1749219672683102500,18.9061025390625,-0.08670879900455475,-0.5883069038391113,0.9843873977661133
1749219672693093400,18.91609326171875,-0.17339842021465302,-0.5773341655731201,1.1093370914459229
1749219672703084500,18.92608447265625,-0.2994426488876343,-0.47256994247436523,1.2383257150650024
1749219672713075500,18.936075439453123,-0.4161585867404938,-0.26915398240089417,1.3878920078277588
1749219672723066400,18.94606640625,-0.476957231760025,-0.027850273996591568,1.5319496393203735
1749219672733057500,18.9560576171875,-0.517412543296814,0.10274156183004379,1.6737533807754517
1749219672743048400,18.96604833984375,-0.5659576654434204,0.06097493693232536,1.8030729293823242
1749219672753039400,18.976039306640626,-0.6139430403709412,-0.07844261080026627,1.9424474239349365
1749219672763029200,18.986029296875,-0.6452375650405884,-0.19239340722560883,2.096149206161499
1749219672773020400,18.9960205078125,-0.6607102751731873,-0.25537529587745667,2.258035898208618
1749219672783011300,19.00601123046875,-0.6855059266090393,-0.3361588418483734,2.4203693866729736
1749219672793002200,19.016002197265625,-0.6818097233772278,-0.35576876997947693,2.5628936290740967
1749219672802993400,19.025993408203124,-0.6294357180595398,-0.36620649695396423,2.7198123931884766
1749219672812984600,19.035984619140624,-0.586974024772644,-0.38387763500213623,2.8605740070343018
1749219672822975500,19.0459755859375,-0.503594696521759,-0.5623051524162292,2.978060007095337
1749219672832965400,19.05596533203125,-0.5420118570327759,-0.8855761289596558,2.9029500484466553
1749219672842956300,19.065956298828127,-0.7982454895973206,-1.1381900310516357,2.977642297744751
1749219672852947500,19.075947509765626,-0.8997966647148132,-1.1058169603347778,3.090947389602661
1749219672862938400,19.0859384765625,-0.7199608087539673,-0.9973663091659546,2.959627151489258
1749219672872929300,19.09592919921875,-0.5497334599494934,-1.0861912965774536,2.9178500175476074
1749219672882920400,19.10592041015625,-0.6175628304481506,-1.0811797380447388,3.036604642868042
1749219672892911400,19.115911376953125,-0.4748876988887787,-1.3587836027145386,2.953125238418579
1749219672902902300,19.12590234375,-0.28409937024116516,-1.7074167728424072,2.889338970184326
1749219672912892400,19.135892333984376,-0.6258726716041565,-2.038041830062866,2.6866705417633057
1749219672922883600,19.145883544921876,-0.9008349776268005,-2.2594006061553955,2.493513822555542
1749219672932874500,19.15587451171875,-0.7467341423034668,-2.3130548000335693,2.338017225265503
1749219672942865400,19.165865478515624,-0.23070724308490753,-2.4753901958465576,1.4393548965454102
1749219672952856300,19.175856201171875,0.1458996832370758,-1.985990285873413,1.5213145017623901
1749219672962847500,19.185847412109375,0.18984529376029968,-1.0832858085632324,0.905573844909668
1749219672972838400,19.19583837890625,0.15093624591827393,-0.19819244742393494,0.16938503086566925
1749219672982829300,19.205829345703126,0.32843220233917236,0.03335289657115936,-0.23391209542751312
1749219672992819200,19.215819091796874,0.6154165863990784,-0.16628031432628632,-0.7235651612281799
1749219673002810400,19.225810302734374,0.883456826210022,-0.39218056201934814,-1.25263249874115
1749219673012801500,19.235801513671873,1.1243168115615845,-0.743070125579834,-1.7121840715408325
1749219673022792400,19.24579248046875,1.2918202877044678,-1.0145392417907715,-2.0624043941497803
1749219673032783600,19.25578369140625,1.4077520370483398,-1.1174352169036865,-2.3242709636688232
1749219673042774500,19.2657744140625,1.524009346961975,-1.0528650283813477,-2.577986001968384
1749219673052765400,19.275765380859376,1.648119568824768,-0.817925214767456,-2.85198974609375
1749219673062756400,19.28575634765625,1.7118597030639648,-0.39350441098213196,-3.0927255153656006
1749219673072746500,19.29574658203125,1.7030763626098633,0.14043833315372467,-3.309077262878418
1749219673082737400,19.3057373046875,1.6680378913879395,0.6804634928703308,-3.5475282669067383
1749219673092728300,19.315728271484375,1.6750377416610718,1.1659427881240845,-3.7852706909179688
1749219673102719200,19.32571923828125,1.6753463745117188,1.5116349458694458,-3.9984095096588135
1749219673112710400,19.33571044921875,1.6248635053634644,1.7142735719680786,-4.138942718505859
1749219673122701300,19.345701416015626,1.515937328338623,1.7091184854507446,-4.221971035003662
1749219673132692200,19.355692138671873,1.386772632598877,1.4347609281539917,-4.268953323364258
1749219673142683400,19.365683349609377,1.268910527229309,1.1093463897705078,-4.307051658630371
1749219673152673500,19.375673583984376,1.1694166660308838,0.9504510164260864,-4.311222076416016
1749219673162664400,19.38566455078125,1.099256992340088,0.9165233969688416,-4.269686698913574
1749219673172655400,19.3956552734375,1.0289663076400757,0.9107605814933777,-4.247893333435059
1749219673182646500,19.405646484375,0.9838164448738098,0.8267059326171875,-4.230942726135254
1749219673192637400,19.415637451171875,1.0046961307525635,0.7341232299804688,-4.185508728027344
1749219673202628400,19.42562841796875,1.009572982788086,0.7349661588668823,-4.144373416900635
1749219673212619300,19.435619384765626,0.9972566366195679,0.7452874779701233,-4.121738433837891
1749219673222609400,19.445609375,1.033179759979248,0.722139298915863,-4.104549407958984
1749219673232600600,19.4556005859375,1.1201303005218506,0.7117348313331604,-4.100149154663086
1749219673242591500,19.465591552734374,1.2286185026168823,0.7145940065383911,-4.129445552825928
1749219673252582400,19.47558251953125,1.3225535154342651,0.699652910232544,-4.16054105758667
1749219673262573600,19.485573486328125,1.38307785987854,0.6847847104072571,-4.167011737823486
1749219673272564500,19.495564453125,1.4162347316741943,0.6485071778297424,-4.120561599731445
1749219673282555400,19.505555419921876,1.42344069480896,0.5784881114959717,-4.065430641174316
1749219673292546600,19.515546630859376,1.415903091430664,0.3851631283760071,-3.9720394611358643
1749219673302536400,19.525536376953124,1.3898667097091675,0.09278026968240738,-3.864806890487671
1749219673312527400,19.53552734375,1.3674280643463135,-0.1519213616847992,-3.7416563034057617
1749219673322518300,19.545518310546875,1.3377889394760132,-0.19756872951984406,-3.5533134937286377
1749219673332509200,19.55550927734375,1.3412632942199707,-0.15652063488960266,-3.3045945167541504
1749219673342500400,19.565500244140626,1.391679048538208,-0.08812347054481506,-3.070488691329956
1749219673352491300,19.5754912109375,1.3868021965026855,-0.00875913631170988,-2.7635180950164795
1749219673362482400,19.585482421875,1.3242757320404053,0.048948366194963455,-2.373626470565796
1749219673372473600,19.5954736328125,1.1977516412734985,0.03893807902932167,-1.9333231449127197
1749219673382463500,19.60546337890625,1.0059810876846313,-0.01321007777005434,-1.422980785369873
1749219673392454400,19.615454345703125,0.7796412110328674,-0.07664577662944794,-0.9372150897979736
1749219673402445300,19.6254453125,0.5687723755836487,-0.13447844982147217,-0.4728951156139374
1749219673412436500,19.6354365234375,0.34105026721954346,-0.14346501231193542,-0.03524933382868767
1749219673422427400,19.645427490234376,0.09631907939910889,-0.11408289521932602,0.41261258721351624
1749219673432418300,19.655418212890623,-0.11391937732696533,-0.07152211666107178,0.8262901902198792
1749219673442409500,19.665409423828127,-0.3031931519508362,-0.03297632560133934,1.1826320886611938
1749219673452400400,19.675400390625,-0.5057313442230225,0.0006870955694466829,1.643266201019287
1749219673462390500,19.685390625,-0.6818208694458008,0.03164208307862282,1.9540891647338867
1749219673472381400,19.69538134765625,-0.7987546920776367,0.1148325726389885,2.2601819038391113
1749219673482372400,19.705372314453125,-0.5238256454467773,-0.19762945175170898,2.2161920070648193
1749219673492363500,19.715363525390625,-0.5244483351707458,-0.48104119300842285,2.6467249393463135
1749219673502354400,19.7253544921875,-0.6473672986030579,-0.9990609288215637,2.132782220840454
1749219673512345300,19.735345458984376,-0.513312816619873,-2.1538493633270264,1.6681500673294067
1749219673522336500,19.74533642578125,-1.1795694828033447,-1.855241060256958,2.452653646469116
1749219673532327400,19.755327392578124,-1.067335605621338,-0.2863076627254486,2.976093053817749
1749219673542317300,19.7653173828125,-1.240761399269104,1.7927380800247192,3.0770130157470703
1749219673552308200,19.77530810546875,-1.0753021240234375,1.706020474433899,3.453277111053467
1749219673562299400,19.78529931640625,-1.1615324020385742,2.284322500228882,2.897242546081543
1749219673572290300,19.795290283203126,-1.1445603370666504,2.6349830627441406,2.7087771892547607
1749219673582281500,19.805281494140626,-0.5626345872879028,2.3802340030670166,2.4766154289245605
1749219673592272400,19.8152724609375,-0.2120978832244873,1.7677080631256104,2.2622716426849365
1749219673602263600,19.825263671875,-0.35269972681999207,0.7626688480377197,2.0472004413604736
1749219673612253400,19.83525341796875,-0.4140147566795349,0.08737405389547348,1.856371283531189
1749219673622245000,19.8452451171875,-0.30608803033828735,-0.4332403838634491,1.7137476205825806
1749219673632236000,19.855236083984376,-0.28079038858413696,-1.1342461109161377,1.5628862380981445
1749219673642227200,19.865227294921876,-0.25159549713134766,-1.255171775817871,1.4381338357925415
1749219673652218000,19.875218017578124,-0.14767174422740936,-0.597061812877655,1.2724684476852417
1749219673662209000,19.885208984375,-0.035465314984321594,-0.04494244232773781,1.1775251626968384
1749219673672200000,19.895199951171875,-0.031307853758335114,0.09575049579143524,1.1532760858535767
1749219673682191000,19.905191162109375,0.003912183456122875,0.15231044590473175,1.0911165475845337
1749219673692182000,19.91518212890625,0.0819806233048439,0.012285428121685982,1.0660953521728516
1749219673702172200,19.925172119140626,0.10075457394123077,-0.45126625895500183,1.0296119451522827
1749219673712163000,19.9351630859375,0.09865546971559525,-0.9207751750946045,0.984178364276886
1749219673722154200,19.945154296875,0.09461119025945663,-1.0757231712341309,0.9136831760406494
1749219673732145200,19.955145263671874,0.06256777048110962,-0.9008064866065979,0.8504168391227722
1749219673742136000,19.965135986328125,0.003153981640934944,-0.545287549495697,0.7791227102279663
1749219673752127200,19.975127197265625,-0.028617529198527336,-0.2142595648765564,0.7173967361450195
1749219673762118100,19.9851181640625,-0.010970359668135643,-0.09248998761177063,0.6876623034477234
1749219673772108000,19.99510791015625,0.005185707006603479,-0.19869551062583923,0.6790906190872192
1749219673782099000,20.005098876953124,0.017859159037470818,-0.4433004558086395,0.6979476809501648
1749219673792090000,20.015090087890623,0.021272530779242516,-0.6623944640159607,0.7353488206863403
1749219673802081000,20.0250810546875,-0.004550010897219181,-0.7439876198768616,0.7618813514709473
1749219673812072000,20.035072021484375,-0.06885123252868652,-0.668493390083313,0.7943029403686523
1749219673822062800,20.045062744140626,-0.12439119070768356,-0.45331716537475586,0.8134822845458984
1749219673832054000,20.055053955078126,-0.1606874167919159,-0.2513699233531952,0.829278290271759
1749219673842045200,20.065045166015626,-0.20544956624507904,-0.16520068049430847,0.8534454107284546
1749219673852036000,20.0750361328125,-0.2330915778875351,-0.1811668574810028,0.882482647895813
1749219673862026000,20.08502587890625,-0.24796666204929352,-0.2406429648399353,0.9059120416641235
1749219673872017200,20.09501708984375,-0.2568991780281067,-0.31314700841903687,0.9366236329078674
1749219673882008000,20.105008056640624,-0.2506367564201355,-0.3645438849925995,0.9563446044921875
1749219673891999000,20.1149990234375,-0.2506508529186249,-0.3847154676914215,0.9653362035751343
1749219673901990100,20.124990234375,-0.25118109583854675,-0.3344626724720001,0.9658225178718567
1749219673911981000,20.13498095703125,-0.2557486891746521,-0.22978712618350983,0.9545688033103943
1749219673921972000,20.144971923828123,-0.2659749686717987,-0.14080239832401276,0.9305580258369446
1749219673931963000,20.154962890625,-0.3083873987197876,-0.09780405461788177,0.9152166247367859
1749219673941953300,20.164953369140626,-0.3183010220527649,-0.07415731996297836,0.9115587472915649
1749219673951944200,20.174944091796874,-0.2909737825393677,-0.10068319737911224,0.9197176098823547
1749219673961935000,20.18493505859375,-0.2674540877342224,-0.19892054796218872,0.9426785707473755
1749219673971926000,20.194926025390625,-0.251760870218277,-0.28931915760040283,0.9742493033409119
1749219673981917200,20.204917236328125,-0.24693840742111206,-0.3250923454761505,1.0061225891113281
1749219673991908000,20.214908203125,-0.24493305385112762,-0.2635570764541626,1.03468656539917
1749219674001899000,20.22489892578125,-0.24245311319828033,-0.1438210904598236,1.0581053495407104
1749219674011889000,20.234888916015624,-0.2420664280653,-0.06738942861557007,1.104386806488037
1749219674021880000,20.244880126953124,-0.254783034324646,-0.07698293030261993,1.166175365447998
1749219674031871000,20.25487109375,-0.28314462304115295,-0.11988219618797302,1.2300206422805786
1749219674041862000,20.26486181640625,-0.30158621072769165,-0.16283471882343292,1.3101974725723267
1749219674051853000,20.27485302734375,-0.33874955773353577,-0.15551768243312836,1.4052739143371582
1749219674061844200,20.28484423828125,-0.3776490092277527,-0.11330898106098175,1.4843578338623047
1749219674071835100,20.294835205078126,-0.387149840593338,-0.06825654953718185,1.5489075183868408
1749219674081826000,20.304825927734374,-0.40739813446998596,-0.03254462778568268,1.6094012260437012
1749219674091816000,20.31481591796875,-0.4622267484664917,0.029795978218317032,1.6733980178833008
1749219674101807000,20.32480712890625,-0.49334871768951416,0.034152910113334656,1.717675805091858
1749219674111798000,20.334798095703125,-0.49835360050201416,-0.03454386070370674,1.77273428440094
1749219674121789000,20.344788818359376,-0.5040056109428406,-0.18155407905578613,1.8459341526031494
1749219674131780000,20.354780029296876,-0.5184221267700195,-0.35069596767425537,1.9362879991531372
1749219674141771000,20.36477099609375,-0.4834481477737427,-0.5510612726211548,2.0510449409484863
1749219674151762000,20.374761962890624,-0.4470491409301758,-0.7461639642715454,2.2142722606658936
1749219674161753000,20.384753173828123,-0.46234792470932007,-0.7659927606582642,2.4101462364196777
1749219674171743200,20.3947431640625,-0.47454386949539185,-0.7526847124099731,2.590108633041382
1749219674181734100,20.404734130859374,-0.5545188784599304,-0.8335667252540588,2.7331788539886475
1749219674191725000,20.41472509765625,-0.687545895576477,-1.0388120412826538,2.7703402042388916
1749219674201716000,20.424716064453126,-0.7195988893508911,-1.3269075155258179,2.9176180362701416
1749219674211707100,20.43470703125,-0.5669822096824646,-1.4508854150772095,2.977370500564575
1749219674221698000,20.444697998046873,-0.3796485364437103,-1.6710230112075806,2.9794859886169434
1749219674231689000,20.45468896484375,-0.2761503756046295,-1.8915131092071533,3.1656837463378906
1749219674241680100,20.46468017578125,-0.44333723187446594,-1.7414276599884033,3.254539966583252
1749219674251670000,20.474669921875,-0.7805682420730591,-1.6283373832702637,3.407399892807007
1749219674261661000,20.484660888671876,-0.662968635559082,-2.137683629989624,2.9510445594787598
1749219674271652000,20.494652099609375,-0.360584020614624,-2.2470953464508057,2.4890711307525635
1749219674281643300,20.504643310546875,-0.41063013672828674,-1.973578691482544,2.308161973953247
1749219674291634200,20.51463427734375,-0.5709793567657471,-1.5307139158248901,1.7901304960250854
1749219674301625000,20.524625,-0.4003303647041321,-1.1730114221572876,1.3702081441879272
1749219674311616300,20.5346162109375,-0.14271533489227295,-0.7504705190658569,1.0254770517349243
1749219674321607200,20.544607177734374,0.020774520933628082,-0.45311447978019714,0.22771039605140686
1749219674331597000,20.55459716796875,0.18011358380317688,-0.4073810875415802,-0.22582247853279114
1749219674341588000,20.564587890625,0.28639474511146545,-0.6323132514953613,-0.5807728171348572
1749219674351579000,20.574578857421876,0.3326687514781952,-0.8132902383804321,-0.9958187937736511
1749219674361570000,20.584570068359376,0.424919068813324,-0.9144507050514221,-1.441129446029663
1749219674371561000,20.59456103515625,0.5674554705619812,-0.8337814211845398,-1.8774089813232422
1749219674381551900,20.6045517578125,0.6788647770881653,-0.549098551273346,-2.251276731491089
1749219674391543000,20.61454296875,0.7559958100318909,-0.1604013890028,-2.643695116043091
1749219674401534200,20.6245341796875,0.8710241317749023,0.20019115507602692,-3.027153253555298
1749219674411524000,20.634524169921875,0.9965530037879944,0.5477089285850525,-3.3459763526916504
1749219674421515000,20.644514892578126,1.03012216091156,0.9069464206695557,-3.5615792274475098
1749219674431506200,20.654506103515626,0.9925795793533325,1.2238376140594482,-3.687845468521118
1749219674441497000,20.6644970703125,0.955264151096344,1.237074851989746,-3.7256696224212646
1749219674451488000,20.674488037109374,0.8977854251861572,0.9756352305412292,-3.9661073684692383
1749219674461479000,20.68447900390625,0.7988995909690857,0.8078936338424683,-4.239716053009033
1749219674471470000,20.694469970703125,0.7899510860443115,0.8114566802978516,-4.398914337158203
1749219674481461000,20.7044609375,0.7985544204711914,0.8264398574829102,-4.547098636627197
1749219674491451100,20.714451171875,0.7225587368011475,0.8689026236534119,-4.657601356506348
1749219674501442000,20.724442138671876,0.6204925775527954,1.0112560987472534,-4.777505874633789
1749219674511433200,20.73443310546875,0.5928241610527039,1.2432794570922852,-4.880749225616455
1749219674521424100,20.744424072265623,0.6485092639923096,1.4509189128875732,-4.9865007400512695
1749219674531415000,20.7544150390625,0.713175892829895,1.541191577911377,-4.99501895904541
1749219674541406200,20.76440625,0.7554330825805664,1.53493070602417,-4.952036380767822
1749219674551397000,20.774397216796874,0.8129805326461792,1.4994542598724365,-4.897245407104492
1749219674561388000,20.784387939453126,0.9229333996772766,1.4256244897842407,-4.828150272369385
1749219674571378000,20.7943779296875,1.0404200553894043,1.3040152788162231,-4.738391876220703
1749219674581369000,20.804369140625,1.143991231918335,1.1523069143295288,-4.6146955490112305
1749219674591360000,20.814360107421876,1.2330055236816406,1.0134332180023193,-4.482945919036865
1749219674601351000,20.824350830078124,1.352308750152588,0.8590524196624756,-4.343009948730469
1749219674611342000,20.834342041015624,1.5002564191818237,0.7213717699050903,-4.216277122497559
1749219674621333000,20.8443330078125,1.6546512842178345,0.5649158358573914,-4.079207897186279
1749219674631324000,20.854323974609375,1.7914674282073975,0.3799811601638794,-3.9351930618286133
1749219674641314800,20.864314697265623,1.8647818565368652,0.16532477736473083,-3.7569637298583984
1749219674651305700,20.8743056640625,1.8811299800872803,-0.17230652272701263,-3.539811611175537
1749219674661295900,20.8842958984375,1.8120590448379517,-0.4885593056678772,-3.242629289627075
1749219674671286800,20.894286865234374,1.6489028930664062,-0.6464043259620667,-2.9686074256896973
1749219674681277700,20.904277587890626,1.5548311471939087,-0.8014551401138306,-2.7439866065979004
1749219674691268600,20.9142685546875,1.6025928258895874,-1.1590337753295898,-2.5056557655334473
1749219674701259800,20.924259765625,1.6828794479370117,-1.6134161949157715,-2.189565658569336
1749219674711250700,20.934250732421877,1.706457257270813,-1.8726863861083984,-1.8641400337219238
1749219674721241600,20.94424169921875,1.6555607318878174,-1.8663115501403809,-1.556068778038025
1749219674731232800,20.954232666015624,1.539992094039917,-1.608446478843689,-1.292761206626892
1749219674741223000,20.964222900390624,1.3489617109298706,-1.1900790929794312,-0.9691658616065979
1749219674751213800,20.9742138671875,1.0581495761871338,-0.6662464737892151,-0.5880510210990906
1749219674761204700,20.984204833984375,0.7700229287147522,-0.21593070030212402,-0.2202916294336319
1749219674771196000,20.99419580078125,0.5517358779907227,0.05974961817264557,0.14524240791797638
1749219674781186800,21.004186767578126,0.36135393381118774,0.23610174655914307,0.49100062251091003
1749219674791177700,21.014177734375,0.1764804869890213,0.4271068572998047,0.8929320573806763
1749219674801168600,21.024168701171874,-0.043839626014232635,0.7087470293045044,1.295300006866455
1749219674811159800,21.034159912109374,-0.28454944491386414,1.0085487365722656,1.6569498777389526
1749219674821150000,21.04414990234375,-0.4992327094078064,1.179261565208435,2.0935213565826416
1749219674831140900,21.054140869140625,-0.46307283639907837,1.0398008823394775,2.1830177307128906
1749219674841131800,21.0641318359375,-0.8147597908973694,1.230080246925354,3.0969319343566895
1749219674851123000,21.074123046875,-1.1343921422958374,1.496672511100769,2.42913556098938
1749219674861113900,21.08411376953125,-0.3839370012283325,0.4393105208873749,1.9281840324401855
1749219674871104800,21.094104736328124,-1.0570600032806396,0.7857035994529724,2.369842052459717
1749219674881096000,21.104095947265623,-1.9247597455978394,3.2871029376983643,2.6350505352020264
1749219674891086800,21.1140869140625,-1.8275727033615112,6.238239765167236,2.6485605239868164
1749219674901076700,21.12407666015625,-1.1904348134994507,5.9943366050720215,2.7462987899780273
1749219674911067600,21.134067626953126,-0.7904131412506104,4.4543609619140625,3.2442996501922607
1749219674921058600,21.14405859375,-0.657060444355011,3.412627696990967,3.162593364715576
1749219674931049700,21.1540498046875,-0.4880881905555725,2.189767360687256,3.0772337913513184
1749219674941040600,21.16404052734375,-0.2330644130706787,1.4580819606781006,3.1885194778442383
1749219674951031800,21.17403173828125,-0.31299707293510437,0.99605393409729,2.8062527179718018
1749219674961023000,21.18402294921875,-0.3488820791244507,-0.8721676468849182,2.8156893253326416
1749219674971014000,21.194013916015624,-0.27176547050476074,-1.8812437057495117,2.494154691696167
1749219674981003800,21.204003662109375,-0.2016921043395996,-1.3221611976623535,2.298976421356201
1749219674990994700,21.21399462890625,-0.20981527864933014,-0.18362149596214294,1.9600191116333008
1749219675000985900,21.22398583984375,-0.052618470042943954,0.7752456665039062,1.8165022134780884
1749219675010976800,21.233976806640626,0.08918606489896774,1.1115554571151733,1.6510403156280518
1749219675020967700,21.2439677734375,0.12396802008152008,0.9780770540237427,1.5126038789749146
1749219675030958600,21.25395849609375,0.1251392811536789,0.7593814730644226,1.3694608211517334
1749219675040949800,21.26394970703125,0.15034423768520355,0.5432147979736328,1.245996356010437
1749219675050940700,21.273940673828125,0.134512796998024,-0.05134414881467819,1.1159441471099854
1749219675060931600,21.283931640625,0.08211378008127213,-0.8000854849815369,1.0060492753982544
1749219675070921700,21.293921630859376,0.03339603915810585,-0.8882060050964355,0.9145146012306213
1749219675080913000,21.303912841796876,0.03220187872648239,-0.39985552430152893,0.8223180770874023
1749219675090903800,21.31390380859375,-0.013996242545545101,0.205790713429451,0.7735950350761414
1749219675100894700,21.323894775390624,-0.046613309532403946,0.42922165989875793,0.7406653165817261
1749219675110886000,21.333885986328124,-0.06012964993715286,0.2636510729789734,0.7590981125831604
1749219675120876800,21.343876708984375,-0.02202833630144596,-0.026363430544734,0.7852458357810974
1749219675130867700,21.35386767578125,0.04818537086248398,-0.3906724154949188,0.792382538318634
1749219675140859000,21.36385888671875,0.07192105799913406,-0.6841112375259399,0.8098416924476624
1749219675150848800,21.373848876953126,0.06245804950594902,-0.7741425633430481,0.8630396723747253
1749219675160839700,21.383839599609374,0.03291134536266327,-0.6289361119270325,0.8919914364814758
1749219675170830800,21.393830810546874,0.013512080535292625,-0.4902448058128357,0.9313593506813049
1749219675180821800,21.40382177734375,-0.04791239649057388,-0.34785357117652893,0.9808267951011658
1749219675190813000,21.41381298828125,-0.08342405408620834,-0.255685031414032,1.0209970474243164
1749219675200803800,21.423803955078125,-0.07168430835008621,-0.2668234407901764,1.0679725408554077
1749219675210794800,21.433794677734376,-0.08587203174829483,-0.33729255199432373,1.1082768440246582
1749219675220786000,21.443785888671876,-0.09821738302707672,-0.40279272198677063,1.1519633531570435
1749219675230775800,21.45377587890625,-0.11185915768146515,-0.4370279312133789,1.194223165512085
1749219675240766700,21.4637666015625,-0.0986165851354599,-0.3951451778411865,1.2042944431304932
1749219675250757600,21.473757568359375,-0.09462690353393555,-0.3320772647857666,1.1907000541687012
1749219675260748800,21.483748779296874,-0.08333110809326172,-0.29622021317481995,1.164543867111206
1749219675270739700,21.49373974609375,-0.052138302475214005,-0.39647090435028076,1.1355111598968506
1749219675280730600,21.503730712890626,-0.01992683671414852,-0.5871854424476624,1.1157201528549194
1749219675290721500,21.513721435546874,0.008194812573492527,-0.7685536742210388,1.1036057472229004
1749219675300712700,21.523712646484373,0.027397802099585533,-0.8960402607917786,1.0987443923950195
1749219675310702800,21.533702880859376,0.028505943715572357,-0.9711565971374512,1.1458537578582764
1749219675320693800,21.54369384765625,-0.023265108466148376,-0.9347567558288574,1.2286299467086792
1749219675330684700,21.5536845703125,-0.14478488266468048,-0.7859699130058289,1.3807536363601685
1749219675340675800,21.56367578125,-0.2828255891799927,-0.5704240798950195,1.521613597869873
1749219675350666800,21.573666748046875,-0.4668649137020111,-0.2817717492580414,1.7291254997253418
1749219675360657700,21.58365771484375,-0.6743866801261902,-0.13441692292690277,1.9480549097061157
1749219675370648800,21.59364892578125,-0.8438587784767151,-0.20730258524417877,2.217979907989502
1749219675380639700,21.6036396484375,-0.9274847507476807,-0.3882486820220947,2.4957196712493896
1749219675390630700,21.613630615234374,-0.9271374344825745,-0.4732093811035156,2.73586106300354
1749219675400620800,21.623620849609374,-0.8676480054855347,-0.48102468252182007,2.9642109870910645
1749219675410612000,21.633612060546874,-0.7530527114868164,-0.5123106837272644,3.1663830280303955
1749219675420603000,21.643602783203125,-0.593408465385437,-0.7345336675643921,3.323793649673462
1749219675430593800,21.65359375,-0.4296048879623413,-1.2621676921844482,3.5008766651153564
1749219675440584700,21.663584716796876,-0.5288609266281128,-1.8972162008285522,3.5086660385131836
1749219675450576000,21.673575927734376,-0.803732693195343,-2.2761006355285645,3.5490503311157227
1749219675460566800,21.68356689453125,-0.8668370842933655,-2.1910817623138428,3.607043504714966
1749219675470557700,21.6935576171875,-0.6807279586791992,-1.996903657913208,3.5012803077697754
1749219675480548900,21.703548828125,-0.5023406147956848,-2.083603858947754,3.7117865085601807
1749219675490538800,21.713538818359375,-0.346612811088562,-2.4161288738250732,3.522702693939209
1749219675500529700,21.72352978515625,-0.3210078477859497,-2.677480697631836,3.256798028945923
1749219675510520600,21.7335205078125,-0.4787689745426178,-3.1492228507995605,3.1008846759796143
1749219675520511700,21.74351171875,-0.7774190306663513,-3.13116192817688,3.345209836959839
1749219675530503000,21.7535029296875,-0.6063077449798584,-3.0224416255950928,2.531900405883789
1749219675540493800,21.763493896484373,-0.055324241518974304,-2.7017135620117188,1.7590652704238892
1749219675550484700,21.773484619140625,0.26538267731666565,-1.699743390083313,1.5014777183532715
1749219675560476000,21.783475830078125,0.3303009569644928,-0.6852601170539856,0.7328435778617859
1749219675570465800,21.7934658203125,0.4047949016094208,-0.13324007391929626,0.09185056388378143
1749219675580456700,21.803456787109376,0.5288691520690918,0.06054004281759262,-0.2914435565471649
1749219675590447600,21.813447509765624,0.6391107439994812,0.2984766960144043,-0.7287095785140991
1749219675600438800,21.823438720703123,0.7933894991874695,0.5007120966911316,-1.178155779838562
1749219675610429700,21.8334296875,0.9487116932868958,0.6583118438720703,-1.6332341432571411
1749219675620420000,21.843420166015626,1.0691872835159302,0.8366227149963379,-2.0282070636749268
1749219675630411300,21.853411376953126,1.2185237407684326,0.9452027082443237,-2.4196653366088867
1749219675640402400,21.86340234375,1.4059761762619019,0.9765798449516296,-2.7838499546051025
1749219675650392300,21.873392333984373,1.59029221534729,0.9749321341514587,-3.1067113876342773
1749219675660383200,21.88338330078125,1.7557573318481445,1.0113223791122437,-3.412574052810669
1749219675670374400,21.89337451171875,1.8107799291610718,1.103591799736023,-3.6301002502441406
1749219675680365300,21.903365234375,1.7835549116134644,1.1764588356018066,-3.8296291828155518
1749219675690356200,21.913356201171876,1.7560501098632812,1.1984875202178955,-4.012881278991699
1749219675700347400,21.923347412109376,1.6630537509918213,1.1684699058532715,-4.23394775390625
1749219675710338300,21.93333837890625,1.554892659187317,1.062609314918518,-4.490685939788818
1749219675720329200,21.9433291015625,1.543206810951233,0.696897566318512,-4.658321380615234
1749219675730320100,21.953320068359375,1.5946848392486572,0.18789267539978027,-4.807789325714111
1749219675740310500,21.963310546875,1.592841386795044,-0.2821057140827179,-4.969990253448486
1749219675750301400,21.973301513671874,1.5656465291976929,-0.7100701332092285,-5.108259201049805
1749219675760292400,21.983292236328126,1.5725747346878052,-1.116217851638794,-5.223459243774414
1749219675770283300,21.993283203125,1.6231205463409424,-1.3759334087371826,-5.323747158050537
1749219675780274400,22.0032744140625,1.6812869310379028,-1.3465107679367065,-5.409878253936768
1749219675790265300,22.013265380859377,1.701316475868225,-1.0837246179580688,-5.464256763458252
1749219675800256300,22.02325634765625,1.6806902885437012,-0.6803447008132935,-5.490921974182129
1749219675810247400,22.033247314453124,1.6449581384658813,-0.20142099261283875,-5.508521556854248
1749219675820237300,22.0432373046875,1.6085176467895508,0.25542110204696655,-5.524721145629883
1749219675830228200,22.053228271484375,1.5672423839569092,0.5300194025039673,-5.513062953948975
1749219675840219100,22.06321923828125,1.5234216451644897,0.5870137214660645,-5.455137252807617
1749219675850210300,22.073210205078126,1.4462705850601196,0.4824334979057312,-5.223672866821289
1749219675860201500,22.083201416015626,1.3824626207351685,0.32136818766593933,-4.751437664031982
1749219675870192400,22.0931923828125,1.2427409887313843,0.332528680562973,-4.5675950050354
1749219675880183300,22.103183349609374,1.0773357152938843,0.4232460558414459,-4.0408501625061035
1749219675890174500,22.113174560546874,0.943761944770813,0.6265190243721008,-3.6385693550109863
1749219675900165400,22.123165283203125,0.9871981143951416,0.7816289663314819,-3.2727255821228027
1749219675910155300,22.1331552734375,1.075087547302246,0.9332299828529358,-2.8465993404388428
1749219675920146200,22.143146240234376,1.0035654306411743,1.1793465614318848,-2.473268985748291
1749219675930137300,22.153137451171876,0.7439196705818176,1.2270021438598633,-1.9875930547714233
1749219675940128300,22.163128173828124,0.3934173285961151,1.1662712097167969,-1.3878153562545776
1749219675950119200,22.173119140625,0.1177026629447937,1.0741950273513794,-0.7407782077789307
1749219675960110300,22.1831103515625,-0.04057672247290611,0.7683270573616028,0.0009869674686342478
1749219675970101200,22.193101318359375,-0.22391751408576965,0.45109421014785767,0.9099400639533997
1749219675980092200,22.203092041015626,-0.2643911838531494,0.13364887237548828,1.2678519487380981
1749219675990082300,22.213082275390626,-0.289716511964798,-0.12993589043617249,2.317624092102051
1749219676000073200,22.2230732421875,-1.1593424081802368,0.2231593132019043,2.533383846282959
1749219676010064400,22.233064453125,-1.6030402183532715,-0.5507771372795105,2.0440258979797363
1749219676020055300,22.24305517578125,-1.2197825908660889,-0.4145713448524475,3.3251876831054688
1749219676030046200,22.253046142578125,-0.9368763566017151,1.8875561952590942,3.085347890853882
1749219676040037400,22.263037353515625,-0.797154426574707,2.916229486465454,3.2579381465911865
1749219676050028300,22.2730283203125,-0.6703535914421082,1.146178126335144,3.168010711669922
1749219676060019200,22.283019287109376,-0.6460237503051758,0.6362651586532593,2.847015380859375
1749219676070009300,22.29300927734375,-0.2717132568359375,1.1630938053131104,2.9348366260528564
1749219676080000500,22.30300048828125,0.17068812251091003,1.1315499544143677,2.784656286239624
1749219676089991400,22.312991455078127,-0.2353280931711197,1.2422000169754028,2.4547665119171143
1749219676099982300,22.322982421875,-0.5273621082305908,0.9456368088722229,2.407351493835449
1749219676109973500,22.332973388671874,-0.4336145520210266,0.7845078706741333,2.1223983764648438
1749219676119964400,22.34296435546875,-0.12559467554092407,0.05181259661912918,2.030609369277954
1749219676129955300,22.352955322265625,-0.11434122174978256,-1.0167090892791748,1.915740966796875
1749219676139946200,22.3629462890625,-0.21996751427650452,-1.4010943174362183,1.8207513093948364
1749219676149937400,22.3729375,-0.11464269459247589,-1.095281958580017,1.6643023490905762
1749219676159927300,22.38292724609375,0.03857242688536644,-0.2311788946390152,1.4437347650527954
1749219676169918200,22.392918212890624,-0.08603155612945557,0.8176271915435791,1.3406072854995728
1749219676179909000,22.4029091796875,-0.2143130898475647,1.3464428186416626,1.2381608486175537
1749219676189900300,22.412900390625,-0.2131034880876541,1.5357706546783447,1.1496632099151611
1749219676199891500,22.422891357421875,-0.18554988503456116,1.4988547563552856,1.0670714378356934
1749219676209882400,22.43288232421875,-0.1320565640926361,1.058138370513916,1.0203875303268433
1749219676219873500,22.44287353515625,-0.08732931315898895,0.37779682874679565,0.9786165952682495
1749219676229864400,22.452864501953126,-0.054780956357717514,-0.1993626356124878,0.9495407342910767
1749219676239855400,22.46285546875,-0.02273940108716488,-0.5134366750717163,0.9293939471244812
1749219676249845200,22.47284521484375,0.0007912251749075949,-0.542515754699707,0.9106317162513733
1749219676259836200,22.482836181640625,0.02088930271565914,-0.3512277901172638,0.9002892971038818
1749219676269827300,22.492827392578125,0.010920558124780655,-0.10194980353116989,0.8906534910202026
1749219676279818200,22.502818359375,-0.02033563144505024,0.06994153559207916,0.8867878913879395
1749219676289809200,22.51280908203125,-0.03610820323228836,0.08022719621658325,0.884584903717041
1749219676299800300,22.52280029296875,-0.031038343906402588,-0.023541012778878212,0.8804793953895569
1749219676309791200,22.532791259765624,-0.01763092540204525,-0.15951162576675415,0.8924928903579712
1749219676319782100,22.5427822265625,-0.01716007851064205,-0.25447383522987366,0.9036718010902405
1749219676329772300,22.552772216796875,-0.03235793858766556,-0.2783051133155823,0.9183807373046875
1749219676339763500,22.562763427734374,-0.03858228027820587,-0.25152891874313354,0.9278639554977417
1749219676349754400,22.57275439453125,-0.0389452688395977,-0.19441048800945282,0.9496704339981079
1749219676359745300,22.582745361328126,-0.04920642822980881,-0.13458684086799622,0.9558513760566711
1749219676369736200,22.592736083984374,-0.07121266424655914,-0.07530460506677628,0.9672313332557678
1749219676379727400,22.602727294921873,-0.08611943572759628,-0.027486750856041908,0.973349928855896
1749219676389718300,22.61271826171875,-0.0978298932313919,0.01607670448720455,0.9790576100349426
1749219676399709200,22.622709228515625,-0.10951664298772812,0.003829625668004155,0.9800299406051636
1749219676409700400,22.632700439453124,-0.12407560646533966,-0.02263207547366619,0.991354763507843
1749219676419690500,22.6426904296875,-0.12916038930416107,-0.08608881384134293,0.9963383674621582
1749219676429681400,22.652681396484375,-0.1431126892566681,-0.12687672674655914,1.0038667917251587
1749219676439672300,22.66267236328125,-0.15372245013713837,-0.14840145409107208,1.0188229084014893
1749219676449663500,22.67266357421875,-0.1589779257774353,-0.14247645437717438,1.0332878828048706
1749219676459654400,22.682654296875,-0.14326421916484833,-0.16467416286468506,1.0395468473434448
1749219676469645300,22.692645263671874,-0.1411059945821762,-0.17215019464492798,1.0295668840408325
1749219676479636500,22.702636474609374,-0.13231302797794342,-0.1976102739572525,1.0167903900146484
1749219676489627400,22.71262744140625,-0.10660979896783829,-0.2658306062221527,1.0024503469467163
1749219676499617300,22.7226171875,-0.0826093927025795,-0.4045557379722595,0.9775023460388184
1749219676509608200,22.732608154296877,-0.08725474029779434,-0.5497182607650757,0.9674875140190125
1749219676519599000,22.74259912109375,-0.12717606127262115,-0.6148357391357422,1.002334713935852
1749219676529590300,22.75259033203125,-0.18808895349502563,-0.5970391631126404,1.0787256956100464
1749219676539581200,22.762581298828124,-0.2833539545536041,-0.48425403237342834,1.1944876909255981
1749219676549572400,22.772572265625,-0.4187581241130829,-0.2678503394126892,1.3354748487472534
1749219676559563500,22.7825634765625,-0.5976788401603699,-0.03393985703587532,1.4798551797866821
1749219676569554400,22.792554443359375,-0.7386261224746704,0.17026254534721375,1.6524165868759155
1749219676579545300,22.80254541015625,-0.7875849008560181,0.20399360358715057,1.83512282371521
1749219676589535200,22.81253515625,-0.7858892679214478,0.030124345794320107,2.042862892150879
1749219676599526400,22.8225263671875,-0.7738370895385742,-0.19529332220554352,2.244748115539551
1749219676609517300,22.832517333984374,-0.7662484049797058,-0.36302852630615234,2.452723503112793
1749219676619508200,22.84250830078125,-0.7689502239227295,-0.49594584107398987,2.6338388919830322
1749219676629500000,22.8525,-0.78752601146698,-0.640922486782074,2.790907859802246
1749219676639491000,22.862490966796877,-0.8976189494132996,-0.7441425919532776,2.7763144969940186
1749219676649482000,22.87248193359375,-1.0925261974334717,-0.7394522428512573,2.8306632041931152
1749219676659473000,22.882472900390624,-1.0042450428009033,-0.746435284614563,2.846062183380127
1749219676669463000,22.892463134765624,-0.7261742353439331,-0.8541926741600037,3.0044703483581543
1749219676679454200,22.9024541015625,-0.7498500347137451,-1.014971375465393,3.189828634262085
1749219676689445000,22.912445068359375,-0.8225439190864563,-1.1662205457687378,3.0014030933380127
1749219676699436000,22.92243603515625,-0.6458394527435303,-1.248839020729065,3.1785905361175537
1749219676709427200,22.93242724609375,-0.4979807734489441,-1.4542121887207031,2.8420352935791016
1749219676719418000,22.942418212890626,-0.4347248375415802,-1.989347219467163,2.065687656402588
1749219676729409000,22.952408935546874,-0.391964316368103,-2.3027822971343994,1.7574535608291626
1749219676739400000,22.96239990234375,-0.6549272537231445,-1.4919164180755615,2.354316234588623
1749219676749391000,22.97239111328125,-0.8475515246391296,-0.5465459227561951,1.9323582649230957
1749219676759381000,22.982381103515625,-0.4397507309913635,-0.053879741579294205,0.8148042559623718
1749219676769372000,22.992371826171876,0.3296319544315338,0.032825324684381485,0.522566020488739
1749219676779362800,23.00236279296875,0.5761317610740662,0.1440538465976715,0.2079654484987259
1749219676789354000,23.01235400390625,0.5621368288993835,-0.034497521817684174,-0.6902921199798584
1749219676799345000,23.022344970703124,0.7247401475906372,-0.592740535736084,-1.1524922847747803
1749219676809336000,23.032336181640623,1.0042330026626587,-1.1086137294769287,-1.4478386640548706
1749219676819327200,23.0423271484375,1.2488933801651,-1.1193639039993286,-1.91180419921875
1749219676829318100,23.052318115234375,1.421113133430481,-0.8692773580551147,-2.296738862991333
1749219676839309000,23.06230908203125,1.5694838762283325,-0.578173041343689,-2.664685010910034
1749219676849299000,23.072298828125,1.6828815937042236,-0.21621432900428772,-2.966437339782715
1749219676859290000,23.0822900390625,1.761029601097107,0.2920406460762024,-3.321936845779419
1749219676869281000,23.092281005859373,1.7951120138168335,0.7673813104629517,-3.5750694274902344
1749219676879272000,23.10227197265625,1.8046733140945435,1.0373108386993408,-3.741839647293091
1749219676889262800,23.112262939453124,1.7748773097991943,1.1592473983764648,-3.897484302520752
1749219676899254000,23.12225390625,1.6668277978897095,1.0740292072296143,-4.086605548858643
1749219676909245000,23.132244873046876,1.5251073837280273,0.8783320784568787,-4.258069038391113
1749219676919235800,23.14223583984375,1.452581524848938,0.5759701132774353,-4.345652103424072
1749219676929226000,23.15222607421875,1.4295734167099,0.1842004656791687,-4.3835062980651855
1749219676939217200,23.162217041015627,1.4395672082901,-0.11056645959615707,-4.44033670425415
1749219676949208000,23.1722080078125,1.4715427160263062,-0.2052122801542282,-4.5098490715026855
1749219676959199000,23.182198974609374,1.4946386814117432,-0.16275030374526978,-4.552157402038574
1749219676969190100,23.192190185546874,1.4905688762664795,-0.07312188297510147,-4.583798408508301
1749219676979181000,23.20218115234375,1.4809705018997192,0.04033543914556503,-4.578298568725586
1749219676989172000,23.212171875,1.4729677438735962,0.223405659198761,-4.566641807556152
1749219676999163000,23.222162841796877,1.4862217903137207,0.4387747049331665,-4.556402206420898
1749219677009154000,23.232154052734376,1.495176911354065,0.6157217621803284,-4.518619537353516
1749219677019144000,23.24214404296875,1.4764423370361328,0.6841098666191101,-4.427042484283447
1749219677029135000,23.252135009765624,1.4409363269805908,0.6400934457778931,-4.296684741973877
1749219677039126000,23.2621259765625,1.438446283340454,0.49897438287734985,-4.1063923835754395
1749219677049117200,23.2721171875,1.4381964206695557,0.36686936020851135,-3.898486614227295
1749219677059108000,23.282108154296875,1.4089778661727905,0.2807789444923401,-3.676914691925049
1749219677069099000,23.29209912109375,1.3465999364852905,0.23404419422149658,-3.4504528045654297
1749219677079090200,23.302090087890626,1.2445958852767944,0.272422730922699,-3.222205877304077
1749219677089081000,23.3120810546875,1.117467999458313,0.3746076822280884,-3.0163779258728027
1749219677099071000,23.322071044921874,1.0014455318450928,0.4885145425796509,-2.824488401412964
1749219677109062000,23.332061767578125,0.8949651122093201,0.5611876845359802,-2.6100473403930664
1749219677119053000,23.342052978515625,0.7821517586708069,0.6039924025535583,-2.3634896278381348
1749219677129044000,23.3520439453125,0.6831311583518982,0.5805935859680176,-2.0760791301727295
1749219677139035000,23.362034912109376,0.6046544909477234,0.44729867577552795,-1.7561203241348267
1749219677149025800,23.37202587890625,0.5465051531791687,0.22840867936611176,-1.4211080074310303
1749219677159017000,23.382016845703124,0.4745374917984009,0.039853405207395554,-1.0909130573272705
1749219677169008000,23.392008056640623,0.359132319688797,-0.003328418591991067,-0.7769311666488647
1749219677178999000,23.4019990234375,0.24812112748622894,0.08673063665628433,-0.5115823149681091
1749219677188989000,23.411989013671874,0.12680934369564056,0.2301969826221466,-0.26053571701049805
1749219677198980000,23.42197998046875,0.013098224997520447,0.4211887717247009,-0.05377348139882088
1749219677208971000,23.431970947265626,-0.06470682471990585,0.6119874715805054,0.14037388563156128
1749219677218962000,23.4419619140625,-0.09881100058555603,0.7637882232666016,0.25319311022758484
1749219677228953000,23.451953125,-0.09414247423410416,0.7880885004997253,0.3882233798503876
1749219677238944000,23.461944091796877,-0.1196422427892685,0.686124861240387,0.5655409097671509
1749219677248935000,23.471934814453125,-0.112422414124012,0.5423146486282349,0.7138984203338623
1749219677258925800,23.48192578125,-0.04115302860736847,0.4109390676021576,0.8135821223258972
1749219677268916200,23.491916259765624,0.659531831741333,-0.3856866955757141,0.9291894435882568
1749219677278907100,23.5019072265625,0.5006220936775208,-2.258599281311035,-0.42811378836631775
1749219677288898000,23.51189794921875,-1.1595275402069092,-1.0614838600158691,1.2537323236465454
1749219677298889000,23.521888916015627,-1.4614269733428955,3.95046329498291,1.892610788345337
1749219677308880100,23.531880126953126,-1.268396258354187,6.566922664642334,2.4852182865142822
1749219677318871000,23.54187109375,-0.42818090319633484,2.424769878387451,2.845791816711426
1749219677328862000,23.551862060546874,-0.6590716242790222,0.8832786679267883,2.637882709503174
1749219677338853000,23.56185302734375,-0.6870537400245667,0.9802547097206116,2.3312501907348633
1749219677348844000,23.571843994140625,-0.31902724504470825,-0.6010570526123047,2.120697259902954
1749219677358834000,23.581833984375,-0.16065412759780884,-2.9032554626464844,2.1451492309570312
1749219677368824800,23.591824951171876,-0.11423682421445847,-3.6100423336029053,2.0530965328216553
1749219677378816000,23.60181591796875,-0.12791934609413147,-3.1279454231262207,1.9117413759231567
1749219677388807200,23.61180712890625,-0.25454893708229065,-1.9547910690307617,1.6369450092315674
1749219677398798000,23.621798095703124,-0.5875042676925659,-0.21654269099235535,1.3987172842025757
1749219677408789000,23.6317890625,-0.6777023077011108,1.6376004219055176,1.1626964807510376
1749219677418780200,23.6417802734375,-0.7056154608726501,2.788536548614502,0.9952861666679382
1749219677428771000,23.65177099609375,-0.6123829483985901,3.2050862312316895,0.8802767395973206
1749219677438762000,23.661761962890626,-0.3547136187553406,2.868377685546875,0.8811265230178833
1749219677448751900,23.671751953125,-0.11838363111019135,1.862328290939331,0.8694227337837219
1749219677458743000,23.681742919921874,-0.05453488230705261,0.5422438383102417,0.9255619049072266
1749219677468734000,23.69173388671875,0.014271081425249577,-0.5274558067321777,0.9350898861885071
1749219677478724900,23.701724853515625,-0.009386044926941395,-0.9445630311965942,0.8629464507102966
1749219677488716000,23.711716064453125,-0.10988388955593109,-0.7093423008918762,0.8104494214057922
1749219677498707000,23.72170703125,-0.2866634428501129,0.04322123900055885,0.758972704410553
1749219677508698000,23.731697998046876,-0.37725406885147095,0.7753143906593323,0.6500089168548584
1749219677518689000,23.74168896484375,-0.3029281795024872,1.2004939317703247,0.6721581220626831
1749219677528679200,23.75167919921875,-0.20947705209255219,1.3299349546432495,0.6624748706817627
1749219677538670000,23.761670166015627,-0.10048799216747284,1.0630459785461426,0.6788631677627563
1749219677548661000,23.771660888671875,0.029172265902161598,0.5385404229164124,0.7161168456077576
1749219677558652000,23.78165185546875,0.1131470575928688,-0.012830577790737152,0.734767496585846
1749219677568643000,23.79164306640625,0.1550513654947281,-0.48316293954849243,0.7503871917724609
1749219677578634000,23.801634033203126,0.15300951898097992,-0.8013103008270264,0.7412879467010498
1749219677588625000,23.811625,0.12001828104257584,-0.8763139247894287,0.750976026058197
1749219677598616000,23.821615966796877,0.08382619172334671,-0.6637257933616638,0.7362364530563354
1749219677608607000,23.83160693359375,0.014654044061899185,-0.2657078504562378,0.7134369015693665
1749219677618597000,23.84159716796875,-0.04261723533272743,0.11335798352956772,0.7392831444740295
1749219677628588000,23.851588134765624,-0.06736838817596436,0.4468105137348175,0.7820249795913696
1749219677638579000,23.861578857421875,-0.09221887588500977,0.7363086342811584,0.815680980682373
1749219677648569900,23.87156982421875,-0.10940904915332794,0.8026085495948792,0.8173129558563232
1749219677658561000,23.88156103515625,-0.11139017343521118,0.6574524641036987,0.8281501531600952
1749219677668552000,23.891552001953126,-0.11843263357877731,0.3923147916793823,0.8277096748352051
1749219677678542800,23.90154296875,-0.13407018780708313,0.15110082924365997,0.8043649196624756
1749219677688533800,23.91153369140625,-0.14097070693969727,0.01119006983935833,0.7837904095649719
1749219677698525000,23.92152490234375,-0.14761635661125183,-0.03347327187657356,0.7434650659561157
1749219677708514800,23.931514892578125,-0.1466221958398819,-0.03309670090675354,0.7259558439254761
1749219677718506000,23.941506103515625,-0.15070535242557526,-0.0005427522119134665,0.698464035987854
1749219677728497000,23.951496826171876,-0.15612542629241943,0.01011175662279129,0.6821748614311218
1749219677738488000,23.961488037109376,-0.1395813375711441,-0.014639928936958313,0.6741347312927246
1749219677748479000,23.97147900390625,-0.11671223491430283,-0.0755927637219429,0.6774935126304626
1749219677758470000,23.981469970703124,-0.107387974858284,-0.13867531716823578,0.6849421262741089
1749219677768461000,23.9914609375,-0.10531870275735855,-0.18939682841300964,0.6833788752555847
1749219677778452000,24.001451904296875,-0.1168360710144043,-0.22110149264335632,0.6781731843948364
1749219677788443000,24.01144287109375,-0.1370992660522461,-0.24139530956745148,0.6791750192642212
1749219677798432800,24.021432861328126,-0.14692339301109314,-0.21560552716255188,0.682392954826355
1749219677808424000,24.031423828125,-0.16229330003261566,-0.17724108695983887,0.6887592077255249
1749219677818414800,24.041414794921874,-0.18121106922626495,-0.18425506353378296,0.7017509341239929
1749219677828405800,24.05140576171875,-0.18292507529258728,-0.2278912216424942,0.7047126293182373
1749219677838396700,24.061396728515625,-0.16685210168361664,-0.1674576997756958,0.704883873462677
1749219677848387800,24.071387939453125,-0.17117494344711304,-0.1461377739906311,0.6861927509307861
1749219677858379000,24.08137890625,-0.18879468739032745,-0.12108355015516281,0.6827085018157959
1749219677868370000,24.091369873046876,-0.19201017916202545,-0.12323005497455597,0.6742649674415588
1749219677878361000,24.101361083984376,-0.18988284468650818,-0.1380617320537567,0.6636632084846497
1749219677888351000,24.11135107421875,-0.20082871615886688,-0.14667998254299164,0.6553347110748291
1749219677898342000,24.121341796875,-0.20805306732654572,-0.15257516503334045,0.6514912247657776
1749219677908332800,24.131332763671875,-0.21460524201393127,-0.14665229618549347,0.6429989337921143
1749219677918324000,24.141323974609374,-0.21473786234855652,-0.13590030372142792,0.635919988155365
1749219677928315000,24.15131494140625,-0.22176888585090637,-0.12418746203184128,0.6346163749694824
1749219677938305800,24.161305908203126,-0.23661386966705322,-0.12642371654510498,0.6329745054244995
1749219677948296700,24.171296630859374,-0.23928022384643555,-0.1212819516658783,0.6314200162887573
1749219677958288000,24.181287841796873,-0.23902589082717896,-0.09773055464029312,0.6321989893913269
1749219677968278800,24.19127880859375,-0.25796735286712646,-0.11167300492525101,0.6336730718612671
1749219677978269000,24.20126904296875,-0.28682830929756165,-0.13967454433441162,0.6450602412223816
1749219677988259800,24.211259765625,-0.3192853033542633,-0.15217915177345276,0.6442170739173889
1749219677998251000,24.2212509765625,-0.34705597162246704,-0.1370079219341278,0.6424425840377808
1749219678008242000,24.231241943359375,-0.3819921016693115,-0.10371387749910355,0.642499566078186
1749219678018232800,24.24123291015625,-0.40572085976600647,-0.08334389328956604,0.6659300923347473
1749219678028224000,24.25122412109375,-0.40511447191238403,-0.11059974879026413,0.6849381327629089
1749219678038215000,24.26121484375,-0.48684608936309814,-0.16056624054908752,0.6861205697059631
1749219678048205800,24.271205810546874,-0.6059724688529968,-0.16571572422981262,0.6734908223152161
1749219678058196700,24.28119677734375,-0.6315209865570068,-0.10312611609697342,0.6569024920463562
1749219678068187000,24.291186767578125,-0.630693256855011,-0.01792387291789055,0.6312799453735352
1749219678078178000,24.301177978515625,-0.6179684400558472,0.00007643271965207532,0.6074872612953186
1749219678088169000,24.3111689453125,-0.6668387651443481,-0.03676813468337059,0.5622926354408264
1749219678098159900,24.321159912109376,-0.7034795880317688,-0.0527348518371582,0.524968683719635
1749219678108151000,24.331151123046876,-0.6848790049552917,-0.05405764281749725,0.48274028301239014
1749219678118142000,24.341141845703124,-0.6327692270278931,-0.07643964886665344,0.4734346568584442
1749219678128132900,24.3511328125,-0.607459306716919,-0.08120057731866837,0.46178892254829407
1749219678138124000,24.3611240234375,-0.6029055714607239,-0.03640541061758995,0.49878689646720886
1749219678148115000,24.371114990234375,-0.5673428177833557,0.00926327332854271,0.5394810438156128
1749219678158104800,24.381104736328126,-0.5633078217506409,0.017912155017256737,0.5813465118408203
1749219678168095700,24.391095703125,-0.5508783459663391,0.0003307645965833217,0.6410620212554932
1749219678178087000,24.4010869140625,-0.5216317772865295,0.0021675468888133764,0.6910035014152527
1749219678188077800,24.411077880859374,-0.5029456615447998,-0.10122142732143402,0.7208777666091919
1749219678198068700,24.42106884765625,-0.4991277754306793,-0.1759350746870041,0.7240248322486877
1749219678208060000,24.431059814453125,-0.4809538424015045,-0.2195643186569214,0.7202311158180237
1749219678218051000,24.441051025390625,-0.45619577169418335,-0.20148438215255737,0.7455777525901794
1749219678228042000,24.4510419921875,-0.43378445506095886,-0.2027331292629242,0.7363712191581726
1749219678238033000,24.461032958984376,-0.38134682178497314,-0.28239893913269043,0.7682364583015442
1749219678248024000,24.471024169921876,-0.36727336049079895,-0.29091838002204895,0.8204842209815979
1749219678258014000,24.481013916015623,-0.3883482813835144,-0.26347479224205017,0.8154466152191162
1749219678268004900,24.4910048828125,-0.3782074749469757,-0.290692538022995,0.7955381274223328
1749219678277995800,24.500995849609374,-0.34700217843055725,-0.2843398451805115,0.7915093302726746
1749219678287987000,24.510987060546874,-0.3616151809692383,-0.24164219200611115,0.7645650506019592
1749219678297977900,24.520977783203126,-0.3993018567562103,-0.20536993443965912,0.7415825128555298
1749219678307968800,24.53096875,-0.43198657035827637,-0.13486939668655396,0.6949838399887085
1749219678317959700,24.540959716796873,-0.46323928236961365,-0.03370682895183563,0.6511405110359192
1749219678327950800,24.550950927734377,-0.4884583652019501,0.03646133840084076,0.5892318487167358
1749219678337941800,24.560941650390625,-0.5102629661560059,0.07515493780374527,0.546701967716217
1749219678347932000,24.570931884765624,-0.5135626196861267,0.10991211980581284,0.4979037940502167
1749219678357922800,24.5809228515625,-0.4856173098087311,0.10435490310192108,0.44519317150115967
1749219678367914000,24.5909140625,-0.44086235761642456,0.05778047442436218,0.3928189277648926
1749219678377905000,24.60090478515625,-0.40005233883857727,-0.021922342479228973,0.3505500257015228
1749219678387895800,24.610895751953127,-0.36374545097351074,-0.10408805310726166,0.31036800146102905
1749219678397887000,24.620886962890626,-0.3500882387161255,-0.14970560371875763,0.28237229585647583
1749219678407878000,24.6308779296875,-0.34660401940345764,-0.1575121283531189,0.26445430517196655
1749219678417868800,24.640868896484374,-0.3388630151748657,-0.13875707983970642,0.23237092792987823
1749219678427859700,24.650859619140626,-0.3201945126056671,-0.11588825285434723,0.1951676309108734
1749219678437851000,24.660850830078125,-0.30656418204307556,-0.09241674840450287,0.1684231013059616
1749219678447841000,24.670841064453125,-0.301639199256897,-0.07685856521129608,0.1479061096906662
1749219678457832000,24.68083203125,-0.29386118054389954,-0.06486261636018753,0.13266803324222565
1749219678467822800,24.69082275390625,-0.27850353717803955,-0.055088285356760025,0.11773142963647842
1749219678477814000,24.70081396484375,-0.258929044008255,-0.04874144122004509,0.11093530803918839
1749219678487805000,24.710804931640624,-0.2506641745567322,-0.060257215052843094,0.11719346791505814
1749219678497795800,24.7207958984375,-0.24878212809562683,-0.09705357998609543,0.12188302725553513
1749219678507787000,24.730787109375,-0.23967304825782776,-0.14895619451999664,0.12956039607524872
1749219678517778000,24.74077783203125,-0.2140670120716095,-0.18586334586143494,0.1405014544725418
1749219678527768800,24.750768798828126,-0.18514615297317505,-0.20713268220424652,0.14683765172958374
1749219678537759700,24.760759765625,-0.16920261085033417,-0.23422208428382874,0.14078907668590546
1749219678547750000,24.77075,-0.1621771901845932,-0.2516181170940399,0.14974847435951233
1749219678557740800,24.78074072265625,-0.16537511348724365,-0.2684844434261322,0.14964009821414948
1749219678567732000,24.79073193359375,-0.17386020720005035,-0.27356043457984924,0.14997965097427368
1749219678577723000,24.800722900390625,-0.17729781568050385,-0.22532393038272858,0.14108549058437347
1749219678587714000,24.810714111328124,-0.19687524437904358,-0.13396446406841278,0.11972533166408539
1749219678597705000,24.820705078125,-0.214329332113266,-0.021571604534983635,0.11024048924446106
1749219678607696000,24.83069580078125,-0.21700234711170197,0.08408798277378082,0.09093070775270462
1749219678617687000,24.84068701171875,-0.22078217566013336,0.16563130915164948,0.06935324519872665
1749219678627677700,24.850677734375,-0.2141474485397339,0.19566377997398376,0.056469932198524475
1749219678637667600,24.86066748046875,-0.19616951048374176,0.16821883618831635,0.04492752626538277
1749219678647658800,24.87065869140625,-0.18206274509429932,0.12772653996944427,0.04177381098270416
1749219678657649700,24.880649658203126,-0.17305539548397064,0.11487811803817749,0.039496541023254395
1749219678667640600,24.890640625,-0.15312537550926208,0.126645028591156,0.03994927927851677
1749219678677631700,24.9006318359375,-0.1224750503897667,0.1553906500339508,0.051845088601112366
1749219678687623000,24.910622802734373,-0.09243086725473404,0.12519599497318268,0.044616468250751495
1749219678697613800,24.92061376953125,-0.06830368936061859,0.045409560203552246,0.05299344286322594
1749219678707605000,24.93060498046875,-0.02316337637603283,-0.07390618324279785,0.05222485587000847
1749219678717596000,24.940595947265624,0.018907111138105392,-0.2092735916376114,0.05249090492725372
1749219678727586800,24.9505869140625,0.04796326532959938,-0.3580569326877594,0.05319743975996971
1749219678737577700,24.96057763671875,0.06483598798513412,-0.46499165892601013,0.05312846601009369
1749219678747567600,24.970567626953127,0.07318633049726486,-0.49976879358291626,0.04662236198782921
1749219678757558800,24.980558837890626,0.08036407828330994,-0.47348126769065857,0.04326518252491951
1749219678767549700,24.9905498046875,0.08107887208461761,-0.41734182834625244,0.0371905118227005
1749219678777540600,25.00054052734375,0.07023235410451889,-0.3406481146812439,0.021618742495775223
1749219678787531800,25.01053173828125,0.05740763247013092,-0.2441657930612564,0.00814794097095728
1749219678797522700,25.020522705078125,0.04724394530057907,-0.12615686655044556,-0.006746852304786444
1749219678807513600,25.030513671875,0.03178509324789047,-0.012995959259569645,-0.004704474005848169
1749219678817504800,25.0405048828125,0.009318932890892029,0.04962827265262604,-0.012852149084210396
1749219678827496000,25.050495849609376,-0.005464540328830481,0.060028716921806335,-0.021857362240552902
1749219678837486800,25.06048681640625,-0.011800200678408146,0.025301095098257065,-0.042425487190485
1749219678847476700,25.070476806640624,-0.022217953577637672,-0.0359119288623333,-0.05112550035119057
1749219678857468000,25.080468017578124,-0.03736255317926407,-0.0799395740032196,-0.06226230785250664
1749219678867458800,25.090458740234375,-0.052189700305461884,-0.079359270632267,-0.076090507209301
1749219678877449700,25.10044970703125,-0.06307058036327362,-0.053945522755384445,-0.0957009568810463
1749219678887440600,25.110440673828126,-0.07415252178907394,-0.0007635282818228006,-0.1185799092054367
1749219678897431800,25.120431884765626,-0.07439300417900085,0.09599630534648895,-0.13837358355522156
1749219678907422700,25.130422607421874,-0.06456727534532547,0.16862815618515015,-0.1525791585445404
1749219678917413600,25.14041357421875,-0.05739245191216469,0.18797630071640015,-0.15469184517860413
1749219678927404800,25.15040478515625,-0.05275162681937218,0.18023662269115448,-0.1650557965040207
1749219678937395000,25.16039501953125,-0.02671416848897934,0.14119946956634521,-0.17501495778560638
1749219678947385900,25.1703857421875,0.0031989889685064554,0.056954894214868546,-0.17838944494724274
1749219678957376800,25.180376708984376,0.023479759693145752,-0.04734807461500168,-0.17133553326129913
1749219678967368000,25.190367919921876,0.042624425143003464,-0.1653524786233902,-0.1634802669286728
1749219678977358800,25.20035888671875,0.06473478674888611,-0.2804846465587616,-0.163295179605484
1749219678987349800,25.210349853515623,0.09575928002595901,-0.4073083698749542,-0.16355431079864502
1749219678997340700,25.220340576171875,0.12167637050151825,-0.5041790008544922,-0.1610725075006485
1749219679007331800,25.230331787109375,0.13470108807086945,-0.5300793051719666,-0.16032709181308746
1749219679017322800,25.24032275390625,0.13555410504341125,-0.5127386450767517,-0.15709002315998077
1749219679027313700,25.250313720703126,0.1409669816493988,-0.4609428346157074,-0.15384416282176971
1749219679037303800,25.2603037109375,0.13485608994960785,-0.38053855299949646,-0.14833541214466095
1749219679047295000,25.270294921875,0.1212843507528305,-0.3005952537059784,-0.14282852411270142
1749219679057286000,25.280285888671877,0.10243689268827438,-0.23038020730018616,-0.1350686103105545
1749219679067276800,25.29027685546875,0.09748980402946472,-0.1986531764268875,-0.11791491508483887
1749219679077268000,25.30026806640625,0.09676249325275421,-0.25037601590156555,-0.11140402406454086
1749219679087259000,25.3102587890625,0.10908840596675873,-0.37607696652412415,-0.08940018713474274
1749219679097249800,25.320249755859376,0.13091221451759338,-0.4716695249080658,-0.07231494039297104
1749219679107240700,25.33024072265625,0.14064419269561768,-0.5040618181228638,-0.05915386602282524
1749219679117231900,25.34023193359375,0.13945643603801727,-0.49503371119499207,-0.052129246294498444
1749219679127222800,25.350222900390627,0.13944071531295776,-0.4524849057197571,-0.039381492882966995
1749219679137213700,25.360213623046874,0.1472027599811554,-0.381355345249176,-0.03127643093466759
1749219679147203600,25.37020361328125,0.15212561190128326,-0.324945867061615,-0.017765680328011513
1749219679157194800,25.38019482421875,0.15291205048561096,-0.31446152925491333,-0.0022506373934447765
1749219679167185700,25.390185546875,0.15402738749980927,-0.3278851807117462,0.009619071148335934
1749219679177176800,25.4001767578125,0.15674886107444763,-0.37084677815437317,0.014103834517300129
1749219679187168000,25.41016796875,0.15587295591831207,-0.40679866075515747,0.015677230432629585
1749219679197159000,25.420158935546876,0.1446613073348999,-0.4164281189441681,0.02064668945968151
1749219679207149800,25.43014990234375,0.14002341032028198,-0.4016587436199188,0.020208066329360008
1749219679217140700,25.440140625,0.14834579825401306,-0.3609081208705902,0.011345598846673965
1749219679227132000,25.4501318359375,0.145159050822258,-0.3108731806278229,-0.0018679412314668298
1749219679237122800,25.460122802734375,0.13412371277809143,-0.26167768239974976,-0.009137305431067944
1749219679247112700,25.47011279296875,0.13116547465324402,-0.2077808976173401,-0.020365992560982704
1749219679257103600,25.480103515625,0.12810151278972626,-0.18471072614192963,-0.02586275525391102
1749219679267094800,25.4900947265625,0.12418027222156525,-0.18266408145427704,-0.0368722639977932
1749219679277085700,25.500085693359374,0.11784274876117706,-0.19212043285369873,-0.044436439871788025
1749219679287076600,25.51007666015625,0.10377965867519379,-0.21288751065731049,-0.053412359207868576
1749219679297067800,25.52006787109375,0.09040606021881104,-0.21810996532440186,-0.053467217832803726
1749219679307058700,25.53005859375,0.08610346168279648,-0.20117917656898499,-0.04814329370856285
1749219679317049900,25.5400498046875,0.07083848863840103,-0.15571902692317963,-0.04351631924510002
1749219679327040800,25.550040771484376,0.05060778185725212,-0.07390245050191879,-0.03315342590212822
1749219679337032000,25.560031982421876,0.033181656152009964,0.0025031049735844135,-0.021677331998944283
1749219679347021800,25.570021728515623,0.031006650999188423,0.04637788608670235,-0.02123285084962845
1749219679357012700,25.5800126953125,0.03519393876194954,0.06215418502688408,-0.019533220678567886
1749219679367003600,25.590003662109375,0.045047637075185776,0.02490481734275818,-0.0168524831533432
1749219679376994800,25.599994873046874,0.04661890119314194,-0.04156901314854622,-0.006593187805265188
1749219679386985700,25.60998583984375,0.05560414120554924,-0.10566703975200653,0.0024586303625255823
1749219679396976600,25.6199765625,0.07874967157840729,-0.13889317214488983,0.010978348553180695
1749219679406967800,25.6299677734375,0.09064947813749313,-0.15404894948005676,0.01691426895558834
1749219679416958700,25.639958740234373,0.08991577476263046,-0.17147774994373322,0.017854897305369377
1749219679426949600,25.64994970703125,-0.0010599381057545543,-0.23472516238689423,0.015442339703440666
1749219679436940500,25.6599404296875,-0.04175117611885071,-0.15854623913764954,0.028211131691932678
1749219679446931000,25.669930908203124,-0.059963200241327286,0.31462612748146057,-0.06163034215569496
1749219679456921900,25.679921875,-0.05910113826394081,1.082654595375061,-0.11124982684850693
1749219679466912800,25.689912841796875,0.07101452350616455,1.3546464443206787,-0.09773694723844528
1749219679476903700,25.699903564453123,0.08776979893445969,1.1780554056167603,-0.0967334657907486
1749219679486894800,25.709894775390627,0.010266751982271671,0.788265585899353,-0.06168387085199356
1749219679496885800,25.7198857421875,-0.05089886859059334,0.39914101362228394,-0.031266044825315475
1749219679506876700,25.729876708984374,-0.0592460110783577,0.06468658149242401,-0.00558118661865592
1749219679516867800,25.739867919921874,-0.07398074865341187,-0.233733132481575,0.025644376873970032
1749219679526858800,25.749858642578126,-0.07416317611932755,-0.4370553493499756,0.06384555995464325
1749219679536849700,25.759849609375,-0.038298919796943665,-0.5850368142127991,0.08614873141050339
1749219679546840600,25.769840576171877,-0.026943733915686607,-0.6548665165901184,0.11345545202493668
1749219679556831000,25.7798310546875,-0.025364479050040245,-0.5365867614746094,0.10954513400793076
1749219679566822000,25.78982177734375,0.015992015600204468,-0.19932828843593597,0.07904794812202454
1749219679576812800,25.799812744140624,0.0900377482175827,0.14622485637664795,0.04681118205189705
1749219679586803700,25.8098037109375,0.05672639608383179,0.41288504004478455,0.019270634278655052
1749219679596795000,25.819794921875,-0.007735684048384428,0.5593631863594055,0.01817713864147663
1749219679606785800,25.829785888671875,-0.05991446599364281,0.4389536678791046,0.06274887174367905
1749219679616776700,25.839776611328126,-0.020079968497157097,0.17286498844623566,0.10499432682991028
1749219679626771200,25.849771240234375,0.015853798016905785,-0.033477533608675,0.11363335698843002
1749219679636762000,25.85976220703125,0.00863130483776331,-0.08959433436393738,0.1421600729227066
1749219679646753000,25.8697529296875,0.10100118070840836,-0.023433953523635864,0.11706829816102982
1749219679656743200,25.8797431640625,0.13639698922634125,0.2946806252002716,0.08150151371955872
1749219679666734300,25.889734375,0.10536050796508789,0.15065263211727142,0.11718308180570602
1749219679676725200,25.899725341796874,0.014896657317876816,0.28637078404426575,0.05402515083551407
1749219679686716200,25.909716064453125,-0.060259878635406494,0.1255834847688675,0.09461678564548492
1749219679696707300,25.919707275390625,-0.11227726936340332,0.11314945667982101,0.07999230176210403
1749219679706698200,25.9296982421875,-0.15654540061950684,0.10882101953029633,0.07009147107601166
1749219679716689200,25.939689208984376,-0.18401484191417694,0.09728287905454636,0.07211227715015411
1749219679726680300,25.949680419921876,-0.1852036714553833,0.07904554903507233,0.05973150581121445
1749219679736671200,25.959671142578124,-0.14922118186950684,0.08021148294210434,0.05648244917392731
1749219679746662100,25.969662109375,-0.13163019716739655,0.1370294839143753,0.041486989706754684
1749219679756652000,25.979652099609375,-0.27276095747947693,0.12135811895132065,0.07441803812980652
1749219679766643200,25.989643310546874,-0.16117557883262634,0.04018843173980713,0.0773584395647049
1749219679776634000,25.999634033203126,-0.03434918448328972,0.11721158027648926,0.06361972540616989
1749219679786625000,26.009625,-0.09579124301671982,0.12382127344608307,0.048585113137960434
1749219679796616200,26.0196162109375,-0.10482468456029892,0.08187355846166611,0.06474970281124115
1749219679806607400,26.029607421875,-0.047998685389757156,0.07494348287582397,0.06763949990272522
1749219679816598300,26.039598388671877,-0.10156044363975525,0.13395407795906067,0.03552230820059776
1749219679826589200,26.049589111328125,-0.0714464858174324,0.1561158299446106,0.03946138918399811
1749219679836580400,26.059580322265624,0.009807889349758625,0.13241370022296906,0.059759471565485
1749219679846571300,26.0695712890625,-0.031010380014777184,0.1028645932674408,0.043367449194192886
1749219679856562200,26.079562255859376,0.015669774264097214,0.12587617337703705,0.05650189146399498
1749219679866552000,26.089552001953123,0.015117700211703777,0.04950443655252457,0.04845142364501953
1749219679876543200,26.099543212890627,0.09969250857830048,0.0851452574133873,0.03448793664574623
1749219679886534100,26.1095341796875,0.2895199656486511,0.27327868342399597,-0.02630697190761566
1749219679896525000,26.119525146484374,0.3713482618331909,0.37353017926216125,-0.04081108048558235
1749219679906516000,26.129515869140626,0.35905057191848755,0.4646100103855133,-0.023420104756951332
1749219679916507100,26.139507080078126,0.8013374209403992,0.9768592119216919,-0.17765894532203674
1749219679926498000,26.149498046875,0.8732004761695862,1.290818214416504,-0.13812138140201569
1749219679936489200,26.1594892578125,0.13048423826694489,0.5023975968360901,0.03726135194301605
1749219679946480400,26.16948046875,-0.09205402433872223,-0.19426748156547546,-0.04946848377585411
1749219679956471300,26.17947119140625,0.15748895704746246,-0.07425025850534439,0.015135277062654495
1749219679966461200,26.189461181640624,0.25929415225982666,0.03734923526644707,-0.06199199706315994
1749219679976452000,26.1994521484375,0.14747893810272217,0.10790516436100006,-0.047570448368787766
1749219679986443300,26.209443359375,0.11720571666955948,0.10521350800991058,-0.04103824496269226
1749219679996434200,26.21943408203125,0.15755100548267365,0.11927313357591629,-0.05127357318997383
1749219680006425000,26.229425048828126,0.13982447981834412,0.12916012108325958,-0.04291710630059242
1749219680016416000,26.239416015625,0.10739463567733765,0.12216931581497192,-0.05156945064663887
1749219680026407200,26.2494072265625,0.08642996102571487,0.12103693932294846,-0.0411788634955883
1749219680036398000,26.259398193359374,0.06434223800897598,0.13634373247623444,-0.029407689347863197
1749219680046389000,26.269388916015625,0.04880215972661972,0.1531866192817688,-0.022544190287590027
1749219680056380200,26.279380126953125,0.05530906096100807,0.17990878224372864,-0.01332832220941782
1749219680066370300,26.289370361328125,0.08226451277732849,0.23436562716960907,-0.008249940350651741
1749219680076361200,26.299361328125,0.10471495985984802,0.33804088830947876,0.002412024885416031
1749219680086352100,26.30935205078125,0.09899688512086868,0.4314882755279541,0.01002280693501234
1749219680096343300,26.31934326171875,0.07335837185382843,0.45668312907218933,0.017589645460247993
1749219680106334200,26.329334228515624,0.05125439912080765,0.42871567606925964,0.029929935932159424
1749219680116325000,26.3393251953125,0.02539563737809658,0.362488716840744,0.03502962365746498
1749219680126316000,26.34931591796875,-0.0017542241839691997,0.2894571125507355,0.04344308003783226
1749219680136307200,26.35930712890625,-0.019346266984939575,0.22590823471546173,0.05266587436199188
1749219680146298000,26.369298095703126,-0.039738357067108154,0.17844803631305695,0.056290172040462494
1749219680156289000,26.3792890625,-0.016820792108774185,0.14490258693695068,0.051168378442525864
1749219680166279200,26.389279052734373,0.0006697850185446441,0.07452137023210526,0.05195028334856033
1749219680176270300,26.399270263671873,-0.09058928489685059,-0.3443549871444702,-0.03530845418572426
1749219680186261200,26.40926123046875,-0.0024176177103072405,-0.048348091542720795,0.08931469917297363
1749219680196252200,26.419252197265624,0.05590161681175232,-0.009940781630575657,0.005631520412862301
1749219680206243300,26.429243408203124,0.035350799560546875,-0.13840660452842712,0.03741208836436272
1749219680216234200,26.439234130859376,0.013055880554020405,-0.1386212557554245,0.021823007613420486
1749219680226225200,26.44922509765625,0.01031602080911398,-0.10541324317455292,0.0036738307680934668
1749219680236216300,26.45921630859375,0.025714684277772903,-0.09110354632139206,0.016029832884669304
1749219680246207200,26.469207275390627,0.07830119878053665,0.04659493267536163,0.02190103754401207
1749219680256198100,26.4791982421875,0.08435908704996109,0.08091828227043152,-0.0002061286650132388
1749219680266189000,26.48918896484375,0.1204310730099678,-0.00007909588020993397,-0.026619093492627144
1749219680276179200,26.49917919921875,0.22963452339172363,-0.10924020409584045,-0.022363096475601196
1749219680286170400,26.50917041015625,0.28073686361312866,-0.18345478177070618,-0.021753765642642975
1749219680296161300,26.519161376953125,0.186776801943779,-0.26929566264152527,0.0018495653057470918
1749219680306152200,26.529152099609377,-0.1110418289899826,-0.21509286761283875,0.04898139089345932
1749219680316143400,26.539143310546876,-0.06979425996541977,-0.09031924605369568,0.042143724858760834
1749219680326134300,26.54913427734375,0.07306701689958572,-0.02876799926161766,0.017464211210608482
1749219680336125200,26.559125244140624,0.019414443522691727,-0.06566183269023895,0.038829952478408813
1749219680346116400,26.569116455078124,0.09147319197654724,-0.1373823583126068,0.06727304309606552
1749219680356107300,26.579107177734375,0.15276451408863068,-0.1563565880060196,0.06712523847818375
1749219680366098200,26.58909814453125,0.2050229161977768,-0.18622979521751404,0.09225589781999588
1749219680376088000,26.599088134765626,0.3081304132938385,-0.3048858642578125,0.11701130867004395
1749219680386079000,26.609078857421874,0.3726271092891693,-0.42401784658432007,0.1576889604330063
1749219680396070100,26.619070068359374,0.317546010017395,-0.3292953372001648,0.13065122067928314
1749219680406061000,26.62906103515625,0.25953835248947144,-0.13860554993152618,0.09828422218561172
1749219680416052200,26.63905224609375,0.21147070825099945,0.044797033071517944,0.08590371906757355
1749219680426043400,26.64904345703125,0.09527405351400375,0.1320350021123886,0.03719796985387802
1749219680436034300,26.659034423828125,0.08117687702178955,0.0987316370010376,0.03141171857714653
1749219680446025200,26.669025146484376,0.10961810499429703,0.057194046676158905,0.04778190329670906
1749219680456016400,26.679016357421876,-0.06746745854616165,0.10696560144424438,-0.020782776176929474
1749219680466007300,26.68900732421875,-0.05722653865814209,-0.01877208985388279,0.055630240589380264
1749219680475997200,26.6989970703125,0.29451286792755127,-0.06488845497369766,0.0012660667998716235
1749219680485988000,26.708988037109375,0.08395588397979736,-0.247614324092865,0.020718861371278763
1749219680495979000,26.71897900390625,0.07841571420431137,-0.1762426793575287,0.0000756337758502923
1749219680505970200,26.72897021484375,0.04656270891427994,-0.019825102761387825,-0.018676215782761574
1749219680515961000,26.738961181640626,-0.1254921406507492,0.08041681349277496,-0.0051686628721654415
1749219680525952000,26.748951904296874,-0.08548560738563538,0.055927447974681854,0.0028988507110625505
1749219680535943200,26.758943115234374,0.016657806932926178,-0.031247135251760483,-0.009600961580872536
1749219680545934000,26.76893408203125,-0.08975917845964432,-0.21090637147426605,0.07400977611541748
1749219680555925200,26.77892529296875,-0.07927804440259933,-0.28162530064582825,0.025660622864961624
1749219680565916400,26.78891650390625,-0.0086629968136549,-0.21527715027332306,0.01107315719127655
1749219680575906300,26.79890625,0.008951150812208652,-0.22326983511447906,0.029735257849097252
1749219680585897200,26.808897216796876,0.03791861981153488,-0.2797482907772064,0.006066414527595043
1749219680595888000,26.81888818359375,0.08133853226900101,-0.23158182203769684,0.0038248319178819656
1749219680605879300,26.82887939453125,0.21409018337726593,-0.2936241626739502,-0.010837467387318611
1749219680615870200,26.8388701171875,0.27631521224975586,-0.3318655490875244,-0.026926955208182335
1749219680625857800,26.84885791015625,0.3059346079826355,-0.21577197313308716,-0.04068830609321594
1749219680635848700,26.8588486328125,0.2313341498374939,0.06481361389160156,-0.08512501418590546
1749219680645840000,26.86883984375,0.20129716396331787,0.10406701266765594,-0.1379520148038864
1749219680655830800,26.878830810546877,0.12847088277339935,0.12045557051897049,-0.10385315865278244
1749219680665821700,26.88882177734375,0.1285068392753601,0.21271465718746185,-0.09936147183179855
1749219680675811800,26.898811767578124,0.2992279827594757,0.34734970331192017,-0.11110574752092361
1749219680685802800,26.908802734375,0.3454410135746002,0.2916632890701294,-0.08052892982959747
1749219680695794000,26.9187939453125,0.3384174704551697,-0.009783920831978321,-0.09252700209617615
1749219680705784800,26.928784912109375,0.33660998940467834,-0.0675036758184433,-0.055210258811712265
1749219680715775700,26.938775634765626,0.27452343702316284,-0.14933329820632935,-0.03287219628691673
1749219680725767000,26.948766845703126,0.15553712844848633,-0.32641300559043884,0.0030929953791201115
1749219680735757800,26.9587578125,0.08927741646766663,-0.37618908286094666,0.03242691606283188
1749219680745748700,26.968748779296874,0.10555705428123474,-0.4201118052005768,0.04748043417930603
1749219680755740000,26.978739990234374,0.28086787462234497,-0.4136403203010559,0.0484013557434082
1749219680765730800,26.988730712890625,0.25026735663414,-0.3844941556453705,0.0495276041328907
1749219680775721000,26.998720947265625,0.2734379470348358,-0.4241108000278473,0.023689616471529007
1749219680785711900,27.0087119140625,0.1692313700914383,-0.41444459557533264,-0.005110073368996382
1749219680795702800,27.018702880859376,-0.05313166230916977,-0.39566105604171753,0.057493653148412704
1749219680805694000,27.02869384765625,-0.2068948596715927,-0.4192606508731842,0.07674990594387054
1749219680815684900,27.038684814453124,-0.2555537521839142,-0.33424270153045654,0.06788104772567749
1749219680825675800,27.04867578125,-0.1939937025308609,-0.23959209024906158,0.048827461898326874
1749219680835667000,27.0586669921875,-0.12692013382911682,-0.13153113424777985,0.023022228851914406
1749219680845657900,27.068657958984375,-0.1441158950328827,-0.07776989787817001,0.014459899626672268
1749219680855648800,27.078648681640626,-0.18504922091960907,-0.0738057792186737,0.028864936903119087
1749219680865640000,27.088639892578126,-0.06433664262294769,0.016286028549075127,0.055864863097667694
1749219680875629800,27.0986298828125,-0.0003438140847720206,0.07793287932872772,0.07922371476888657
1749219680885620700,27.108620849609373,-0.04791266471147537,0.03840624541044235,0.08616498112678528
1749219680895611600,27.118611572265625,0.056162603199481964,-0.007302387617528439,0.10869665443897247
1749219680905602800,27.128602783203124,0.0662863478064537,-0.03027028776705265,0.11046206206083298
1749219680915594000,27.138593994140624,0.053764961659908295,-0.03603869304060936,0.11198858916759491
1749219680925585000,27.1485849609375,0.10384437441825867,-0.04348435997962952,0.12288544327020645
1749219680935575800,27.158575927734375,0.1026076003909111,-0.08069351315498352,0.14599847793579102
1749219680945567000,27.16856689453125,0.06178347393870354,-0.055446479469537735,0.13622868061065674
1749219680955558000,27.178557861328127,0.005854160524904728,-0.18389926850795746,0.18930254876613617
1749219680965548800,27.188548828125,0.10057108104228973,-0.2156582623720169,0.17479124665260315
1749219680975538700,27.19853857421875,0.3627544939517975,-0.09631454944610596,0.17160291969776154
1749219680985529900,27.20852978515625,0.2917495667934418,-0.08954959362745285,0.1522606462240219
1749219680995520800,27.218520751953125,0.31873857975006104,-0.0966849997639656,0.16113269329071045
1749219681005511700,27.22851171875,0.26927807927131653,-0.08340061455965042,0.14413639903068542
1749219681015502800,27.2385029296875,0.17645706236362457,-0.05463874340057373,0.14505812525749207
1749219681025493800,27.24849365234375,0.008221977390348911,0.013755759224295616,0.18773049116134644
1749219681035484700,27.258484619140624,-0.06766986101865768,0.04728282615542412,0.1930011510848999
1749219681045475800,27.268475830078124,-0.024321051314473152,0.09333021193742752,0.19567549228668213
1749219681055467000,27.278467041015624,0.12656167149543762,0.11690664291381836,0.18758614361286163
1749219681065458000,27.2884580078125,0.338582307100296,0.2452867180109024,0.15072984993457794
1749219681075447800,27.29844775390625,0.5427982807159424,0.1050766184926033,0.13358868658542633
1749219681085438700,27.308438720703126,0.8280977010726929,0.5759043097496033,0.068731389939785
1749219681095430000,27.318429931640626,0.7371800541877747,0.3083280026912689,0.061636731028556824
1749219681105420800,27.3284208984375,0.43806788325309753,0.09043695777654648,0.05862283334136009
1749219681115411700,27.33841162109375,0.2672466039657593,-0.02503211610019207,0.05019019916653633
1749219681125403000,27.34840283203125,0.04093172028660774,0.02075028605759144,0.06387005746364594
1749219681135393800,27.358393798828125,0.03008679673075676,-0.15157407522201538,0.1311095505952835
1749219681145384700,27.368384765625,0.12647777795791626,-0.1569960117340088,0.1629423201084137
1749219681155375600,27.378375732421876,0.26030880212783813,-0.126404270529747,0.14328418672084808
1749219681165366800,27.38836669921875,0.5076003670692444,0.19509145617485046,-0.031324367970228195
1749219681175357000,27.39835693359375,0.782058835029602,0.2655898630619049,0.13214285671710968
1749219681185347800,27.408347900390623,0.662286102771759,0.016583770513534546,0.13911394774913788
1749219681195338800,27.4183388671875,0.46160730719566345,-0.056479521095752716,0.1408737599849701
1749219681205330000,27.428329833984375,0.280712366104126,-0.11634817719459534,0.12842294573783875
1749219681215320800,27.43832080078125,0.09175495058298111,-0.16502250730991364,0.05764066055417061
1749219681225311700,27.448311767578126,-0.10794004797935486,-0.21480843424797058,-0.02328215353190899
1749219681235303000,27.458302978515626,-0.1953098475933075,-0.14334358274936676,-0.09932631999254227
1749219681245293800,27.4682939453125,-0.18504655361175537,-0.08704781532287598,-0.13391226530075073
1749219681255284700,27.47828466796875,-0.06436620652675629,-0.004743888974189758,-0.15712463855743408
1749219681265275600,27.488275634765625,-0.019939620047807693,0.09307268261909485,-0.16931232810020447
1749219681275266000,27.49826611328125,0.04295998439192772,0.07103556394577026,-0.06453904509544373
1749219681285257000,27.508257080078124,0.2611101567745209,-0.04021666198968887,0.010240919888019562
1749219681295248000,27.518247802734376,0.21771740913391113,-0.06137414649128914,0.09728394448757172
1749219681305238800,27.52823876953125,0.2334281951189041,-0.05967345088720322,0.10548754036426544
1749219681315230000,27.53822998046875,0.14671914279460907,-0.029285984113812447,0.058337610214948654
1749219681325220900,27.548220947265627,0.025415610522031784,-0.08681292831897736,0.002823483431711793
1749219681335211800,27.558211669921874,-0.00009108010999625549,-0.09121033549308777,-0.050938013941049576
1749219681345203000,27.568202880859374,0.021322865039110184,-0.1613854318857193,-0.07954249531030655
1749219681355193900,27.57819384765625,0.03852102532982826,-0.1908905953168869,-0.09171820431947708
1749219681365183700,27.588183837890625,0.1495295763015747,-0.12583862245082855,-0.0380999818444252
1749219681375174700,27.598174560546877,0.255494624376297,-0.09706556051969528,-0.006788664031773806
1749219681385165800,27.608165771484376,0.2633344233036041,-0.07150720804929733,0.04003423452377319
1749219681395156700,27.61815673828125,0.21666227281093597,0.46832168102264404,0.01781921088695526
1749219681405148000,27.62814794921875,0.25245994329452515,0.2330646812915802,0.03982730582356453
1749219681415138800,27.638138916015624,0.3938101530075073,0.12200047075748444,0.02442571520805359
1749219681425130000,27.6481298828125,0.30197423696517944,0.20335817337036133,-0.0005510080372914672
1749219681435121000,27.658120849609375,0.1122964471578598,0.0627874806523323,0.05127064511179924
1749219681445111800,27.66811181640625,0.10780875384807587,0.07482817023992538,0.08422327041625977
1749219681455103000,27.67810302734375,-0.07875792682170868,0.1485961377620697,0.2383827418088913
1749219681465092900,27.6880927734375,-0.07706975191831589,0.020050140097737312,0.22381791472434998
1749219681475083800,27.698083740234374,-0.13701458275318146,-0.06307350844144821,0.3672856092453003
1749219681485074700,27.70807470703125,-0.05260861665010452,-0.05411330237984657,0.42004895210266113
1749219681495065900,27.71806591796875,-0.08685579895973206,0.024285897612571716,0.5588443875312805
1749219681505056800,27.728056884765625,-0.12721547484397888,0.11130894720554352,0.6146780848503113
1749219681515047700,27.738047607421876,-0.15511076152324677,0.25704512000083923,0.645919919013977
1749219681525038600,27.74803857421875,-0.1977335810661316,0.2859707772731781,0.7342492341995239
1749219681535030000,27.758030029296876,-0.2318907529115677,0.27485260367393494,0.818010687828064
1749219681545021000,27.76802099609375,-0.24520842730998993,0.23563116788864136,0.8585929870605469
1749219681555010800,27.7780107421875,-0.374815434217453,0.2519819140434265,0.9243608117103577
1749219681565001700,27.788001708984375,-1.14309561252594,0.06866374611854553,1.0761083364486694
1749219681574993000,27.797992919921874,-2.339797019958496,0.07416264712810516,1.107759952545166
1749219681584983800,27.80798388671875,-3.254175901412964,0.10098999738693237,1.0544544458389282
1749219681594974700,27.817974609375,-3.6525979042053223,-0.24715706706047058,1.2630501985549927
1749219681604966000,27.8279658203125,-3.4630143642425537,-0.5904222726821899,1.020395278930664
1749219681614956800,27.837956787109373,-3.164574384689331,-0.0007579356315545738,1.0182545185089111
1749219681624947700,27.84794775390625,-2.7677001953125,-0.2755405008792877,0.5896254777908325
1749219681634938400,27.8579384765625,-2.3500638008117676,-0.33707335591316223,0.17293210327625275
1749219681644929500,27.867929443359376,-1.880347728729248,-0.4209855794906616,-0.3361460566520691
1749219681654919700,27.877919677734376,-1.7322717905044556,-1.461172103881836,-0.5066490769386292
1749219681664910600,27.88791064453125,-1.5647599697113037,-0.8788425922393799,-1.3442939519882202
1749219681674901500,27.897901611328123,-1.426883578300476,-1.0904840230941772,-1.6350756883621216
1749219681684892400,27.907892333984375,-1.4590362310409546,-0.7378839254379272,-2.1680424213409424
1749219681694883600,27.917883544921875,-1.2627873420715332,-0.3770178556442261,-2.6082546710968018
1749219681704874500,27.92787451171875,-1.4999903440475464,-0.9176883101463318,-2.7865166664123535
1749219681714865400,27.937865478515626,-1.6100140810012817,-0.9597337245941162,-3.1707069873809814
1749219681724856600,27.947856689453126,-1.4116196632385254,-0.4254690110683441,-3.7171759605407715
1749219681734847500,27.957847412109373,-1.590271234512329,-0.7914565801620483,-3.9851813316345215
1749219681744838400,27.96783837890625,-1.8057955503463745,-0.7502495050430298,-4.457152366638184
1749219681754828500,27.97782861328125,-1.9279507398605347,-0.5888342261314392,-4.8799028396606445
1749219681764819700,27.98781982421875,-2.0918610095977783,-0.5078848004341125,-5.258509635925293
1749219681774810600,27.997810546875,-2.2005741596221924,-0.5623989105224609,-5.573971748352051
1749219681784801500,28.007801513671875,-2.3298473358154297,-0.5854030251502991,-5.864677906036377
1749219681794792400,28.01779248046875,-2.357057809829712,-0.8465642929077148,-6.099699020385742
1749219681804783600,28.02778369140625,-2.0367109775543213,-1.559191346168518,-5.978282928466797
1749219681814774500,28.0377744140625,-1.6213465929031372,-1.9047844409942627,-5.787866115570068
1749219681824765400,28.047765380859374,-1.1547048091888428,-1.6347731351852417,-5.652495384216309
1749219681834756600,28.057756591796874,-0.904164731502533,-0.8437498807907104,-5.4692583084106445
1749219681844746500,28.06774658203125,-1.1109176874160767,-0.73670893907547,-5.080537796020508
1749219681854737400,28.0777373046875,-1.4572697877883911,-0.9860484600067139,-4.50133752822876
1749219681864728600,28.087728515625,-1.821168303489685,-1.3876230716705322,-3.6822962760925293
1749219681874719700,28.0977197265625,-2.254094123840332,-1.7012656927108765,-2.8210535049438477
1749219681884710700,28.107710693359376,-2.5552806854248047,-1.7291367053985596,-2.0396549701690674
1749219681894701600,28.11770166015625,-2.727979898452759,-1.760506272315979,-1.2777340412139893
1749219681904692500,28.1276923828125,-2.8319239616394043,-1.6194621324539185,-0.5489219427108765
1749219681914683600,28.13768359375,-2.859400510787964,-1.6078531742095947,0.08504325151443481
1749219681924674600,28.147674560546875,-2.8782315254211426,-2.4472875595092773,0.7537922859191895
1749219681934665500,28.15766552734375,-3.1447575092315674,-3.6580498218536377,1.3999793529510498
1749219681944655400,28.1676552734375,-3.464561939239502,-3.676602602005005,1.692500352859497
1749219681954646500,28.177646484375,-3.48939847946167,-3.868773937225342,1.9556307792663574
1749219681964637400,28.187637451171874,-3.2733891010284424,-4.031885147094727,2.135650396347046
1749219681974628400,28.19762841796875,-3.0333940982818604,-3.975874900817871,2.1745238304138184
1749219681984619500,28.20761962890625,-2.78904390335083,-3.9259910583496094,2.3038015365600586
1749219681994610400,28.2176103515625,-2.6542091369628906,-3.9283297061920166,2.5538177490234375
1749219682004601600,28.2276015625,-2.677915096282959,-3.7732954025268555,2.721198320388794
1749219682014592500,28.237592529296876,-2.7045791149139404,-3.82370662689209,2.8822379112243652
1749219682024583700,28.247583740234376,-2.7255711555480957,-4.255244255065918,3.100719451904297
1749219682034573600,28.257573486328123,-2.811159133911133,-4.8214592933654785,3.3685929775238037
1749219682044564500,28.267564453125,-2.907702922821045,-5.430843830108643,3.621631145477295
1749219682054555400,28.277555419921875,-3.0309548377990723,-5.936822891235352,3.7703375816345215
1749219682064546600,28.287546630859374,-2.7873013019561768,-10.012662887573242,2.2412664890289307
1749219682074537500,28.297537353515626,-2.692330837249756,-5.605823516845703,0.4111126959323883
1749219682084528400,28.3075283203125,-1.8493109941482544,-0.5445730090141296,-2.0594332218170166
1749219682094519600,28.31751953125,-0.7652289867401123,-1.9758121967315674,-2.1302378177642822
1749219682104510500,28.327510498046873,-0.431571900844574,-2.1057801246643066,-2.217045307159424
1749219682114501400,28.33750146484375,-0.6631391048431396,-1.6123690605163574,-2.233574628829956
1749219682124492300,28.3474921875,-0.8849239349365234,-1.267270565032959,-2.210059881210327
1749219682134482700,28.357482666015624,-0.8167364001274109,-1.3985140323638916,-2.272859811782837
1749219682144473600,28.3674736328125,-0.46691790223121643,-1.994591474533081,-2.445560932159424
1749219682154464500,28.377464599609375,-0.19599586725234985,-2.610640525817871,-2.4577324390411377
1749219682164455400,28.387455322265627,-0.4200718402862549,-2.5529959201812744,-2.206017255783081
1749219682174446600,28.397446533203127,-0.5233891606330872,-2.0317304134368896,-1.9757441282272339
1749219682184437500,28.4074375,-0.25167563557624817,-1.5572224855422974,-1.7779055833816528
1749219682194428400,28.417428466796874,0.18749453127384186,-1.3921538591384888,-1.5082210302352905
1749219682204419600,28.427419677734374,0.5972426533699036,-1.6025190353393555,-1.144458293914795
1749219682214410500,28.437410400390625,0.8163161277770996,-1.8298982381820679,-0.7940475940704346
1749219682224400600,28.447400634765625,0.8770266175270081,-1.650517463684082,-0.5150002241134644
1749219682234391600,28.4573916015625,0.8302173018455505,-1.3518106937408447,-0.3130788207054138
1749219682244382700,28.4673828125,0.7455231547355652,-1.25996732711792,-0.2036316841840744
1749219682254373600,28.47737353515625,0.6150282621383667,-1.3550118207931519,-0.23602823913097382
1749219682264364500,28.487364501953124,0.42784109711647034,-1.6856616735458374,-0.395445317029953
1749219682274355500,28.49735546875,0.227495476603508,-2.217911720275879,-0.5740981698036194
1749219682284346600,28.5073466796875,0.08874744921922684,-2.5368316173553467,-0.7646840810775757
1749219682294337500,28.517337646484375,0.052988648414611816,-2.6175456047058105,-0.929109513759613
1749219682304328400,28.527328369140626,0.04181482642889023,-2.6000142097473145,-1.0290398597717285
1749219682314319600,28.537319580078126,0.0015198660548776388,-2.522338628768921,-1.092448115348816
1749219682324309500,28.5473095703125,-0.06787358969449997,-2.3804919719696045,-1.1352088451385498
1749219682334300400,28.557300537109374,-0.07992172986268997,-1.8492910861968994,-1.2099119424819946
1749219682344291300,28.567291259765625,-0.04171016067266464,-1.2895829677581787,-1.260194182395935
1749219682354282500,28.577282470703125,-0.010794857516884804,-0.9239083528518677,-1.2029067277908325
1749219682364273700,28.587273681640625,0.023908263072371483,-0.8166412711143494,-0.947340726852417
1749219682374264600,28.5972646484375,-0.11796259135007858,-0.8090584874153137,-0.5611807703971863
1749219682384255500,28.60725537109375,-0.23302365839481354,-0.7093430757522583,-0.1499474197626114
1749219682394246700,28.61724658203125,-0.27445048093795776,-0.7814542651176453,0.21942690014839172
1749219682404237600,28.627237548828123,-0.2806343138217926,-0.6682944297790527,0.4109867513179779
1749219682414227500,28.6372275390625,-0.30443820357322693,-0.5897868275642395,0.4185868799686432
1749219682424218400,28.64721826171875,-0.17423118650913239,-0.4897598624229431,0.4005497992038727
1749219682434209500,28.65720947265625,0.02375726029276848,-0.33574071526527405,0.362082302570343
1749219682444200400,28.667200439453126,0.22587840259075165,-0.23750735819339752,0.26190218329429626
1749219682454191400,28.67719140625,0.3721117675304413,-0.20351211726665497,0.19333484768867493
1749219682464182500,28.6871826171875,0.5184758901596069,-0.1429917812347412,0.15155170857906342
1749219682474173400,28.69717333984375,0.643915057182312,0.011331750079989433,0.12256027013063431
1749219682484164400,28.707164306640625,0.6853187084197998,0.031093737110495567,0.10594134777784348
1749219682494155500,28.717155517578124,0.6442269086837769,-0.046846866607666016,0.11766991019248962
1749219682504145700,28.727145751953124,0.5802109241485596,-0.06374329328536987,0.14056296646595
1749219682514136600,28.737136474609375,0.5401718616485596,-0.06070196256041527,0.16292819380760193
1749219682524127500,28.74712744140625,0.50105881690979,-0.05718472599983215,0.1541360467672348
1749219682534118400,28.757118408203127,0.4428839385509491,0.003832555143162608,0.10528221726417542
1749219682544109600,28.767109619140626,0.3733653426170349,0.1504741907119751,0.030187197029590607
1749219682554100500,28.7771005859375,0.2989552617073059,0.30460143089294434,-0.06022126227617264
1749219682564091400,28.78709130859375,0.2535571753978729,0.3764053285121918,-0.1659434288740158
1749219682574082600,28.79708251953125,0.23245827853679657,0.25751781463623047,-0.24575650691986084
1749219682584073500,28.807073486328125,0.24939385056495667,0.05664250627160072,-0.29754674434661865
1749219682594064400,28.817064453125,0.3012394607067108,-0.2942899465560913,-0.19348078966140747
1749219682604054500,28.827054443359376,0.23983736336231232,-0.3106095492839813,-0.17356140911579132
1749219682614045700,28.837045654296876,0.1804741770029068,-0.3883671760559082,-0.04934145137667656
1749219682624036600,28.84703662109375,0.1723880171775818,-0.26590386033058167,-0.005828327964991331
1749219682634027800,28.85702783203125,0.31475022435188293,-0.35466647148132324,-0.17491109669208527
1749219682644018700,28.867018798828123,0.4497322738170624,-0.611937403678894,-0.2402549386024475
1749219682654009600,28.877009521484375,0.39399445056915283,-0.8394973278045654,-0.332750529050827
1749219682664000800,28.887000732421875,0.4079888164997101,-0.7602611184120178,-0.2926939129829407
1749219682673991700,28.89699169921875,0.29822397232055664,-0.6510486006736755,-0.25561100244522095
1749219682683982600,28.906982666015626,0.2814348638057709,-0.4462648332118988,-0.17483359575271606
1749219682693972500,28.916972412109374,0.15955184400081635,-0.24990065395832062,-0.08898206800222397
1749219682703963600,28.926963623046873,0.15484683215618134,-0.05693039298057556,0.01750602386891842
1749219682713954600,28.93695458984375,0.24165576696395874,0.07214822620153427,0.12361488491296768
1749219682723945700,28.94694580078125,0.27861323952674866,0.22939643263816833,0.24802231788635254
1749219682733936600,28.9569365234375,0.2132563441991806,0.23126597702503204,0.33926621079444885
1749219682743927800,28.966927734375,0.1310672014951706,0.27306801080703735,0.3607265055179596
1749219682753918700,28.976918701171876,0.06382611393928528,0.23070751130580902,0.34878435730934143
1749219682763909600,28.98690966796875,0.042566634714603424,0.1102151870727539,0.3090824782848358
1749219682773900800,28.99690087890625,0.06867067515850067,-0.05608697235584259,0.24376286566257477
1749219682783891700,29.0068916015625,0.08856448531150818,-0.19143334031105042,0.15677550435066223
1749219682793881600,29.016881591796874,0.08156809955835342,-0.24815388023853302,0.04970550537109375
1749219682803872500,29.02687255859375,0.07753846794366837,-0.33167514204978943,-0.06351559609174728
1749219682813863700,29.03686376953125,0.05768406763672829,-0.3976845145225525,-0.1957481950521469
1749219682823854600,29.0468544921875,0.032830651849508286,-0.3817678689956665,-0.3167822062969208
1749219682833845500,29.056845458984377,0.022727683186531067,-0.3069024085998535,-0.3929973542690277
1749219682843836700,29.066836669921877,0.06913059949874878,-0.08884119242429733,-0.35299426317214966
1749219682853827800,29.076827880859376,0.05975973606109619,0.159165158867836,-0.2370184063911438
1749219682863818800,29.08681884765625,0.06655053049325943,0.12688738107681274,-0.14849573373794556
1749219682873809700,29.0968095703125,0.11558385193347931,0.01895478181540966,-0.04201429709792137
1749219682883799600,29.106799560546875,0.14048334956169128,0.039081890136003494,0.09041272103786469
1749219682893790700,29.116790771484375,0.08791733533143997,0.10013432055711746,0.2460278868675232
1749219682903781600,29.12678173828125,0.044075846672058105,0.13021978735923767,0.3293507397174835
1749219682913772500,29.1367724609375,0.05085279420018196,0.09515474736690521,0.3266550898551941
1749219682923763700,29.146763671875,0.06883712112903595,0.047140348702669144,0.27064719796180725
1749219682933754600,29.156754638671874,0.07425292581319809,0.018864501267671585,0.1803165078163147
1749219682943745500,29.16674560546875,0.05275535583496094,0.04175649955868721,0.08951470255851746
1749219682953736400,29.176736328125,0.02611229382455349,0.07497198134660721,0.01714569702744484
1749219682963727600,29.1867275390625,0.0244321059435606,0.09328920394182205,-0.0385868065059185
1749219682973717800,29.1967177734375,0.036923397332429886,0.09412410110235214,-0.06288069486618042
1749219682983708700,29.206708740234376,0.043230295181274414,0.09477551281452179,-0.03865418583154678
1749219682993699600,29.216699462890624,0.04537041112780571,0.14168097078800201,0.026793530210852623
1749219683003690800,29.226690673828124,0.055815860629081726,0.2143077701330185,0.13426433503627777
1749219683013681700,29.236681640625,0.07057642936706543,0.2651253938674927,0.2533763349056244
1749219683023672600,29.246672607421875,0.07506439089775085,0.2519038915634155,0.34492436051368713
1749219683033663700,29.256663818359375,0.09201647341251373,0.20961634814739227,0.4001396894454956
1749219683043654700,29.266654541015626,0.10502655059099197,0.17338617146015167,0.41412287950515747
1749219683053645600,29.2766455078125,0.09827756881713867,0.13074415922164917,0.39048677682876587
1749219683063636500,29.286636474609374,0.03497795760631561,-0.061103567481040955,0.2227656990289688
1749219683073627000,29.296626953125,0.03946911171078682,-0.07844074815511703,0.06771353632211685
1749219683083617800,29.30661767578125,-0.01489292923361063,-0.17499391734600067,-0.08819910138845444
1749219683093608700,29.316608642578124,-0.06295286864042282,-0.2238466739654541,-0.227386012673378
1749219683103599600,29.326599609375,-0.09961900115013123,-0.23014238476753235,-0.3148016035556793
1749219683113590800,29.3365908203125,-0.12120898067951202,-0.21745935082435608,-0.35515570640563965
1749219683123581700,29.346581787109375,-0.11691543459892273,-0.21327392756938934,-0.3393096327781677
1749219683133572600,29.356572509765623,-0.09621841460466385,-0.23148009181022644,-0.29276901483535767
1749219683143563800,29.366563720703127,-0.05420864373445511,-0.23007315397262573,-0.2179962396621704
1749219683153554700,29.3765546875,0.02682735212147236,-0.17746107280254364,-0.08285946398973465
1749219683163544600,29.386544677734374,0.02853177674114704,-0.14097602665424347,0.01846342906355858
1749219683173535500,29.396535400390626,0.04017751291394234,-0.11120162159204483,0.08604300767183304
1749219683183526700,29.406526611328125,0.07314079254865646,-0.05529867485165596,0.11312761902809143
1749219683193517600,29.416517578125,0.1017436683177948,-0.051244545727968216,0.10266485810279846
1749219683203508700,29.4265087890625,0.09977426379919052,-0.12527483701705933,0.06986589729785919
1749219683213499600,29.436499755859376,0.0812716856598854,-0.1743297278881073,0.01338557992130518
1749219683223490800,29.44649072265625,0.05203230679035187,-0.1935039460659027,-0.05925533547997475
1749219683233481700,29.456481689453124,0.02429788187146187,-0.19176703691482544,-0.1203293427824974
1749219683243472600,29.46647265625,0.005595301277935505,-0.20580428838729858,-0.1640499234199524
1749219683253463800,29.4764638671875,-0.005467736162245274,-0.23387481272220612,-0.19172921776771545
1749219683263453700,29.48645361328125,-0.015190936625003815,-0.27477723360061646,-0.17670206725597382
1749219683273444600,29.496444580078126,-0.010958109050989151,-0.2981363534927368,-0.1289910078048706
1749219683283435500,29.506435546875,0.006268282420933247,-0.316462904214859,-0.0712086632847786
1749219683293426700,29.5164267578125,0.052690375596284866,-0.3132106363773346,0.06848691403865814
1749219683303417600,29.52641748046875,0.10955338925123215,-0.26057299971580505,0.1597084403038025
1749219683313408500,29.536408447265625,0.11433696001768112,-0.15852759778499603,0.21253037452697754
1749219683323399400,29.5463994140625,0.09526819735765457,-0.08020136505365372,0.22865687310695648
1749219683333390600,29.556390625,0.11055367439985275,-0.03485918045043945,0.1983082890510559
1749219683343381800,29.5663818359375,0.12362633645534515,-0.031075362116098404,0.13740046322345734
1749219683353371600,29.57637158203125,0.13714267313480377,-0.07464227825403214,0.02594211883842945
1749219683363362600,29.586362548828124,0.1533975452184677,-0.14281867444515228,-0.09439627826213837
1749219683373353700,29.596353759765623,0.18626201152801514,-0.29268673062324524,-0.15210723876953125
1749219683383344600,29.6063447265625,0.2072320133447647,-0.35944950580596924,-0.13061127066612244
1749219683393335600,29.61633544921875,0.24134790897369385,-0.3424636125564575,-0.07209603488445282
1749219683403326700,29.62632666015625,0.22734420001506805,-0.3355063498020172,-0.0032658344134688377
1749219683413317600,29.636317626953126,0.18898296356201172,-0.29189178347587585,0.03291960060596466
1749219683423308500,29.64630859375,0.12569400668144226,-0.1891222596168518,0.04923918470740318
1749219683433299500,29.656299560546874,0.060626860707998276,-0.06174245849251747,0.08495883643627167
1749219683443289900,29.666289794921877,0.034701522439718246,0.0441267155110836,0.12436775863170624
1749219683453280800,29.67628076171875,0.032766468822956085,0.08430901914834976,0.149192675948143
1749219683463271700,29.686271728515624,0.030168022960424423,0.0896792858839035,0.15184864401817322
1749219683473262600,29.6962626953125,0.017946243286132812,0.09101992100477219,0.1209341436624527
1749219683483253800,29.706253662109376,0.004988100845366716,0.057970091700553894,0.08817379921674728
1749219683493244700,29.71624462890625,0.003947603516280651,0.008637696504592896,0.05584622174501419
1749219683503235600,29.726235595703123,0.013644172810018063,-0.028959479182958603,0.015108113177120686
1749219683513226800,29.736226806640627,0.01973535493016243,-0.05782787874341011,-0.023014504462480545
1749219683523217700,29.7462177734375,0.018275676295161247,-0.08295533806085587,-0.05781110003590584
1749219683533207600,29.75620751953125,0.018513763323426247,-0.08461448550224304,-0.07609955966472626
1749219683543198500,29.766198486328125,0.031140875071287155,-0.06261438131332397,-0.07053781300783157
1749219683553189600,29.776189697265625,0.03571991249918938,-0.031674571335315704,-0.046420227736234665
1749219683563180800,29.786180908203125,0.037282392382621765,-0.014314756728708744,-0.007497597485780716
1749219683573171700,29.796171630859376,0.0327313132584095,0.0020237360149621964,0.013500628992915154
1749219683583162600,29.80616259765625,0.02057025581598282,0.012034825049340725,0.013156548142433167
1749219683593153800,29.81615380859375,0.009401490911841393,0.0007872303831391037,0.010358098894357681
1749219683603144700,29.826144775390624,0.00544323492795229,-0.01732439547777176,0.011363175697624683
1749219683613135600,29.836135498046875,0.0013904364313930273,-0.008560464717447758,0.006762298755347729
1749219683623126800,29.846126708984375,-0.0031228226143866777,-0.004607268609106541,0.00024314661277458072
1749219683633116700,29.85611669921875,0.02899729646742344,0.004809402395039797,-0.005787048954516649
1749219683643107600,29.866107666015626,0.01613023318350315,0.021634189411997795,-0.034449320286512375
1749219683653098500,29.876098388671874,0.007992412894964218,0.05125785991549492,-0.09346257150173187
1749219683663089700,29.886089599609374,-0.0012298477813601494,0.03423253819346428,-0.138565331697464
1749219683673080600,29.89608056640625,0.0003810983616858721,0.02058357186615467,-0.16723638772964478
1749219683683071500,29.906071533203125,0.009641442447900772,0.0033933997619897127,-0.17419523000717163
1749219683693062700,29.916062744140625,0.012288091704249382,0.009068862535059452,-0.16110606491565704
1749219683703053800,29.9260537109375,0.016108661890029907,0.029263878241181374,-0.12144440412521362
1749219683713044700,29.936044677734376,0.018278606235980988,0.041361287236213684,-0.07234663516283035
1749219683723034600,29.94603466796875,0.03044978529214859,0.03918681666254997,-0.02419188804924488
1749219683733025500,29.956025634765624,0.03009105660021305,0.026387132704257965,0.013112872838973999
1749219683743016700,29.9660166015625,0.02539803460240364,0.034259967505931854,0.024232901632785797
1749219683753007600,29.976007568359375,0.016050072386860847,0.05554128810763359,0.01420450210571289
1749219683762998500,29.98599853515625,0.007203051820397377,0.08864038437604904,-0.010030529461801052
1749219683772989700,29.99598974609375,0.001817341079004109,0.114289291203022,-0.04717470332980156
1749219683782980600,30.005980712890626,-0.004740426782518625,0.11943265050649643,-0.09269584715366364
1749219683792971500,30.015971435546874,-0.00920255295932293,0.09004999697208405,-0.14026708900928497
1749219683802962400,30.02596240234375,-0.01095651090145111,0.08844517916440964,-0.16582119464874268
1749219683812953600,30.03595361328125,-0.013438310474157333,0.10036548227071762,-0.1761143058538437
1749219683822943700,30.04594384765625,-0.013069196604192257,0.07593231648206711,-0.17595797777175903
1749219683832934700,30.0559345703125,0.0213023591786623,0.02889423258602619,-0.16011829674243927
1749219683842925600,30.065925537109376,0.03671806678175926,-0.02725772000849247,-0.13760367035865784
1749219683852916700,30.075916748046875,0.0410212017595768,0.013346964493393898,-0.1311417669057846
1749219683862907600,30.08590771484375,0.04115569218993187,0.08613382279872894,-0.14102450013160706
1749219683872898600,30.095898681640627,0.04170456901192665,0.14239177107810974,-0.15492753684520721
1749219683882889700,30.1058896484375,0.045814093202352524,0.17895537614822388,-0.17242716252803802
1749219683892880600,30.115880615234374,0.058039333671331406,0.18344305455684662,-0.19393005967140198
1749219683902871600,30.12587158203125,0.09579417109489441,0.1508488953113556,-0.22817617654800415
1749219683912861700,30.13586181640625,0.2012191265821457,0.1471729427576065,-0.28874072432518005
1749219683922852900,30.145852783203125,0.2208719253540039,0.15028484165668488,-0.3538837730884552
1749219683932843800,30.15584375,0.1600160300731659,0.13944818079471588,-0.4138546884059906
1749219683942834700,30.165834716796876,0.08475776761770248,0.1224292442202568,-0.45500481128692627
1749219683952825600,30.17582568359375,0.032215993851423264,0.08171910047531128,-0.4667815566062927
1749219683962816800,30.185816650390624,0.025719478726387024,0.024283235892653465,-0.449763685464859
1749219683972807700,30.1958076171875,0.02239239029586315,-0.008318915963172913,-0.4269188344478607
1749219683982798600,30.205798583984375,0.022231003269553185,-0.005088235717266798,-0.39810848236083984
1749219683992789800,30.215789794921875,0.02610616944730282,0.005022988189011812,-0.3584063649177551
1749219684002779600,30.225779541015626,0.026980219408869743,-0.008407066576182842,-0.30247464776039124
1749219684012770600,30.2357705078125,0.027275029569864273,-0.021625135093927383,-0.2344476580619812
1749219684022761500,30.245761474609374,0.03904407098889351,-0.026765035465359688,-0.1592778116464615
1749219684032752600,30.255752685546874,0.0489739328622818,-0.02250903658568859,-0.07023501396179199
1749219684042743800,30.265743896484373,0.06059170886874199,-0.032221052795648575,0.011971973814070225
1749219684052734700,30.275734619140625,0.07364412397146225,-0.010687531903386116,0.07940348237752914
1749219684062725600,30.2857255859375,0.09075653553009033,0.04687855765223503,0.12217597663402557
1749219684072716800,30.295716796875,0.09842058271169662,0.10633789002895355,0.14393293857574463
1749219684082707700,30.305707763671876,0.09813588857650757,0.14663738012313843,0.14369724690914154
1749219684092698600,30.31569873046875,0.08897780627012253,0.1807873547077179,0.1214076578617096
1749219684102688500,30.3256884765625,0.09260636568069458,0.1872282177209854,0.07786870002746582
1749219684112679700,30.3356796875,0.11932266503572464,0.15119057893753052,0.04223933070898056
1749219684122670600,30.345670654296875,0.12211445719003677,0.08134971559047699,0.01768711768090725
1749219684132661500,30.35566162109375,0.08889525383710861,0.006314621306955814,0.01296400185674429
1749219684142652700,30.365652587890626,0.041060350835323334,-0.05146026238799095,0.03548315912485123
1749219684152643600,30.3756435546875,0.03814498707652092,-0.03972530737519264,0.05594342574477196
1749219684162634500,30.385634521484373,0.06373663246631622,-0.0318351611495018,0.0674954205751419
1749219684172625700,30.395625732421873,0.08111882209777832,-0.024942101910710335,0.07618051767349243
1749219684182616800,30.405616943359377,0.07256581634283066,-0.022305039688944817,0.08657270669937134
1749219684192606700,30.415606689453124,0.055093612521886826,-0.03435530886054039,0.053457897156476974
1749219684202597600,30.42559765625,0.04433444142341614,-0.07056258618831635,0.012664396315813065
1749219684212588500,30.435588623046876,0.03346101939678192,-0.07076285034418106,-0.02093670703470707
1749219684222579700,30.445579833984375,0.013738981448113918,-0.09039807319641113,-0.03106098063290119
1749219684232570600,30.455570556640627,0.03664669394493103,-0.04075275734066963,-0.022905848920345306
1749219684242561500,30.4655615234375,0.10500364750623703,0.0193736981600523,-0.01056236308068037
1749219684252552700,30.475552734375,0.15210644900798798,0.05746781826019287,-0.007167898118495941
1749219684262543600,30.485543701171874,0.18587400019168854,0.0764114186167717,-0.005834453273564577
1749219684272534500,30.495534423828126,0.22579984366893768,0.08942548930644989,-0.0022176143247634172
1749219684282524700,30.505524658203125,0.26763197779655457,0.08186237514019012,0.0204557403922081
1749219684292515800,30.515515869140625,0.29864048957824707,0.08734742552042007,0.08605366200208664
1749219684302506800,30.5255068359375,0.312800794839859,0.13528698682785034,0.16694104671478271
1749219684312497700,30.53549755859375,0.3432164788246155,0.20248892903327942,0.2358013391494751
1749219684322488600,30.545488525390624,0.34884268045425415,0.2348031848669052,0.3110255300998688
1749219684332479700,30.555479736328124,0.29564815759658813,0.23596033453941345,0.3731309771537781
1749219684342470700,30.565470703125,0.2472180426120758,0.21185153722763062,0.4029000401496887
1749219684352461600,30.575461669921875,0.2109585702419281,0.17002898454666138,0.38219529390335083
1749219684362452700,30.58545263671875,0.1546042263507843,0.10129866003990173,0.31888556480407715
1749219684372442600,30.595442626953126,0.09398455172777176,0.009489375166594982,0.23103880882263184
1749219684382433500,30.60543359375,0.05194975063204765,-0.07758187502622604,0.14550180733203888
1749219684392424700,30.6154248046875,0.007005178835242987,-0.10923168063163757,0.07562258839607239
1749219684402415900,30.625415771484374,-0.017899904400110245,-0.10107814520597458,0.0372307263314724
1749219684412406800,30.63540673828125,0.00019201391842216253,-0.0925871878862381,0.018163558095693588
1749219684422397700,30.645397705078125,0.010784470476210117,-0.12494965642690659,-0.012465991079807281
1749219684432388600,30.655388671875,0.01050084363669157,-0.21737518906593323,-0.04402977600693703
1749219684442379800,30.6653798828125,0.006171342916786671,-0.3055996000766754,-0.051428571343421936
1749219684452370700,30.67537060546875,0.01679682359099388,-0.39597102999687195,-0.030298518016934395
1749219684462360600,30.685360595703123,0.007649930194020271,-0.4641250669956207,0.008763131685554981
1749219684472351500,30.6953515625,-0.013344034552574158,-0.48331713676452637,0.06481574475765228
1749219684482342700,30.7053427734375,-0.03188549354672432,-0.502472996711731,0.12166145443916321
1749219684492333600,30.71533349609375,-0.04755686596035957,-0.5350474119186401,0.17343489825725555
1749219684502324500,30.725324462890626,-0.05577617883682251,-0.5607011318206787,0.2093617469072342
1749219684512315600,30.735315673828126,-0.06515157222747803,-0.5536684989929199,0.18231654167175293
1749219684522306600,30.745306640625,-0.08376147598028183,-0.5526621341705322,0.11426745355129242
1749219684532297700,30.755297607421873,-0.0962706059217453,-0.57346510887146,0.03488847613334656
1749219684542288600,30.76528857421875,-0.09879368543624878,-0.6074265837669373,-0.0350879468023777
1749219684552278800,30.77527880859375,-0.08148474246263504,-0.6036638021469116,-0.0929134264588356
1749219684562269700,30.785269775390624,-0.0745067223906517,-0.5386408567428589,-0.10354264080524445
1749219684572260600,30.795260498046876,-0.036244556307792664,-0.3713682293891907,-0.0016437029698863626
1749219684582251500,30.80525146484375,0.021857628598809242,-0.014761103317141533,-0.0055180699564516544
1749219684592242700,30.81524267578125,0.0229340773075819,0.08524885028600693,-0.0911104679107666
1749219684602233600,30.825233642578127,0.006502640433609486,0.13062432408332825,-0.19311992824077606
1749219684612224500,30.835224609375,0.04195144400000572,0.15763036906719208,-0.2609575688838959
