time,seconds_elapsed,z,y,x
1749220224797606100,0.015606201171875,-0.8565521240234375,-0.2744293212890625,0.03662109375
1749220224807597300,0.025597412109375,-0.8643341064453125,-0.3294219970703125,-0.0053863525390625
1749220224817588200,0.035588134765625,-0.94500732421875,-0.4666900634765625,-0.1029815673828125
1749220224827578400,0.045578369140625,-1.0016326904296875,-0.49078369140625,-0.1053314208984375
1749220224837569300,0.0555693359375,-0.93133544921875,-0.3620452880859375,-0.0581512451171875
1749220224847560400,0.065560546875,-0.9622955322265625,-0.3131103515625,-0.0812530517578125
1749220224857551400,0.07555126953125,-0.9349822998046875,-0.34625244140625,-0.078033447265625
1749220224867542300,0.085542236328125,-0.8572998046875,-0.3821868896484375,-0.053863525390625
1749220224877532200,0.0955322265625,-0.8206634521484375,-0.390594482421875,-0.0302581787109375
1749220224887523300,0.1055234375,-0.766693115234375,-0.4101104736328125,0.025177001953125
1749220224897514200,0.11551416015625,-0.7238006591796875,-0.4333648681640625,0.0638580322265625
1749220224907505200,0.125505126953125,-0.6697998046875,-0.43145751953125,0.0956268310546875
1749220224917496300,0.135496337890625,-0.5919342041015625,-0.349822998046875,0.09649658203125
1749220224927486500,0.145486572265625,-0.662933349609375,-0.4022369384765625,0.0505828857421875
1749220224937477400,0.155477294921875,-0.8509063720703125,-0.53509521484375,0.001983642578125
1749220224947468300,0.16546826171875,-1.005859375,-0.67230224609375,-0.0131988525390625
1749220224957459200,0.175459228515625,-1.0328826904296875,-0.712493896484375,-0.0402679443359375
1749220224967450400,0.185450439453125,-0.9726409912109375,-0.6782989501953125,-0.0423126220703125
1749220224977440300,0.195440185546875,-0.9064788818359375,-0.6171875,0.038299560546875
1749220224987431200,0.20543115234375,-0.852020263671875,-0.5673370361328125,0.1031341552734375
1749220224997422300,0.21542236328125,-0.7814178466796875,-0.5413665771484375,0.1337432861328125
1749220225007413500,0.22541357421875,-0.7096099853515625,-0.5259552001953125,0.150421142578125
1749220225017404400,0.235404296875,-0.7035369873046875,-0.5485687255859375,0.1664581298828125
1749220225027394300,0.245394287109375,-0.7469635009765625,-0.5614013671875,0.191009521484375
1749220225037385200,0.25538525390625,-0.8118133544921875,-0.5299530029296875,0.180999755859375
1749220225047376400,0.26537646484375,-0.8602142333984375,-0.5823211669921875,0.1854705810546875
1749220225057367300,0.2753671875,-0.86346435546875,-0.6725006103515625,0.1681060791015625
1749220225067358200,0.285358154296875,-0.8675994873046875,-0.70501708984375,0.0701446533203125
1749220225077348400,0.295348388671875,-0.9206085205078125,-0.7392578125,0.025299072265625
1749220225087339500,0.305339599609375,-0.9940185546875,-0.5961761474609375,0.149200439453125
1749220225097330400,0.315330322265625,-0.99346923828125,-0.4757843017578125,0.27227783203125
1749220225107321300,0.3253212890625,-0.870208740234375,-0.47247314453125,0.3145904541015625
1749220225117312500,0.3353125,-0.7550811767578125,-0.4727935791015625,0.3282470703125
1749220225127302400,0.345302490234375,-0.7617340087890625,-0.4837493896484375,0.285125732421875
1749220225137293300,0.355293212890625,-0.8024139404296875,-0.50634765625,0.2196502685546875
1749220225147284200,0.3652841796875,-0.801910400390625,-0.523345947265625,0.175750732421875
1749220225157275400,0.375275390625,-0.7913055419921875,-0.5113067626953125,0.1850128173828125
1749220225167266300,0.385266357421875,-0.7735748291015625,-0.4803009033203125,0.238861083984375
1749220225177256400,0.39525634765625,-0.748382568359375,-0.4775848388671875,0.2484893798828125
1749220225187251000,0.4052509765625,-0.7807159423828125,-0.4560394287109375,0.239227294921875
1749220225197241900,0.415241943359375,-0.855377197265625,-0.4026031494140625,0.2289276123046875
1749220225207232800,0.425232666015625,-0.929229736328125,-0.3054046630859375,0.196014404296875
1749220225217224000,0.435223876953125,-0.96185302734375,-0.4026031494140625,0.1810302734375
1749220225227213800,0.4452138671875,-0.9920806884765625,-0.4649810791015625,0.1665496826171875
1749220225237204700,0.455204833984375,-0.996612548828125,-0.4202880859375,0.165496826171875
1749220225247195600,0.465195556640625,-0.968170166015625,-0.3872222900390625,0.189849853515625
1749220225257186800,0.475186767578125,-0.9441680908203125,-0.3767547607421875,0.2388763427734375
1749220225267177700,0.485177734375,-1.2469940185546875,-0.50079345703125,-0.5476837158203125
1749220225277167900,0.49516796875,-1.627471923828125,-0.095733642578125,-0.06707763671875
1749220225287158800,0.50515869140625,-0.804443359375,0.1191864013671875,0.77728271484375
1749220225297150000,0.51514990234375,-0.5190887451171875,-0.21722412109375,0.8587188720703125
1749220225307140900,0.525140869140625,-0.57000732421875,-0.4535064697265625,0.6368255615234375
1749220225317131800,0.5351318359375,-0.7330780029296875,-0.6844024658203125,0.261260986328125
1749220225327121700,0.54512158203125,-0.7126922607421875,-0.5704498291015625,0.4719390869140625
1749220225337112800,0.55511279296875,-0.598602294921875,-0.5004730224609375,0.679107666015625
1749220225347103700,0.565103759765625,-0.7214202880859375,-0.598541259765625,0.686798095703125
1749220225357094700,0.5750947265625,-0.6998291015625,-0.602264404296875,0.657989501953125
1749220225367085800,0.5850859375,-0.6917877197265625,-0.55694580078125,0.6031494140625
1749220225377076000,0.595075927734375,-0.7317047119140625,-0.478424072265625,0.5565032958984375
1749220225387067000,0.60506689453125,-0.68023681640625,-0.4228515625,0.58209228515625
1749220225397057800,0.615057861328125,-0.571044921875,-0.422271728515625,0.60687255859375
1749220225407049000,0.625049072265625,-0.4572296142578125,-0.3880462646484375,0.6383056640625
1749220225417040000,0.635039794921875,-0.3849945068359375,-0.3640899658203125,0.6168670654296875
1749220225427029800,0.64502978515625,-0.3787994384765625,-0.4061737060546875,0.637054443359375
1749220225437020700,0.655020751953125,-0.4123687744140625,-0.4637908935546875,0.6961669921875
1749220225447011600,0.665011474609375,-0.4398651123046875,-0.47845458984375,0.7347259521484375
1749220225457002800,0.675002685546875,-0.4402008056640625,-0.495941162109375,0.6885986328125
1749220225466994000,0.684993896484375,-0.4388427734375,-0.5414276123046875,0.647857666015625
1749220225476983800,0.69498388671875,-0.4468231201171875,-0.57415771484375,0.6477508544921875
1749220225486974700,0.704974609375,-0.4117584228515625,-0.550384521484375,0.67095947265625
1749220225496966000,0.7149658203125,-0.3540496826171875,-0.5099639892578125,0.759552001953125
1749220225506956800,0.724956787109375,-0.3784027099609375,-0.520050048828125,0.89984130859375
1749220225516947700,0.73494775390625,-0.462249755859375,-0.5796661376953125,0.999237060546875
1749220225526937600,0.7449375,-0.53533935546875,-0.648284912109375,1.0625152587890625
1749220225536928800,0.7549287109375,-0.565521240234375,-0.70355224609375,1.0694732666015625
1749220225546920000,0.764919921875,-0.4395904541015625,-0.6988525390625,1.0431365966796875
1749220225556910800,0.774910888671875,-0.3320770263671875,-0.66705322265625,1.0064239501953125
1749220225566900700,0.784900634765625,-0.333465576171875,-0.6245269775390625,0.88720703125
1749220225576892000,0.794891845703125,-0.3315277099609375,-0.6098480224609375,0.811004638671875
1749220225586882800,0.8048828125,-0.45050048828125,-0.4820709228515625,0.8533782958984375
1749220225596873700,0.814873779296875,-0.2603759765625,-0.577301025390625,0.881744384765625
1749220225606865000,0.824864990234375,-0.2728424072265625,-0.67938232421875,0.9031524658203125
1749220225616854800,0.834854736328125,-0.3085479736328125,-0.67108154296875,0.9542694091796875
1749220225626846000,0.844845947265625,-0.3333892822265625,-0.6248626708984375,0.9182891845703125
1749220225636836900,0.8548369140625,-0.2443084716796875,-0.589447021484375,0.8130340576171875
1749220225646828000,0.864828125,-0.3515625,-0.5511932373046875,0.77020263671875
1749220225656819000,0.87481884765625,-0.436187744140625,-0.5576019287109375,0.816619873046875
1749220225666808800,0.884808837890625,-0.3728179931640625,-0.571807861328125,0.8258209228515625
1749220225676799700,0.8947998046875,-0.33154296875,-0.588287353515625,0.806427001953125
1749220225686790700,0.904790771484375,-0.3706512451171875,-0.5823516845703125,0.7953948974609375
1749220225696781800,0.91478173828125,-0.3778228759765625,-0.5790557861328125,0.775726318359375
1749220225706772700,0.924772705078125,-0.3513946533203125,-0.5289764404296875,0.749542236328125
1749220225716763000,0.934762939453125,-0.2160797119140625,-0.3780670166015625,0.719146728515625
1749220225726753800,0.94475390625,-0.2361602783203125,-0.447021484375,0.6796875
1749220225736745000,0.954744873046875,-0.330810546875,-0.6671295166015625,0.700225830078125
1749220225746735900,0.96473583984375,-0.1676483154296875,-0.6861572265625,0.6753082275390625
1749220225756726800,0.974726806640625,-0.135650634765625,-0.6121826171875,0.66802978515625
1749220225766716700,0.984716552734375,-0.234130859375,-0.4791107177734375,0.694610595703125
1749220225776707800,0.994707763671875,-0.199371337890625,-0.2837677001953125,0.72821044921875
1749220225786698800,1.00469873046875,-0.22381591796875,-0.1851348876953125,0.7301025390625
1749220225796689700,1.014689697265625,-0.25390625,-0.20855712890625,0.7354888916015625
1749220225806680800,1.024680908203125,-0.0465545654296875,-0.1604156494140625,0.7259368896484375
1749220225816671000,1.0346708984375,0.0058746337890625,-0.0611419677734375,0.7060089111328125
1749220225826662000,1.044661865234375,-0.0882568359375,-0.0988311767578125,0.67156982421875
1749220225836652800,1.05465283203125,0.000762939453125,-0.2193603515625,0.6025848388671875
1749220225846644000,1.06464404296875,0.0562591552734375,-0.2957916259765625,0.5267791748046875
1749220225856635000,1.074634765625,0.1191864013671875,-0.4493255615234375,0.4559478759765625
1749220225866624800,1.084624755859375,0.184417724609375,-0.789520263671875,0.4256134033203125
1749220225876615700,1.09461572265625,0.3629913330078125,-1.17950439453125,0.4100799560546875
1749220225886606800,1.10460693359375,0.4555511474609375,-1.5077056884765625,0.4819183349609375
1749220225896597800,1.11459765625,0.0154266357421875,-1.76177978515625,0.534881591796875
1749220225906588700,1.124588623046875,-1.349365234375,-1.9699859619140625,0.6022491455078125
1749220225916578800,1.134578857421875,-0.4832763671875,-1.853546142578125,0.594970703125
1749220225926570000,1.144570068359375,0.88055419921875,-1.2912445068359375,0.63916015625
1749220225936561000,1.154560791015625,0.416748046875,-0.7867584228515625,1.0213623046875
1749220225946551800,1.1645517578125,-0.208953857421875,-0.4368896484375,1.0825042724609375
1749220225956542700,1.174542724609375,-0.00341796875,-0.383392333984375,0.90472412109375
1749220225966532600,1.18453271484375,0.1282196044921875,-0.498321533203125,0.8051910400390625
1749220225976523800,1.194523681640625,0.0923919677734375,-0.591827392578125,0.86688232421875
1749220225986514700,1.2045146484375,0.0660552978515625,-0.6493377685546875,0.9446868896484375
1749220225996505900,1.214505859375,0.0982513427734375,-0.6943206787109375,0.9084320068359375
1749220226006495700,1.224495849609375,0.0876007080078125,-0.694427490234375,0.8334808349609375
1749220226016487000,1.23448681640625,0.016021728515625,-0.6195068359375,0.777801513671875
1749220226026477800,1.244477783203125,0.0295867919921875,-0.5490570068359375,0.7534332275390625
1749220226036468700,1.25446875,0.0723114013671875,-0.566436767578125,0.7500762939453125
1749220226046460000,1.2644599609375,0.0959014892578125,-0.6495513916015625,0.7615509033203125
1749220226056449800,1.27444970703125,0.0982818603515625,-0.704803466796875,0.7805023193359375
1749220226066440700,1.284440673828125,0.0750885009765625,-0.704132080078125,0.7794647216796875
1749220226076432000,1.294431884765625,0.03338623046875,-0.6880645751953125,0.7818603515625
1749220226086423000,1.304423095703125,0.0059661865234375,-0.6576385498046875,0.78253173828125
1749220226096414000,1.3144140625,-0.0149078369140625,-0.565399169921875,0.7401580810546875
1749220226106403800,1.32440380859375,-0.2858734130859375,-0.04205322265625,0.5745849609375
1749220226116394800,1.334394775390625,-0.6634368896484375,-0.3565673828125,0.714111328125
1749220226126386000,1.344385986328125,0.0668792724609375,-0.936004638671875,0.8950347900390625
1749220226136376800,1.354376953125,0.2622222900390625,-0.9888153076171875,0.8964691162109375
1749220226146367700,1.36436767578125,0.034912109375,-0.872711181640625,0.887481689453125
1749220226156358000,1.37435791015625,-0.0737457275390625,-0.749664306640625,0.878082275390625
1749220226166349000,1.38434912109375,-0.027435302734375,-0.66009521484375,0.833526611328125
1749220226176340000,1.394340087890625,-0.0508880615234375,-0.590789794921875,0.788604736328125
1749220226186326800,1.404326904296875,-0.0990142822265625,-0.74444580078125,0.742156982421875
1749220226196317700,1.414317626953125,0.01629638671875,-0.76519775390625,0.673675537109375
1749220226206307600,1.4243076171875,0.075958251953125,-0.761322021484375,0.6921234130859375
1749220226216298500,1.434298583984375,0.0135650634765625,-0.781494140625,0.6930084228515625
1749220226226289700,1.44428955078125,-0.027984619140625,-0.697113037109375,0.6324920654296875
1749220226236280600,1.454280517578125,0.0071258544921875,-0.5662078857421875,0.5637359619140625
1749220226246271500,1.464271484375,0.1299896240234375,-0.6392822265625,0.574462890625
1749220226256261600,1.47426171875,0.315765380859375,-0.788665771484375,0.7159423828125
1749220226266252800,1.484252685546875,0.2498321533203125,-0.7551116943359375,0.7883453369140625
1749220226276243700,1.49424365234375,0.0949859619140625,-0.6734619140625,0.7209014892578125
1749220226286234600,1.504234619140625,0.01873779296875,-0.7653045654296875,0.6050567626953125
1749220226296225500,1.5142255859375,0.0952911376953125,-1.0425872802734375,0.4945526123046875
1749220226306215700,1.524215576171875,0.1264801025390625,-1.16912841796875,0.5501708984375
1749220226316206600,1.53420654296875,0.115020751953125,-1.2009735107421875,0.6162261962890625
1749220226326197500,1.544197509765625,0.0825042724609375,-1.1521148681640625,0.571563720703125
1749220226336188700,1.554188720703125,0.0615997314453125,-1.0816192626953125,0.47332763671875
1749220226346179800,1.564179931640625,0.0638275146484375,-1.0224609375,0.42132568359375
1749220226356169700,1.574169677734375,0.0814666748046875,-0.89013671875,0.4556121826171875
1749220226366160600,1.58416064453125,0.144195556640625,-0.7397613525390625,0.5603790283203125
1749220226376151600,1.594151611328125,0.22711181640625,-0.7058868408203125,0.6087799072265625
1749220226386142700,1.604142822265625,0.197967529296875,-0.768402099609375,0.60888671875
1749220226396133600,1.614133544921875,0.137969970703125,-0.82965087890625,0.6090240478515625
1749220226406123500,1.62412353515625,0.1136627197265625,-0.8527679443359375,0.5742950439453125
1749220226416114700,1.63411474609375,0.07012939453125,-0.8545074462890625,0.4931488037109375
1749220226426105900,1.64410595703125,0.085845947265625,-0.8896942138671875,0.40130615234375
1749220226436096800,1.6540966796875,0.065643310546875,-0.88153076171875,0.320831298828125
1749220226446087700,1.664087646484375,0.0444183349609375,-0.858612060546875,0.3291015625
1749220226456077600,1.67407763671875,0.1481781005859375,-0.8325958251953125,0.324920654296875
1749220226466068700,1.68406884765625,0.17242431640625,-0.77001953125,0.3511505126953125
1749220226476059600,1.6940595703125,-0.0631866455078125,-0.65167236328125,0.4595794677734375
1749220226486050600,1.704050537109375,-0.0565032958984375,-0.7110137939453125,0.435516357421875
1749220226496040700,1.714040771484375,0.0819244384765625,-0.777252197265625,0.31182861328125
1749220226506031900,1.724031982421875,0.1179656982421875,-0.7618255615234375,0.1469573974609375
1749220226516022800,1.734022705078125,0.09747314453125,-0.715118408203125,0.252105712890625
1749220226526013700,1.744013671875,0.0547027587890625,-0.7773590087890625,0.2146148681640625
1749220226536004600,1.754004638671875,0.1417083740234375,-0.8624267578125,0.1807098388671875
1749220226545994800,1.763994873046875,0.203155517578125,-0.8862457275390625,0.0633392333984375
1749220226555985700,1.773985595703125,0.2308197021484375,-0.9145660400390625,0.069091796875
1749220226565976600,1.7839765625,0.1826934814453125,-0.9650115966796875,0.0963592529296875
1749220226575967500,1.793967529296875,0.1818084716796875,-1.05743408203125,0.1425323486328125
1749220226585958700,1.803958740234375,0.209503173828125,-1.0621337890625,0.1722412109375
1749220226595948800,1.81394873046875,0.2456817626953125,-1.0732879638671875,0.20263671875
1749220226605939700,1.823939697265625,0.2414093017578125,-1.0926666259765625,0.1315765380859375
1749220226615930600,1.8339306640625,0.2086944580078125,-1.1130523681640625,0.0550079345703125
1749220226625921800,1.843921875,0.273834228515625,-1.071380615234375,0.1239013671875
1749220226635912700,1.85391259765625,0.336029052734375,-1.051666259765625,0.172271728515625
1749220226645902600,1.863902587890625,0.2452392578125,-1.0791168212890625,0.0532989501953125
1749220226655893500,1.8738935546875,0.261993408203125,-1.097442626953125,-0.0699005126953125
1749220226665884700,1.883884765625,0.2220001220703125,-1.0391845703125,-0.006072998046875
1749220226675875600,1.89387548828125,0.2712554931640625,-0.8967437744140625,0.0853271484375
1749220226685866500,1.903866455078125,0.26190185546875,-0.81060791015625,0.066650390625
1749220226695856600,1.913856689453125,0.242767333984375,-0.714385986328125,0.040557861328125
1749220226705847800,1.923847900390625,0.228485107421875,-0.7608642578125,-0.187713623046875
1749220226715838700,1.933838623046875,0.21234130859375,-0.87255859375,-0.3227386474609375
1749220226725829600,1.94382958984375,0.201690673828125,-0.821136474609375,-0.164459228515625
1749220226735820800,1.95382080078125,0.292236328125,-0.8546142578125,0.0177764892578125
1749220226745810700,1.963810791015625,0.2567596435546875,-0.935638427734375,0.03076171875
1749220226755801600,1.973801513671875,0.1890869140625,-1.0287322998046875,-0.13299560546875
1749220226765792500,1.98379248046875,0.1889190673828125,-1.099456787109375,-0.26806640625
1749220226775783400,1.993783447265625,0.2643890380859375,-1.0825958251953125,-0.1505889892578125
1749220226785774600,2.003774658203125,0.3194732666015625,-1.110260009765625,-0.02728271484375
1749220226795764700,2.0137646484375,0.2354278564453125,-1.156097412109375,-0.0389862060546875
1749220226805755600,2.023755615234375,0.0611572265625,-1.06170654296875,-0.0653839111328125
1749220226815746600,2.03374658203125,0.022735595703125,-0.9896240234375,-0.2080078125
1749220226825737700,2.04373779296875,-0.0394134521484375,-0.9008636474609375,-0.189422607421875
1749220226835728600,2.053728759765625,-0.0300750732421875,-0.7976531982421875,-0.1906280517578125
1749220226845718500,2.063718505859375,0.0130157470703125,-0.837799072265625,-0.2618408203125
1749220226855709400,2.07370947265625,0.0420074462890625,-0.925689697265625,-0.2192535400390625
1749220226865700600,2.08370068359375,0.104644775390625,-0.9798126220703125,-0.1289215087890625
1749220226875691800,2.09369189453125,0.13470458984375,-1.0035247802734375,-0.1160430908203125
1749220226885682700,2.1036826171875,0.050537109375,-0.9665679931640625,-0.1915283203125
1749220226895672600,2.113672607421875,-0.032257080078125,-0.9051361083984375,-0.3040313720703125
1749220226905663700,2.123663818359375,0.0768585205078125,-0.99639892578125,-0.338531494140625
1749220226915654700,2.133654541015625,0.304168701171875,-0.918182373046875,-0.1748199462890625
1749220226925645600,2.1436455078125,0.2288665771484375,-1.04241943359375,-0.0967864990234375
1749220226935636700,2.15363671875,0.1144256591796875,-1.2139434814453125,-0.24298095703125
1749220226945626600,2.163626708984375,0.1039276123046875,-1.217132568359375,-0.2319183349609375
1749220226955617800,2.17361767578125,0.1273651123046875,-1.025665283203125,-0.0492706298828125
1749220226965608700,2.183608642578125,-0.004913330078125,-0.8858795166015625,0.0176239013671875
1749220226975599900,2.193599853515625,0.136260986328125,-0.5678863525390625,0.08453369140625
1749220226985589800,2.20358984375,0.1956329345703125,-0.39111328125,0.15948486328125
1749220226995580700,2.21358056640625,-0.04815673828125,-0.659149169921875,0.0133056640625
1749220227005571600,2.223571533203125,0.213958740234375,-0.7389068603515625,-0.1507415771484375
1749220227015562800,2.233562744140625,0.2202301025390625,-0.780731201171875,-0.3181304931640625
1749220227025553700,2.2435537109375,0.256805419921875,-0.8548583984375,-0.4619903564453125
1749220227035543800,2.253543701171875,0.43231201171875,-1.038848876953125,-0.4408416748046875
1749220227045534700,2.26353466796875,0.166259765625,-1.2515411376953125,-0.3188629150390625
1749220227055525600,2.273525634765625,0.146820068359375,-1.28717041015625,-0.0920562744140625
1749220227065516800,2.283516845703125,0.2194061279296875,-1.36932373046875,-0.09405517578125
1749220227075507700,2.2935078125,0.424468994140625,-1.59796142578125,-0.2493743896484375
1749220227085497600,2.30349755859375,0.327880859375,-1.641815185546875,-0.1058502197265625
1749220227095488500,2.313488525390625,0.03466796875,-1.387786865234375,0.1358184814453125
1749220227105479700,2.323479736328125,-0.1142578125,-1.142669677734375,0.1538238525390625
1749220227115470600,2.333470703125,-0.1973724365234375,-0.885467529296875,0.029296875
1749220227125461500,2.34346142578125,-0.1096343994140625,-0.859710693359375,-0.1417388916015625
1749220227135451600,2.35345166015625,0.0694122314453125,-0.8691253662109375,-0.209686279296875
1749220227145442800,2.36344287109375,0.382049560546875,-0.9299163818359375,-0.220367431640625
1749220227155433700,2.373433837890625,0.45953369140625,-1.004913330078125,-0.144317626953125
1749220227165424600,2.383424560546875,0.2876739501953125,-0.991119384765625,-0.0666656494140625
1749220227175415800,2.393415771484375,0.18792724609375,-0.9424896240234375,0.00457763671875
1749220227185406200,2.40340625,0.16448974609375,-0.9036712646484375,0.0540618896484375
1749220227195397400,2.4133974609375,0.1780242919921875,-0.8506011962890625,0.143524169921875
1749220227205388300,2.42338818359375,0.1352691650390625,-0.812255859375,0.1448211669921875
1749220227215379200,2.433379150390625,0.131500244140625,-0.9524078369140625,0.048675537109375
1749220227225370000,2.4433701171875,0.0889434814453125,-1.07232666015625,0.0863494873046875
1749220227235360300,2.4533603515625,0.08709716796875,-1.0594329833984375,0.2760467529296875
1749220227245351400,2.463351318359375,0.1285400390625,-1.01611328125,0.3807525634765625
1749220227255342300,2.47334228515625,0.1725921630859375,-0.993865966796875,0.3914794921875
1749220227265333200,2.483333251953125,0.2159423828125,-0.97088623046875,0.36688232421875
1749220227275324400,2.493324462890625,0.174896240234375,-0.9658966064453125,0.3358917236328125
1749220227285314300,2.503314208984375,0.1656646728515625,-0.9801177978515625,0.260040283203125
1749220227295305200,2.51330517578125,0.32037353515625,-0.93951416015625,0.1514434814453125
1749220227305296100,2.523296142578125,0.09521484375,-0.805450439453125,-0.02850341796875
1749220227315287300,2.533287353515625,0.0760345458984375,-0.635101318359375,-0.09197998046875
1749220227325278200,2.5432783203125,0.168609619140625,-0.7818145751953125,-0.04522705078125
1749220227335268400,2.553268310546875,0.0943145751953125,-1.276763916015625,0.2444305419921875
1749220227345259300,2.56325927734375,0.265380859375,-1.384033203125,0.383209228515625
1749220227355250400,2.57325048828125,0.4405975341796875,-1.0894927978515625,0.4029388427734375
1749220227365241300,2.583241455078125,0.3684844970703125,-0.823760986328125,0.2976837158203125
1749220227375232300,2.593232177734375,0.295196533203125,-0.7951202392578125,0.2327423095703125
1749220227385222100,2.60322216796875,0.1842193603515625,-0.9564361572265625,0.219451904296875
1749220227395213300,2.61321337890625,0.116973876953125,-1.0953826904296875,0.21661376953125
1749220227405204200,2.623204345703125,0.08245849609375,-1.0716094970703125,0.3248138427734375
1749220227415195100,2.633195068359375,0.0652008056640625,-1.1087799072265625,0.353607177734375
1749220227425186300,2.643186279296875,0.137054443359375,-1.0771331787109375,0.3381195068359375
1749220227435176400,2.653176513671875,0.2025299072265625,-1.000885009765625,0.2007293701171875
1749220227445167400,2.66316748046875,0.281951904296875,-0.8507843017578125,0.3119049072265625
1749220227455158300,2.673158203125,0.1978912353515625,-0.85113525390625,0.2883758544921875
1749220227465149200,2.683149169921875,0.2404022216796875,-0.92608642578125,0.3126373291015625
1749220227475139300,2.693139404296875,0.219970703125,-1.0309600830078125,0.310821533203125
1749220227485130200,2.703130126953125,0.185699462890625,-1.1380767822265625,0.27813720703125
1749220227495121200,2.71312109375,0.060394287109375,-0.9892120361328125,0.2554168701171875
1749220227505112000,2.723112060546875,0.0771636962890625,-0.8600311279296875,0.1780242919921875
1749220227515103200,2.733103271484375,0.08038330078125,-0.8943939208984375,-0.0137481689453125
1749220227525093400,2.74309326171875,-0.0921478271484375,-0.9481658935546875,-0.2344512939453125
1749220227535084300,2.753084228515625,-0.1240386962890625,-0.97515869140625,-0.170318603515625
1749220227545075200,2.7630751953125,-0.087158203125,-0.9427947998046875,0.0028228759765625
1749220227555066400,2.77306640625,-0.003265380859375,-0.94403076171875,0.0701141357421875
1749220227565057300,2.783057373046875,0.0738372802734375,-0.987884521484375,-0.022430419921875
1749220227575047200,2.793047119140625,-0.05389404296875,-0.993804931640625,-0.06463623046875
1749220227585038000,2.8030380859375,0.0264129638671875,-0.9775848388671875,-0.0155792236328125
1749220227595029200,2.813029296875,0.1453094482421875,-1.0110931396484375,-0.0020751953125
1749220227605020200,2.823020263671875,0.167449951171875,-1.0397186279296875,0.081451416015625
1749220227615011300,2.83301123046875,0.0617523193359375,-0.9912261962890625,0.2282257080078125
1749220227625001200,2.843001220703125,0.049072265625,-0.966094970703125,0.2088165283203125
1749220227634992400,2.852992431640625,0.0716705322265625,-0.99163818359375,0.107452392578125
1749220227644983300,2.8629833984375,0.062225341796875,-0.988006591796875,0.097381591796875
1749220227654974200,2.87297412109375,0.0576019287109375,-0.9781341552734375,0.076568603515625
1749220227664965400,2.88296533203125,0.089508056640625,-0.9474334716796875,0.080352783203125
1749220227674955300,2.892955322265625,0.1575164794921875,-0.96453857421875,0.1204681396484375
1749220227684946200,2.9029462890625,0.19580078125,-0.9951629638671875,0.1539459228515625
1749220227694937300,2.912937255859375,0.168853759765625,-0.9752349853515625,0.1815643310546875
1749220227704928500,2.922928466796875,0.155364990234375,-1.00201416015625,0.1569976806640625
1749220227714919400,2.93291943359375,0.2036895751953125,-1.0442047119140625,0.1112823486328125
1749220227724909300,2.942909423828125,0.2296905517578125,-1.0704345703125,0.1025848388671875
1749220227734900200,2.952900146484375,0.2149658203125,-1.0271453857421875,0.1976776123046875
1749220227744891100,2.96289111328125,0.2034912109375,-0.9921112060546875,0.2502899169921875
1749220227754882300,2.97288232421875,0.191070556640625,-0.9785003662109375,0.205474853515625
1749220227764872200,2.9828720703125,0.210723876953125,-0.97882080078125,0.08807373046875
1749220227774863400,2.99286328125,0.202880859375,-0.9481353759765625,-0.0130615234375
1749220227784854300,3.002854248046875,0.1303558349609375,-0.9144134521484375,0.041290283203125
1749220227794845400,3.012845458984375,0.16070556640625,-0.9060516357421875,-0.027374267578125
1749220227804836400,3.02283642578125,-0.0311279296875,-0.896820068359375,0.3886871337890625
1749220227814826200,3.032826171875,0.092010498046875,-1.01251220703125,0.3423614501953125
1749220227824817200,3.042817138671875,0.1401214599609375,-1.1154327392578125,0.1744537353515625
1749220227834808300,3.052808349609375,0.2179718017578125,-1.10498046875,0.2001495361328125
1749220227844799200,3.06279931640625,0.2259521484375,-1.0654296875,0.25262451171875
1749220227854790100,3.0727900390625,0.1871337890625,-0.99627685546875,0.1952362060546875
1749220227864780300,3.0827802734375,0.162750244140625,-0.974853515625,0.09912109375
1749220227874771500,3.092771484375,0.119354248046875,-0.94915771484375,0.0798492431640625
1749220227884762400,3.102762451171875,0.0846099853515625,-0.8984527587890625,0.03521728515625
1749220227894753300,3.112753173828125,0.0800933837890625,-0.92718505859375,-0.051422119140625
1749220227904744400,3.122744384765625,0.108001708984375,-0.9582061767578125,-0.02398681640625
1749220227914734300,3.132734375,0.1004638671875,-0.9783935546875,0.0817108154296875
1749220227924725200,3.142725341796875,0.075408935546875,-0.9950408935546875,0.1565399169921875
1749220227934716200,3.152716064453125,0.081878662109375,-1.0232696533203125,0.19757080078125
1749220227944707300,3.162707275390625,0.1029815673828125,-1.0756988525390625,0.1658782958984375
1749220227954698200,3.1726982421875,0.0162811279296875,-0.97491455078125,0.060882568359375
1749220227964688400,3.1826884765625,0.0727386474609375,-1.01068115234375,0.07330322265625
1749220227974679300,3.19267919921875,0.0148773193359375,-0.84686279296875,0.076629638671875
1749220227984670200,3.202670166015625,0.0440216064453125,-0.7109375,-0.1070098876953125
1749220227994661400,3.212661376953125,-0.0263214111328125,-0.80035400390625,-0.3322906494140625
1749220228004652300,3.22265234375,-0.01513671875,-1.06683349609375,0.120513916015625
1749220228014642200,3.23264208984375,-0.0522003173828125,-1.01123046875,0.2005615234375
1749220228024633000,3.242633056640625,0.0299224853515625,-1.01959228515625,0.077606201171875
1749220228034624300,3.252624267578125,0.0607452392578125,-1.0159759521484375,0.027557373046875
1749220228044615200,3.262615234375,0.041656494140625,-0.923858642578125,-0.0378875732421875
1749220228054606000,3.272606201171875,0.06646728515625,-0.9251708984375,-0.00341796875
1749220228064596200,3.28259619140625,0.04949951171875,-0.96661376953125,-0.0071258544921875
1749220228074587400,3.29258740234375,0.0193939208984375,-0.9222259521484375,-0.0394439697265625
1749220228084578300,3.302578369140625,0.0019683837890625,-0.81268310546875,-0.08917236328125
1749220228094569200,3.3125693359375,-0.0858001708984375,-0.77508544921875,-0.15655517578125
1749220228104560400,3.322560302734375,-0.0781402587890625,-0.8891143798828125,-0.0276031494140625
1749220228114550300,3.33255029296875,0.0178985595703125,-1.0090179443359375,0.05047607421875
1749220228124541200,3.342541259765625,0.0216217041015625,-1.076141357421875,-0.02777099609375
1749220228134532000,3.352531982421875,-0.03204345703125,-1.1978912353515625,-0.1180267333984375
1749220228144523300,3.362523193359375,-0.1005096435546875,-1.1801300048828125,-0.0910186767578125
1749220228154514400,3.372514404296875,-0.0170440673828125,-1.2197265625,-0.0467681884765625
1749220228164504300,3.38250439453125,-0.048828125,-1.2586212158203125,-0.034576416015625
1749220228174495200,3.3924951171875,-0.042816162109375,-1.2474212646484375,0.074920654296875
1749220228184486000,3.40248583984375,-0.05712890625,-1.2132110595703125,0.112457275390625
1749220228194477000,3.41247705078125,-0.1105499267578125,-1.11614990234375,0.034515380859375
1749220228204467000,3.422467041015625,-0.086334228515625,-1.098541259765625,0.0159149169921875
1749220228214458000,3.4324580078125,-0.063751220703125,-1.091949462890625,-0.0068817138671875
1749220228224449000,3.442448974609375,-0.055633544921875,-1.078399658203125,-0.03790283203125
1749220228234440200,3.452440185546875,-0.0616302490234375,-1.089324951171875,-0.003082275390625
1749220228244431000,3.46243115234375,-0.0209503173828125,-1.1814117431640625,0.0015869140625
1749220228254421000,3.4724208984375,-0.03045654296875,-1.203125,-0.0262298583984375
1749220228264412000,3.482411865234375,-0.0359649658203125,-1.17254638671875,-0.0225830078125
1749220228274403000,3.492403076171875,-0.0422515869140625,-1.0723876953125,0.0064239501953125
1749220228284394000,3.50239404296875,-0.1122283935546875,-0.901824951171875,-0.0322113037109375
1749220228294385000,3.512385009765625,-0.1248779296875,-0.6992645263671875,-0.0110626220703125
1749220228304375000,3.522375,-0.0579681396484375,-0.5718536376953125,0.1041259765625
1749220228314366200,3.5323662109375,0.0577392578125,-0.4913787841796875,0.1426544189453125
1749220228324357000,3.542357177734375,-0.137237548828125,-0.77838134765625,0.0265655517578125
1749220228334348000,3.55234814453125,-0.089813232421875,-1.080322265625,-0.0067901611328125
1749220228344339200,3.562339111328125,-0.020721435546875,-1.271514892578125,-0.0237274169921875
1749220228354329000,3.5723291015625,-0.0145416259765625,-1.314910888671875,-0.1153106689453125
1749220228364320000,3.582320068359375,-0.053863525390625,-1.178802490234375,-0.223052978515625
1749220228374311000,3.592310791015625,-0.0770111083984375,-0.9521636962890625,-0.2345123291015625
1749220228384302000,3.602302001953125,-0.074249267578125,-0.7863616943359375,-0.1699371337890625
1749220228394293000,3.61229296875,-0.0735931396484375,-0.799224853515625,-0.09600830078125
1749220228404283100,3.622283203125,-0.080657958984375,-0.9824981689453125,-0.0782318115234375
1749220228414274000,3.632274169921875,-0.042327880859375,-1.13641357421875,0.0021209716796875
1749220228424265200,3.64226513671875,-0.0146331787109375,-1.1913299560546875,0.069580078125
1749220228434256100,3.652256103515625,0.013885498046875,-1.121490478515625,0.0388946533203125
1749220228444247000,3.6622470703125,-0.0460357666015625,-0.93817138671875,0.0198516845703125
1749220228454237000,3.67223681640625,-0.07012939453125,-0.8258209228515625,0.02935791015625
1749220228464227800,3.682227783203125,-0.0884246826171875,-0.87872314453125,0.00653076171875
1749220228474219000,3.692218994140625,-0.1090545654296875,-0.9903106689453125,-0.0338592529296875
1749220228484210000,3.7022099609375,-0.1165771484375,-1.0518951416015625,-0.0673828125
1749220228494200800,3.712200927734375,-0.1147308349609375,-1.0835723876953125,-0.155609130859375
1749220228504191000,3.72219091796875,-0.0996856689453125,-1.0439453125,-0.1879425048828125
1749220228514182100,3.73218212890625,0.067474365234375,-0.9644927978515625,-0.103607177734375
1749220228524173000,3.742173095703125,0.044158935546875,-0.9169464111328125,-0.0431976318359375
1749220228534164000,3.7521640625,-0.06463623046875,-0.918487548828125,-0.0040283203125
1749220228544153900,3.76215380859375,-0.101837158203125,-0.8860015869140625,0.07025146484375
1749220228554145000,3.77214501953125,-0.0731353759765625,-0.666473388671875,0.055938720703125
1749220228564136000,3.782135986328125,-0.0399932861328125,-0.9068450927734375,0.083099365234375
1749220228574126800,3.792126953125,0.062774658203125,-1.190093994140625,0.0384368896484375
1749220228584118000,3.802117919921875,-0.1269683837890625,-1.17755126953125,-0.0520477294921875
1749220228594108200,3.812108154296875,-0.1417236328125,-1.0442962646484375,-0.07867431640625
1749220228604099000,3.82209912109375,-0.1496124267578125,-0.9620208740234375,-0.0909271240234375
1749220228614090000,3.832090087890625,-0.07330322265625,-0.852508544921875,-0.0518035888671875
1749220228624081200,3.8420810546875,-0.2091217041015625,-0.939666748046875,0.1042633056640625
1749220228634072000,3.852072021484375,-0.1152496337890625,-1.0665740966796875,0.0984649658203125
1749220228644062000,3.86206201171875,0.05328369140625,-1.072235107421875,-0.1026611328125
1749220228654052900,3.872052978515625,0.0487823486328125,-0.943878173828125,-0.1254730224609375
1749220228664044000,3.8820439453125,-0.12811279296875,-0.8641204833984375,-0.0412750244140625
1749220228674035200,3.89203515625,-0.19647216796875,-1.0169677734375,0.041229248046875
1749220228684026000,3.902026123046875,-0.02679443359375,-1.038055419921875,-0.0088653564453125
1749220228694016000,3.91201611328125,-0.033782958984375,-1.1047821044921875,-0.0218353271484375
1749220228704007200,3.922007080078125,0.041290283203125,-1.0417938232421875,0.0206451416015625
1749220228713998000,3.931998046875,-0.0780487060546875,-1.0089874267578125,0.066192626953125
1749220228723989000,3.941989013671875,-0.07958984375,-1.0329132080078125,0.074066162109375
1749220228733980000,3.95197998046875,-0.066925048828125,-1.00994873046875,-0.0279541015625
1749220228743969800,3.9619697265625,-0.0854949951171875,-1.0098876953125,-0.08050537109375
1749220228753961000,3.9719609375,-0.0988311767578125,-0.995391845703125,-0.0706329345703125
1749220228763952000,3.9819521484375,-0.19091796875,-1.0266265869140625,0.0107269287109375
1749220228773943000,3.991943115234375,-0.08038330078125,-1.0420989990234375,-0.00018310546875
1749220228783934200,4.001934326171875,-0.1053619384765625,-0.9882354736328125,0.0383758544921875
1749220228793924000,4.011924072265625,-0.067779541015625,-0.8925323486328125,0.0850677490234375
1749220228803915000,4.0219150390625,-0.0218505859375,-0.9447479248046875,-0.0776214599609375
1749220228813906000,4.031906005859375,-0.16864013671875,-1.0055694580078125,-0.068023681640625
1749220228823897000,4.04189697265625,-0.047027587890625,-1.0418548583984375,0.011962890625
1749220228833887000,4.051886962890625,-0.0084686279296875,-1.0501251220703125,-0.0694427490234375
1749220228843878100,4.061878173828125,-0.1342620849609375,-0.858489990234375,-0.0726776123046875
1749220228853869000,4.071869140625,-0.190704345703125,-0.9101409912109375,0.0367431640625
1749220228863860200,4.081860107421875,-0.0922393798828125,-1.0402679443359375,-0.03082275390625
1749220228873851100,4.09185107421875,-0.025238037109375,-0.859039306640625,-0.0816497802734375
1749220228883841000,4.101841064453125,-0.142791748046875,-1.0207366943359375,0.0403900146484375
1749220228893832000,4.11183203125,-0.0084686279296875,-0.961090087890625,0.0190887451171875
1749220228903823000,4.121822998046875,-0.068695068359375,-0.9684906005859375,-0.0498809814453125
1749220228913814000,4.13181396484375,-0.0908203125,-0.959625244140625,-0.011199951171875
1749220228923805000,4.141804931640625,-0.1220855712890625,-1.014862060546875,0.0159912109375
1749220228933795000,4.151795166015625,-0.0520782470703125,-1.1256866455078125,0.0307159423828125
1749220228943786200,4.1617861328125,-0.0703582763671875,-1.069244384765625,0.017242431640625
1749220228953777200,4.171777099609375,-0.0965728759765625,-1.0543212890625,0.0647430419921875
1749220228963768000,4.18176806640625,-0.0906524658203125,-0.9975433349609375,0.0567626953125
1749220228973759000,4.191759033203125,-0.0958404541015625,-0.8671112060546875,0.089324951171875
1749220228983748900,4.201748779296875,-0.031585693359375,-0.9228973388671875,-0.0367584228515625
1749220228993740000,4.211739990234375,-0.22357177734375,-0.7129974365234375,-0.248748779296875
1749220229003731000,4.22173095703125,-0.2361907958984375,-0.5521087646484375,-0.0446014404296875
1749220229013721900,4.231721923828125,-0.166412353515625,-0.5706939697265625,-0.05963134765625
1749220229023712000,4.2417119140625,-0.136962890625,-0.652587890625,-0.046112060546875
1749220229033703200,4.251703125,-0.091766357421875,-0.80670166015625,-0.016754150390625
1749220229043694000,4.261694091796875,-0.039947509765625,-0.998565673828125,0.003021240234375
1749220229053685000,4.27168505859375,-0.054779052734375,-1.09930419921875,0.0545501708984375
1749220229063676200,4.28167626953125,-0.0750579833984375,-1.1580963134765625,0.11199951171875
1749220229073666000,4.291666015625,-0.0766754150390625,-1.2525634765625,0.1302642822265625
1749220229083657000,4.301656982421875,-0.0914459228515625,-1.196258544921875,0.11663818359375
1749220229093648000,4.31164794921875,-0.0782470703125,-1.1872100830078125,0.104278564453125
1749220229103639000,4.32163916015625,-0.109405517578125,-1.1800537109375,0.0102386474609375
1749220229113630000,4.3316298828125,-0.1573638916015625,-1.1185455322265625,-0.03253173828125
1749220229123620000,4.3416201171875,-0.1703643798828125,-1.2215576171875,-0.0262908935546875
1749220229133611000,4.351611083984375,-0.0981292724609375,-1.0997772216796875,-0.04010009765625
1749220229143602200,4.361602294921875,-0.1293792724609375,-1.152313232421875,-0.05804443359375
1749220229153593000,4.371593017578125,-0.1312255859375,-1.1416015625,-0.09698486328125
1749220229163584000,4.381583984375,-0.1343841552734375,-1.0880126953125,-0.068450927734375
1749220229173574000,4.391573974609375,-0.1138916015625,-1.0563812255859375,-0.00909423828125
1749220229183564800,4.401564697265625,-0.09710693359375,-1.0376434326171875,0.013153076171875
1749220229193555700,4.4115556640625,-0.0989837646484375,-1.019622802734375,-0.0019683837890625
1749220229203547000,4.421546875,-0.1338348388671875,-0.997772216796875,0.0052947998046875
1749220229213538000,4.4315380859375,-0.08905029296875,-0.9782257080078125,0.0247802734375
1749220229223528000,4.44152783203125,-0.0765228271484375,-1.0035858154296875,0.040679931640625
1749220229233518800,4.451518798828125,-0.075775146484375,-1.0390625,0.0814208984375
1749220229243510000,4.461510009765625,-0.1648101806640625,-0.9704742431640625,0.068145751953125
1749220229253501000,4.4715009765625,-0.1502685546875,-0.9517974853515625,0.0233001708984375
1749220229263491800,4.481491943359375,-0.082427978515625,-0.96832275390625,0.0913543701171875
1749220229273481700,4.491481689453125,-0.1532135009765625,-0.9219512939453125,0.013519287109375
1749220229283473000,4.501472900390625,-0.122589111328125,-0.940948486328125,0.00091552734375
1749220229293464000,4.511464111328125,-0.116973876953125,-0.93951416015625,0.0430755615234375
1749220229303455000,4.521455078125,-0.1259765625,-0.92242431640625,0.0258026123046875
1749220229313446100,4.531446044921875,-0.131439208984375,-0.82574462890625,-0.02838134765625
1749220229323436000,4.54143603515625,-0.2907257080078125,-0.625946044921875,-0.141387939453125
1749220229333427000,4.551427001953125,-0.0772247314453125,-1.005401611328125,0.026947021484375
1749220229343417900,4.56141796875,0.0355682373046875,-1.0110015869140625,0.1057281494140625
1749220229353409000,4.571408935546875,-0.0946807861328125,-1.0572662353515625,-0.0575408935546875
1749220229363399000,4.58139892578125,-0.1653900146484375,-1.11676025390625,-0.066009521484375
1749220229373390000,4.59139013671875,-0.1521759033203125,-1.0776519775390625,0.00238037109375
1749220229383381000,4.601381103515625,-0.1817169189453125,-1.1167755126953125,0.031768798828125
1749220229393372200,4.6113720703125,-0.091033935546875,-1.2288665771484375,0.076080322265625
1749220229403363000,4.621363037109375,-0.1273956298828125,-1.1679840087890625,0.0747833251953125
1749220229413353000,4.63135302734375,-0.197601318359375,-1.0565338134765625,0.0212554931640625
1749220229423343900,4.64134375,-0.1921234130859375,-1.01177978515625,0.0207366943359375
1749220229433335000,4.6513349609375,-0.1593475341796875,-0.9696807861328125,0.0072174072265625
1749220229443326000,4.661325927734375,-0.168853759765625,-0.9697113037109375,-0.0120391845703125
1749220229453316900,4.67131689453125,-0.143402099609375,-0.9752960205078125,0.0080413818359375
1749220229463307000,4.68130712890625,-0.1885223388671875,-0.9533843994140625,-0.0161285400390625
1749220229473298000,4.6912978515625,-0.1466827392578125,-0.9723052978515625,-0.036529541015625
1749220229483289000,4.7012890625,-0.18585205078125,-0.9809112548828125,-0.0490875244140625
1749220229493280000,4.711280029296875,-0.1990814208984375,-0.9332275390625,-0.014739990234375
1749220229503271000,4.72127099609375,-0.1450042724609375,-1.0110626220703125,0.0189208984375
1749220229513260800,4.7312607421875,-0.159271240234375,-0.998046875,-0.0211944580078125
1749220229523252000,4.741251953125,-0.1897735595703125,-0.938446044921875,-0.0244140625
1749220229533243000,4.751242919921875,-0.1446533203125,-0.9534912109375,0.0009307861328125
1749220229543233800,4.76123388671875,-0.154052734375,-0.975006103515625,-0.005859375
1749220229553225000,4.771224853515625,-0.1568756103515625,-0.9897918701171875,-0.0201416015625
1749220229563215000,4.781215087890625,-0.1524658203125,-0.97454833984375,0.034271240234375
1749220229573206000,4.7912060546875,-0.13995361328125,-0.9496307373046875,0.127105712890625
1749220229583197000,4.801197021484375,-0.170166015625,-0.9845428466796875,-0.056884765625
1749220229593188000,4.81118798828125,-0.1152496337890625,-1.040130615234375,-0.1502685546875
1749220229603178000,4.821177978515625,-0.159637451171875,-0.992523193359375,-0.0881500244140625
1749220229613169000,4.8311689453125,-0.17205810546875,-0.9712982177734375,0.0182342529296875
1749220229623159800,4.841159912109375,-0.1787567138671875,-0.9944610595703125,0.038055419921875
1749220229633151000,4.85115087890625,-0.1574554443359375,-1.0226287841796875,0.0231170654296875
1749220229643142000,4.861141845703125,-0.1488189697265625,-1.0072021484375,0.01739501953125
1749220229653132000,4.871132080078125,-0.162078857421875,-0.9787445068359375,0
1749220229663123000,4.881123046875,-0.15380859375,-0.9667205810546875,0.00616455078125
1749220229673114000,4.891114013671875,-0.1485748291015625,-0.968292236328125,0.0111541748046875
1749220229683105000,4.90110498046875,-0.1505889892578125,-0.975433349609375,-0.00689697265625
1749220229693096000,4.911095947265625,-0.14117431640625,-0.9920501708984375,-0.0137481689453125
1749220229703085800,4.9210859375,-0.141448974609375,-1.0046844482421875,-0.0116729736328125
1749220229713076700,4.93107666015625,-0.14788818359375,-0.9999847412109375,-0.0022430419921875
1749220229723068000,4.94106787109375,-0.1565093994140625,-0.99041748046875,0
1749220229733058800,4.951058837890625,-0.16473388671875,-0.9821319580078125,-0.010894775390625
1749220229743050000,4.961050048828125,-0.16412353515625,-0.984466552734375,-0.0249176025390625
1749220229753040000,4.971039794921875,-0.1678466796875,-0.98675537109375,-0.03692626953125
1749220229763031000,4.981031005859375,-0.18145751953125,-0.981781005859375,-0.0415191650390625
1749220229773022000,4.99102197265625,-0.1885833740234375,-0.9822998046875,-0.045440673828125
1749220229783012900,5.001012939453125,-0.1935272216796875,-0.993896484375,-0.0538177490234375
1749220229793004000,5.011004150390625,-0.1892242431640625,-1.004638671875,-0.06512451171875
1749220229802994000,5.020993896484375,-0.3206329345703125,-0.99298095703125,-0.063079833984375
1749220229812984800,5.03098486328125,-0.1889495849609375,-0.8743896484375,0.1594085693359375
1749220229822976000,5.04097607421875,-0.113922119140625,-0.9065399169921875,0.1949310302734375
1749220229832967200,5.05096728515625,-0.208831787109375,-1.0506591796875,-0.079498291015625
1749220229842958000,5.0609580078125,-0.1677093505859375,-1.0559844970703125,-0.1391448974609375
1749220229852948000,5.070947998046875,-0.10430908203125,-0.9741668701171875,-0.1027984619140625
1749220229862939000,5.08093896484375,-0.1197967529296875,-0.9498138427734375,-0.1087188720703125
1749220229872930000,5.090929931640625,-0.1627655029296875,-0.9645233154296875,-0.070159912109375
1749220229882921000,5.1009208984375,-0.173614501953125,-0.9869537353515625,-0.0044708251953125
1749220229892911900,5.110911865234375,-0.169097900390625,-0.9976348876953125,0.0228424072265625
1749220229902901800,5.12090185546875,-0.1653900146484375,-0.9857635498046875,0.0311279296875
1749220229912893200,5.13089306640625,-0.167144775390625,-0.9749908447265625,0.029205322265625
1749220229922884000,5.140884033203125,-0.1588134765625,-0.9833984375,0.016387939453125
1749220229932875000,5.150875,-0.1427001953125,-0.99365234375,0.00201416015625
1749220229942866000,5.160865966796875,-0.13616943359375,-0.996734619140625,-0.009033203125
1749220229952856000,5.17085595703125,-0.140472412109375,-0.9941558837890625,-0.01092529296875
1749220229962847000,5.180846923828125,-0.1428680419921875,-0.9902191162109375,-0.0019989013671875
1749220229972838000,5.190837890625,-0.1448516845703125,-0.98944091796875,0.0041351318359375
1749220229982828800,5.200828857421875,-0.1466217041015625,-0.9898529052734375,0.0095367431640625
1749220229992820000,5.210820068359375,-0.1468353271484375,-0.98956298828125,0.0115509033203125
1749220230002810000,5.22081005859375,-0.1472015380859375,-0.9888916015625,0.0093536376953125
1749220230012801000,5.230801025390625,-0.152435302734375,-0.989776611328125,0.002777099609375
1749220230022792000,5.2407919921875,-0.1548919677734375,-0.9891357421875,-0.001373291015625
1749220230032783000,5.250783203125,-0.15631103515625,-0.98748779296875,-0.0027923583984375
1749220230042774000,5.26077392578125,-0.157928466796875,-0.9846343994140625,-0.0025634765625
1749220230052764000,5.270763916015625,-0.159332275390625,-0.9842071533203125,-0.0008697509765625
1749220230062754800,5.2807548828125,-0.1593780517578125,-0.9853515625,-0.000701904296875
1749220230072746000,5.29074609375,-0.1584320068359375,-0.9875946044921875,-0.0004119873046875
1749220230082737000,5.30073681640625,-0.15777587890625,-0.9877777099609375,0.0001373291015625
1749220230092727800,5.310727783203125,-0.1602325439453125,-0.987548828125,0.0018463134765625
1749220230102718000,5.320718017578125,-0.1619415283203125,-0.9862518310546875,0.0023651123046875
1749220230112709000,5.330709228515625,-0.1601409912109375,-0.9875640869140625,0.0011749267578125
1749220230122700000,5.340699951171875,-0.1600494384765625,-0.989044189453125,0.0011138916015625
1749220230132691000,5.35069091796875,-0.16339111328125,-0.98699951171875,0.00140380859375
1749220230142681900,5.360681884765625,-0.166595458984375,-0.985015869140625,-0.0003204345703125
1749220230152672000,5.370672119140625,-0.167236328125,-0.985321044921875,-0.003875732421875
1749220230162663000,5.380662841796875,-0.1668701171875,-0.9834136962890625,-0.006317138671875
1749220230172653800,5.39065380859375,-0.1670379638671875,-0.9822540283203125,-0.007904052734375
1749220230182644700,5.400644775390625,-0.167205810546875,-0.9862213134765625,-0.0074462890625
1749220230192635600,5.4106357421875,-0.1704254150390625,-0.9870452880859375,-0.005828857421875
1749220230202625500,5.42062548828125,-0.173492431640625,-0.9847869873046875,-0.0043792724609375
1749220230212616700,5.43061669921875,-0.1746368408203125,-0.984039306640625,-0.005126953125
1749220230222607600,5.440607666015625,-0.1766204833984375,-0.9831695556640625,-0.00531005859375
1749220230232598500,5.4505986328125,-0.1772308349609375,-0.9829864501953125,-0.0044708251953125
1749220230242588400,5.46058837890625,-0.173583984375,-0.9844207763671875,-0.0011749267578125
1749220230252579600,5.47057958984375,-0.1694183349609375,-0.98516845703125,0.0040283203125
1749220230262570500,5.480570556640625,-0.16552734375,-0.98797607421875,0.00714111328125
1749220230272561700,5.490561767578125,-0.16070556640625,-0.9906158447265625,0.0118865966796875
1749220230282552600,5.500552490234375,-0.1580047607421875,-0.99285888671875,0.017822265625
1749220230292542500,5.51054248046875,-0.155120849609375,-0.9952545166015625,0.0216827392578125
1749220230302533600,5.52053369140625,-0.1519775390625,-0.99432373046875,0.0258331298828125
1749220230312524500,5.530524658203125,-0.1498565673828125,-0.987945556640625,0.0293426513671875
1749220230322515500,5.540515380859375,-0.147613525390625,-0.9849853515625,0.0294036865234375
1749220230332506600,5.550506591796875,-0.144012451171875,-0.9858245849609375,0.0272369384765625
1749220230342496500,5.56049658203125,-0.1412200927734375,-0.9852752685546875,0.0251617431640625
1749220230352487700,5.57048779296875,-0.137481689453125,-0.985626220703125,0.0229034423828125
1749220230362478600,5.580478515625,-0.13543701171875,-0.98651123046875,0.0221710205078125
1749220230372469800,5.5904697265625,-0.1331329345703125,-0.9881744384765625,0.0244140625
1749220230382460700,5.600460693359375,-0.13079833984375,-0.9881134033203125,0.027923583984375
1749220230392450600,5.610450439453125,-0.129638671875,-0.9886322021484375,0.0289306640625
1749220230402441500,5.62044140625,-0.12725830078125,-0.99005126953125,0.0311126708984375
1749220230412432600,5.6304326171875,-0.1256561279296875,-0.98834228515625,0.0321197509765625
1749220230422423600,5.640423583984375,-0.1224822998046875,-0.9873046875,0.0264129638671875
1749220230432414500,5.65041455078125,-0.1170196533203125,-0.9933929443359375,0.0170745849609375
1749220230442404600,5.660404541015625,-0.111480712890625,-0.9968109130859375,0.0102691650390625
1749220230452395800,5.670395751953125,-0.11175537109375,-0.9948577880859375,0.0087890625
1749220230462386700,5.68038671875,-0.1123504638671875,-0.9931182861328125,0.0116424560546875
1749220230472377600,5.690377685546875,-0.1136474609375,-0.993133544921875,0.0162811279296875
1749220230482368500,5.700368408203125,-0.1120452880859375,-0.9949798583984375,0.0185699462890625
1749220230492358700,5.710358642578125,-0.1096649169921875,-0.9971771240234375,0.019439697265625
1749220230502349600,5.720349609375,-0.1093292236328125,-0.9957733154296875,0.0226593017578125
1749220230512340500,5.730340576171875,-0.110137939453125,-0.996978759765625,0.02691650390625
1749220230522331400,5.740331298828125,-0.10870361328125,-1.0060272216796875,0.0296630859375
1749220230532322600,5.750322509765625,-0.0992431640625,-1.0087890625,0.0302886962890625
1749220230542312700,5.760312744140625,-0.0946197509765625,-1.0002288818359375,0.026519775390625
1749220230552303600,5.7703037109375,-0.097259521484375,-0.991485595703125,0.0236358642578125
1749220230562294500,5.78029443359375,-0.099151611328125,-0.9895782470703125,0.02459716796875
1749220230572285700,5.79028564453125,-0.1003875732421875,-0.99310302734375,0.0191650390625
1749220230582276600,5.800276611328125,-0.1008148193359375,-0.995819091796875,0.011962890625
1749220230592266500,5.8102666015625,-0.102508544921875,-0.9892730712890625,0.0153656005859375
1749220230602257400,5.82025732421875,-0.1101531982421875,-0.9846343994140625,0.0286712646484375
1749220230612248600,5.83024853515625,-0.122314453125,-0.975128173828125,0.044647216796875
1749220230622239500,5.840239501953125,-0.137725830078125,-0.9639129638671875,0.050628662109375
1749220230632230400,5.85023046875,-0.142913818359375,-0.9707489013671875,0.0378570556640625
1749220230642220500,5.860220458984375,-0.131988525390625,-0.990234375,0.0170440673828125
1749220230652211700,5.870211669921875,-0.1213836669921875,-0.998779296875,0.0003814697265625
1749220230662202600,5.88020263671875,-0.116546630859375,-1.00537109375,-0.0208892822265625
1749220230672193500,5.890193603515625,-0.1155853271484375,-1.01287841796875,-0.045013427734375
1749220230682184400,5.900184326171875,-0.1075286865234375,-1.012237548828125,-0.0592498779296875
1749220230692174600,5.910174560546875,-0.1132354736328125,-1.0008697509765625,-0.0675048828125
1749220230702165500,5.92016552734375,-0.0951080322265625,-0.9803924560546875,-0.0464324951171875
1749220230712156400,5.930156494140625,-0.08050537109375,-0.981597900390625,-0.0281982421875
1749220230722147600,5.940147705078125,-0.1190185546875,-1.00079345703125,-0.0345458984375
1749220230732138800,5.950138671875,-0.0557861328125,-0.99615478515625,-0.0297698974609375
1749220230742128600,5.960128662109375,0.025421142578125,-0.987335205078125,-0.0295562744140625
1749220230752119600,5.97011962890625,0.0392913818359375,-0.975738525390625,-0.0520782470703125
1749220230762110500,5.9801103515625,0.0406341552734375,-0.942230224609375,-0.051849365234375
1749220230772101600,5.9901015625,-0.00335693359375,-0.9196929931640625,-0.0152587890625
1749220230782092500,6.000092529296875,-0.0662841796875,-0.9451446533203125,0.023040771484375
1749220230792082400,6.01008251953125,-0.131683349609375,-0.983001708984375,0.09112548828125
1749220230802073600,6.020073486328125,-0.1814727783203125,-1.03704833984375,0.1710968017578125
1749220230812064800,6.030064697265625,-0.1691436767578125,-1.063812255859375,0.213134765625
1749220230822055700,6.0400556640625,-0.060546875,-1.0211181640625,0.265777587890625
1749220230832046600,6.050046630859375,-0.1157379150390625,-1.052947998046875,0.1552276611328125
1749220230842036500,6.060036376953125,-0.1203460693359375,-1.032135009765625,0.046630859375
1749220230852027600,6.070027587890625,-0.07550048828125,-0.98236083984375,-0.0211639404296875
1749220230862018600,6.0800185546875,-0.0336761474609375,-0.9587249755859375,-0.11016845703125
1749220230872009500,6.090009521484375,0.0127410888671875,-0.9545745849609375,-0.1785736083984375
1749220230882000600,6.100000732421875,0.050262451171875,-0.96087646484375,-0.206146240234375
1749220230891990800,6.10999072265625,0.0697174072265625,-0.973968505859375,-0.1947784423828125
1749220230901981700,6.119981689453125,0.073699951171875,-0.985443115234375,-0.1389617919921875
1749220230911972600,6.12997265625,0.07476806640625,-0.9979095458984375,-0.0670623779296875
1749220230921963800,6.1399638671875,0.078704833984375,-1.016815185546875,-0.0167999267578125
1749220230931954700,6.14995458984375,0.07598876953125,-1.0208587646484375,0.0057220458984375
1749220230941944600,6.159944580078125,0.0872955322265625,-1.0020294189453125,0.007904052734375
1749220230951935500,6.169935546875,0.0980682373046875,-0.989990234375,-0.0053253173828125
1749220230961926400,6.179926513671875,0.1159820556640625,-0.9808349609375,-0.0340576171875
1749220230971917600,6.18991748046875,0.14666748046875,-0.9838409423828125,-0.0571136474609375
1749220230981908500,6.199908447265625,0.1662750244140625,-0.9920806884765625,-0.0778045654296875
1749220230991898600,6.209898681640625,0.1728057861328125,-0.9959869384765625,-0.0984954833984375
1749220231001889500,6.2198896484375,0.17822265625,-1.0020599365234375,-0.1124725341796875
1749220231011880700,6.229880615234375,0.1929473876953125,-1.0122222900390625,-0.113861083984375
1749220231021871600,6.23987158203125,0.2010040283203125,-1.0176849365234375,-0.1025848388671875
1749220231031862500,6.249862548828125,0.181427001953125,-1.0171051025390625,-0.089111328125
1749220231041852400,6.259852294921875,0.147491455078125,-1.019134521484375,-0.084259033203125
1749220231051843600,6.269843505859375,0.1200714111328125,-0.99786376953125,-0.093841552734375
1749220231061834500,6.27983447265625,0.1384124755859375,-0.9622802734375,-0.1086578369140625
1749220231071825400,6.289825439453125,0.1316070556640625,-0.955535888671875,-0.1265869140625
1749220231081816600,6.299816650390625,0.11785888671875,-0.962005615234375,-0.1362762451171875
1749220231091806700,6.309806640625,0.1230316162109375,-0.975250244140625,-0.1379852294921875
1749220231101797600,6.319797607421875,0.1195220947265625,-0.9744415283203125,-0.14263916015625
1749220231111788500,6.32978857421875,0.1277618408203125,-0.9643402099609375,-0.142822265625
1749220231121779700,6.33977978515625,0.1428985595703125,-0.9585723876953125,-0.139984130859375
1749220231131770600,6.3497705078125,0.1709747314453125,-0.9649810791015625,-0.1261138916015625
1749220231141760500,6.359760498046875,0.18682861328125,-0.97271728515625,-0.1074371337890625
1749220231151751400,6.36975146484375,0.2007293701171875,-0.9681549072265625,-0.088531494140625
1749220231161742600,6.37974267578125,0.2042236328125,-0.96380615234375,-0.06689453125
1749220231171733500,6.3897333984375,0.2050323486328125,-0.96636962890625,-0.063262939453125
1749220231181724700,6.399724609375,0.2162017822265625,-0.97003173828125,-0.072265625
1749220231191715300,6.40971533203125,0.241729736328125,-0.968109130859375,-0.085968017578125
1749220231201706200,6.419706298828125,0.2303009033203125,-0.9678192138671875,-0.1097412109375
1749220231211697200,6.429697265625,0.2494964599609375,-0.9423980712890625,-0.11529541015625
1749220231221688300,6.439688232421875,0.2600860595703125,-0.943145751953125,-0.0768280029296875
1749220231231679200,6.44967919921875,0.234375,-0.9535064697265625,-0.07470703125
1749220231241669000,6.459669189453125,0.2472381591796875,-0.95819091796875,-0.076171875
1749220231251660000,6.469659912109375,0.2566986083984375,-0.9479217529296875,-0.081817626953125
1749220231261651000,6.47965087890625,0.249542236328125,-0.9419097900390625,-0.0892333984375
1749220231271642000,6.48964208984375,0.272308349609375,-0.94525146484375,-0.105316162109375
1749220231281633000,6.499633056640625,0.3193511962890625,-0.9495391845703125,-0.1013946533203125
1749220231291623200,6.509623046875,0.3454742431640625,-0.95562744140625,-0.0792388916015625
1749220231301614000,6.519614013671875,0.38714599609375,-0.9555816650390625,-0.03570556640625
1749220231311605200,6.529605224609375,0.3608856201171875,-0.9515228271484375,0.02471923828125
1749220231321596200,6.53959619140625,0.33734130859375,-0.9712677001953125,0.0708160400390625
1749220231331587000,6.549587158203125,0.3293609619140625,-0.9809722900390625,0.1089630126953125
1749220231341577000,6.559576904296875,0.3188018798828125,-0.979644775390625,0.1009979248046875
1749220231351568100,6.569568115234375,0.322235107421875,-0.9853668212890625,0.0400238037109375
1749220231361559000,6.57955908203125,0.3720703125,-0.9840850830078125,-0.01959228515625
1749220231371550200,6.58955029296875,0.4303436279296875,-0.99932861328125,-0.0508575439453125
1749220231381541400,6.599541259765625,0.4801177978515625,-1.034881591796875,-0.0256500244140625
1749220231391531300,6.60953125,0.4829254150390625,-1.039154052734375,0.040374755859375
1749220231401522200,6.619522216796875,0.4607086181640625,-1.036834716796875,0.079376220703125
1749220231411513000,6.62951318359375,0.4232025146484375,-1.0589599609375,0.071990966796875
1749220231421504300,6.639504150390625,0.42529296875,-1.0673065185546875,0.0599212646484375
1749220231431494100,6.649494140625,0.4279022216796875,-1.0722808837890625,0.048919677734375
1749220231441485000,6.659485107421875,0.4220428466796875,-1.069488525390625,0.04443359375
1749220231451476200,6.669476318359375,0.4026641845703125,-1.0603790283203125,0.05908203125
1749220231461467400,6.67946728515625,0.385955810546875,-1.05517578125,0.067657470703125
1749220231471458300,6.689458251953125,0.3747100830078125,-1.05224609375,0.06219482421875
1749220231481448200,6.6994482421875,0.3725128173828125,-1.04815673828125,0.052154541015625
1749220231491439000,6.709439208984375,0.3791961669921875,-1.0572509765625,0.0752105712890625
1749220231501430300,6.71943017578125,0.3572845458984375,-1.0957489013671875,0.11688232421875
1749220231511421200,6.729421142578125,0.378692626953125,-1.1807861328125,0.1163177490234375
1749220231521412000,6.739412109375,0.4066314697265625,-1.417724609375,-0.0632476806640625
1749220231531402000,6.749402099609375,0.251861572265625,-1.4830322265625,-0.027923583984375
1749220231541393200,6.75939306640625,0.285858154296875,-1.1845245361328125,0.2089385986328125
1749220231551384300,6.76938427734375,0.181976318359375,-1.1270904541015625,0.353607177734375
1749220231561375200,6.779375244140625,0.0727691650390625,-1.2818756103515625,0.3743896484375
1749220231571366100,6.7893662109375,0.0949859619140625,-1.4062347412109375,0.2487945556640625
1749220231581356000,6.79935595703125,0.144134521484375,-1.5290069580078125,0.0976104736328125
1749220231591347200,6.80934716796875,0.172576904296875,-1.5546875,-0.0136566162109375
1749220231601338000,6.819338134765625,0.173431396484375,-1.4900970458984375,-0.13714599609375
1749220231611329000,6.8293291015625,0.2933197021484375,-1.4129180908203125,-0.2448577880859375
1749220231621320200,6.8393203125,0.5377960205078125,-1.3714141845703125,-0.314208984375
1749220231631310300,6.849310302734375,0.7237396240234375,-1.38226318359375,-0.3729705810546875
1749220231641301200,6.85930126953125,0.7214508056640625,-1.340576171875,-0.3760833740234375
1749220231651292200,6.869292236328125,0.5719146728515625,-1.2312774658203125,-0.3271942138671875
1749220231661283300,6.879283447265625,0.306121826171875,-1.064208984375,-0.2696533203125
1749220231671274200,6.889274169921875,0.32318115234375,-0.7769927978515625,-0.08062744140625
1749220231681264000,6.89926416015625,0.7266693115234375,-0.4965057373046875,0.232818603515625
1749220231691255000,6.909255126953125,0.9403076171875,-0.4866180419921875,0.4003143310546875
1749220231701246200,6.91924609375,0.7024993896484375,-0.760345458984375,0.213836669921875
1749220231711237000,6.929237060546875,0.51068115234375,-0.780364990234375,0.1430511474609375
1749220231721228000,6.93922802734375,0.3186492919921875,-0.677886962890625,0.266693115234375
1749220231731218200,6.94921826171875,0.1016693115234375,-0.785552978515625,0.1240692138671875
1749220231741209300,6.959209228515625,0.03790283203125,-0.7676239013671875,0.012725830078125
1749220231751200300,6.9692001953125,0.20648193359375,-0.61090087890625,0.030548095703125
1749220231761191200,6.979191162109375,0.3600006103515625,-0.5592498779296875,-0.0009002685546875
1749220231771182000,6.98918212890625,0.37054443359375,-0.551239013671875,-0.045379638671875
1749220231781172000,6.999171875,0.3201904296875,-0.513671875,-0.0177154541015625
1749220231791163100,7.0091630859375,0.3086090087890625,-0.51104736328125,0.05413818359375
1749220231801154000,7.019154052734375,0.237213134765625,-0.5833740234375,0.08465576171875
1749220231811145000,7.02914501953125,0.208526611328125,-0.6388092041015625,0.105316162109375
1749220231821136100,7.03913623046875,0.3107147216796875,-0.63848876953125,0.1852874755859375
1749220231831126300,7.049126220703125,0.3295135498046875,-0.6816253662109375,0.2591552734375
1749220231841117200,7.0591171875,0.2298126220703125,-0.7485809326171875,0.3256683349609375
1749220231851108000,7.069108154296875,0.203704833984375,-0.7969512939453125,0.420257568359375
1749220231861099300,7.079099365234375,0.235076904296875,-0.8555908203125,0.50469970703125
1749220231871090200,7.089090087890625,0.2547607421875,-0.895111083984375,0.55950927734375
1749220231881080000,7.099080078125,0.2783660888671875,-0.9030303955078125,0.5619964599609375
1749220231891071000,7.109071044921875,0.3050994873046875,-0.9206085205078125,0.4888916015625
1749220231901062100,7.119062255859375,0.3405609130859375,-0.9651031494140625,0.38787841796875
1749220231911053000,7.129052978515625,0.34783935546875,-1.0402984619140625,0.290435791015625
1749220231921044200,7.139044189453125,0.35919189453125,-1.1101226806640625,0.232208251953125
1749220231931034000,7.1490341796875,0.3958282470703125,-1.147491455078125,0.2581787109375
1749220231941025300,7.159025390625,0.3932952880859375,-1.1912689208984375,0.3178558349609375
1749220231951016200,7.16901611328125,0.37542724609375,-1.254730224609375,0.37957763671875
1749220231961007000,7.179007080078125,0.3809967041015625,-1.3162994384765625,0.40484619140625
1749220231970998000,7.188998046875,0.40899658203125,-1.35003662109375,0.381561279296875
1749220231980988200,7.19898828125,0.4640350341796875,-1.371673583984375,0.3480987548828125
1749220231990979000,7.20897900390625,0.5428009033203125,-1.4027099609375,0.3264617919921875
1749220232000970200,7.21897021484375,0.6289825439453125,-1.442291259765625,0.3361968994140625
1749220232010961200,7.228961181640625,0.647430419921875,-1.4768218994140625,0.312530517578125
1749220232020951300,7.238951416015625,0.564117431640625,-1.4200286865234375,0.23980712890625
1749220232030942200,7.248942138671875,0.5540313720703125,-1.2857513427734375,0.2325897216796875
1749220232040933000,7.25893310546875,0.7139434814453125,-1.167724609375,0.3553009033203125
1749220232050924000,7.268924072265625,0.8686676025390625,-1.070709228515625,0.4437103271484375
1749220232060915200,7.278915283203125,0.832855224609375,-0.8329010009765625,0.416778564453125
1749220232070906000,7.288906005859375,0.84716796875,-0.4760284423828125,0.3432464599609375
1749220232080896300,7.298896240234375,0.8548126220703125,-0.29827880859375,0.209075927734375
1749220232090887200,7.30888720703125,0.884307861328125,-0.399017333984375,0.0330047607421875
1749220232100878300,7.31887841796875,0.98297119140625,-0.602813720703125,-0.011077880859375
1749220232110869200,7.328869140625,0.2400054931640625,-1.0918426513671875,-0.0857696533203125
1749220232120859100,7.338859130859375,-1.1566925048828125,-2.2489776611328125,-0.22882080078125
1749220232130850000,7.34885009765625,0.7354278564453125,-2.2019195556640625,0.7757415771484375
1749220232140841200,7.35884130859375,0.5823822021484375,-1.6589508056640625,0.5803375244140625
1749220232150832000,7.36883203125,-0.0418243408203125,-1.187774658203125,-0.2237701416015625
1749220232160823000,7.378822998046875,0.703857421875,-0.554046630859375,-0.18524169921875
1749220232170813200,7.388813232421875,0.7730560302734375,-0.689117431640625,-0.0150604248046875
1749220232180804400,7.398804443359375,0.652862548828125,-1.1271209716796875,0.092437744140625
1749220232190799000,7.408799072265625,0.8125152587890625,-1.215789794921875,-0.1295013427734375
1749220232200790000,7.4187900390625,0.674957275390625,-1.021392822265625,-0.1245880126953125
1749220232210781000,7.428781005859375,0.4717559814453125,-0.851043701171875,0.1713714599609375
1749220232220770800,7.438770751953125,0.3602752685546875,-0.9737701416015625,0.2458953857421875
1749220232230762000,7.448761962890625,0.3038787841796875,-1.1703948974609375,0.2584228515625
1749220232240753000,7.4587529296875,0.326202392578125,-1.1873779296875,0.2893829345703125
1749220232250743800,7.468743896484375,0.3165435791015625,-1.1228485107421875,0.2371978759765625
1749220232260734700,7.478734619140625,0.2720489501953125,-1.0654144287109375,0.126800537109375
1749220232270725000,7.48872509765625,0.230743408203125,-1.021820068359375,0.0211029052734375
1749220232280716000,7.498716064453125,0.2237701416015625,-0.983917236328125,-0.04022216796875
1749220232290707000,7.50870703125,0.22833251953125,-0.9517669677734375,-0.05010986328125
1749220232300697900,7.51869775390625,0.2250823974609375,-0.9429168701171875,-0.035247802734375
1749220232310689000,7.52868896484375,0.2022552490234375,-0.9646759033203125,-0.0252532958984375
1749220232320679000,7.538678955078125,0.16680908203125,-0.9884490966796875,-0.012420654296875
1749220232330669800,7.548669921875,0.1407623291015625,-0.9901275634765625,-0.0046539306640625
1749220232340660700,7.55866064453125,0.12298583984375,-0.9798583984375,-0.0487518310546875
1749220232350652000,7.56865185546875,0.159088134765625,-0.9670562744140625,-0.106903076171875
1749220232360642800,7.578642822265625,0.1968841552734375,-0.9514007568359375,-0.11383056640625
1749220232370633000,7.588633056640625,0.2265777587890625,-0.941314697265625,-0.10400390625
1749220232380624000,7.598623779296875,0.2241058349609375,-0.9477386474609375,-0.102569580078125
1749220232390615000,7.608614990234375,0.2103118896484375,-0.95574951171875,-0.0736846923828125
1749220232400606000,7.61860595703125,0.21282958984375,-0.964080810546875,-0.0388031005859375
1749220232410596900,7.628596923828125,0.22015380859375,-0.9792022705078125,-0.045654296875
1749220232420586800,7.638586669921875,0.243865966796875,-0.983551025390625,-0.082672119140625
1749220232430578000,7.648577880859375,0.2564544677734375,-0.972320556640625,-0.11529541015625
1749220232440568800,7.65856884765625,0.27020263671875,-0.95574951171875,-0.1201019287109375
1749220232450559700,7.668559814453125,0.259521484375,-0.96014404296875,-0.0699920654296875
1749220232460551000,7.678551025390625,0.25421142578125,-0.988006591796875,-0.01495361328125
1749220232470541000,7.688541015625,0.2830963134765625,-1.0113983154296875,0.000518798828125
1749220232480532000,7.698531982421875,0.3386688232421875,-1.0304107666015625,0.0013580322265625
1749220232490523000,7.70852294921875,0.36346435546875,-1.0625,0.009735107421875
1749220232500513800,7.718513671875,0.38623046875,-1.06939697265625,0.0174713134765625
1749220232510505000,7.7285048828125,0.3994903564453125,-1.059661865234375,0.0240936279296875
1749220232520494800,7.738494873046875,0.39459228515625,-1.07208251953125,0.04248046875
1749220232530485800,7.74848583984375,0.377471923828125,-1.0924835205078125,0.052886962890625
1749220232540476700,7.7584765625,0.3833465576171875,-1.1072235107421875,0.057037353515625
1749220232550467800,7.7684677734375,0.3769378662109375,-1.129638671875,0.0946502685546875
1749220232560458000,7.7784580078125,0.336334228515625,-1.15576171875,0.1284332275390625
1749220232570449000,7.788448974609375,0.2971954345703125,-1.1373138427734375,0.09375
1749220232580439800,7.798439697265625,0.2838134765625,-1.089813232421875,0.0639495849609375
1749220232590431000,7.808430908203125,0.2742156982421875,-1.1208648681640625,0.02008056640625
1749220232600422000,7.818421875,0.25439453125,-1.182647705078125,-0.0083465576171875
1749220232610411800,7.828411865234375,0.2463836669921875,-1.1847381591796875,0.0050048828125
1749220232620402700,7.838402587890625,0.244232177734375,-1.1646575927734375,0.025970458984375
1749220232630393900,7.848393798828125,0.2389068603515625,-1.1838531494140625,0.0218658447265625
1749220232640385000,7.858385009765625,0.2064056396484375,-1.277801513671875,0.009185791015625
1749220232650376000,7.8683759765625,0.2469635009765625,-1.571990966796875,-0.0133056640625
1749220232660365800,7.87836572265625,0.1258087158203125,-2.1241455078125,-0.117828369140625
1749220232670357000,7.88835693359375,0.03277587890625,-2.1421966552734375,0.0598297119140625
1749220232680348000,7.898347900390625,-0.0777587890625,-1.8016510009765625,0.0750885009765625
1749220232690338800,7.9083388671875,-0.18157958984375,-1.7252655029296875,-0.0849761962890625
1749220232700330000,7.918330078125,0.067962646484375,-1.6781768798828125,-0.2161865234375
1749220232710319900,7.92831982421875,0.5562286376953125,-1.59674072265625,-0.3992919921875
1749220232720311000,7.93831103515625,0.9582672119140625,-1.512847900390625,-0.61383056640625
1749220232730302000,7.948302001953125,0.8486480712890625,-1.4610595703125,-0.676116943359375
1749220232740292900,7.95829296875,0.561676025390625,-1.6345977783203125,-0.7093963623046875
1749220232750284000,7.968283935546875,0.318359375,-1.4896392822265625,-0.6588897705078125
1749220232760274000,7.97827392578125,0.114349365234375,-1.1435089111328125,-0.504638671875
1749220232770264800,7.988264892578125,0.3802490234375,-0.701629638671875,-0.1156005859375
1749220232780255700,7.998255859375,0.805328369140625,-0.4599456787109375,0.2194366455078125
1749220232790247000,8.008246826171876,1.008758544921875,-0.393829345703125,0.3890380859375
1749220232800237800,8.01823779296875,0.849853515625,-0.42724609375,0.4844818115234375
1749220232810228000,8.02822802734375,0.37890625,-0.4909515380859375,0.447784423828125
1749220232820219000,8.038218994140625,0.045654296875,-0.5369873046875,0.2735748291015625
1749220232830210000,8.0482099609375,-0.0809478759765625,-0.5063323974609375,0.106719970703125
1749220232840201000,8.058200927734376,-0.0579071044921875,-0.453643798828125,-0.0059967041015625
1749220232850192000,8.06819189453125,0.0750274658203125,-0.4410247802734375,-0.1073760986328125
1749220232860181800,8.078181640625,0.285064697265625,-0.39569091796875,-0.16339111328125
1749220232870173000,8.0881728515625,0.5130157470703125,-0.299896240234375,-0.1147613525390625
1749220232880163800,8.098163818359374,0.6278533935546875,-0.28143310546875,0.0269012451171875
1749220232890154800,8.10815478515625,0.399658203125,-0.40625,0.168853759765625
1749220232900145000,8.118144775390626,0.1697235107421875,-0.5679473876953125,0.2988128662109375
1749220232910136000,8.128135986328125,0.1488189697265625,-0.69921875,0.372161865234375
1749220232920127000,8.138126953125,0.262542724609375,-0.757781982421875,0.3617095947265625
1749220232930118000,8.148117919921875,0.323455810546875,-0.7246246337890625,0.332244873046875
1749220232940109000,8.158109130859375,0.39013671875,-0.6871185302734375,0.337860107421875
1749220232950099000,8.168098876953126,0.463348388671875,-0.729736328125,0.3272705078125
1749220232960089900,8.17808984375,0.5640869140625,-0.7939300537109375,0.3077239990234375
1749220232970080800,8.188080810546875,0.553192138671875,-0.871246337890625,0.26898193359375
1749220232980072000,8.198072021484375,0.54412841796875,-0.9817047119140625,0.2118072509765625
1749220232990062800,8.208062744140625,0.593994140625,-1.0494537353515625,0.2278289794921875
1749220233000053000,8.218052978515624,0.5896148681640625,-1.09197998046875,0.275390625
1749220233010044000,8.2280439453125,0.6138153076171875,-1.0970611572265625,0.29180908203125
1749220233020034800,8.238034912109375,0.586517333984375,-1.104705810546875,0.29156494140625
1749220233030026000,8.24802587890625,0.5662689208984375,-1.168121337890625,0.26666259765625
1749220233040017000,8.258016845703125,0.5684661865234375,-1.2479095458984375,0.2476348876953125
1749220233050006800,8.2680068359375,0.6131744384765625,-1.334930419921875,0.2469635009765625
1749220233059997700,8.277997802734374,0.642486572265625,-1.4420318603515625,0.261444091796875
1749220233069988900,8.28798876953125,0.659149169921875,-1.5853118896484375,0.2712249755859375
1749220233079979800,8.297979736328125,0.6563568115234375,-1.6336212158203125,0.2587738037109375
1749220233089971000,8.307970947265625,0.65301513671875,-1.5849456787109375,0.2064971923828125
1749220233099960800,8.3179609375,0.8139495849609375,-1.4810333251953125,0.2265625
1749220233109952000,8.327951904296874,1.072723388671875,-1.3238372802734375,0.399505615234375
1749220233119943000,8.33794287109375,1.1428375244140625,-1.1916656494140625,0.495758056640625
1749220233129933800,8.347933837890626,1.0376434326171875,-1.01641845703125,0.533355712890625
1749220233139925000,8.357925048828125,0.9983978271484375,-0.82269287109375,0.60797119140625
1749220233149915000,8.367914794921875,0.96142578125,-0.6953277587890625,0.5924072265625
1749220233159905800,8.37790576171875,0.9440155029296875,-0.6064605712890625,0.493865966796875
1749220233169897000,8.38789697265625,0.7019805908203125,-0.7802581787109375,0.2247314453125
1749220233179888000,8.39788818359375,0.5821533203125,-1.24542236328125,0.1818389892578125
1749220233189875200,8.407875244140625,1.2255401611328125,-1.3780975341796875,0.810577392578125
1749220233199865000,8.417864990234374,-0.240936279296875,-2.0918121337890625,0.5217132568359375
1749220233209856300,8.427856201171876,-0.7199859619140625,-2.1156158447265625,-0.1299591064453125
1749220233219847200,8.43784716796875,0.88433837890625,-1.0640106201171875,0.042144775390625
1749220233229838000,8.447838134765625,1.326873779296875,-0.5823211669921875,0.05902099609375
1749220233239828200,8.457828125,0.56512451171875,-0.821929931640625,-0.28619384765625
1749220233249819400,8.4678193359375,0.30743408203125,-1.0464324951171875,-0.452239990234375
1749220233259810300,8.477810302734374,0.70965576171875,-0.8427734375,-0.2192230224609375
1749220233269801200,8.48780126953125,0.611236572265625,-0.7847442626953125,-0.0165557861328125
1749220233279792400,8.49779248046875,0.4291839599609375,-0.9880523681640625,0.0863494873046875
1749220233289782300,8.5077822265625,0.2775726318359375,-1.1673736572265625,0.2674407958984375
1749220233299773200,8.517773193359375,0.249053955078125,-1.25946044921875,0.3874969482421875
1749220233309764000,8.52776416015625,0.194000244140625,-1.239288330078125,0.319793701171875
1749220233319755300,8.53775537109375,0.184295654296875,-1.115264892578125,0.1387786865234375
1749220233329746200,8.54774609375,0.23187255859375,-0.978118896484375,-0.049163818359375
1749220233339736300,8.557736328125,0.234039306640625,-0.8979644775390625,-0.188079833984375
1749220233349727200,8.567727294921875,0.192169189453125,-0.8781280517578125,-0.23486328125
1749220233359718100,8.57771826171875,0.1735992431640625,-0.89404296875,-0.1858978271484375
1749220233369709300,8.587709228515624,0.1961822509765625,-0.9334716796875,-0.1053619384765625
1749220233379700200,8.5977001953125,0.1995391845703125,-0.9863433837890625,-0.045867919921875
1749220233389690000,8.607690185546875,0.1617889404296875,-1.020050048828125,-0.0242462158203125
1749220233399681000,8.617680908203125,0.16845703125,-1.007415771484375,-0.05072021484375
1749220233409672200,8.627672119140625,0.2400665283203125,-0.9730377197265625,-0.110504150390625
1749220233419663000,8.6376630859375,0.30059814453125,-0.9597015380859375,-0.169342041015625
1749220233429654000,8.647654052734374,0.3215484619140625,-0.9563446044921875,-0.1768646240234375
1749220233439644200,8.65764404296875,0.311798095703125,-0.9474029541015625,-0.1176300048828125
1749220233449635300,8.66763525390625,0.2813873291015625,-0.9441680908203125,-0.0537872314453125
1749220233459626200,8.677626220703125,0.275360107421875,-0.9523773193359375,-0.03765869140625
1749220233469617200,8.6876171875,0.31549072265625,-0.9604339599609375,-0.0441436767578125
1749220233479608300,8.6976083984375,0.337066650390625,-0.9712371826171875,-0.0367279052734375
1749220233489598200,8.70759814453125,0.3301239013671875,-0.99066162109375,-0.0443267822265625
1749220233499589000,8.717589111328126,0.3144073486328125,-0.990936279296875,-0.0535430908203125
1749220233509580000,8.727580078125,0.3106689453125,-0.984375,-0.045135498046875
1749220233519571200,8.7375712890625,0.326629638671875,-0.9781341552734375,-0.026092529296875
1749220233529562000,8.74756201171875,0.342193603515625,-0.9813995361328125,-0.007781982421875
1749220233539552300,8.75755224609375,0.354705810546875,-0.9910125732421875,0.003387451171875
1749220233549543200,8.767543212890626,0.3510589599609375,-0.993682861328125,0.01007080078125
1749220233559534300,8.777534423828126,0.33892822265625,-0.995513916015625,0.0027008056640625
1749220233569525200,8.787525146484375,0.34417724609375,-1.009521484375,-0.0086669921875
1749220233579516200,8.79751611328125,0.366302490234375,-1.044921875,-0.02783203125
1749220233589506000,8.807506103515625,0.40240478515625,-1.07440185546875,-0.0276336669921875
1749220233599497000,8.8174970703125,0.4325103759765625,-1.0919647216796875,-0.01171875
1749220233609488100,8.827488037109376,0.396148681640625,-1.11322021484375,-0.0053863525390625
1749220233619479300,8.837479248046876,0.3671112060546875,-1.1075592041015625,0.00665283203125
1749220233629469200,8.84746923828125,0.35101318359375,-1.090057373046875,0.0199127197265625
1749220233639460000,8.857460205078125,0.34027099609375,-1.069244384765625,0.002349853515625
1749220233649451300,8.867451171875,0.331024169921875,-1.04425048828125,-0.051788330078125
1749220233659442200,8.877442138671874,0.3285369873046875,-1.0452880859375,-0.0829010009765625
1749220233669433000,8.88743310546875,0.32232666015625,-1.07330322265625,-0.077880859375
1749220233679423000,8.897423095703125,0.3238372802734375,-1.0844268798828125,-0.051788330078125
1749220233689414100,8.9074140625,0.346527099609375,-1.0773468017578125,-0.02203369140625
1749220233699405300,8.9174052734375,0.3577728271484375,-1.0816192626953125,-0.0099639892578125
1749220233709396200,8.927396240234375,0.367767333984375,-1.114166259765625,-0.0169219970703125
1749220233719387400,8.937387451171874,0.3730926513671875,-1.1963958740234375,0.002105712890625
1749220233729377300,8.947377197265626,0.4045257568359375,-1.382720947265625,0.0267181396484375
1749220233739368200,8.9573681640625,0.3790130615234375,-1.7597808837890625,-0.1332855224609375
1749220233749359000,8.967359130859375,0.294647216796875,-1.9565277099609375,-0.1370849609375
1749220233759350300,8.977350341796875,0.0778045654296875,-1.7900390625,-0.0853271484375
1749220233769341200,8.987341064453124,-0.06341552734375,-1.616424560546875,-0.161285400390625
1749220233779331300,8.997331298828126,-0.0113067626953125,-1.531982421875,-0.18682861328125
1749220233789322200,9.007322265625,0.32745361328125,-1.4589691162109375,-0.1887664794921875
1749220233799313400,9.0173134765625,0.7125244140625,-1.404510498046875,-0.2933349609375
1749220233809304300,9.02730419921875,0.7179718017578125,-1.540679931640625,-0.522125244140625
1749220233819295200,9.037295166015625,0.5236663818359375,-1.7291717529296875,-0.6136322021484375
1749220233829285000,9.04728515625,0.3503265380859375,-1.6574859619140625,-0.5168914794921875
1749220233839276300,9.0572763671875,0.203216552734375,-1.383544921875,-0.4565277099609375
1749220233849267200,9.06726708984375,0.1580963134765625,-1.0946807861328125,-0.49493408203125
1749220233859258000,9.077258056640625,0.2641448974609375,-0.82281494140625,-0.426513671875
1749220233869249000,9.0872490234375,0.7114410400390625,-0.5643157958984375,-0.134735107421875
1749220233879239200,9.0972392578125,1.26348876953125,-0.4265899658203125,0.2677764892578125
1749220233889230300,9.107230224609374,1.043060302734375,-0.52276611328125,0.597686767578125
1749220233899221200,9.11722119140625,0.2774505615234375,-0.7949676513671875,0.61322021484375
1749220233909212200,9.127212158203125,-0.272186279296875,-0.9386138916015625,0.3782196044921875
1749220233919203300,9.137203369140625,-0.2906951904296875,-0.78857421875,0.2164154052734375
1749220233929193200,9.147193115234375,-0.041595458984375,-0.5544891357421875,0.22027587890625
1749220233939184000,9.15718408203125,0.277557373046875,-0.42962646484375,0.2171783447265625
1749220233949175000,9.167175048828126,0.4554443359375,-0.39044189453125,0.1155242919921875
1749220233959166200,9.177166259765626,0.39373779296875,-0.4045257568359375,0.022613525390625
1749220233969157000,9.1871572265625,0.3197784423828125,-0.4204254150390625,0.0535888671875
1749220233979147300,9.197147216796875,0.3336944580078125,-0.4560394287109375,0.149505615234375
1749220233989138200,9.20713818359375,0.3647308349609375,-0.5504913330078125,0.203857421875
1749220233999129300,9.21712939453125,0.3662261962890625,-0.6532745361328125,0.2095947265625
1749220234009120300,9.227120361328126,0.34478759765625,-0.7217254638671875,0.20623779296875
1749220234019111200,9.237111083984376,0.3329620361328125,-0.750762939453125,0.2100677490234375
1749220234029101000,9.24710107421875,0.3632049560546875,-0.7574005126953125,0.2346954345703125
1749220234039092200,9.25709228515625,0.45648193359375,-0.7632598876953125,0.2830810546875
1749220234049083100,9.267083251953125,0.5190887451171875,-0.79144287109375,0.3152313232421875
1749220234059074000,9.277073974609374,0.5003662109375,-0.822357177734375,0.2982635498046875
1749220234069065200,9.287065185546876,0.5229644775390625,-0.8478851318359375,0.2564239501953125
1749220234079055400,9.297055419921875,0.5784759521484375,-0.902496337890625,0.2255706787109375
1749220234089046300,9.30704638671875,0.6098785400390625,-0.9911956787109375,0.204193115234375
1749220234099037200,9.317037109375,0.6151580810546875,-1.063385009765625,0.198028564453125
1749220234109028000,9.327028076171874,0.6059417724609375,-1.099578857421875,0.2009124755859375
1749220234119019300,9.337019287109374,0.5972442626953125,-1.1384124755859375,0.202880859375
1749220234129009200,9.347009033203125,0.5890045166015625,-1.2095184326171875,0.21563720703125
1749220234139000000,9.357,0.573211669921875,-1.3263092041015625,0.237823486328125
1749220234148991200,9.3669912109375,0.5465850830078125,-1.4963836669921875,0.2258453369140625
1749220234158982400,9.376982421875,0.565765380859375,-1.689727783203125,0.1685028076171875
1749220234168973300,9.386973388671874,0.63116455078125,-1.8455047607421875,0.070556640625
1749220234178963200,9.396963134765626,0.6961822509765625,-1.8931732177734375,-0.0031890869140625
1749220234188957200,9.406957275390624,0.7843475341796875,-1.6427001953125,0.20068359375
1749220234198948400,9.4169482421875,1.0454864501953125,-1.2570648193359375,0.557861328125
1749220234208939300,9.426939208984376,1.22003173828125,-1.164794921875,0.716156005859375
1749220234218930200,9.43693017578125,0.9602203369140625,-1.1224212646484375,0.65069580078125
1749220234228920300,9.44692041015625,0.79656982421875,-0.733489990234375,0.703887939453125
1749220234238911500,9.456911376953125,1.04241943359375,-0.31170654296875,0.6509857177734375
1749220234248902400,9.46690234375,1.20928955078125,-0.17120361328125,0.493316650390625
1749220234258893300,9.476893310546876,1.1645355224609375,-0.386871337890625,0.3605499267578125
1749220234268884200,9.48688427734375,1.01116943359375,-0.79644775390625,0.2330474853515625
1749220234278874400,9.496874267578125,-0.4087371826171875,-1.5639801025390625,-0.1363983154296875
1749220234288865300,9.506865234375,-2.030303955078125,-2.9011993408203125,-0.56500244140625
1749220234298856200,9.516856201171874,1.1321563720703125,-2.1402130126953125,0.4993896484375
1749220234308847000,9.52684716796875,1.2038726806640625,-1.3459625244140625,0.137054443359375
1749220234318838300,9.53683837890625,0.6731719970703125,-1.200531005859375,-0.5691070556640625
1749220234328828400,9.546828369140625,0.94976806640625,-0.6890716552734375,-0.1289215087890625
1749220234338819300,9.5568193359375,0.6897735595703125,-0.8975677490234375,0.3733367919921875
1749220234348810200,9.566810302734375,0.25457763671875,-1.285430908203125,0.3062591552734375
1749220234358801400,9.576801513671874,0.3785400390625,-1.0424652099609375,0.095245361328125
1749220234368792300,9.586792236328124,0.4574127197265625,-0.8117218017578125,0.1635894775390625
1749220234378782200,9.5967822265625,0.3369903564453125,-0.82598876953125,0.3142547607421875
1749220234388773000,9.606773193359375,0.2759857177734375,-1.008941650390625,0.302703857421875
1749220234398764300,9.616764404296875,0.2863006591796875,-1.2287750244140625,0.2119598388671875
1749220234408755200,9.626755126953125,0.2467498779296875,-1.2785186767578125,0.1060943603515625
1749220234418746000,9.63674609375,0.2561187744140625,-1.1746673583984375,-0.0157012939453125
1749220234428737300,9.6467373046875,0.2393035888671875,-1.04803466796875,-0.1272430419921875
1749220234438727400,9.6567275390625,0.1663818359375,-0.960205078125,-0.203125
1749220234448718300,9.66671826171875,0.0869293212890625,-0.9183807373046875,-0.2305450439453125
1749220234458709200,9.676709228515625,0.0609130859375,-0.8986358642578125,-0.2396240234375
1749220234468700200,9.6867001953125,0.125946044921875,-0.8850860595703125,-0.2173919677734375
1749220234478691300,9.69669140625,0.2236328125,-0.8993377685546875,-0.146392822265625
1749220234488681200,9.70668115234375,0.2233734130859375,-0.9662628173828125,-0.0490264892578125
1749220234498672000,9.716672119140625,0.132720947265625,-1.037017822265625,0.037841796875
1749220234508663300,9.726663330078125,0.0478363037109375,-1.0431671142578125,0.0455322265625
1749220234518654500,9.736654541015625,0.0457000732421875,-1.0052947998046875,-0.045501708984375
1749220234528645400,9.746645263671875,0.12451171875,-0.971710205078125,-0.15374755859375
1749220234538635300,9.75663525390625,0.21343994140625,-0.945526123046875,-0.2196197509765625
1749220234548626200,9.766626220703126,0.2549285888671875,-0.924468994140625,-0.2437286376953125
1749220234558617300,9.776617431640625,0.2530059814453125,-0.9088897705078125,-0.2273406982421875
1749220234568608300,9.786608154296875,0.24652099609375,-0.90301513671875,-0.1829376220703125
1749220234578599200,9.79659912109375,0.2585296630859375,-0.916290283203125,-0.13531494140625
1749220234588589300,9.80658935546875,0.25933837890625,-0.947357177734375,-0.10211181640625
1749220234598580500,9.81658056640625,0.256500244140625,-0.9811553955078125,-0.0943603515625
1749220234608571400,9.8265712890625,0.2843475341796875,-1.000457763671875,-0.0889739990234375
1749220234618562300,9.836562255859375,0.3350982666015625,-0.9984893798828125,-0.033477783203125
1749220234628553500,9.846553466796875,0.3597259521484375,-0.98907470703125,0.031707763671875
1749220234638543400,9.85654345703125,0.3515472412109375,-0.982421875,0.0557861328125
1749220234648534300,9.8665341796875,0.3268890380859375,-0.9700775146484375,0.06378173828125
1749220234658525200,9.876525146484376,0.321685791015625,-0.963409423828125,0.04718017578125
1749220234668516400,9.886516357421876,0.3411712646484375,-0.9786834716796875,-0.0029144287109375
1749220234678507300,9.89650732421875,0.37835693359375,-1.002044677734375,-0.044219970703125
1749220234688498200,9.906498291015625,0.4121551513671875,-1.0171966552734375,-0.0551910400390625
1749220234698488300,9.91648828125,0.4365997314453125,-1.0277099609375,-0.0300750732421875
1749220234708479200,9.926479248046874,0.4225311279296875,-1.04461669921875,0.01995849609375
1749220234718470400,9.936470458984376,0.384796142578125,-1.0708770751953125,0.0438385009765625
1749220234728461300,9.94646142578125,0.3358001708984375,-1.0835113525390625,0.0381317138671875
1749220234738452200,9.9564521484375,0.272613525390625,-1.074737548828125,0.0160980224609375
1749220234748442000,9.966442138671875,0.234375,-1.05462646484375,-0.0404815673828125
1749220234758433300,9.976433349609374,0.277984619140625,-1.0517730712890625,-0.1065673828125
1749220234768424200,9.986424072265624,0.319854736328125,-1.1128082275390625,-0.14422607421875
1749220234778415000,9.9964150390625,0.3199615478515625,-1.1666107177734375,-0.1215972900390625
1749220234788406300,10.00640625,0.314849853515625,-1.151336669921875,-0.0433197021484375
1749220234798396400,10.016396484375,0.3262481689453125,-1.153350830078125,0.0098114013671875
1749220234808387300,10.02638720703125,0.312255859375,-1.2331390380859375,-0.001495361328125
1749220234818378200,10.036378173828124,0.292205810546875,-1.358734130859375,-0.027069091796875
1749220234828369400,10.046369384765624,0.3313446044921875,-1.570465087890625,-0.0655364990234375
1749220234838360300,10.0563603515625,0.188629150390625,-1.9547576904296875,-0.2110748291015625
1749220234848350200,10.06635009765625,0.06756591796875,-2.01641845703125,-0.0936431884765625
1749220234858341000,10.076341064453125,0.0686492919921875,-1.818878173828125,0.05145263671875
1749220234868332300,10.086332275390625,-0.0033416748046875,-1.9273529052734375,0.038970947265625
1749220234878323200,10.0963232421875,-0.1650848388671875,-2.1455841064453125,-0.1050872802734375
1749220234888314400,10.106314453125,-0.0539093017578125,-1.94635009765625,-0.2633514404296875
1749220234898305300,10.11630517578125,0.38787841796875,-1.5860595703125,-0.4904022216796875
1749220234908295400,10.12629541015625,0.985931396484375,-1.51220703125,-0.76348876953125
1749220234918286300,10.136286376953125,1.1079864501953125,-1.557525634765625,-0.9542694091796875
1749220234928277200,10.14627734375,0.792877197265625,-1.4615631103515625,-0.8547821044921875
1749220234938268200,10.15626806640625,0.6264190673828125,-1.169921875,-0.5311126708984375
1749220234948259300,10.16625927734375,0.478515625,-0.8989410400390625,-0.243560791015625
1749220234958249200,10.176249267578125,0.369384765625,-0.72900390625,-0.0884857177734375
1749220234968240400,10.186240478515625,0.36639404296875,-0.5773773193359375,0.14642333984375
1749220234978231300,10.196231201171875,0.55462646484375,-0.4467926025390625,0.479339599609375
1749220234988222500,10.206222412109375,0.5319976806640625,-0.4055938720703125,0.72222900390625
1749220234998213400,10.21621337890625,0.2937164306640625,-0.4342803955078125,0.8433685302734375
1749220235008204300,10.226204345703126,-0.024658203125,-0.5011138916015625,0.6883697509765625
1749220235018194200,10.236194091796875,-0.16900634765625,-0.52728271484375,0.345611572265625
1749220235028185300,10.246185302734375,-0.089508056640625,-0.514190673828125,0.019927978515625
1749220235038176300,10.25617626953125,0.116668701171875,-0.497039794921875,-0.2523651123046875
1749220235048167200,10.266167236328124,0.45623779296875,-0.4002838134765625,-0.3764801025390625
1749220235058158300,10.276158447265624,0.7060089111328125,-0.3168182373046875,-0.3213043212890625
1749220235068148500,10.2861484375,0.547943115234375,-0.3711700439453125,-0.14630126953125
1749220235078139400,10.296139404296875,0.245941162109375,-0.50140380859375,0.03216552734375
1749220235088130300,10.30613037109375,0.19525146484375,-0.6138916015625,0.2206573486328125
1749220235098121200,10.316121337890625,0.196563720703125,-0.78045654296875,0.379302978515625
1749220235108112400,10.3261123046875,0.1467132568359375,-0.872528076171875,0.459625244140625
1749220235118102300,10.336102294921876,0.232086181640625,-0.78265380859375,0.5650177001953125
1749220235128093200,10.34609326171875,0.3046722412109375,-0.7271575927734375,0.634490966796875
1749220235138084000,10.356083984375,0.334625244140625,-0.7801055908203125,0.559173583984375
1749220235148075300,10.3660751953125,0.410614013671875,-0.805572509765625,0.4266204833984375
1749220235158066200,10.376066162109375,0.440185546875,-0.8519744873046875,0.2561798095703125
1749220235168057000,10.38605712890625,0.5358123779296875,-0.917724609375,0.0736236572265625
1749220235178047200,10.396047119140626,0.6258392333984375,-0.9838714599609375,-0.023895263671875
1749220235188038400,10.406038330078125,0.6679534912109375,-1.0698699951171875,-0.0276336669921875
1749220235198027000,10.416027099609375,0.6125640869140625,-1.1411285400390625,0.0740814208984375
1749220235208018200,10.42601806640625,0.563079833984375,-1.2511138916015625,0.1724853515625
1749220235218009000,10.436009033203124,0.5421600341796875,-1.3465728759765625,0.2586517333984375
1749220235227999000,10.4459990234375,0.57525634765625,-1.4461669921875,0.316650390625
1749220235237990100,10.455990234375,0.65478515625,-1.5592193603515625,0.3254241943359375
1749220235247981000,10.46598095703125,0.7389068603515625,-1.6425018310546875,0.2953338623046875
1749220235257972000,10.475971923828125,0.77020263671875,-1.669769287109375,0.2450408935546875
1749220235267963000,10.485962890625,0.775482177734375,-1.5777130126953125,0.2424468994140625
1749220235277954000,10.4959541015625,0.92999267578125,-1.477996826171875,0.209228515625
1749220235287944200,10.505944091796875,1.0943603515625,-1.404144287109375,0.142730712890625
1749220235297935000,10.51593505859375,1.2495269775390625,-1.1817169189453125,0.2830352783203125
1749220235307926000,10.525926025390625,1.3123626708984375,-0.9483795166015625,0.5345001220703125
1749220235317917200,10.535917236328125,1.1743011474609375,-0.778717041015625,0.6464385986328125
1749220235327908000,10.545908203125,1.0690155029296875,-0.4976348876953125,0.7593231201171875
1749220235337899000,10.55589892578125,1.1004180908203125,-0.24603271484375,0.776947021484375
1749220235347889000,10.565888916015625,1.18695068359375,-0.2556304931640625,0.594268798828125
1749220235357880000,10.575880126953125,1.0510406494140625,-0.5532684326171875,0.3443450927734375
1749220235367871000,10.58587109375,-1.0379486083984375,-1.542022705078125,-0.1934967041015625
1749220235377862000,10.59586181640625,-2.093841552734375,-3.26519775390625,-0.624725341796875
1749220235387853000,10.60585302734375,1.6644439697265625,-2.2757110595703125,0.9442901611328125
1749220235397843200,10.61584326171875,1.1691131591796875,-1.4250335693359375,0.301910400390625
1749220235407834000,10.625834228515625,0.4832000732421875,-0.8464202880859375,-0.2562255859375
1749220235417825000,10.635824951171875,0.844207763671875,-0.6288299560546875,-0.192657470703125
1749220235427816000,10.64581591796875,0.7797698974609375,-1.005584716796875,0.017608642578125
1749220235437807000,10.65580712890625,0.55487060546875,-1.1105194091796875,-0.0681915283203125
1749220235447798000,10.665798095703124,0.7333221435546875,-0.959564208984375,-0.2433013916015625
1749220235457788000,10.675787841796875,0.5713958740234375,-0.8455810546875,0.0809783935546875
1749220235467778800,10.68577880859375,0.322784423828125,-1.004669189453125,0.3531494140625
1749220235477770000,10.69577001953125,0.2440032958984375,-1.2904205322265625,0.372833251953125
1749220235487761000,10.705760986328125,0.1891937255859375,-1.3092498779296875,0.4267730712890625
1749220235497752000,10.715751953125,0.167694091796875,-1.15386962890625,0.4082183837890625
1749220235507742000,10.725741943359376,0.175994873046875,-1.085723876953125,0.189849853515625
1749220235517733000,10.735733154296875,0.1638031005859375,-1.0637054443359375,-0.068084716796875
1749220235527724000,10.74572412109375,0.166107177734375,-0.99542236328125,-0.249908447265625
1749220235537715000,10.75571484375,0.16729736328125,-0.9051513671875,-0.3592987060546875
1749220235547706000,10.7657060546875,0.1845550537109375,-0.8297882080078125,-0.3412628173828125
1749220235557697000,10.775697021484374,0.2362060546875,-0.8281402587890625,-0.21514892578125
1749220235567687000,10.78568701171875,0.245025634765625,-0.91864013671875,-0.079498291015625
1749220235577678000,10.795677978515625,0.1676483154296875,-1.0338287353515625,0.0233306884765625
1749220235587669200,10.805669189453125,0.053466796875,-1.089874267578125,0.074188232421875
1749220235597660200,10.81566015625,0.003875732421875,-1.06353759765625,0.04205322265625
1749220235607651000,10.825651123046875,0.04510498046875,-1.00909423828125,-0.0819244384765625
1749220235617642000,10.83564208984375,0.122467041015625,-0.9653778076171875,-0.2446136474609375
1749220235627632000,10.845632080078126,0.1936492919921875,-0.9203643798828125,-0.3682403564453125
1749220235637623000,10.855623046875,0.218902587890625,-0.8777618408203125,-0.414337158203125
1749220235647614000,10.865614013671875,0.1991424560546875,-0.859527587890625,-0.359588623046875
1749220235657604900,10.87560498046875,0.151519775390625,-0.8841094970703125,-0.2517547607421875
1749220235667596000,10.885595947265625,0.0944366455078125,-0.9250946044921875,-0.161407470703125
1749220235677586200,10.895586181640626,0.0657196044921875,-0.951019287109375,-0.10833740234375
1749220235687577000,10.9055771484375,0.06024169921875,-0.9498138427734375,-0.104034423828125
1749220235697568000,10.915568115234375,0.1057891845703125,-0.934234619140625,-0.142547607421875
1749220235707559200,10.92555908203125,0.1933746337890625,-0.9158935546875,-0.1792144775390625
1749220235717550000,10.935550048828125,0.2848052978515625,-0.91448974609375,-0.193328857421875
1749220235727541000,10.945541015625,0.3513031005859375,-0.9228515625,-0.168914794921875
1749220235737531000,10.95553076171875,0.359161376953125,-0.9384307861328125,-0.105133056640625
1749220235747522000,10.96552197265625,0.3797454833984375,-0.964691162109375,-0.035491943359375
1749220235757513000,10.975512939453125,0.3939208984375,-1.0018463134765625,0.03289794921875
1749220235767504000,10.98550390625,0.4378509521484375,-1.0458526611328125,0.092315673828125
1749220235777495000,10.9954951171875,0.4641876220703125,-1.0966339111328125,0.1317138671875
1749220235787486000,11.00548583984375,0.464813232421875,-1.11285400390625,0.154693603515625
1749220235797476000,11.01547607421875,0.4516448974609375,-1.1103057861328125,0.1528778076171875
1749220235807467000,11.025467041015625,0.449981689453125,-1.1281890869140625,0.109893798828125
1749220235817458000,11.0354580078125,0.4017791748046875,-1.1399078369140625,0.0539398193359375
1749220235827449000,11.045448974609375,0.383026123046875,-1.1128387451171875,0.04754638671875
1749220235837440000,11.05543994140625,0.3494415283203125,-1.144805908203125,0.010711669921875
1749220235847431000,11.065430908203124,0.3476715087890625,-1.1654510498046875,-0.0377960205078125
1749220235857420800,11.0754208984375,0.36492919921875,-1.1528472900390625,-0.0160980224609375
1749220235867412000,11.085411865234375,0.363311767578125,-1.18402099609375,-0.0073089599609375
1749220235877403100,11.095403076171875,0.3343048095703125,-1.265106201171875,-0.0074005126953125
1749220235887394000,11.10539404296875,0.30145263671875,-1.36639404296875,0.0099945068359375
1749220235897385200,11.11538525390625,0.337677001953125,-1.4961395263671875,0.004791259765625
1749220235907375000,11.125375,0.2856597900390625,-1.8484344482421875,-0.1195526123046875
1749220235917366000,11.135365966796876,0.0886993408203125,-2.1283111572265625,-0.10076904296875
1749220235927357000,11.14535693359375,0.09527587890625,-1.9460296630859375,0.044281005859375
1749220235937348000,11.15534814453125,0.1119537353515625,-1.790679931640625,0.0641937255859375
1749220235947339000,11.165339111328125,-0.1239013671875,-1.854461669921875,-0.0293731689453125
1749220235957330000,11.175329833984375,-0.2159271240234375,-1.8053436279296875,-0.230194091796875
1749220235967320000,11.185320068359376,0.1629638671875,-1.550384521484375,-0.3675537109375
1749220235977311200,11.195311279296876,0.679901123046875,-1.4926300048828125,-0.5394287109375
1749220235987302100,11.20530224609375,0.9322509765625,-1.563323974609375,-0.7852020263671875
1749220235997293000,11.21529296875,0.7313079833984375,-1.4989471435546875,-0.8732452392578125
1749220236007284000,11.225283935546875,0.6530303955078125,-1.1693572998046875,-0.680328369140625
1749220236017275100,11.235275146484375,0.8917083740234375,-0.7368011474609375,-0.1953582763671875
1749220236027265000,11.24526513671875,0.926788330078125,-0.587158203125,0.1031341552734375
1749220236037256000,11.255255859375,0.8684234619140625,-0.65911865234375,0.208099365234375
1749220236047246800,11.265246826171875,0.5712738037109375,-0.7021942138671875,0.376556396484375
1749220236057238000,11.275238037109375,0.2081298828125,-0.6974639892578125,0.5108795166015625
1749220236067229000,11.28522900390625,-0.087371826171875,-0.6863555908203125,0.3894500732421875
1749220236077219800,11.2952197265625,-0.13482666015625,-0.5860748291015625,0.1875152587890625
1749220236087210000,11.3052099609375,-0.012298583984375,-0.4655609130859375,0.1078948974609375
1749220236097201200,11.315201171875,0.1583709716796875,-0.43463134765625,0.028564453125
1749220236107192000,11.325192138671875,0.30810546875,-0.4486541748046875,-0.09124755859375
1749220236117183000,11.335182861328125,0.39501953125,-0.4359130859375,-0.1674346923828125
1749220236127174100,11.345174072265625,0.38226318359375,-0.4173431396484375,-0.1349639892578125
1749220236137164000,11.3551640625,0.418182373046875,-0.4132232666015625,0.000579833984375
1749220236147155000,11.365155029296876,0.4635772705078125,-0.4748077392578125,0.1455535888671875
1749220236157145900,11.375145751953125,0.3910675048828125,-0.5866546630859375,0.2201995849609375
1749220236167137000,11.385136962890625,0.2962799072265625,-0.6641082763671875,0.2586669921875
1749220236177128200,11.395128173828125,0.23565673828125,-0.6675262451171875,0.2711181640625
1749220236187119000,11.405119140625,0.2660064697265625,-0.6340484619140625,0.2249755859375
1749220236197108000,11.41510791015625,0.369293212890625,-0.6050262451171875,0.16497802734375
1749220236207099000,11.425098876953125,0.7254180908203125,-0.570220947265625,0.2210540771484375
1749220236217089800,11.43508984375,0.91375732421875,-0.649505615234375,0.37335205078125
1749220236227081000,11.4450810546875,0.4818267822265625,-0.922210693359375,0.3354339599609375
1749220236237072000,11.45507177734375,0.2995147705078125,-0.945770263671875,0.276031494140625
1749220236247063000,11.46506298828125,0.441864013671875,-0.8145599365234375,0.292755126953125
1749220236257053000,11.475052978515626,0.6379852294921875,-0.8672943115234375,0.1976470947265625
1749220236267043800,11.4850439453125,0.6932830810546875,-0.9517669677734375,0.1016693115234375
1749220236277035000,11.495034912109375,0.72271728515625,-0.9407196044921875,0.1537017822265625
1749220236287026000,11.50502587890625,0.625152587890625,-1.00128173828125,0.2001495361328125
1749220236297016800,11.515016845703125,0.563262939453125,-1.1248016357421875,0.218505859375
1749220236307008000,11.525008056640624,0.6093597412109375,-1.2181854248046875,0.2734527587890625
1749220236316998000,11.534997802734376,0.6548309326171875,-1.3452301025390625,0.2740478515625
1749220236326989000,11.544989013671875,0.6690826416015625,-1.4632568359375,0.238250732421875
1749220236336980000,11.55497998046875,0.706756591796875,-1.5488739013671875,0.2079315185546875
1749220236346971100,11.56497119140625,0.7309417724609375,-1.6585540771484375,0.1630096435546875
1749220236356962000,11.574962158203125,0.75494384765625,-1.6670684814453125,0.18316650390625
1749220236366952000,11.584951904296876,0.95660400390625,-1.5460205078125,0.2826690673828125
1749220236376942800,11.59494287109375,1.040435791015625,-1.4930267333984375,0.246124267578125
1749220236386934000,11.60493408203125,0.939971923828125,-1.3700714111328125,0.2487640380859375
1749220236396925000,11.614925048828125,0.97772216796875,-1.105377197265625,0.4571533203125
1749220236406915800,11.624915771484375,1.0882110595703125,-0.8183746337890625,0.649505615234375
1749220236416906800,11.63490673828125,1.1016387939453125,-0.47283935546875,0.7851409912109375
1749220236426897200,11.644897216796876,1.048583984375,-0.150634765625,0.79425048828125
1749220236436888000,11.65488818359375,1.0559844970703125,-0.1035308837890625,0.6227264404296875
1749220236446879000,11.66487890625,0.9747467041015625,-0.4383697509765625,0.2968597412109375
1749220236456870000,11.674869873046875,-0.9898223876953125,-1.4896087646484375,-0.442596435546875
1749220236466861000,11.684861083984375,-2.072021484375,-3.2237548828125,-1.19757080078125
1749220236476852000,11.69485205078125,1.112396240234375,-2.0856475830078125,0.614166259765625
1749220236486841900,11.704841796875,1.0963134765625,-0.947662353515625,0.5750885009765625
1749220236496832800,11.714832763671875,0.8649749755859375,-0.8241729736328125,-0.370208740234375
1749220236506824000,11.724823974609375,1.1474151611328125,-1.0311279296875,-0.5723419189453125
1749220236516814800,11.73481494140625,0.634033203125,-1.45965576171875,-0.0258331298828125
1749220236526805800,11.7448056640625,-0.030517578125,-1.41693115234375,0.504364013671875
1749220236536796000,11.7547958984375,0.306488037109375,-1.0138702392578125,0.4163665771484375
1749220236546787000,11.764787109375,0.4945220947265625,-0.6996612548828125,0.2139739990234375
1749220236556778000,11.774778076171875,0.324188232421875,-0.6322479248046875,0.1715850830078125
1749220236566769000,11.784768798828125,0.3011474609375,-0.834686279296875,0.2321929931640625
1749220236576760000,11.794760009765625,0.3200836181640625,-1.171051025390625,0.2741851806640625
1749220236586751000,11.8047509765625,0.40338134765625,-1.449798583984375,0.072998046875
1749220236596740900,11.814740966796874,0.450164794921875,-1.3628997802734375,-0.141632080078125
1749220236606731800,11.824731689453126,0.30029296875,-1.0148468017578125,-0.1464385986328125
1749220236616723000,11.834722900390625,0.1019744873046875,-0.8122100830078125,-0.12994384765625
1749220236626714000,11.844714111328125,0.0354461669921875,-0.831390380859375,-0.133880615234375
1749220236636705000,11.854705078125,0.1302947998046875,-0.935028076171875,-0.0953826904296875
1749220236646696000,11.864696044921875,0.2298126220703125,-0.998809814453125,-0.056488037109375
1749220236656685800,11.874685791015626,0.2014923095703125,-1.0098724365234375,-0.0322113037109375
1749220236666677000,11.884677001953126,0.08111572265625,-0.9808197021484375,-0.01849365234375
1749220236676668000,11.89466796875,0.0251922607421875,-0.9474639892578125,-0.0674285888671875
1749220236686658800,11.904658935546875,0.0768585205078125,-0.94427490234375,-0.1799163818359375
1749220236696650000,11.91464990234375,0.1419830322265625,-0.9625091552734375,-0.27960205078125
1749220236706641000,11.924640869140624,0.1729888916015625,-0.9640655517578125,-0.315582275390625
1749220236716631000,11.934631103515626,0.1598358154296875,-0.941253662109375,-0.3132476806640625
1749220236726622000,11.9446220703125,0.167144775390625,-0.914581298828125,-0.28363037109375
1749220236736613000,11.954613037109375,0.2183685302734375,-0.893890380859375,-0.236297607421875
1749220236746604000,11.96460400390625,0.2371063232421875,-0.893096923828125,-0.1824951171875
1749220236756595000,11.974594970703125,0.2269439697265625,-0.9191741943359375,-0.1364593505859375
1749220236766584800,11.984584716796874,0.2218780517578125,-0.9521331787109375,-0.1160125732421875
1749220236776576000,11.994575927734376,0.2633056640625,-0.9746551513671875,-0.1102752685546875
1749220236786567000,12.00456689453125,0.30633544921875,-0.9771270751953125,-0.0675048828125
1749220236796557800,12.014557861328125,0.3155670166015625,-0.975494384765625,-0.0029754638671875
1749220236806548700,12.024548828125,0.3277587890625,-0.9925384521484375,0.0495758056640625
1749220236816540000,12.034539794921875,0.358856201171875,-1.0209503173828125,0.0730743408203125
1749220236826530000,12.044530029296874,0.4036102294921875,-1.038970947265625,0.0691986083984375
1749220236836521000,12.05452099609375,0.4355621337890625,-1.03948974609375,0.0599822998046875
1749220236846511900,12.064511962890625,0.4681243896484375,-1.0523681640625,0.038665771484375
1749220236856503000,12.0745029296875,0.475250244140625,-1.081451416015625,0.0410614013671875
1749220236866494000,12.084493896484375,0.460205078125,-1.11968994140625,0.07623291015625
1749220236876484900,12.09448486328125,0.427154541015625,-1.154449462890625,0.0832366943359375
1749220236886474800,12.104474853515624,0.3946685791015625,-1.155853271484375,0.0629425048828125
1749220236896466000,12.1144658203125,0.3832244873046875,-1.140869140625,0.089508056640625
1749220236906456800,12.124456787109375,0.3158416748046875,-1.137786865234375,0.063873291015625
1749220236916448000,12.134447998046875,0.2692718505859375,-1.078704833984375,-0.048004150390625
1749220236926439200,12.144439208984375,0.28802490234375,-1.038360595703125,-0.1392059326171875
1749220236936429000,12.154428955078124,0.275360107421875,-1.076995849609375,-0.165740966796875
1749220236946420000,12.164419921875,0.246307373046875,-1.1352081298828125,-0.1103668212890625
1749220236956411000,12.174410888671876,0.2722930908203125,-1.149627685546875,-0.037384033203125
1749220236966402000,12.184402099609375,0.2855682373046875,-1.140228271484375,0.013031005859375
1749220236976393000,12.19439306640625,0.2631378173828125,-1.1947174072265625,0.042236328125
1749220236986384000,12.2043837890625,0.243438720703125,-1.30206298828125,0.0798492431640625
1749220236996374000,12.2143740234375,0.2859039306640625,-1.509552001953125,0.1245880126953125
1749220237006365200,12.224365234375,0.1137847900390625,-1.9168853759765625,0.0657806396484375
1749220237016356000,12.234356201171876,0.014892578125,-2.140106201171875,0.1092681884765625
1749220237026347000,12.244346923828125,0.0562591552734375,-2.0483245849609375,0.085113525390625
1749220237036338000,12.254337890625,-0.091094970703125,-2.0355072021484375,-0.1459503173828125
1749220237046329000,12.2643291015625,-0.148529052734375,-1.9011993408203125,-0.43670654296875
1749220237056319000,12.274319091796874,0.3769989013671875,-1.529876708984375,-0.5457305908203125
1749220237066310000,12.284309814453126,0.89910888671875,-1.3989105224609375,-0.7142791748046875
1749220237076300800,12.29430078125,0.976531982421875,-1.507843017578125,-0.8396453857421875
1749220237086292000,12.3042919921875,0.76165771484375,-1.5321044921875,-0.7381439208984375
1749220237096283000,12.314282958984375,0.4994964599609375,-1.37872314453125,-0.5072174072265625
1749220237106273000,12.32427294921875,0.2759857177734375,-1.171173095703125,-0.3906097412109375
1749220237116264000,12.334263916015624,0.138916015625,-0.8809967041015625,-0.2440948486328125
1749220237126255000,12.344255126953126,0.9188079833984375,-0.4494476318359375,0.2903900146484375
1749220237136246000,12.35424609375,1.3909912109375,-0.26995849609375,0.7125701904296875
1749220237146237000,12.36423681640625,1.07830810546875,-0.5292816162109375,0.719573974609375
1749220237156228000,12.37422802734375,0.1474151611328125,-0.8220977783203125,0.544219970703125
1749220237166218000,12.384218017578124,-0.313446044921875,-0.7573699951171875,0.4343414306640625
1749220237176209000,12.394208984375,-0.2815704345703125,-0.5811614990234375,0.315399169921875
1749220237186199800,12.40419970703125,-0.096435546875,-0.5124664306640625,0.17462158203125
1749220237196194300,12.4141943359375,0.089996337890625,-0.5462493896484375,0.007293701171875
1749220237206185200,12.424185302734376,0.31622314453125,-0.541961669921875,-0.1466827392578125
1749220237216175600,12.434175537109375,0.5340118408203125,-0.461273193359375,-0.19622802734375
1749220237226166500,12.44416650390625,0.499420166015625,-0.4166259765625,-0.1450042724609375
1749220237236157400,12.454157470703125,0.3028106689453125,-0.4522705078125,0.0055694580078125
1749220237246148400,12.4641484375,0.1731414794921875,-0.5156707763671875,0.2291717529296875
1749220237256139500,12.474139404296874,0.23394775390625,-0.61810302734375,0.396697998046875
1749220237266130400,12.48413037109375,0.269744873046875,-0.757781982421875,0.404449462890625
1749220237276120300,12.494120361328125,0.2166290283203125,-0.8005218505859375,0.3483428955078125
1749220237286111200,12.504111328125,0.245941162109375,-0.7332611083984375,0.3530426025390625
1749220237296102400,12.514102294921875,0.3577728271484375,-0.712799072265625,0.398406982421875
1749220237306093600,12.524093505859375,0.40960693359375,-0.7790069580078125,0.441680908203125
1749220237316084500,12.53408447265625,0.40838623046875,-0.8589019775390625,0.4433441162109375
1749220237326074400,12.544074462890626,0.4129486083984375,-0.915252685546875,0.383941650390625
1749220237336065500,12.5540654296875,0.45684814453125,-0.9759063720703125,0.2919464111328125
1749220237346056400,12.564056396484375,0.5516204833984375,-1.0612640380859375,0.202178955078125
1749220237356047400,12.57404736328125,0.5958404541015625,-1.168914794921875,0.1190185546875
1749220237366038500,12.58403857421875,0.603057861328125,-1.228271484375,0.1116790771484375
1749220237376029400,12.594029541015624,0.633575439453125,-1.27166748046875,0.1790924072265625
1749220237386019600,12.60401953125,0.6790313720703125,-1.3831787109375,0.2539520263671875
1749220237396010500,12.614010498046875,0.6937713623046875,-1.4896087646484375,0.3140869140625
1749220237406001400,12.62400146484375,0.6749267578125,-1.50250244140625,0.3730316162109375
1749220237415992600,12.63399267578125,0.7664337158203125,-1.426483154296875,0.4500579833984375
1749220237425983500,12.6439833984375,0.968505859375,-1.399383544921875,0.5136871337890625
1749220237435973400,12.653973388671876,1.1022491455078125,-1.538543701171875,0.4784698486328125
1749220237445964300,12.66396435546875,1.0572357177734375,-1.6060333251953125,0.3098907470703125
1749220237455955500,12.67395556640625,1.1048736572265625,-1.3477020263671875,0.2477264404296875
1749220237465946400,12.6839462890625,1.230682373046875,-0.9790496826171875,0.3402099609375
1749220237475937300,12.693937255859375,1.3267974853515625,-0.744720458984375,0.454071044921875
1749220237485928400,12.703928466796874,1.32318115234375,-0.5818634033203125,0.586669921875
1749220237495918600,12.713918701171876,1.0006103515625,-0.5037689208984375,0.529022216796875
1749220237505909500,12.723909423828125,0.21502685546875,-0.924591064453125,-0.02587890625
1749220237515900400,12.733900390625,1.5592041015625,-1.4598846435546875,-0.0707244873046875
1749220237525891600,12.7438916015625,1.0970001220703125,-1.77099609375,0.8990325927734375
1749220237535882500,12.753882568359375,-0.7740478515625,-2.63330078125,0.25506591796875
1749220237545872400,12.763872314453126,0.492431640625,-1.9322662353515625,-0.1382598876953125
1749220237555863300,12.77386328125,1.653289794921875,-0.6700897216796875,0.1890411376953125
1749220237565854500,12.7838544921875,0.5416717529296875,-0.55218505859375,-0.186431884765625
1749220237575845400,12.793845458984375,0.282562255859375,-0.5757904052734375,-0.4807891845703125
1749220237585836300,12.803836181640625,1.03076171875,-0.524505615234375,-0.1119537353515625
1749220237595827500,12.813827392578125,0.878448486328125,-0.8808135986328125,0.233062744140625
1749220237605817600,12.823817626953126,0.3721466064453125,-1.332366943359375,0.2967376708984375
1749220237615808500,12.83380859375,0.2678680419921875,-1.4625701904296875,0.459442138671875
1749220237625799400,12.84379931640625,0.262969970703125,-1.325439453125,0.7606658935546875
1749220237635790300,12.853790283203125,0.2020721435546875,-1.174652099609375,0.75982666015625
1749220237645781500,12.863781494140625,0.2396697998046875,-1.1217498779296875,0.36236572265625
1749220237655771400,12.873771484375,0.3652801513671875,-1.0569915771484375,-0.0325469970703125
1749220237665762300,12.88376220703125,0.3905487060546875,-0.9123992919921875,-0.2432403564453125
1749220237675753500,12.89375341796875,0.2711639404296875,-0.830413818359375,-0.3346710205078125
1749220237685744600,12.90374462890625,0.189361572265625,-0.8795928955078125,-0.2873077392578125
1749220237695735600,12.913735595703125,0.21551513671875,-0.9799957275390625,-0.1139984130859375
1749220237705726500,12.9237265625,0.20574951171875,-1.0475921630859375,-0.0022125244140625
1749220237715716400,12.93371630859375,0.1757049560546875,-1.0521240234375,-0.0336456298828125
1749220237725707500,12.94370751953125,0.1817626953125,-0.9870452880859375,-0.1175689697265625
1749220237735698400,12.953698486328125,0.18316650390625,-0.9235687255859375,-0.1989898681640625
1749220237745689300,12.963689453125,0.2192535400390625,-0.89459228515625,-0.2289581298828125
1749220237755680500,12.973680419921875,0.2483367919921875,-0.91278076171875,-0.21588134765625
1749220237765670700,12.983670654296875,0.2472686767578125,-0.9452667236328125,-0.1819915771484375
1749220237775661600,12.99366162109375,0.255096435546875,-0.9459228515625,-0.136871337890625
1749220237785652500,13.003652587890626,0.2597503662109375,-0.93292236328125,-0.097412109375
1749220237795643400,13.013643310546875,0.2449798583984375,-0.9408416748046875,-0.0880584716796875
1749220237805634600,13.023634521484375,0.214324951171875,-0.96014404296875,-0.112701416015625
1749220237815624400,13.03362451171875,0.209991455078125,-0.9657440185546875,-0.1638946533203125
1749220237825615400,13.043615478515624,0.24432373046875,-0.9544219970703125,-0.183685302734375
1749220237835606300,13.053606201171876,0.29827880859375,-0.953155517578125,-0.154815673828125
1749220237845597400,13.063597412109376,0.32611083984375,-0.9643707275390625,-0.1154937744140625
1749220237855588400,13.07358837890625,0.3036651611328125,-0.95843505859375,-0.0842742919921875
1749220237865579300,13.083579345703125,0.29266357421875,-0.932373046875,-0.1040496826171875
1749220237875569400,13.0935693359375,0.2997894287109375,-0.9008026123046875,-0.1570892333984375
1749220237885560600,13.103560546875,0.327789306640625,-0.8758087158203125,-0.1774444580078125
1749220237895551500,13.113551513671876,0.3512115478515625,-0.8775177001953125,-0.1436767578125
1749220237905542400,13.12354248046875,0.3592681884765625,-0.90887451171875,-0.05047607421875
1749220237915533600,13.133533447265625,0.34161376953125,-0.984527587890625,0.098602294921875
1749220237925523500,13.1435234375,0.26300048828125,-1.095794677734375,0.21673583984375
1749220237935514400,13.153514404296875,0.284515380859375,-1.11920166015625,0.19635009765625
1749220237945505300,13.16350537109375,0.3321380615234375,-1.0594024658203125,0.073822021484375
1749220237955496400,13.173496337890626,0.38433837890625,-1.04150390625,-0.0447540283203125
1749220237965487400,13.1834873046875,0.4351043701171875,-1.0949554443359375,-0.103057861328125
1749220237975477500,13.1934775390625,0.4385223388671875,-1.151336669921875,-0.0841064453125
1749220237985468400,13.203468505859375,0.3939361572265625,-1.17425537109375,-0.0224151611328125
1749220237995459600,13.21345947265625,0.34661865234375,-1.145294189453125,0.09124755859375
1749220238005450500,13.223450439453124,0.3207244873046875,-1.1535491943359375,0.1803741455078125
1749220238015441400,13.23344140625,0.297698974609375,-1.196868896484375,0.1496734619140625
1749220238025432300,13.243432373046875,0.3010101318359375,-1.202178955078125,0.0962982177734375
1749220238035422500,13.25342236328125,0.293304443359375,-1.2198028564453125,0.05810546875
1749220238045413400,13.263413330078125,0.2759857177734375,-1.260162353515625,0.0093231201171875
1749220238055404500,13.273404541015625,0.2540435791015625,-1.3255462646484375,0.01263427734375
1749220238065395500,13.2833955078125,0.1756744384765625,-1.459930419921875,0.0631256103515625
1749220238075386600,13.29338671875,0.1426239013671875,-1.6473388671875,0.1060943603515625
1749220238085376500,13.30337646484375,0.0685882568359375,-2.014678955078125,0.006500244140625
1749220238095367400,13.313367431640625,-0.013519287109375,-2.279266357421875,-0.024322509765625
1749220238105358300,13.3233583984375,-0.137603759765625,-2.08135986328125,0.021820068359375
1749220238115349500,13.333349609375,-0.2985076904296875,-1.943695068359375,-0.0822601318359375
1749220238125340400,13.34334033203125,-0.1958160400390625,-2.0067901611328125,-0.32562255859375
1749220238135331300,13.353331298828126,0.4049835205078125,-1.9254150390625,-0.5011749267578125
1749220238145321500,13.363321533203125,1.005706787109375,-1.8162994384765625,-0.7869720458984375
1749220238155312600,13.373312744140625,1.062835693359375,-1.718597412109375,-0.9924468994140625
1749220238165303600,13.383303466796875,0.78125,-1.5244140625,-0.94537353515625
1749220238175294500,13.39329443359375,0.6399383544921875,-1.2515106201171875,-0.836456298828125
1749220238185285400,13.403285400390626,0.5041351318359375,-0.9638519287109375,-0.657440185546875
1749220238195272700,13.413272705078125,0.4936676025390625,-0.6887664794921875,-0.303985595703125
1749220238205263600,13.423263671875,0.7548980712890625,-0.4715423583984375,0.162933349609375
1749220238215254500,13.433254638671874,1.0938720703125,-0.4022979736328125,0.619781494140625
1749220238225245700,13.44324560546875,0.7577667236328125,-0.53741455078125,0.8864288330078125
1749220238235236600,13.453236572265626,0.138641357421875,-0.6712188720703125,0.9363861083984375
1749220238245226500,13.4632265625,-0.218719482421875,-0.536651611328125,0.8530120849609375
1749220238255217700,13.4732177734375,-0.20947265625,-0.3662261962890625,0.6481170654296875
1749220238265208800,13.483208740234375,-0.124481201171875,-0.38946533203125,0.336639404296875
1749220238275199700,13.49319970703125,0.0858306884765625,-0.4907684326171875,-0.0423431396484375
1749220238285190700,13.503190673828126,0.3537750244140625,-0.4885711669921875,-0.3665008544921875
1749220238295180500,13.5131806640625,0.5990142822265625,-0.3441162109375,-0.47357177734375
1749220238305171700,13.523171630859375,0.6949615478515625,-0.1951446533203125,-0.334869384765625
1749220238315162600,13.53316259765625,0.5738983154296875,-0.218017578125,-0.0790863037109375
1749220238325153500,13.543153564453124,0.31842041015625,-0.4409332275390625,0.053466796875
1749220238335144700,13.553144775390624,0.2190399169921875,-0.6608123779296875,0.1696929931640625
1749220238345134800,13.563134765625,0.2685394287109375,-0.80633544921875,0.37542724609375
1749220238355125800,13.573125732421875,0.275177001953125,-0.86981201171875,0.571624755859375
1749220238365116700,13.58311669921875,0.3202056884765625,-0.8403472900390625,0.7103424072265625
1749220238375107800,13.59310791015625,0.4128265380859375,-0.799713134765625,0.7711639404296875
1749220238385098800,13.6030986328125,0.502960205078125,-0.809417724609375,0.6646270751953125
1749220238395089700,13.613089599609374,0.549102783203125,-0.8333587646484375,0.4456634521484375
1749220238405079600,13.62307958984375,0.596099853515625,-0.8846588134765625,0.1972198486328125
1749220238415070700,13.63307080078125,0.68255615234375,-1.0144195556640625,-0.00897216796875
1749220238425061600,13.6430615234375,0.7887725830078125,-1.130035400390625,-0.0632781982421875
1749220238435052500,13.653052490234375,0.816436767578125,-1.177337646484375,0.041168212890625
1749220238445043500,13.66304345703125,0.7804718017578125,-1.20745849609375,0.1773681640625
1749220238455033600,13.67303369140625,0.76519775390625,-1.240814208984375,0.31573486328125
1749220238465024800,13.683024658203125,0.7624359130859375,-1.286041259765625,0.4348907470703125
1749220238475015700,13.693015625,0.7645416259765625,-1.3211517333984375,0.496002197265625
1749220238485006600,13.703006591796875,0.7557830810546875,-1.340301513671875,0.5177154541015625
1749220238494997800,13.712997802734375,0.732208251953125,-1.337432861328125,0.4793243408203125
1749220238504987600,13.722987548828126,0.746826171875,-1.3349761962890625,0.3407135009765625
1749220238514978600,13.732978515625,0.826202392578125,-1.372528076171875,0.085418701171875
1749220238524969500,13.742969482421875,0.9328155517578125,-1.3518524169921875,-0.0731658935546875
1749220238534960600,13.752960693359375,0.961212158203125,-1.185546875,0.0474700927734375
1749220238544951600,13.76295166015625,0.939605712890625,-1.00506591796875,0.338958740234375
1749220238554941700,13.772941650390624,0.93756103515625,-0.9062957763671875,0.536346435546875
1749220238564932600,13.7829326171875,0.8836517333984375,-0.7241363525390625,0.65704345703125
1749220238574923800,13.792923828125,0.8184967041015625,-0.512725830078125,0.600250244140625
1749220238584914700,13.802914794921875,0.8431243896484375,-0.4925689697265625,0.3235321044921875
1749220238594905600,13.812905517578125,0.9924468994140625,-0.61383056640625,0.1025543212890625
1749220238604896500,13.822896484375,1.0943756103515625,-0.7471771240234375,0.04571533203125
1749220238614886700,13.83288671875,0.99267578125,-0.8986663818359375,0.0110015869140625
1749220238624877600,13.842877685546876,-0.6004486083984375,-1.4384765625,-0.3036041259765625
1749220238634868700,13.85286865234375,-4.2356414794921875,-3.443878173828125,-1.35870361328125
1749220238644859600,13.862859619140625,0.9363861083984375,-2.3413238525390625,0.3520660400390625
1749220238654850800,13.872850830078125,1.958648681640625,-1.0042877197265625,0.6262969970703125
1749220238664840700,13.8828408203125,0.6880340576171875,-0.720123291015625,-0.174072265625
1749220238674831600,13.89283154296875,0.2677001953125,-0.3792724609375,0.0618896484375
1749220238684822500,13.902822509765626,0.2055206298828125,-1.078643798828125,0.138824462890625
1749220238694813700,13.912813720703125,0.400146484375,-1.352752685546875,0.4598846435546875
1749220238704804600,13.9228046875,0.93511962890625,-1.2692108154296875,0.1221923828125
1749220238714794800,13.932794677734375,0.4813079833984375,-1.236724853515625,-0.4166412353515625
1749220238724785700,13.94278564453125,0.224945068359375,-0.758544921875,-0.135162353515625
1749220238734776800,13.95277685546875,0.2623748779296875,-0.7384185791015625,0.113861083984375
1749220238744767700,13.962767822265626,0.303253173828125,-1.1119537353515625,0.0340576171875
1749220238754758700,13.972758544921875,0.2740936279296875,-1.1778564453125,0.173980712890625
1749220238764748500,13.98274853515625,0.294921875,-1.125579833984375,0.4167327880859375
1749220238774739700,13.99273974609375,0.165252685546875,-1.1475982666015625,0.405426025390625
1749220238784730600,14.002730712890624,0.100799560546875,-1.1548919677734375,0.2219390869140625
1749220238794721500,14.012721435546876,0.1455535888671875,-1.085723876953125,-0.01873779296875
1749220238804712700,14.022712646484376,0.1774749755859375,-0.940185546875,-0.214202880859375
1749220238814702800,14.032702880859375,0.205078125,-0.8108062744140625,-0.2411041259765625
1749220238824693800,14.04269384765625,0.271453857421875,-0.833740234375,-0.1409912109375
1749220238834684700,14.0526845703125,0.24981689453125,-0.9740142822265625,-0.0551605224609375
1749220238844675600,14.062675537109374,0.1453399658203125,-1.065887451171875,-0.0284423828125
1749220238854666800,14.072666748046874,0.10699462890625,-1.0598907470703125,-0.0653076171875
1749220238864656600,14.08265673828125,0.1531982421875,-1.0019073486328125,-0.1328277587890625
1749220238874647600,14.0926474609375,0.19171142578125,-0.958251953125,-0.176025390625
1749220238884638500,14.102638427734375,0.21246337890625,-0.9365386962890625,-0.1647186279296875
1749220238894629600,14.112629638671875,0.21844482421875,-0.934783935546875,-0.1360321044921875
1749220238904620500,14.12262060546875,0.2016754150390625,-0.9387969970703125,-0.1247711181640625
1749220238914611500,14.132611572265626,0.1812286376953125,-0.9354400634765625,-0.121795654296875
1749220238924601600,14.1426015625,0.16778564453125,-0.93975830078125,-0.1237030029296875
1749220238934592800,14.1525927734375,0.1677703857421875,-0.9522857666015625,-0.1616058349609375
1749220238944583700,14.162583740234375,0.1990509033203125,-0.9510955810546875,-0.2086639404296875
1749220238954574600,14.17257470703125,0.2647247314453125,-0.9351654052734375,-0.1852264404296875
1749220238964565800,14.182565673828124,0.2917022705078125,-0.9434814453125,-0.1127777099609375
1749220238974555600,14.1925556640625,0.2802276611328125,-0.9610595703125,-0.04864501953125
1749220238984546600,14.202546630859375,0.2790679931640625,-0.967193603515625,-0.001739501953125
1749220238994537500,14.212537353515625,0.2833709716796875,-0.98236083984375,0.0104522705078125
1749220239004528600,14.222528564453125,0.304443359375,-0.9860382080078125,-0.039215087890625
1749220239014519800,14.232519775390625,0.355682373046875,-0.9810333251953125,-0.1046905517578125
1749220239024509700,14.242509765625,0.40631103515625,-0.98211669921875,-0.1178436279296875
1749220239034500600,14.25250048828125,0.406585693359375,-1.014984130859375,-0.0867156982421875
1749220239044491800,14.26249169921875,0.4056243896484375,-1.0517578125,-0.0286865234375
1749220239054482700,14.272482666015625,0.4147491455078125,-1.0674896240234375,0.0426177978515625
1749220239064473600,14.2824736328125,0.4214019775390625,-1.0911712646484375,0.094268798828125
1749220239074463500,14.29246337890625,0.405059814453125,-1.1110992431640625,0.117919921875
1749220239084454700,14.30245458984375,0.3861083984375,-1.1060943603515625,0.1348114013671875
1749220239094445800,14.31244580078125,0.3738250732421875,-1.095550537109375,0.1339569091796875
1749220239104436700,14.322436767578125,0.3631134033203125,-1.0930633544921875,0.083770751953125
1749220239114427600,14.332427734375,0.378936767578125,-1.0804443359375,0.0119476318359375
1749220239124417500,14.34241748046875,0.3830108642578125,-1.09600830078125,-0.0180816650390625
1749220239134408700,14.35240869140625,0.3565673828125,-1.1248931884765625,0.0064697265625
1749220239144399600,14.362399658203126,0.3357086181640625,-1.110015869140625,0.060089111328125
1749220239154390500,14.372390625,0.3159027099609375,-1.101165771484375,0.0914459228515625
1749220239164381700,14.382381591796875,0.301910400390625,-1.11578369140625,0.06884765625
1749220239174371800,14.392371826171875,0.312103271484375,-1.1458282470703125,0.0475311279296875
1749220239184362800,14.40236279296875,0.3515167236328125,-1.2635650634765625,0.0352020263671875
1749220239194353700,14.412353759765624,0.29510498046875,-1.600250244140625,-0.094024658203125
1749220239204344800,14.4223447265625,0.2097930908203125,-1.94775390625,-0.1098175048828125
1749220239214335700,14.432335693359375,0.1820220947265625,-1.927032470703125,0.04913330078125
1749220239224325600,14.44232568359375,0.0745849609375,-1.8598785400390625,0.0800933837890625
1749220239234316500,14.452316650390625,-0.1435394287109375,-1.8305206298828125,-0.05291748046875
1749220239244307700,14.4623076171875,-0.0719757080078125,-1.6621551513671875,-0.26788330078125
1749220239254298600,14.472298583984376,0.34771728515625,-1.45159912109375,-0.483428955078125
1749220239264289500,14.48228955078125,0.823516845703125,-1.4271240234375,-0.7874755859375
1749220239274279700,14.49227978515625,1.028045654296875,-1.5673980712890625,-1.0085296630859375
1749220239284270800,14.502270751953125,0.888153076171875,-1.53533935546875,-0.8862152099609375
1749220239294261800,14.51226171875,0.8350677490234375,-1.223052978515625,-0.421783447265625
1749220239304252700,14.522252685546874,1.00714111328125,-0.9262237548828125,0.07366943359375
1749220239314243600,14.53224365234375,0.8630828857421875,-0.9062042236328125,0.306884765625
1749220239324233700,14.542233642578125,0.399932861328125,-1.0522003173828125,0.1824188232421875
1749220239334224600,14.552224609375,0.0683746337890625,-0.947418212890625,0.2311553955078125
1749220239344215600,14.562215576171875,-0.0429229736328125,-0.7822723388671875,0.3430328369140625
1749220239354206500,14.57220654296875,-0.15362548828125,-0.7628021240234375,0.1809234619140625
1749220239364197600,14.58219775390625,-0.1029815673828125,-0.6842498779296875,0.034912109375
1749220239374187800,14.592187744140626,0.138275146484375,-0.53973388671875,0.002105712890625
1749220239384178700,14.6021787109375,0.3072662353515625,-0.493011474609375,-0.090484619140625
1749220239394169600,14.612169677734375,0.317169189453125,-0.5446929931640625,-0.19451904296875
1749220239404160800,14.622160888671875,0.2906036376953125,-0.5742340087890625,-0.1590423583984375
1749220239414151700,14.632151611328124,0.3157501220703125,-0.5649566650390625,0.0142974853515625
1749220239424142600,14.642142578125,0.3082122802734375,-0.6186370849609375,0.14111328125
1749220239434132500,14.652132568359375,0.243896484375,-0.7002105712890625,0.1468505859375
1749220239444123600,14.66212353515625,0.2542724609375,-0.6856231689453125,0.15765380859375
1749220239454114600,14.672114501953125,0.29583740234375,-0.654754638671875,0.1731109619140625
1749220239464105700,14.682105712890625,0.2580718994140625,-0.6903228759765625,0.1731414794921875
1749220239474097000,14.692096923828124,0.262603759765625,-0.72711181640625,0.2387237548828125
1749220239484086800,14.702086669921876,0.347747802734375,-0.754180908203125,0.3773040771484375
1749220239494077700,14.71207763671875,0.3552703857421875,-0.8083953857421875,0.485748291015625
1749220239504068600,14.722068603515625,0.33856201171875,-0.862548828125,0.5002288818359375
1749220239514059500,14.7320595703125,0.4099273681640625,-0.9152374267578125,0.4210205078125
1749220239524050700,14.74205078125,0.5040740966796875,-0.9977569580078125,0.30865478515625
1749220239534040600,14.75204052734375,0.5567474365234375,-1.074432373046875,0.1961822509765625
1749220239544031700,14.76203173828125,0.6042022705078125,-1.1463623046875,0.10089111328125
1749220239554022700,14.772022705078125,0.631866455078125,-1.235595703125,0.066650390625
1749220239564013800,14.782013916015625,0.6327667236328125,-1.329010009765625,0.13409423828125
1749220239574004700,14.792004638671875,0.655853271484375,-1.453765869140625,0.2464599609375
1749220239583994600,14.80199462890625,0.7139892578125,-1.5683135986328125,0.3466033935546875
1749220239593985500,14.811985595703124,0.7162933349609375,-1.5837249755859375,0.4034271240234375
1749220239603976700,14.821976806640626,0.7398529052734375,-1.4851226806640625,0.40203857421875
1749220239613967600,14.831967529296875,0.8371429443359375,-1.4078216552734375,0.401275634765625
1749220239623958500,14.84195849609375,0.9515228271484375,-1.4847412109375,0.2805328369140625
1749220239633948700,14.85194873046875,1.0825042724609375,-1.5507965087890625,0.163848876953125
1749220239643939800,14.86193994140625,1.1446533203125,-1.41961669921875,0.2426300048828125
1749220239653930800,14.8719306640625,1.134765625,-1.159881591796875,0.4267578125
1749220239663921700,14.881921630859376,1.105682373046875,-0.878173828125,0.6243438720703125
1749220239673912800,14.891912841796875,1.079254150390625,-0.610198974609375,0.782257080078125
1749220239683902700,14.90190283203125,1.12786865234375,-0.3861236572265625,0.763763427734375
1749220239693893600,14.9118935546875,1.1847991943359375,-0.2808380126953125,0.5630645751953125
1749220239703884500,14.921884521484374,1.175079345703125,-0.3899688720703125,0.27777099609375
1749220239713875700,14.931875732421876,1.1693572998046875,-0.5683135986328125,0.094818115234375
1749220239723866600,14.94186669921875,-0.6008758544921875,-1.413787841796875,-0.6000823974609375
1749220239733856800,14.951856689453125,-1.7297821044921875,-3.135833740234375,-1.606842041015625
1749220239743847700,14.96184765625,1.603179931640625,-2.1727294921875,0.70819091796875
1749220239753838600,14.971838623046875,1.5179290771484375,-1.560791015625,0.8639984130859375
1749220239763829800,14.981829833984374,-0.07366943359375,-1.0546875,-0.01611328125
1749220239773820700,14.991820556640626,0.277923583984375,-0.558563232421875,-0.0513458251953125
1749220239783810600,15.001810546875,0.3374481201171875,-0.67681884765625,-0.1307220458984375
1749220239793801500,15.011801513671875,0.853424072265625,-0.6762847900390625,0.025970458984375
1749220239803792600,15.021792724609375,1.1053009033203125,-0.9397125244140625,0.056854248046875
1749220239813783600,15.031783447265624,0.6338348388671875,-1.2870025634765625,-0.0132598876953125
1749220239823774500,15.0417744140625,0.360076904296875,-1.2838592529296875,0.2667236328125
1749220239833764600,15.0517646484375,0.3600311279296875,-1.2729339599609375,0.34796142578125
1749220239843755800,15.061755859375,0.32452392578125,-1.1273345947265625,0.29534912109375
1749220239853746700,15.07174658203125,0.25677490234375,-0.921630859375,0.4350738525390625
1749220239863737600,15.081737548828125,0.2811279296875,-0.9778900146484375,0.426177978515625
1749220239873728800,15.091728759765624,0.3013153076171875,-1.145477294921875,0.163909912109375
1749220239883718700,15.10171875,0.2965545654296875,-1.1539154052734375,-0.119476318359375
1749220239893709600,15.11170947265625,0.26959228515625,-0.9910736083984375,-0.282257080078125
1749220239903700500,15.121700439453125,0.2569122314453125,-0.8349456787109375,-0.2756805419921875
1749220239913691600,15.131691650390625,0.262603759765625,-0.827880859375,-0.1396331787109375
1749220239923682800,15.141682861328125,0.244384765625,-0.93914794921875,-0.023834228515625
1749220239933672700,15.151672607421874,0.198333740234375,-1.0504150390625,0.006378173828125
1749220239943663600,15.16166357421875,0.1604766845703125,-1.0760040283203125,0.0043182373046875
1749220239953654800,15.17165478515625,0.1649169921875,-1.0263824462890625,-0.008941650390625
1749220239963645700,15.181645751953125,0.1978607177734375,-0.982818603515625,-0.04876708984375
1749220239973636600,15.19163671875,0.2359161376953125,-0.965118408203125,-0.0772857666015625
1749220239983626500,15.20162646484375,0.273345947265625,-0.9539337158203125,-0.0612030029296875
1749220239993617700,15.21161767578125,0.2656402587890625,-0.9475555419921875,-0.0254058837890625
1749220240003608600,15.221608642578126,0.25531005859375,-0.9552001953125,-0.0198211669921875
1749220240013599700,15.231599853515625,0.2868499755859375,-0.9635162353515625,-0.058929443359375
1749220240023590700,15.241590576171875,0.3139801025390625,-0.96673583984375,-0.1032257080078125
1749220240033580500,15.25158056640625,0.3017730712890625,-0.97271728515625,-0.1176300048828125
1749220240043571700,15.26157177734375,0.296722412109375,-0.9692535400390625,-0.082275390625
1749220240053562600,15.271562744140626,0.2940826416015625,-0.969970703125,-0.0175018310546875
1749220240063553500,15.281553466796876,0.2758026123046875,-0.98101806640625,0.035858154296875
1749220240073544700,15.291544677734375,0.2579803466796875,-0.9845733642578125,0.0556488037109375
1749220240083534600,15.30153466796875,0.2319183349609375,-0.9777984619140625,0.0387725830078125
1749220240093525800,15.31152587890625,0.2369384765625,-0.961578369140625,0.01068115234375
1749220240103516700,15.3215166015625,0.26220703125,-0.9510345458984375,-0.02764892578125
1749220240113507800,15.3315078125,0.28021240234375,-0.96002197265625,-0.081512451171875
1749220240123498800,15.341498779296876,0.3145751953125,-0.9829864501953125,-0.1236572265625
1749220240133488600,15.351488525390625,0.348480224609375,-1.0171051025390625,-0.121063232421875
1749220240143479600,15.3614794921875,0.3597869873046875,-1.060394287109375,-0.0817108154296875
1749220240153470700,15.371470703125,0.393768310546875,-1.0630340576171875,-0.035736083984375
1749220240163461600,15.381461669921874,0.394683837890625,-1.0471343994140625,-0.0043792724609375
1749220240173452500,15.39145263671875,0.3963470458984375,-1.08343505859375,0.0122222900390625
1749220240183442700,15.401442626953125,0.3847503662109375,-1.14874267578125,0.0327911376953125
1749220240193433900,15.411433837890625,0.3417816162109375,-1.1514129638671875,0.02166748046875
1749220240203424300,15.42142431640625,0.303314208984375,-1.09173583984375,-0.008758544921875
1749220240213415400,15.43141552734375,0.295379638671875,-1.08148193359375,-0.0242919921875
1749220240223406300,15.44140625,0.285491943359375,-1.110137939453125,-0.0594940185546875
1749220240233396200,15.451396240234375,0.2905731201171875,-1.1026153564453125,-0.030242919921875
1749220240243387100,15.46138720703125,0.296051025390625,-1.0956878662109375,0.027130126953125
1749220240253378300,15.47137841796875,0.297393798828125,-1.1180572509765625,0.0645904541015625
1749220240263369200,15.481369140625,0.3054962158203125,-1.1769561767578125,0.0943603515625
1749220240273360100,15.491360107421874,0.3248748779296875,-1.2917938232421875,0.138946533203125
1749220240283350300,15.501350341796876,0.3734130859375,-1.5671234130859375,0.10223388671875
1749220240293341400,15.511341552734375,0.2845611572265625,-1.92218017578125,0.0090789794921875
1749220240303332400,15.521332275390625,0.2173004150390625,-1.96331787109375,0.1433258056640625
1749220240313323300,15.5313232421875,0.0251007080078125,-1.788665771484375,0.27008056640625
1749220240323314200,15.541314208984375,-0.1219329833984375,-1.7254486083984375,0.187103271484375
1749220240333304000,15.551303955078126,-0.1314697265625,-1.704833984375,-0.029205322265625
1749220240343295200,15.561295166015626,0.0877227783203125,-1.505584716796875,-0.186126708984375
1749220240353286100,15.5712861328125,0.476165771484375,-1.347198486328125,-0.42218017578125
1749220240363277300,15.58127734375,0.8408050537109375,-1.383331298828125,-0.7598114013671875
1749220240373268500,15.5912685546875,0.9839019775390625,-1.468170166015625,-0.912139892578125
1749220240383258400,15.60125830078125,0.7912445068359375,-1.4731903076171875,-0.8308258056640625
1749220240393249300,15.611249267578126,0.53289794921875,-1.2801055908203125,-0.6251983642578125
1749220240403240200,15.621240234375,0.52398681640625,-0.9063720703125,-0.2388763427734375
1749220240413231400,15.6312314453125,0.61334228515625,-0.6409149169921875,0.04766845703125
1749220240423222300,15.64122216796875,0.8329620361328125,-0.5430908203125,0.209747314453125
1749220240433212200,15.651212158203125,0.877044677734375,-0.5420684814453125,0.370697021484375
1749220240443203300,15.661203369140624,0.5091400146484375,-0.6446685791015625,0.524566650390625
1749220240453194500,15.671194580078126,0.102142333984375,-0.7562103271484375,0.4286651611328125
1749220240463185400,15.681185302734375,-0.14739990234375,-0.71343994140625,0.18719482421875
1749220240473176300,15.69117626953125,-0.090972900390625,-0.5221405029296875,0.0762939453125
1749220240483166200,15.701166259765625,0.0626678466796875,-0.408172607421875,0.054290771484375
1749220240493157400,15.711157470703125,0.2530517578125,-0.3998870849609375,0.00048828125
1749220240503148300,15.721148193359374,0.4028472900390625,-0.411712646484375,-0.0561065673828125
1749220240513139200,15.73113916015625,0.4611663818359375,-0.4160308837890625,-0.028411865234375
1749220240523130000,15.741130126953125,0.3646240234375,-0.4668121337890625,0.0803985595703125
1749220240533120500,15.75112060546875,0.2515411376953125,-0.5556793212890625,0.1892547607421875
1749220240543111400,15.761111328125,0.15472412109375,-0.662322998046875,0.26214599609375
1749220240553102300,15.771102294921874,0.14990234375,-0.7352447509765625,0.2851409912109375
1749220240563093200,15.78109326171875,0.2037353515625,-0.7380523681640625,0.27288818359375
1749220240573084400,15.79108447265625,0.2442474365234375,-0.7198486328125,0.2538604736328125
1749220240583074300,15.80107421875,0.3257598876953125,-0.735443115234375,0.28857421875
1749220240593065200,15.811065185546875,0.359161376953125,-0.8264923095703125,0.35125732421875
1749220240603056000,15.82105615234375,0.350921630859375,-0.928497314453125,0.405181884765625
1749220240613047300,15.83104736328125,0.373016357421875,-0.9755859375,0.457672119140625
1749220240623038200,15.8410380859375,0.4333953857421875,-0.9974365234375,0.4349212646484375
1749220240633028400,15.8510283203125,0.492462158203125,-1.023712158203125,0.340484619140625
1749220240643019300,15.861019287109375,0.541229248046875,-1.0786590576171875,0.249481201171875
1749220240653010400,15.871010498046875,0.564727783203125,-1.14654541015625,0.1914520263671875
1749220240663001300,15.88100146484375,0.56195068359375,-1.1978912353515625,0.16522216796875
1749220240672992300,15.8909921875,0.565826416015625,-1.2341461181640625,0.20074462890625
1749220240682982100,15.900982177734376,0.5494842529296875,-1.28955078125,0.235626220703125
1749220240692973300,15.910973388671875,0.5171356201171875,-1.3377227783203125,0.276397705078125
1749220240702964200,15.920964111328125,0.5198211669921875,-1.3728485107421875,0.3296356201171875
1749220240712955100,15.930955078125,0.5738525390625,-1.4262237548828125,0.3304901123046875
1749220240722946000,15.940946044921875,0.6050567626953125,-1.459259033203125,0.266082763671875
1749220240732936400,15.9509365234375,0.6573944091796875,-1.4405670166015625,0.2282257080078125
1749220240742927400,15.96092724609375,0.68878173828125,-1.450042724609375,0.1672515869140625
1749220240752918300,15.970918212890625,0.679901123046875,-1.4226531982421875,0.09393310546875
1749220240762909200,15.9809091796875,0.688232421875,-1.262908935546875,0.147613525390625
1749220240772900400,15.990900390625,0.7429656982421875,-1.0941314697265625,0.2672576904296875
1749220240782890200,16.00089013671875,0.833770751953125,-0.9647674560546875,0.3651885986328125
1749220240792881200,16.010881103515626,0.847564697265625,-0.7696533203125,0.4386444091796875
1749220240802872000,16.0208720703125,0.8746185302734375,-0.4979705810546875,0.55792236328125
1749220240812863200,16.03086328125,0.9337158203125,-0.2884063720703125,0.639678955078125
1749220240822854400,16.0408544921875,0.9451751708984375,-0.285125732421875,0.588104248046875
1749220240832844300,16.05084423828125,0.9397430419921875,-0.4759674072265625,0.443572998046875
1749220240842835200,16.060835205078124,0.7020111083984375,-0.7810516357421875,0.2813720703125
1749220240852826400,16.070826416015624,-1.9302215576171875,-2.020233154296875,-0.5263671875
1749220240862817300,16.0808173828125,-0.627410888671875,-3.0569610595703125,-0.308441162109375
1749220240872808200,16.09080810546875,1.7955322265625,-1.91363525390625,1.2470703125
1749220240882798000,16.100798095703126,0.592803955078125,-1.44940185546875,0.1465606689453125
1749220240892789200,16.110789306640626,0.282318115234375,-0.84564208984375,-0.2602081298828125
1749220240902780400,16.120780517578126,0.9508514404296875,-0.653106689453125,-0.2520294189453125
1749220240912771300,16.130771240234374,0.8361968994140625,-0.9511566162109375,0.0530853271484375
1749220240922762500,16.140762451171874,0.5888214111328125,-1.0924224853515625,0.0573577880859375
1749220240932752400,16.15075244140625,0.5283355712890625,-1.105010986328125,-0.2030487060546875
1749220240942743300,16.160743408203125,0.4231719970703125,-0.883148193359375,0.0160064697265625
1749220240952734200,16.170734130859376,0.3947906494140625,-0.8254547119140625,0.28240966796875
1749220240962725000,16.18072509765625,0.2303924560546875,-1.121246337890625,0.28814697265625
1749220240972716300,16.19071630859375,0.1610107421875,-1.263916015625,0.322723388671875
1749220240982706400,16.20070654296875,0.3174591064453125,-1.17047119140625,0.468780517578125
1749220240992697300,16.210697265625,0.3883056640625,-1.16436767578125,0.392913818359375
1749220241002688300,16.220688232421875,0.22052001953125,-1.16259765625,0.070556640625
1749220241012679400,16.230679443359374,0.1759033203125,-1.009063720703125,-0.1357421875
1749220241022670300,16.24067041015625,0.24993896484375,-0.8504791259765625,-0.1682586669921875
1749220241032660200,16.25066015625,0.2528076171875,-0.83984375,-0.1342926025390625
1749220241042651100,16.260651123046873,0.2321319580078125,-0.923004150390625,-0.111083984375
1749220241052642300,16.270642333984377,0.225616455078125,-1.0051727294921875,-0.102874755859375
1749220241062633200,16.28063330078125,0.1966705322265625,-1.054840087890625,-0.121856689453125
1749220241072624000,16.2906240234375,0.187591552734375,-1.0545501708984375,-0.1799468994140625
1749220241082614300,16.3006142578125,0.225738525390625,-1.011077880859375,-0.221923828125
1749220241092605400,16.31060546875,0.2474212646484375,-0.9645233154296875,-0.2021484375
1749220241102596400,16.320596435546875,0.227630615234375,-0.95428466796875,-0.1407623291015625
1749220241112587300,16.330587158203127,0.210235595703125,-0.9575347900390625,-0.066925048828125
1749220241122578400,16.340578369140626,0.2107391357421875,-0.9552459716796875,-0.0043792724609375
1749220241132568300,16.350568359375,0.2287750244140625,-0.953643798828125,0.008270263671875
1749220241142559200,16.360559326171874,0.2446441650390625,-0.963623046875,-0.0341796875
1749220241152550100,16.370550048828125,0.2483673095703125,-0.9849090576171875,-0.0771026611328125
1749220241162541300,16.380541259765625,0.2324981689453125,-0.9992523193359375,-0.0965576171875
1749220241172532200,16.3905322265625,0.20623779296875,-0.99224853515625,-0.092742919921875
1749220241182522400,16.4005224609375,0.1896209716796875,-0.969390869140625,-0.07159423828125
1749220241192513300,16.41051318359375,0.1639556884765625,-0.949920654296875,-0.07794189453125
1749220241202504400,16.42050439453125,0.1274566650390625,-0.9394073486328125,-0.1204681396484375
1749220241212495400,16.430495361328123,0.173736572265625,-0.922088623046875,-0.1583099365234375
1749220241222486300,16.440486328125,0.2151641845703125,-0.913543701171875,-0.1711578369140625
1749220241232476200,16.45047607421875,0.2028961181640625,-0.9467926025390625,-0.1895599365234375
1749220241242467000,16.460467041015626,0.1953582763671875,-0.9694061279296875,-0.183074951171875
1749220241252458200,16.470458251953126,0.2005615234375,-0.9530181884765625,-0.1401519775390625
1749220241262449200,16.48044921875,0.215057373046875,-0.9539947509765625,-0.1270751953125
1749220241272440300,16.4904404296875,0.25579833984375,-0.98779296875,-0.1257171630859375
1749220241282430200,16.50043017578125,0.3376617431640625,-1.034332275390625,-0.1021728515625
1749220241292421400,16.51042138671875,0.42327880859375,-1.0833892822265625,-0.06597900390625
1749220241302412300,16.520412353515624,0.4656524658203125,-1.120208740234375,0.0123443603515625
1749220241312403200,16.5304033203125,0.464263916015625,-1.156158447265625,0.1052093505859375
1749220241322394400,16.540394287109375,0.425262451171875,-1.16607666015625,0.1338653564453125
1749220241332384300,16.55038427734375,0.379913330078125,-1.111114501953125,0.17974853515625
1749220241342375200,16.560375244140626,0.3583221435546875,-1.0721588134765625,0.2193756103515625
1749220241352366300,16.570366455078126,0.34503173828125,-1.0815277099609375,0.1247406005859375
1749220241362357500,16.580357421875,0.3551177978515625,-1.079681396484375,0.002777099609375
1749220241372347400,16.590347412109374,0.3453826904296875,-1.0885772705078125,-0.02667236328125
1749220241382338300,16.60033837890625,0.326904296875,-1.1036376953125,-0.017486572265625
1749220241392329200,16.6103291015625,0.3260040283203125,-1.0931854248046875,0.0028076171875
1749220241402320400,16.6203203125,0.309600830078125,-1.1034088134765625,0.0079193115234375
1749220241412311300,16.630311279296876,0.2758026123046875,-1.1589508056640625,-0.0222930908203125
1749220241422301200,16.64030126953125,0.2616424560546875,-1.259918212890625,-0.04083251953125
1749220241432292000,16.6502919921875,0.32501220703125,-1.523956298828125,-0.1370086669921875
1749220241442283300,16.660283203125,0.2594146728515625,-1.97222900390625,-0.3549041748046875
1749220241452274400,16.6702744140625,0.260589599609375,-2.05499267578125,-0.3220672607421875
1749220241462265300,16.680265380859375,0.189422607421875,-1.7993621826171875,-0.2202911376953125
1749220241472255200,16.690255126953126,0.010345458984375,-1.71234130859375,-0.21990966796875
1749220241482246400,16.700246337890626,-0.2187957763671875,-1.766937255859375,-0.303375244140625
1749220241492237300,16.7102373046875,-0.0201568603515625,-1.6154327392578125,-0.2423858642578125
1749220241502228200,16.720228271484373,0.5746612548828125,-1.4482574462890625,-0.2324066162109375
1749220241512219100,16.73021923828125,1.01617431640625,-1.5097198486328125,-0.4140472412109375
1749220241522209300,16.740209228515624,0.99603271484375,-1.6096343994140625,-0.5513153076171875
1749220241532200400,16.750200439453124,0.72137451171875,-1.5034332275390625,-0.505645751953125
1749220241542191400,16.76019140625,0.4301300048828125,-1.2351531982421875,-0.403411865234375
1749220241552182300,16.770182373046875,0.35968017578125,-0.8966827392578125,-0.23236083984375
1749220241562173400,16.78017333984375,0.796051025390625,-0.541015625,0.07073974609375
1749220241572163300,16.790163330078126,0.9082489013671875,-0.3573455810546875,0.4170989990234375
1749220241582154200,16.800154296875,0.7333831787109375,-0.453033447265625,0.557373046875
1749220241592145200,16.810145263671874,0.2285919189453125,-0.59423828125,0.515655517578125
1749220241602136300,16.82013623046875,-0.0769805908203125,-0.5517578125,0.523345947265625
1749220241612127200,16.830127197265625,-0.11505126953125,-0.481292724609375,0.445526123046875
1749220241622117400,16.840117431640625,-0.0446929931640625,-0.47320556640625,0.21441650390625
1749220241632108300,16.8501083984375,0.10882568359375,-0.474365234375,-0.0338287353515625
1749220241642099500,16.860099365234376,0.29498291015625,-0.402191162109375,-0.216217041015625
1749220241652090400,16.87009033203125,0.49298095703125,-0.2824249267578125,-0.2761688232421875
1749220241662081300,16.880081298828124,0.60833740234375,-0.2187042236328125,-0.2120208740234375
1749220241672071200,16.8900712890625,0.53839111328125,-0.2759246826171875,-0.064300537109375
1749220241682062300,16.900062255859375,0.3433074951171875,-0.428985595703125,0.070526123046875
1749220241692053200,16.91005322265625,0.2144012451171875,-0.57086181640625,0.2040863037109375
1749220241702044200,16.920044189453126,0.1921234130859375,-0.67950439453125,0.2875518798828125
1749220241712035000,16.93003515625,0.26568603515625,-0.6954193115234375,0.33050537109375
1749220241722025500,16.940025390625,0.3141326904296875,-0.6255035400390625,0.3684844970703125
1749220241732016400,16.950016357421877,0.367919921875,-0.592132568359375,0.399383544921875
1749220241742007300,16.96000732421875,0.4927215576171875,-0.660064697265625,0.37115478515625
1749220241751998200,16.969998291015624,0.5714874267578125,-0.771575927734375,0.2649383544921875
1749220241761988000,16.979988037109376,0.5950775146484375,-0.84954833984375,0.126129150390625
1749220241771979300,16.989979248046875,0.685089111328125,-0.941558837890625,0.013946533203125
1749220241781970200,16.99997021484375,0.7612762451171875,-1.0677947998046875,-0.0168609619140625
1749220241791961000,17.009961181640627,0.760406494140625,-1.1748046875,0.0413970947265625
1749220241801952300,17.0199521484375,0.7066192626953125,-1.2485809326171875,0.13665771484375
1749220241811943200,17.029943115234374,0.61968994140625,-1.3016357421875,0.2313690185546875
1749220241821933300,17.039933349609374,0.56097412109375,-1.3637237548828125,0.32464599609375
1749220241831924200,17.04992431640625,0.527801513671875,-1.4788818359375,0.3682708740234375
1749220241841915400,17.059915283203125,0.5047760009765625,-1.6185760498046875,0.3269805908203125
1749220241851906300,17.06990625,0.5192413330078125,-1.6879730224609375,0.2340850830078125
1749220241861896200,17.079896240234376,0.5161895751953125,-1.6553497314453125,0.128692626953125
1749220241871887000,17.08988720703125,0.5811309814453125,-1.5548248291015625,0.08282470703125
1749220241881878300,17.099878173828124,0.65191650390625,-1.448150634765625,0.0892181396484375
1749220241891869200,17.109869140625,0.730255126953125,-1.3542327880859375,0.1548309326171875
1749220241901860400,17.1198603515625,0.7366485595703125,-1.252716064453125,0.3706817626953125
1749220241911850200,17.129850341796875,0.768280029296875,-1.1269989013671875,0.67529296875
1749220241921841400,17.13984130859375,0.693145751953125,-0.9305267333984375,0.801239013671875
1749220241931832300,17.149832275390626,0.65264892578125,-0.6654052734375,0.7424468994140625
1749220241941823200,17.1598232421875,0.7868804931640625,-0.4473724365234375,0.587921142578125
1749220241951814100,17.169814208984373,0.9464569091796875,-0.412353515625,0.3538665771484375
1749220241961804300,17.17980419921875,1.0191497802734375,-0.52691650390625,0.140472412109375
1749220241971795200,17.189795166015625,1.0286407470703125,-0.6479949951171875,0.126251220703125
1749220241981786400,17.199786376953124,0.9269561767578125,-0.82196044921875,0.2362060546875
1749220241991777300,17.20977734375,-1.2493743896484375,-1.832122802734375,-0.2889404296875
1749220242001768400,17.2197685546875,-1.2885589599609375,-2.91558837890625,-0.48101806640625
1749220242011758300,17.22975830078125,1.0593719482421875,-1.6217803955078125,0.817474365234375
1749220242021749200,17.239749267578127,0.960113525390625,-1.1677093505859375,-0.0124359130859375
1749220242031740200,17.249740234375,0.694091796875,-1,-0.664947509765625
1749220242041731300,17.2597314453125,0.7257232666015625,-0.6710968017578125,-0.2170562744140625
1749220242051722200,17.26972216796875,0.4553680419921875,-0.9512481689453125,0.027984619140625
1749220242061712400,17.27971240234375,0.541259765625,-0.921966552734375,-0.16357421875
1749220242071703300,17.289703369140625,0.670989990234375,-0.785858154296875,-0.00152587890625
1749220242081694500,17.299694580078125,0.533447265625,-0.9336395263671875,0.3052215576171875
1749220242091685400,17.309685302734376,0.327972412109375,-1.186981201171875,0.4049224853515625
1749220242101675300,17.31967529296875,0.1640472412109375,-1.370635986328125,0.4458770751953125
1749220242111666200,17.329666259765624,0.2103271484375,-1.2705078125,0.4676513671875
1749220242121657300,17.3396572265625,0.3312530517578125,-1.0810699462890625,0.347198486328125
1749220242131648300,17.349648193359375,0.3248443603515625,-1.0280914306640625,0.1051177978515625
1749220242141639200,17.35963916015625,0.2296905517578125,-1.0198822021484375,-0.1745147705078125
1749220242151629300,17.36962939453125,0.2173919677734375,-0.9629364013671875,-0.295806884765625
1749220242161620500,17.379620361328126,0.3092498779296875,-0.9206085205078125,-0.251373291015625
1749220242171611400,17.389611328125,0.3469390869140625,-0.938934326171875,-0.1989593505859375
1749220242181602300,17.399602294921873,0.2749786376953125,-0.958526611328125,-0.1780242919921875
1749220242191593200,17.40959326171875,0.1987457275390625,-0.96337890625,-0.1597137451171875
1749220242201582300,17.419582275390624,0.1851806640625,-0.9786376953125,-0.154022216796875
1749220242211573200,17.4295732421875,0.2257843017578125,-0.984771728515625,-0.1565093994140625
1749220242221564400,17.439564453125,0.23358154296875,-0.991241455078125,-0.1586456298828125
1749220242231555600,17.4495556640625,0.197906494140625,-0.97894287109375,-0.153533935546875
1749220242241546500,17.45954638671875,0.196136474609375,-0.9380645751953125,-0.103485107421875
1749220242251536400,17.469536376953126,0.2335968017578125,-0.9259033203125,-0.082733154296875
1749220242261527300,17.47952734375,0.2571563720703125,-0.940887451171875,-0.1085205078125
1749220242271518500,17.4895185546875,0.2577667236328125,-0.946807861328125,-0.1407012939453125
1749220242281509400,17.49950927734375,0.2415924072265625,-0.9500274658203125,-0.172271728515625
1749220242291500300,17.509500244140625,0.2122039794921875,-0.9592742919921875,-0.1866455078125
1749220242301490400,17.519490478515625,0.2004852294921875,-0.955108642578125,-0.1852569580078125
1749220242311481600,17.529481689453124,0.204254150390625,-0.9321746826171875,-0.1835174560546875
1749220242321472500,17.539472412109376,0.2053070068359375,-0.9079437255859375,-0.1930389404296875
1749220242331463400,17.54946337890625,0.2357025146484375,-0.9014434814453125,-0.2047271728515625
1749220242341454600,17.55945458984375,0.2647705078125,-0.9166107177734375,-0.1968841552734375
1749220242351444500,17.569444580078127,0.29345703125,-0.9374542236328125,-0.1692962646484375
1749220242361435400,17.579435302734375,0.2958831787109375,-0.945648193359375,-0.1109466552734375
1749220242371426300,17.58942626953125,0.291656494140625,-0.9606475830078125,-0.0618896484375
1749220242381417500,17.59941748046875,0.3270721435546875,-0.9898529052734375,-0.030242919921875
1749220242391408400,17.609408447265626,0.3559112548828125,-1.011138916015625,0.0032806396484375
1749220242401398500,17.6193984375,0.3717803955078125,-1.016265869140625,0.007843017578125
1749220242411389400,17.629389404296877,0.3845062255859375,-1.0142974853515625,-0.006256103515625
1749220242421380600,17.639380615234376,0.4291534423828125,-1.017364501953125,-0.015899658203125
1749220242431371500,17.64937158203125,0.4322357177734375,-1.0207672119140625,-0.0128326416015625
1749220242441361400,17.659361328125,0.3978424072265625,-1.04156494140625,-0.0145416259765625
1749220242451352300,17.669352294921875,0.366546630859375,-1.0664825439453125,-0.017425537109375
1749220242461343200,17.67934326171875,0.3618927001953125,-1.066986083984375,0.0091552734375
1749220242471334400,17.68933447265625,0.3563232421875,-1.040771484375,0.0313568115234375
1749220242481325300,17.6993251953125,0.3764495849609375,-1.05072021484375,0.003662109375
1749220242491315500,17.7093154296875,0.3771514892578125,-1.1107330322265625,-0.0157318115234375
1749220242501306400,17.719306396484374,0.3771209716796875,-1.15850830078125,0.0124969482421875
1749220242511297500,17.729297607421874,0.37841796875,-1.1763153076171875,0.0517578125
1749220242521288400,17.739288330078125,0.3634490966796875,-1.1645355224609375,0.065765380859375
1749220242531279400,17.749279296875,0.3528289794921875,-1.1550445556640625,0.0406951904296875
1749220242541269200,17.759269287109376,0.3425750732421875,-1.1966705322265625,0.0149993896484375
1749220242551260400,17.769260498046876,0.3141326904296875,-1.3159332275390625,0.00799560546875
1749220242561251300,17.779251220703124,0.3508453369140625,-1.582855224609375,-0.0650177001953125
1749220242571242200,17.7892421875,0.24267578125,-1.9804840087890625,-0.205078125
1749220242581233400,17.7992333984375,0.1810760498046875,-2.0040435791015625,-0.1215362548828125
1749220242591223600,17.8092236328125,0.1482391357421875,-1.763214111328125,-0.0426177978515625
1749220242601214500,17.81921435546875,-0.0824432373046875,-1.719573974609375,-0.0722503662109375
1749220242611205400,17.829205322265626,-0.219940185546875,-1.796600341796875,-0.204071044921875
1749220242621196500,17.839196533203125,0.128326416015625,-1.6855926513671875,-0.2321929931640625
1749220242631186400,17.8491865234375,0.62353515625,-1.586669921875,-0.343780517578125
1749220242641177300,17.85917724609375,0.9280853271484375,-1.6050262451171875,-0.567230224609375
1749220242651168300,17.869168212890624,0.8558502197265625,-1.541900634765625,-0.65582275390625
1749220242661159400,17.879159423828124,0.6802825927734375,-1.319183349609375,-0.5526885986328125
1749220242671150300,17.889150390625,0.488189697265625,-1.074798583984375,-0.4520721435546875
1749220242681140500,17.899140380859375,0.5034332275390625,-0.8087615966796875,-0.3004913330078125
1749220242691131400,17.90913134765625,0.7447509765625,-0.5762176513671875,-0.009246826171875
1749220242701122600,17.91912255859375,0.819366455078125,-0.4873199462890625,0.26104736328125
1749220242711113500,17.929113525390626,0.639801025390625,-0.559478759765625,0.4107208251953125
1749220242721104400,17.9391044921875,0.283355712890625,-0.620513916015625,0.4455718994140625
1749220242731094300,17.94909423828125,0.05914306640625,-0.5209503173828125,0.5699462890625
1749220242741085200,17.959085205078125,0.087677001953125,-0.43389892578125,0.6358184814453125
1749220242751076400,17.969076416015625,0.01800537109375,-0.52032470703125,0.404205322265625
1749220242761067300,17.9790673828125,0.0150146484375,-0.6275482177734375,0.077606201171875
1749220242771058400,17.989058349609376,0.102081298828125,-0.615509033203125,-0.154815673828125
1749220242781048300,17.99904833984375,0.3372802734375,-0.4417266845703125,-0.2024078369140625
1749220242791039500,18.00903955078125,0.7031707763671875,-0.272003173828125,-0.1399993896484375
1749220242801030400,18.019030517578123,0.6860198974609375,-0.3053741455078125,-0.160064697265625
1749220242811021300,18.029021240234375,0.273773193359375,-0.4566650390625,-0.1941070556640625
1749220242821012500,18.039012451171875,0.114501953125,-0.52081298828125,-0.0796661376953125
1749220242831002400,18.04900244140625,0.246917724609375,-0.6059722900390625,0.04052734375
1749220242840993300,18.0589931640625,0.37158203125,-0.7300872802734375,0.0882110595703125
1749220242850984400,18.068984375,0.4323577880859375,-0.770416259765625,0.2217254638671875
1749220242860975600,18.0789755859375,0.3953399658203125,-0.8032073974609375,0.392852783203125
1749220242870965500,18.088965576171876,0.3924407958984375,-0.8469390869140625,0.4752960205078125
1749220242880956400,18.098956298828124,0.476104736328125,-0.877716064453125,0.4123687744140625
1749220242890947300,18.108947265625,0.513641357421875,-0.9102325439453125,0.2423248291015625
1749220242900938500,18.1189384765625,0.5796966552734375,-0.953155517578125,0.035797119140625
1749220242910929400,18.128929443359375,0.69647216796875,-1.02728271484375,-0.127960205078125
1749220242920919300,18.138919189453127,0.7472381591796875,-1.1249542236328125,-0.1714630126953125
1749220242930910500,18.148910400390626,0.7099761962890625,-1.1882476806640625,-0.0556182861328125
1749220242940901600,18.158901611328126,0.648590087890625,-1.2486114501953125,0.1158294677734375
1749220242950892500,18.168892578125,0.603546142578125,-1.35833740234375,0.2433319091796875
1749220242960883500,18.178883544921874,0.5849761962890625,-1.4629058837890625,0.353973388671875
1749220242970873300,18.188873291015625,0.619842529296875,-1.5293426513671875,0.4079742431640625
1749220242980864500,18.198864501953125,0.639862060546875,-1.5852813720703125,0.3363189697265625
1749220242990855400,18.20885546875,0.607421875,-1.5619659423828125,0.2723236083984375
1749220243000846300,18.218846435546876,0.5872039794921875,-1.4807891845703125,0.4288482666015625
1749220243010837200,18.228837158203124,0.6494140625,-1.5318756103515625,0.47711181640625
1749220243020827400,18.238827392578123,0.8775177001953125,-1.51690673828125,0.259674072265625
1749220243030818600,18.248818603515623,1.4288177490234375,-1.18463134765625,0.1348114013671875
1749220243040809500,18.2588095703125,1.4057159423828125,-0.904510498046875,0.253753662109375
1749220243050800400,18.26880029296875,0.9734344482421875,-0.816314697265625,0.33441162109375
1749220243060790300,18.278790283203126,0.7646331787109375,-0.6303253173828125,0.4512176513671875
1749220243070781400,18.288781494140625,0.986114501953125,-0.372894287109375,0.6745147705078125
1749220243080772400,18.2987724609375,1.1775665283203125,-0.2787017822265625,0.8075714111328125
1749220243090763300,18.30876318359375,1.1451568603515625,-0.44451904296875,0.6483306884765625
1749220243100754400,18.31875439453125,1.0113525390625,-0.712982177734375,0.36944580078125
1749220243110744600,18.32874462890625,-0.603759765625,-1.5056304931640625,-0.2176513671875
1749220243120735500,18.338735595703124,-2.998199462890625,-3.517364501953125,-1.3775634765625
1749220243130726400,18.348726318359375,1.2720794677734375,-2.2269134521484375,0.519683837890625
1749220243140717600,18.358717529296875,1.5227813720703125,-1.0610504150390625,0.4568634033203125
1749220243150708500,18.36870849609375,0.6075286865234375,-0.8382720947265625,-0.53912353515625
1749220243160698400,18.378698486328126,1.06597900390625,-0.3727569580078125,-0.3582763671875
1749220243170689300,18.388689208984374,0.5764617919921875,-0.7533111572265625,0.032623291015625
1749220243180680400,18.398680419921874,0.44903564453125,-1.092987060546875,0.4407958984375
1749220243190671400,18.40867138671875,0.7918548583984375,-1.223876953125,0.3431243896484375
1749220243200662800,18.418662841796873,0.5497283935546875,-1.267242431640625,0.364166259765625
1749220243210653000,18.42865283203125,0.253448486328125,-1.126068115234375,0.5319061279296875
1749220243220643800,18.438643798828124,0.2663421630859375,-1.1333770751953125,0.41192626953125
1749220243230634800,18.448634765625,0.250091552734375,-1.135833740234375,0.26934814453125
1749220243240626000,18.4586259765625,0.274169921875,-1.029083251953125,0.1871490478515625
1749220243250615800,18.46861572265625,0.4089508056640625,-1.04656982421875,0.0040283203125
1749220243260606700,18.478606689453127,0.4166259765625,-1.0912628173828125,-0.187957763671875
1749220243270597600,18.48859765625,0.321990966796875,-1.042755126953125,-0.2904510498046875
1749220243280588800,18.4985888671875,0.23748779296875,-0.9441070556640625,-0.3342132568359375
1749220243290579700,18.508579833984374,0.19915771484375,-0.8589324951171875,-0.2981109619140625
1749220243300569900,18.51856982421875,0.207733154296875,-0.8449249267578125,-0.175140380859375
1749220243310560800,18.528560791015625,0.1952972412109375,-0.921234130859375,-0.0452728271484375
1749220243320552000,18.538552001953125,0.134613037109375,-1.0239105224609375,0.042022705078125
1749220243330542800,18.54854296875,0.0797882080078125,-1.0659332275390625,0.070556640625
1749220243340533800,18.55853369140625,0.084381103515625,-1.0308990478515625,0.0205078125
1749220243350523600,18.568523681640624,0.1294708251953125,-0.9827728271484375,-0.0829620361328125
1749220243360514800,18.578514892578124,0.171417236328125,-0.95745849609375,-0.1887359619140625
1749220243370505700,18.588505615234375,0.2152862548828125,-0.9311981201171875,-0.240692138671875
1749220243380496600,18.59849658203125,0.240570068359375,-0.90576171875,-0.212066650390625
1749220243390487600,18.608487548828126,0.2358856201171875,-0.9053192138671875,-0.1442108154296875
1749220243400478000,18.61847802734375,0.223175048828125,-0.9277496337890625,-0.093963623046875
1749220243410468900,18.62846875,0.2253875732421875,-0.94989013671875,-0.07135009765625
1749220243420459800,18.638459716796874,0.2496490478515625,-0.9734649658203125,-0.0741119384765625
1749220243430450700,18.64845068359375,0.2672119140625,-0.9854736328125,-0.0918731689453125
1749220243440440800,18.65844091796875,0.2886505126953125,-0.982208251953125,-0.092315673828125
1749220243450431700,18.668431640625,0.3393096923828125,-0.9808349609375,-0.0610809326171875
1749220243460422700,18.678422607421876,0.3548736572265625,-0.9865264892578125,-0.0170135498046875
1749220243470413600,18.68841357421875,0.334136962890625,-0.9965057373046875,0.0083770751953125
1749220243480404700,18.69840478515625,0.326416015625,-0.996612548828125,0.003387451171875
1749220243490395000,18.708394775390627,0.338287353515625,-1.0011138916015625,-0.010284423828125
1749220243500385800,18.7183857421875,0.3645172119140625,-1.0171356201171875,-0.0476226806640625
1749220243510376700,18.728376708984374,0.392181396484375,-1.03826904296875,-0.0875244140625
1749220243520367900,18.738367919921874,0.414398193359375,-1.0662384033203125,-0.0848541259765625
1749220243530358800,18.74835888671875,0.415740966796875,-1.0924072265625,-0.0558319091796875
1749220243540348700,18.7583486328125,0.411651611328125,-1.117034912109375,-0.0498199462890625
1749220243550339600,18.768339599609376,0.39599609375,-1.1056671142578125,-0.0609893798828125
1749220243560330800,18.778330810546876,0.3502349853515625,-1.04656982421875,-0.004150390625
1749220243570322000,18.788322021484376,0.2911376953125,-1.049285888671875,-0.0274810791015625
1749220243580312800,18.798312744140624,0.2685699462890625,-1.0767822265625,-0.1068572998046875
1749220243590302700,18.808302734375,0.277069091796875,-1.09246826171875,-0.08447265625
1749220243600294000,18.8182939453125,0.2543487548828125,-1.13360595703125,-0.022979736328125
1749220243610284800,18.828284912109375,0.2514495849609375,-1.1573638916015625,0.0153045654296875
1749220243620275700,18.838275634765626,0.2754669189453125,-1.173583984375,0.0285797119140625
1749220243630265600,18.848265625,0.2962799072265625,-1.223236083984375,0.01971435546875
1749220243640256800,18.8582568359375,0.2979278564453125,-1.296600341796875,0.0314178466796875
1749220243650248000,18.868248046875,0.26788330078125,-1.4136199951171875,0.0936737060546875
1749220243660238800,18.87823876953125,0.239837646484375,-1.7059326171875,0.0864105224609375
1749220243670229800,18.888229736328125,0.0707550048828125,-2.1363372802734375,-0.040618896484375
1749220243680220000,18.898219970703124,0.051025390625,-2.114715576171875,0.0449676513671875
1749220243690210800,18.9082109375,-0.142120361328125,-1.9008026123046875,0.013275146484375
1749220243700201700,18.91820166015625,-0.3118743896484375,-1.797332763671875,-0.137237548828125
1749220243710192600,18.928192626953123,0.00665283203125,-1.657745361328125,-0.240142822265625
1749220243720183800,18.938183837890627,0.5598297119140625,-1.648651123046875,-0.45556640625
1749220243730174000,18.948174072265626,0.9590606689453125,-1.720123291015625,-0.78851318359375
1749220243740164900,18.958164794921874,1.0544891357421875,-1.6887054443359375,-0.9871063232421875
1749220243750155800,18.96815576171875,0.886749267578125,-1.4169158935546875,-0.839935302734375
1749220243760147000,18.97814697265625,0.670806884765625,-1.1432342529296875,-0.5885009765625
1749220243770136800,18.98813671875,0.3896636962890625,-0.90374755859375,-0.31787109375
1749220243780127700,18.998127685546876,0.8206024169921875,-0.5769195556640625,0.208709716796875
1749220243790118700,19.00811865234375,1.0717620849609375,-0.4779510498046875,0.5398712158203125
1749220243800109800,19.01810986328125,0.9053192138671875,-0.588958740234375,0.635528564453125
1749220243810100700,19.028100830078124,0.324249267578125,-0.67340087890625,0.668792724609375
1749220243820091000,19.0380908203125,-0.174560546875,-0.5669097900390625,0.5617828369140625
1749220243830081800,19.048081787109375,-0.237213134765625,-0.3748626708984375,0.4078216552734375
1749220243840073000,19.058072998046875,-0.1423797607421875,-0.2864990234375,0.2569732666015625
1749220243850064000,19.06806396484375,-0.0022125244140625,-0.3067626953125,0.1003875732421875
1749220243860054800,19.0780546875,0.159149169921875,-0.3438873291015625,-0.0657196044921875
1749220243870044700,19.088044677734374,0.27227783203125,-0.3282012939453125,-0.223907470703125
1749220243880035800,19.098035888671873,0.335174560546875,-0.2667999267578125,-0.2635498046875
1749220243890026800,19.10802685546875,0.3206787109375,-0.2320556640625,-0.156951904296875
1749220243900017700,19.118017578125,0.3399505615234375,-0.243743896484375,0.032470703125
1749220243910007800,19.1280078125,0.5445404052734375,-0.2970428466796875,0.2711029052734375
1749220243919999000,19.1379990234375,0.5128173828125,-0.4793548583984375,0.3536529541015625
1749220243929990000,19.147989990234375,0.3943634033203125,-0.6474609375,0.3468017578125
1749220243939980800,19.157980712890627,0.519134521484375,-0.644927978515625,0.4335479736328125
1749220243949971700,19.1679716796875,0.3487396240234375,-0.7360992431640625,0.492156982421875
1749220243959961900,19.1779619140625,0.264862060546875,-0.9027099609375,0.3683624267578125
1749220243969952800,19.187952880859374,0.3016510009765625,-0.9433135986328125,0.3228912353515625
1749220243979943700,19.197943603515625,0.622528076171875,-0.929046630859375,0.4445953369140625
1749220243989934600,19.2079345703125,0.471435546875,-1.09478759765625,0.417449951171875
1749220243999925800,19.21792578125,0.43841552734375,-1.1710052490234375,0.267822265625
1749220244009916000,19.227916015625,0.52874755859375,-1.1527099609375,0.219085693359375
1749220244019906800,19.23790673828125,0.67486572265625,-1.254150390625,0.133453369140625
1749220244029897700,19.247897705078124,0.681182861328125,-1.4160308837890625,0.0240936279296875
1749220244039889000,19.257888916015624,0.71563720703125,-1.467864990234375,0.046295166015625
1749220244049878800,19.267878662109375,0.7195281982421875,-1.4529266357421875,0.1348114013671875
1749220244059869700,19.27786962890625,0.671356201171875,-1.4595794677734375,0.1837921142578125
1749220244069860600,19.287860595703126,0.626953125,-1.4831390380859375,0.208648681640625
1749220244079851800,19.297851806640626,0.6290130615234375,-1.439208984375,0.260009765625
1749220244089842700,19.3078427734375,0.8127899169921875,-1.2177581787109375,0.4780426025390625
1749220244099832800,19.317832763671873,0.8480987548828125,-1.15087890625,0.620758056640625
1749220244109823700,19.32782373046875,0.740570068359375,-1.338653564453125,0.39093017578125
1749220244119815000,19.33781494140625,0.8068695068359375,-1.258148193359375,0.19720458984375
1749220244129805800,19.347805908203124,1.0122833251953125,-0.967926025390625,0.199981689453125
1749220244139796700,19.357796630859376,0.993255615234375,-0.77777099609375,0.26080322265625
1749220244149786600,19.36778662109375,0.82220458984375,-0.6982879638671875,0.365753173828125
1749220244159777800,19.37777783203125,0.734893798828125,-0.7889556884765625,0.4239044189453125
1749220244169768700,19.387768798828127,0.7547149658203125,-1.0313873291015625,0.37481689453125
1749220244179759600,19.397759521484375,1.2659759521484375,-1.2012939453125,0.5279083251953125
1749220244189750800,19.407750732421874,1.607666015625,-1.2648162841796875,0.9364166259765625
1749220244199741200,19.4177412109375,0.2454681396484375,-1.6722869873046875,0.699981689453125
1749220244209732000,19.427732177734374,-0.6089935302734375,-2.1049041748046875,-0.2921905517578125
1749220244219723000,19.437722900390625,0.37493896484375,-1.4890289306640625,-0.378265380859375
1749220244229714000,19.4477138671875,1.4149627685546875,-0.555938720703125,0.2323150634765625
1749220244239704000,19.4577041015625,0.867034912109375,-0.612945556640625,0.113922119140625
1749220244249695000,19.467695068359376,0.0926513671875,-1.08953857421875,-0.325347900390625
1749220244259686000,19.477685791015624,0.375823974609375,-0.985076904296875,-0.142608642578125
1749220244269676800,19.4876767578125,0.5432891845703125,-0.84765625,0.20330810546875
1749220244279668000,19.49766796875,0.4207763671875,-1.014373779296875,0.2894744873046875
1749220244289658000,19.507658203125,0.2723388671875,-1.188690185546875,0.3845367431640625
1749220244299649000,19.51764892578125,0.1906280517578125,-1.2645721435546875,0.5174102783203125
1749220244309640000,19.527639892578126,0.141845703125,-1.226593017578125,0.4533538818359375
1749220244319631000,19.537631103515626,0.1266632080078125,-1.1112213134765625,0.18865966796875
1749220244329621000,19.54762109375,0.1874542236328125,-0.991363525390625,-0.0920867919921875
1749220244339612000,19.55761181640625,0.2708740234375,-0.8925628662109375,-0.2969970703125
1749220244349602800,19.567602783203125,0.2710113525390625,-0.863006591796875,-0.4005584716796875
1749220244359594000,19.577593994140624,0.2044525146484375,-0.89117431640625,-0.3632965087890625
1749220244369585200,19.587585205078124,0.150238037109375,-0.9381256103515625,-0.20501708984375
1749220244379575000,19.597574951171875,0.10986328125,-0.991546630859375,-0.0627288818359375
1749220244389566000,19.60756591796875,0.08612060546875,-1.0260162353515625,-0.0001068115234375
1749220244399557000,19.61755712890625,0.119384765625,-1.006927490234375,0.062347412109375
1749220244409548000,19.627548095703126,0.16180419921875,-0.98388671875,0.068756103515625
1749220244419539000,19.6375390625,0.2171173095703125,-0.9909210205078125,-0.0128631591796875
1749220244429528800,19.64752880859375,0.2699127197265625,-0.9821319580078125,-0.0705718994140625
1749220244439520000,19.65752001953125,0.26983642578125,-0.94586181640625,-0.0915069580078125
1749220244449511200,19.66751123046875,0.2384490966796875,-0.9232025146484375,-0.10546875
1749220244459502000,19.677502197265625,0.23931884765625,-0.9371185302734375,-0.118560791015625
1749220244469492000,19.687491943359376,0.266845703125,-0.9693756103515625,-0.1302337646484375
1749220244479483100,19.697483154296876,0.2926788330078125,-0.99066162109375,-0.1217803955078125
1749220244489474000,19.70747412109375,0.308563232421875,-0.994354248046875,-0.0916595458984375
1749220244499465000,19.71746484375,0.3115081787109375,-0.98760986328125,-0.0371551513671875
1749220244509456000,19.727455810546875,0.304107666015625,-0.9813690185546875,0.029937744140625
1749220244519446000,19.737446044921874,0.307159423828125,-0.986175537109375,0.069732666015625
1749220244529437200,19.747437255859374,0.3204193115234375,-1.0012664794921875,0.0682373046875
1749220244539428000,19.757427978515626,0.3350982666015625,-1.0085906982421875,0.0560760498046875
1749220244549419000,19.7674189453125,0.34100341796875,-1.008209228515625,0.05352783203125
1749220244559410200,19.77741015625,0.33673095703125,-1.0058441162109375,0.0316162109375
1749220244569400000,19.787400146484377,0.3540191650390625,-0.998626708984375,-0.004486083984375
1749220244579391000,19.797390869140624,0.3586273193359375,-1.01959228515625,-0.037261962890625
1749220244589382000,19.8073818359375,0.354248046875,-1.0408172607421875,-0.054229736328125
1749220244599373000,19.817373046875,0.342132568359375,-1.0369720458984375,-0.0506134033203125
1749220244609363200,19.82736328125,0.323699951171875,-1.03662109375,-0.0544281005859375
1749220244619354000,19.83735400390625,0.311553955078125,-1.0396270751953125,-0.07257080078125
1749220244629345000,19.847344970703126,0.315338134765625,-1.0118408203125,-0.05126953125
1749220244639336200,19.857336181640626,0.3082427978515625,-1.0078125,-0.0221405029296875
1749220244649327000,19.8673271484375,0.2889404296875,-1.0439453125,-0.0691070556640625
1749220244659317000,19.87731689453125,0.2951202392578125,-1.0522003173828125,-0.1127777099609375
1749220244669308000,19.887307861328125,0.2866058349609375,-1.072021484375,-0.0723419189453125
1749220244679299000,19.897299072265625,0.2587432861328125,-1.1179656982421875,0.004974365234375
1749220244689290000,19.9072900390625,0.2611541748046875,-1.1270599365234375,0.0736541748046875
1749220244699281000,19.917281005859376,0.27117919921875,-1.1177825927734375,0.1004180908203125
1749220244709271000,19.92727099609375,0.27825927734375,-1.1367340087890625,0.0838623046875
1749220244719262200,19.93726220703125,0.30987548828125,-1.2115936279296875,0.071441650390625
1749220244729253000,19.947253173828123,0.4201812744140625,-1.4564361572265625,0.059326171875
1749220244739244000,19.957244140625,0.2948455810546875,-1.9996337890625,-0.0914459228515625
1749220244749234000,19.96723388671875,0.1782684326171875,-2.202362060546875,0.0126495361328125
1749220244759225000,19.97722509765625,0.1039886474609375,-1.923492431640625,0.1682891845703125
1749220244769216000,19.987216064453126,-0.053619384765625,-1.78045654296875,0.181854248046875
1749220244779207000,19.99720703125,-0.204345703125,-1.75201416015625,0.0479888916015625
1749220244789197800,20.00719775390625,-0.0387725830078125,-1.613861083984375,-0.1629791259765625
1749220244799188200,20.017188232421876,0.42926025390625,-1.442596435546875,-0.3086090087890625
1749220244809179100,20.02717919921875,0.8449859619140625,-1.485198974609375,-0.542724609375
1749220244819170000,20.037170166015624,0.9643707275390625,-1.5328369140625,-0.7106475830078125
1749220244829161000,20.047160888671876,0.7164764404296875,-1.416473388671875,-0.6785888671875
1749220244839151000,20.057151123046875,0.365875244140625,-1.16925048828125,-0.53668212890625
1749220244849142000,20.06714208984375,0.4982452392578125,-0.756103515625,-0.1425933837890625
1749220244859133000,20.0771328125,0.8285369873046875,-0.454345703125,0.2411041259765625
1749220244869123800,20.087123779296874,1.052154541015625,-0.440887451171875,0.370819091796875
1749220244879115000,20.097114990234374,0.7809600830078125,-0.5970306396484375,0.4174957275390625
1749220244889105200,20.107105224609374,0.22247314453125,-0.7255706787109375,0.441131591796875
1749220244899096000,20.117095947265625,-0.10394287109375,-0.7206878662109375,0.2938690185546875
1749220244909087000,20.1270869140625,-0.1514892578125,-0.569732666015625,0.1198883056640625
1749220244919078100,20.137078125,-0.0324554443359375,-0.4160003662109375,0.094268798828125
1749220244929069000,20.147069091796876,0.172332763671875,-0.3731842041015625,0.0981292724609375
1749220244939059000,20.157058837890624,0.37066650390625,-0.381744384765625,0.0525970458984375
1749220244949049900,20.1670498046875,0.4289093017578125,-0.3749542236328125,0.019287109375
1749220244959041000,20.177041015625,0.398651123046875,-0.3550262451171875,0.0766754150390625
1749220244969032000,20.187031982421875,0.3473358154296875,-0.3773345947265625,0.1663970947265625
1749220244979023000,20.197023193359374,0.3421783447265625,-0.450927734375,0.265289306640625
1749220244989013000,20.207012939453126,0.3268585205078125,-0.5523834228515625,0.32940673828125
1749220244999004200,20.217004150390625,0.300079345703125,-0.625946044921875,0.302581787109375
1749220245008995000,20.2269951171875,0.2859039306640625,-0.6337127685546875,0.2436065673828125
1749220245018986000,20.236986083984377,0.3352508544921875,-0.6181793212890625,0.2249755859375
1749220245028975900,20.246975830078124,0.4366607666015625,-0.63970947265625,0.261322021484375
1749220245038967000,20.256967041015624,0.5228271484375,-0.7113494873046875,0.3233795166015625
1749220245048958000,20.2669580078125,0.5103759765625,-0.7932281494140625,0.3691558837890625
1749220245058949000,20.27694921875,0.4788970947265625,-0.866607666015625,0.377593994140625
1749220245068940000,20.28693994140625,0.51898193359375,-0.9266204833984375,0.373291015625
1749220245078930200,20.29693017578125,0.6121063232421875,-0.9930419921875,0.362640380859375
1749220245088921000,20.306921142578126,0.6442413330078125,-1.0584259033203125,0.314117431640625
1749220245098912000,20.316912109375,0.6370697021484375,-1.1195831298828125,0.244842529296875
1749220245108903000,20.32690283203125,0.6371917724609375,-1.1864471435546875,0.2204437255859375
1749220245118893000,20.33689306640625,0.6504974365234375,-1.2401275634765625,0.2151336669921875
1749220245128884000,20.346884033203125,0.7146759033203125,-1.2914276123046875,0.2248382568359375
1749220245138875000,20.356875,0.761871337890625,-1.3837738037109375,0.255859375
1749220245148866000,20.366865966796876,0.7841033935546875,-1.4807891845703125,0.2629241943359375
1749220245158857200,20.376857177734376,0.7931365966796875,-1.537689208984375,0.2085113525390625
1749220245168847000,20.38684716796875,0.8518524169921875,-1.4859466552734375,0.1229248046875
1749220245178838000,20.396838134765623,0.9464569091796875,-1.3286895751953125,0.1011962890625
1749220245188829000,20.406828857421875,0.9229888916015625,-1.2484283447265625,0.064178466796875
1749220245198820000,20.416820068359375,0.8044891357421875,-1.172210693359375,0.1339111328125
1749220245208811500,20.4268115234375,0.7442169189453125,-1.031829833984375,0.3565216064453125
1749220245218801400,20.436801513671874,0.8229827880859375,-0.908111572265625,0.46881103515625
1749220245228792300,20.446792236328125,0.79534912109375,-0.708251953125,0.4545745849609375
1749220245238783200,20.456783203125,0.760406494140625,-0.4830169677734375,0.4292755126953125
1749220245248774400,20.4667744140625,0.780670166015625,-0.407012939453125,0.350799560546875
1749220245258764500,20.4767646484375,0.8199920654296875,-0.44427490234375,0.277679443359375
1749220245268755500,20.48675537109375,0.7420806884765625,-0.556488037109375,0.233062744140625
1749220245278746400,20.496746337890624,0.1779937744140625,-0.8809356689453125,0.0740814208984375
1749220245288737300,20.5067373046875,-1.3807373046875,-1.8179473876953125,-0.3542022705078125
1749220245298728400,20.516728515625,-0.0088348388671875,-1.9938812255859375,0.526947021484375
1749220245308718300,20.52671826171875,0.7977447509765625,-1.635101318359375,0.6150970458984375
1749220245318709200,20.536709228515626,1.768402099609375,-1.57830810546875,-0.7894744873046875
1749220245328700400,20.546700439453126,1.115753173828125,-1.137969970703125,-0.8043975830078125
1749220245338691600,20.556691650390626,-0.00897216796875,-0.9683380126953125,0.299591064453125
1749220245348682500,20.5666826171875,-0.027099609375,-1.0518341064453125,0.54779052734375
1749220245358672400,20.57667236328125,0.6320343017578125,-0.8503875732421875,0.2357330322265625
1749220245368663300,20.586663330078125,0.550323486328125,-0.8319549560546875,0.49615478515625
1749220245378654500,20.596654541015624,0.132598876953125,-0.9763031005859375,0.5367279052734375
1749220245388645400,20.606645263671876,-0.0025634765625,-1.073822021484375,0.3216400146484375
1749220245398635300,20.61663525390625,0.29632568359375,-1.1847381591796875,0.071136474609375
1749220245408626400,20.62662646484375,0.552459716796875,-1.1848297119140625,-0.1898193359375
1749220245418617600,20.63661767578125,0.4947662353515625,-1.029144287109375,-0.2480010986328125
1749220245428608500,20.6466083984375,0.25299072265625,-0.9222564697265625,-0.0765380859375
1749220245438599400,20.656599365234374,0.230377197265625,-0.963623046875,0.066864013671875
1749220245448589300,20.66658935546875,0.3526763916015625,-1.06787109375,0.0841522216796875
1749220245458580500,20.67658056640625,0.3527679443359375,-1.0708160400390625,0.02447509765625
1749220245468571400,20.6865712890625,0.2796173095703125,-0.997650146484375,-0.0228271484375
1749220245478562300,20.696562255859376,0.2597503662109375,-0.9494781494140625,0.0021820068359375
1749220245488553500,20.706553466796876,0.216522216796875,-0.93524169921875,0.02099609375
1749220245498543600,20.716543701171876,0.20404052734375,-0.9498138427734375,0.025421142578125
1749220245508534500,20.726534423828124,0.2291717529296875,-0.9835052490234375,0.0047760009765625
1749220245518525400,20.736525390625,0.24169921875,-1.0084686279296875,-0.0662078857421875
1749220245528516400,20.746516357421875,0.2626800537109375,-0.9931182861328125,-0.1175079345703125
1749220245538506500,20.756506591796875,0.2859649658203125,-0.9630126953125,-0.098175048828125
1749220245548497400,20.766497314453126,0.2452392578125,-0.982879638671875,-0.0439453125
1749220245558488300,20.77648828125,0.211761474609375,-1.0118865966796875,0.0201568603515625
1749220245568479200,20.786479248046874,0.2286376953125,-1.01043701171875,0.0752716064453125
1749220245578470400,20.796470458984373,0.2317352294921875,-1.007904052734375,0.077850341796875
1749220245588460500,20.80646044921875,0.230194091796875,-0.9951019287109375,0.0560760498046875
1749220245598451500,20.816451416015624,0.269500732421875,-0.978759765625,0.0558624267578125
1749220245608442400,20.8264423828125,0.2676849365234375,-0.997528076171875,0.039215087890625
1749220245618433500,20.83643359375,0.24847412109375,-1.012237548828125,0.0228729248046875
1749220245628423400,20.84642333984375,0.267669677734375,-0.993621826171875,0.0552520751953125
1749220245638414300,20.856414306640627,0.2530975341796875,-0.9907684326171875,0.061920166015625
1749220245648405200,20.8664052734375,0.183837890625,-1.0059814453125,0.04205322265625
1749220245658396400,20.876396484375,0.219573974609375,-0.9826202392578125,0.0903778076171875
1749220245668387300,20.88638720703125,0.2430267333984375,-0.98272705078125,0.1407623291015625
1749220245678377500,20.89637744140625,0.223602294921875,-1.01177978515625,0.1788177490234375
1749220245688368400,20.906368408203125,0.224945068359375,-0.997100830078125,0.2400360107421875
1749220245698359600,20.916359619140625,0.2093505859375,-0.993621826171875,0.2717742919921875
1749220245708350500,20.9263505859375,0.16168212890625,-1.0075225830078125,0.299530029296875
1749220245718341400,20.93634130859375,0.1692657470703125,-1.02154541015625,0.272857666015625
1749220245728331300,20.946331298828124,0.1890106201171875,-1.031585693359375,0.178253173828125
1749220245738322400,20.956322509765624,0.164825439453125,-1.0335235595703125,0.091888427734375
1749220245748313300,20.966313232421875,0.2481536865234375,-1.0027008056640625,0.044677734375
1749220245758304300,20.97630419921875,0.225433349609375,-0.9855804443359375,0.03143310546875
1749220245768295200,20.986295166015626,0.192352294921875,-0.9935150146484375,-0.001953125
1749220245778285600,20.99628564453125,0.2412261962890625,-0.9365997314453125,-0.0325775146484375
1749220245788276500,21.0062763671875,0.2748565673828125,-0.9320220947265625,-0.0660247802734375
1749220245798267400,21.016267333984374,0.2398834228515625,-0.961029052734375,-0.108551025390625
1749220245808258300,21.02625830078125,0.28582763671875,-0.9585418701171875,-0.1565093994140625
1749220245818248400,21.03624853515625,0.327056884765625,-0.9332275390625,-0.165802001953125
1749220245828239400,21.0462392578125,0.3114013671875,-0.9343719482421875,-0.159271240234375
1749220245838230300,21.056230224609376,0.3386688232421875,-0.926361083984375,-0.1602935791015625
1749220245848221200,21.06622119140625,0.376007080078125,-0.9207763671875,-0.1596221923828125
1749220245858212400,21.07621240234375,0.4326324462890625,-0.9085693359375,-0.175048828125
1749220245868202500,21.086202392578127,0.4191436767578125,-0.897552490234375,-0.19769287109375
1749220245878193400,21.096193359375,0.460540771484375,-0.9131011962890625,-0.224517822265625
1749220245888184300,21.106184326171874,0.4698333740234375,-0.915130615234375,-0.2667083740234375
1749220245898175500,21.116175537109374,0.4693603515625,-0.9164886474609375,-0.316192626953125
1749220245908165400,21.126165283203125,0.4088592529296875,-0.9281768798828125,-0.38873291015625
1749220245918156300,21.13615625,0.18768310546875,-0.9382171630859375,-0.3116302490234375
1749220245928147200,21.146147216796876,0.185150146484375,-0.940216064453125,0.0283355712890625
1749220245938138400,21.156138427734376,0.187744140625,-1.1194000244140625,0.129425048828125
1749220245948129500,21.166129638671876,0.1722869873046875,-1.2465972900390625,0.0225982666015625
1749220245958119400,21.176119384765624,0.1955108642578125,-1.1180419921875,-0.025482177734375
1749220245968110300,21.1861103515625,0.2137908935546875,-0.970855712890625,-0.072662353515625
1749220245978101500,21.1961015625,0.293792724609375,-0.9017486572265625,-0.0794677734375
1749220245988092400,21.206092529296875,0.3153839111328125,-0.883209228515625,-0.04876708984375
1749220245998083300,21.216083251953126,0.253082275390625,-0.9340057373046875,-0.058868408203125
1749220246008073200,21.2260732421875,0.2093963623046875,-0.99444580078125,-0.0424346923828125
1749220246018064400,21.236064453125,0.2353515625,-0.99761962890625,-0.0253753662109375
1749220246028055600,21.2460556640625,0.2209320068359375,-0.9784088134765625,-0.02093505859375
1749220246038046500,21.25604638671875,0.189697265625,-0.9824066162109375,0.0374755859375
1749220246048037400,21.266037353515625,0.1852874755859375,-1.0007476806640625,0.114715576171875
1749220246058027500,21.276027587890624,0.1908416748046875,-1.0086517333984375,0.1446380615234375
1749220246068018400,21.286018310546876,0.2083892822265625,-1.0049591064453125,0.1307525634765625
1749220246078009300,21.29600927734375,0.22088623046875,-0.9985809326171875,0.083709716796875
1749220246088000300,21.306000244140623,0.2100830078125,-0.9768218994140625,0.021087646484375
1749220246097990400,21.315990478515626,0.1842498779296875,-0.937164306640625,-0.0059051513671875
1749220246107981600,21.325981689453126,0.1688079833984375,-0.941162109375,0.0242462158203125
1749220246117972500,21.335972412109374,0.16790771484375,-0.9964447021484375,0.0619049072265625
1749220246127963400,21.34596337890625,0.179290771484375,-1.0206298828125,0.0832061767578125
1749220246137954600,21.35595458984375,0.1917572021484375,-1.0136566162109375,0.1185150146484375
1749220246147944400,21.3659443359375,0.204437255859375,-1.007354736328125,0.1435546875
1749220246157935400,21.375935302734376,0.2049560546875,-1.004852294921875,0.1352081298828125
1749220246167926300,21.38592626953125,0.2150726318359375,-0.994781494140625,0.1046142578125
1749220246177917400,21.39591748046875,0.20245361328125,-0.9747314453125,0.064849853515625
1749220246187908400,21.405908447265624,0.1618499755859375,-0.9438629150390625,0.0275421142578125
1749220246197898500,21.4158984375,0.138214111328125,-0.96136474609375,-0.002197265625
1749220246207889700,21.4258896484375,0.168243408203125,-0.99737548828125,0.0003662109375
1749220246217880800,21.435880859375,0.1842498779296875,-1.001495361328125,0.0232696533203125
1749220246227871700,21.445871826171874,0.1864471435546875,-0.983489990234375,0.0631866455078125
1749220246237861600,21.455861572265626,0.187408447265625,-0.9835968017578125,0.1317901611328125
1749220246247852500,21.4658525390625,0.1710968017578125,-1.002044677734375,0.2094879150390625
1749220246257843700,21.47584375,0.1356658935546875,-1.0241546630859375,0.2700958251953125
1749220246267834600,21.485834716796877,0.12652587890625,-1.0346221923828125,0.3078765869140625
1749220246277825500,21.495825439453125,0.1387481689453125,-1.0277862548828125,0.299468994140625
1749220246287815700,21.505815673828124,0.1636505126953125,-1.0149688720703125,0.250091552734375
1749220246297806800,21.515806884765624,0.196319580078125,-0.997589111328125,0.20916748046875
1749220246307797800,21.5257978515625,0.20782470703125,-0.97509765625,0.20013427734375
1749220246317788700,21.53578857421875,0.2181243896484375,-0.9914703369140625,0.2105560302734375
1749220246327779800,21.54577978515625,0.20196533203125,-1.02374267578125,0.2137908935546875
1749220246337769700,21.555769775390626,0.1482696533203125,-1.03070068359375,0.19000244140625
1749220246347760600,21.5657607421875,0.1177215576171875,-1.0189666748046875,0.1606292724609375
1749220246357751600,21.57575146484375,0.109344482421875,-1.0110015869140625,0.1413116455078125
1749220246367742500,21.585742431640625,0.100433349609375,-1.009613037109375,0.130645751953125
1749220246377732900,21.59573291015625,0.093902587890625,-0.98858642578125,0.1108245849609375
1749220246387723800,21.605723876953125,0.0915374755859375,-0.9702911376953125,0.05572509765625
1749220246397714700,21.615714599609376,0.082061767578125,-0.9750518798828125,0.015533447265625
1749220246407705600,21.62570556640625,0.0991363525390625,-0.97369384765625,0.050079345703125
1749220246417696800,21.63569677734375,0.087066650390625,-0.9650115966796875,0.0819549560546875
1749220246427686700,21.645686767578123,0.0377197265625,-0.968414306640625,0.0615234375
1749220246437677600,21.655677490234375,0.003509521484375,-0.99505615234375,0.0168304443359375
1749220246447668500,21.66566845703125,0.0171661376953125,-1.0222320556640625,-0.0298919677734375
1749220246457659600,21.67565966796875,0.02984619140625,-1.025604248046875,-0.057891845703125
1749220246467650600,21.685650634765626,0.02838134765625,-1.0031585693359375,-0.0548858642578125
1749220246477640700,21.695640625,0.0077667236328125,-0.9654693603515625,-0.03759765625
1749220246487631600,21.705631591796877,-0.04827880859375,-0.924896240234375,-0.013458251953125
1749220246497622800,21.715622802734377,-0.1038055419921875,-0.8994293212890625,0.0179290771484375
1749220246507613700,21.72561376953125,-0.126068115234375,-0.9140777587890625,0.0354156494140625
1749220246517603600,21.735603515625,-0.13323974609375,-0.968536376953125,0.0266876220703125
1749220246527594500,21.745594482421875,-0.10809326171875,-1.031982421875,0.0088653564453125
1749220246537585700,21.755585693359375,-0.0792388916015625,-1.05255126953125,0.0142822265625
1749220246547576600,21.76557666015625,-0.092803955078125,-1.0230560302734375,0.057525634765625
1749220246557567500,21.7755673828125,-0.12603759765625,-0.9847564697265625,0.1018524169921875
1749220246567557600,21.7855576171875,-0.141998291015625,-0.9609832763671875,0.1074676513671875
1749220246577548800,21.795548828125,-0.15234375,-0.95062255859375,0.1021881103515625
1749220246587539700,21.805539794921874,-0.1464385986328125,-0.95208740234375,0.10882568359375
1749220246597530600,21.815530517578125,-0.1232452392578125,-0.9738922119140625,0.0992584228515625
1749220246607521800,21.825521728515625,-0.083953857421875,-1.005035400390625,0.074127197265625
1749220246617511700,21.83551171875,-0.0894012451171875,-0.98822021484375,0.0336151123046875
1749220246627502600,21.845502685546876,-0.1064453125,-0.929718017578125,0.0103607177734375
1749220246637493500,21.855493408203124,-0.092529296875,-0.977203369140625,0.05792236328125
1749220246647484400,21.865484375,-0.041046142578125,-1.0296173095703125,0.0594482421875
1749220246657474800,21.875474853515627,-0.048736572265625,-1.0757904052734375,0.0641632080078125
1749220246667465700,21.8854658203125,-0.0988311767578125,-1.04461669921875,0.0880279541015625
1749220246677456600,21.89545654296875,-0.0760650634765625,-0.9348297119140625,0.18145751953125
1749220246687447600,21.905447509765626,-0.1419677734375,-0.927459716796875,0.1615142822265625
1749220246697438700,21.915438720703126,-0.167083740234375,-0.9796142578125,0.09295654296875
1749220246707428600,21.9254287109375,-0.0870513916015625,-1.0192718505859375,0.0545196533203125
1749220246717419500,21.93541943359375,-0.0280609130859375,-1.048370361328125,0.037200927734375
1749220246727410400,21.945410400390625,-0.0297393798828125,-1.03131103515625,0.0155181884765625
1749220246737401600,21.955401611328124,-0.0584564208984375,-0.98779296875,0.01904296875
1749220246747392800,21.965392822265624,-0.0825347900390625,-0.952484130859375,0.0609130859375
1749220246757382700,21.975382568359375,-0.091400146484375,-0.968658447265625,0.081787109375
1749220246767373600,21.98537353515625,-0.1022491455078125,-1.0063629150390625,0.0511322021484375
1749220246777364700,21.99536474609375,-0.119537353515625,-1.0078582763671875,0.0463714599609375
1749220246787355600,22.005355712890626,-0.1124114990234375,-0.983154296875,0.066680908203125
1749220246797345500,22.015345458984374,-0.1075439453125,-0.99267578125,0.0588836669921875
1749220246807336400,22.02533642578125,-0.0875701904296875,-0.9799346923828125,0.03350830078125
1749220246817327600,22.03532763671875,-0.127655029296875,-0.965301513671875,-0.0093841552734375
1749220246827318800,22.04531884765625,-0.16656494140625,-0.9901885986328125,-0.0026397705078125
1749220246837309700,22.055309814453125,-0.1107025146484375,-1.031951904296875,0.0537261962890625
1749220246847299600,22.065299560546876,-0.06689453125,-1.0529327392578125,0.0868682861328125
1749220246857290800,22.075290771484376,-0.0627593994140625,-1.0363616943359375,0.0705718994140625
1749220246867281700,22.08528173828125,-0.0990447998046875,-1.0410614013671875,0.0486907958984375
1749220246877272600,22.0952724609375,-0.1364593505859375,-1.0623016357421875,0.0654449462890625
1749220246887263700,22.105263671875,-0.1236724853515625,-1.072235107421875,0.0829315185546875
1749220246897253600,22.115253662109374,-0.1026611328125,-1.116485595703125,0.0735321044921875
1749220246907244800,22.125244873046874,-0.0870208740234375,-1.1484375,0.0656890869140625
1749220246917235700,22.135235595703126,-0.107940673828125,-1.1319427490234375,0.06036376953125
1749220246927226600,22.1452265625,-0.10888671875,-1.130828857421875,0.080230712890625
1749220246937216800,22.155216796875,-0.10137939453125,-1.1280364990234375,0.1206207275390625
1749220246947207700,22.165207763671877,-0.0878753662109375,-1.0654296875,0.1126708984375
1749220246957198600,22.175198486328124,-0.088348388671875,-1.0270843505859375,0.0381011962890625
1749220246967189500,22.185189453125,-0.0851898193359375,-1.0215911865234375,-0.01763916015625
1749220246977180700,22.1951806640625,-0.104217529296875,-1.039154052734375,-0.035858154296875
1749220246987170800,22.2051708984375,-0.09478759765625,-1.086151123046875,-0.0247650146484375
1749220246997161700,22.21516162109375,-0.0765533447265625,-1.0697784423828125,0.0497283935546875
1749220247007152600,22.225152587890626,-0.05816650390625,-1.0069122314453125,0.1274566650390625
1749220247017143800,22.235143798828126,-0.0648651123046875,-0.9472808837890625,0.1585693359375
1749220247027134700,22.245134765625,-0.1825408935546875,-1.0726318359375,0.011199951171875
1749220247037124600,22.25512451171875,0.0053863525390625,-1.0561065673828125,0.069671630859375
1749220247047115500,22.265115478515625,-0.0518646240234375,-1.12274169921875,0.2436065673828125
1749220247057106700,22.275106689453125,0.133880615234375,-1.6293487548828125,0.0844879150390625
1749220247067097600,22.28509765625,-0.024749755859375,-1.3985137939453125,0.2679901123046875
1749220247077087700,22.295087646484376,-0.186065673828125,-0.7723388671875,0.1877593994140625
1749220247087078700,22.30507861328125,-0.211212158203125,-0.991729736328125,0.05517578125
1749220247097069800,22.31506982421875,0.044189453125,-1.1405487060546875,0.05438232421875
1749220247107060700,22.325060791015623,0.0394287109375,-1.16522216796875,0.0307464599609375
1749220247117051600,22.3350517578125,-0.0106201171875,-1.0449981689453125,0.0068359375
1749220247127041500,22.34504150390625,-0.0552978515625,-0.974365234375,-0.0139923095703125
1749220247137032700,22.35503271484375,-0.0565032958984375,-1.058441162109375,-0.0483856201171875
1749220247147023600,22.365023681640626,-0.043914794921875,-1.1441650390625,-0.043548583984375
1749220247157014500,22.3750146484375,-0.0484466552734375,-1.1757354736328125,-0.0210113525390625
1749220247167004700,22.385004638671877,-0.061920166015625,-1.2279510498046875,-0.028045654296875
1749220247176995800,22.394995849609376,-0.0599517822265625,-1.2178497314453125,-0.0202789306640625
1749220247186986800,22.40498681640625,-0.0648345947265625,-1.2031097412109375,0.0063323974609375
1749220247196977700,22.414977783203124,-0.032928466796875,-1.1742095947265625,0.07244873046875
1749220247206968300,22.42496826171875,-0.043182373046875,-1.130035400390625,0.114837646484375
1749220247216958200,22.434958251953127,-0.0639495849609375,-1.1484832763671875,0.1192474365234375
1749220247226949000,22.44494921875,-0.06622314453125,-1.23089599609375,0.0584564208984375
1749220247236940300,22.454940185546874,0.0891571044921875,-1.2286224365234375,0.0916748046875
1749220247246931200,22.46493115234375,-0.1257781982421875,-1.2657012939453125,0.070953369140625
1749220247256921300,22.47492138671875,-0.2628173828125,-1.3208160400390625,-0.017547607421875
1749220247266912300,22.484912353515625,-0.2145538330078125,-1.1539306640625,-0.1108551025390625
1749220247276903400,22.4949033203125,0.160888671875,-0.8818359375,-0.128173828125
1749220247286894300,22.504894287109376,0.2364501953125,-0.7361602783203125,-0.0991668701171875
1749220247296885200,22.51488525390625,0.0713348388671875,-0.782073974609375,-0.10650634765625
1749220247306875100,22.524875244140624,-0.100799560546875,-0.8759765625,-0.1393585205078125
1749220247316866300,22.5348662109375,-0.2869873046875,-0.9260101318359375,-0.1851806640625
1749220247326857200,22.544857177734375,-0.3372802734375,-0.9891510009765625,-0.220977783203125
1749220247336848400,22.554848388671875,-0.38629150390625,-1.0107421875,-0.220458984375
1749220247346839300,22.56483935546875,-0.4201812744140625,-1.030059814453125,-0.2027435302734375
1749220247356829200,22.5748291015625,-0.47052001953125,-1.0573577880859375,-0.196258544921875
1749220247366820400,22.5848203125,-0.5109100341796875,-1.057952880859375,-0.19879150390625
1749220247376811300,22.594811279296874,-0.5088043212890625,-1.0401458740234375,-0.2177581787109375
1749220247386802200,22.60480224609375,-0.4671783447265625,-1.0579071044921875,-0.2434844970703125
1749220247396793300,22.61479345703125,-0.41229248046875,-1.1109771728515625,-0.265350341796875
1749220247406783200,22.624783203125,-0.340301513671875,-1.1090545654296875,-0.2664642333984375
1749220247416774400,22.6347744140625,-0.2873687744140625,-1.0651092529296875,-0.25079345703125
1749220247426765300,22.644765380859376,-0.266357421875,-1.05438232421875,-0.23785400390625
1749220247436756500,22.654756591796875,-0.2602386474609375,-1.07037353515625,-0.240570068359375
1749220247446746400,22.664746337890627,-0.2654266357421875,-1.064361572265625,-0.2568359375
1749220247456737300,22.6747373046875,-0.24615478515625,-1.0018768310546875,-0.2880859375
1749220247466728200,22.684728271484374,-0.281341552734375,-0.98529052734375,-0.32452392578125
1749220247476719400,22.69471923828125,-0.33087158203125,-0.99859619140625,-0.347198486328125
1749220247486710300,22.704710205078126,-0.3800048828125,-0.970489501953125,-0.343780517578125
1749220247496700200,22.7147001953125,-0.423858642578125,-0.940185546875,-0.307952880859375
1749220247506691300,22.72469140625,-0.4499969482421875,-0.9184417724609375,-0.25982666015625
1749220247516682500,22.7346826171875,-0.43658447265625,-0.83154296875,-0.2264556884765625
1749220247526673400,22.74467333984375,-0.42523193359375,-0.759765625,-0.2237548828125
1749220247536663300,22.754663330078124,-0.4230499267578125,-0.7525177001953125,-0.256622314453125
1749220247546654200,22.764654296875,-0.3766632080078125,-0.7471160888671875,-0.3022003173828125
1749220247556645400,22.774645263671875,-0.406036376953125,-0.736480712890625,-0.340576171875
1749220247566636300,22.78463623046875,-0.403594970703125,-0.786163330078125,-0.365997314453125
1749220247576627200,22.794627197265626,-0.444732666015625,-0.8142242431640625,-0.3955841064453125
1749220247586617300,22.804617431640626,-0.42333984375,-0.800933837890625,-0.4134368896484375
1749220247596608500,22.8146083984375,-0.43768310546875,-0.78741455078125,-0.447113037109375
1749220247606599400,22.824599365234373,-0.47247314453125,-0.77874755859375,-0.4701080322265625
1749220247616590300,22.83459033203125,-0.51361083984375,-0.7451171875,-0.476043701171875
1749220247626581200,22.844581298828125,-0.5437774658203125,-0.72552490234375,-0.4825592041015625
1749220247636571100,22.854571044921876,-0.582244873046875,-0.7411346435546875,-0.468292236328125
1749220247646562300,22.864562255859376,-0.63037109375,-0.725006103515625,-0.4505157470703125
1749220247656553200,22.87455322265625,-0.6445770263671875,-0.6873321533203125,-0.435028076171875
1749220247666544000,22.884544189453123,-0.629425048828125,-0.661834716796875,-0.4226226806640625
1749220247676534300,22.8945341796875,-0.6260833740234375,-0.641845703125,-0.43890380859375
1749220247686525400,22.904525390625,-0.63055419921875,-0.64697265625,-0.4689483642578125
1749220247696516400,22.914516357421874,-0.63165283203125,-0.6478271484375,-0.5063934326171875
1749220247706507300,22.92450732421875,-0.6273956298828125,-0.631500244140625,-0.5391845703125
1749220247716498400,22.93449853515625,-0.6323089599609375,-0.6172637939453125,-0.564727783203125
1749220247726488300,22.94448828125,-0.6214752197265625,-0.6060333251953125,-0.5790252685546875
1749220247736479200,22.954479248046876,-0.6110687255859375,-0.6005859375,-0.5774383544921875
1749220247746470100,22.96447021484375,-0.626373291015625,-0.563079833984375,-0.56768798828125
1749220247756461300,22.97446142578125,-0.629852294921875,-0.5269012451171875,-0.5624847412109375
1749220247766451500,22.984451416015624,-0.636016845703125,-0.523590087890625,-0.553619384765625
1749220247776442400,22.9944423828125,-0.6420440673828125,-0.5048675537109375,-0.5243072509765625
1749220247786433300,23.004433349609375,-0.6204833984375,-0.462677001953125,-0.51153564453125
1749220247796424400,23.014424560546875,-0.6060638427734375,-0.43133544921875,-0.5085601806640625
1749220247806415400,23.024415283203126,-0.5970001220703125,-0.402984619140625,-0.50848388671875
1749220247816405200,23.0344052734375,-0.59197998046875,-0.3808441162109375,-0.5197296142578125
1749220247826396200,23.044396240234374,-0.6040191650390625,-0.358642578125,-0.5379180908203125
1749220247836387300,23.05438720703125,-0.6154632568359375,-0.34979248046875,-0.5496368408203125
1749220247846378200,23.064378173828125,-0.6431427001953125,-0.3438720703125,-0.5541229248046875
1749220247856369200,23.074369140625,-0.6679840087890625,-0.32940673828125,-0.555145263671875
1749220247866359300,23.084359375,-0.6732025146484375,-0.3184967041015625,-0.54840087890625
1749220247876350200,23.09435009765625,-0.670989990234375,-0.2898101806640625,-0.5421142578125
1749220247886341400,23.10434130859375,-0.6639404296875,-0.2630157470703125,-0.542236328125
1749220247896332300,23.114332275390623,-0.672698974609375,-0.2534637451171875,-0.54345703125
1749220247906322200,23.124322265625,-0.6905517578125,-0.244049072265625,-0.5489654541015625
1749220247916313000,23.13431298828125,-0.70269775390625,-0.2273406982421875,-0.5465087890625
1749220247926304300,23.14430419921875,-0.6910552978515625,-0.2007904052734375,-0.5291900634765625
1749220247936295200,23.154295166015626,-0.6633758544921875,-0.1805877685546875,-0.5164794921875
1749220247946286000,23.1642861328125,-0.6429901123046875,-0.1683502197265625,-0.50738525390625
1749220247956276200,23.174276123046877,-0.6492156982421875,-0.15789794921875,-0.5015411376953125
1749220247966267400,23.184267333984376,-0.66754150390625,-0.144775390625,-0.5037841796875
1749220247976258300,23.19425830078125,-0.6943206787109375,-0.1281890869140625,-0.5105743408203125
1749220247986249200,23.204249267578124,-0.8749542236328125,-0.089691162109375,-0.46966552734375
1749220247996240400,23.214240478515624,-0.9987640380859375,-0.0798797607421875,-0.4842987060546875
1749220248006230300,23.224230224609375,-1.0116119384765625,-0.059417724609375,-0.5056610107421875
1749220248016221200,23.23422119140625,-0.93463134765625,-0.03924560546875,-0.4673919677734375
1749220248026212000,23.244212158203126,-0.8433380126953125,-0.084716796875,-0.44183349609375
1749220248036203300,23.254203369140626,-0.794891357421875,-0.084381103515625,-0.50390625
1749220248046193400,23.264193359375,-0.7184600830078125,-0.06793212890625,-0.5306549072265625
1749220248056184300,23.274184326171873,-0.6240081787109375,-0.073028564453125,-0.53741455078125
1749220248066175200,23.28417529296875,-0.5245819091796875,-0.0782928466796875,-0.531158447265625
1749220248076166400,23.29416650390625,-0.487335205078125,-0.0841217041015625,-0.527130126953125
1749220248086157300,23.3041572265625,-0.5247039794921875,-0.0644378662109375,-0.505828857421875
1749220248096147200,23.314147216796876,-0.6282806396484375,-0.0885772705078125,-0.453094482421875
1749220248106138000,23.32413818359375,-0.592926025390625,0.0068511962890625,-0.4678955078125
1749220248116129300,23.33412939453125,-0.5460662841796875,0.0121917724609375,-0.48016357421875
1749220248126120400,23.344120361328127,-0.6198272705078125,-0.07611083984375,-0.4835968017578125
1749220248136110300,23.3541103515625,-0.60113525390625,-0.090118408203125,-0.5159759521484375
1749220248146101200,23.364101318359374,-0.8113861083984375,-0.19183349609375,-0.9296722412109375
1749220248156092200,23.374092041015626,-1.01519775390625,-0.2210235595703125,-0.8625640869140625
1749220248166083300,23.384083251953125,-0.7020111083984375,-0.0846099853515625,-0.505767822265625
1749220248176074200,23.39407421875,-0.5960540771484375,-0.03204345703125,-0.5843963623046875
1749220248186064100,23.404064208984376,-0.69915771484375,-0.047454833984375,-0.5698394775390625
1749220248196055300,23.41405517578125,-0.780670166015625,-0.0747833251953125,-0.549468994140625
1749220248206049300,23.42404931640625,-0.8244171142578125,-0.04736328125,-0.5452880859375
1749220248216040400,23.43404052734375,-0.8518218994140625,0.0363616943359375,-0.5206298828125
1749220248226030300,23.4440302734375,-0.8495941162109375,0.0826263427734375,-0.51544189453125
1749220248236021200,23.454021240234376,-0.8723907470703125,0.05340576171875,-0.518310546875
1749220248246012200,23.46401220703125,-0.888427734375,0.02838134765625,-0.4879150390625
1749220248256003300,23.47400341796875,-0.8600006103515625,0.0234527587890625,-0.462860107421875
1749220248265994200,23.483994140625,-0.8629302978515625,0.056640625,-0.44287109375
1749220248275984400,23.493984375,-0.876007080078125,0.079376220703125,-0.41363525390625
1749220248285975300,23.503975341796874,-0.9145355224609375,0.079315185546875,-0.4142608642578125
1749220248295966500,23.513966552734374,-0.9493865966796875,0.0797271728515625,-0.4463958740234375
1749220248305957400,23.523957275390625,-0.9110870361328125,0.0698089599609375,-0.505126953125
1749220248315948300,23.5339482421875,-0.834869384765625,0.05828857421875,-0.5365447998046875
1749220248325938200,23.543938232421876,-0.7483062744140625,0.04241943359375,-0.51239013671875
1749220248335929300,23.553929443359376,-0.7255096435546875,0.04888916015625,-0.4917755126953125
1749220248345920300,23.563920166015624,-0.7473602294921875,0.051483154296875,-0.4737396240234375
1749220248355911200,23.5739111328125,-0.7986602783203125,0.0511627197265625,-0.472015380859375
1749220248365901300,23.5839013671875,-0.8694915771484375,0.0616455078125,-0.444000244140625
1749220248375892500,23.593892578125,-0.88580322265625,0.0689239501953125,-0.4114227294921875
1749220248385883400,23.60388330078125,-0.908294677734375,0.09771728515625,-0.4014129638671875
1749220248395874300,23.613874267578126,-0.91302490234375,0.0869903564453125,-0.383331298828125
1749220248405865500,23.623865478515626,-0.9205474853515625,0.0637664794921875,-0.3736724853515625
1749220248415855400,23.63385546875,-0.8915252685546875,0.064666748046875,-0.368743896484375
1749220248425846300,23.64384619140625,-0.829925537109375,0.07647705078125,-0.3707122802734375
1749220248435837200,23.653837158203125,-0.8238525390625,0.1036529541015625,-0.394683837890625
1749220248445828400,23.663828369140624,-0.8332977294921875,0.13336181640625,-0.41461181640625
1749220248455819300,23.6738193359375,-0.8719329833984375,0.0960235595703125,-0.4006805419921875
1749220248465809400,23.683809326171875,-0.92022705078125,0.071807861328125,-0.3853912353515625
1749220248475800300,23.69380029296875,-0.9134368896484375,0.0685577392578125,-0.3910064697265625
1749220248485791200,23.703791259765627,-0.899139404296875,0.0486602783203125,-0.406280517578125
1749220248495782400,23.713782470703126,-0.8841705322265625,0.0612335205078125,-0.430816650390625
1749220248505772300,23.723772216796874,-0.861572265625,0.0635223388671875,-0.44622802734375
1749220248515763200,23.73376318359375,-0.8469085693359375,0.0498504638671875,-0.4447174072265625
1749220248525754000,23.743754150390625,-0.830718994140625,0.042510986328125,-0.422271728515625
1749220248535745300,23.753745361328125,-0.800140380859375,0.035369873046875,-0.39892578125
1749220248545736200,23.763736083984377,-0.781494140625,0.0285797119140625,-0.3730621337890625
1749220248555726300,23.773726318359376,-0.808563232421875,0.0465240478515625,-0.3195037841796875
1749220248565717200,23.78371728515625,-0.8333892822265625,0.0346527099609375,-0.29998779296875
1749220248575708400,23.79370849609375,-0.8588104248046875,0.0181427001953125,-0.2900543212890625
1749220248585699300,23.80369921875,-0.8944854736328125,0.01434326171875,-0.2945556640625
1749220248595689200,23.813689208984375,-0.928375244140625,0.032470703125,-0.2867431640625
1749220248605680000,23.82368017578125,-0.952911376953125,0.0453643798828125,-0.2757110595703125
1749220248615671300,23.83367138671875,-0.8499298095703125,0.0199737548828125,-0.2583770751953125
1749220248625662200,23.843662109375,-0.868896484375,0.0341339111328125,-0.2300567626953125
1749220248635653400,23.8536533203125,-0.9396820068359375,0.008636474609375,-0.2782440185546875
1749220248645643300,23.863643310546873,-0.9283599853515625,0.036163330078125,-0.257415771484375
1749220248655634400,23.873634521484377,-1.0124664306640625,0.086395263671875,-0.2383575439453125
1749220248665625300,23.883625244140624,-1.0706787109375,0.068359375,-0.2713470458984375
1749220248675616300,23.8936162109375,-1.0876007080078125,0.05059814453125,-0.280853271484375
1749220248685606100,23.903606201171876,-1.0469207763671875,0.03192138671875,-0.2891845703125
1749220248695597300,23.913597412109375,-0.9847412109375,0.0593109130859375,-0.274688720703125
