time,seconds_elapsed,z,y,x
1749220224802601200,0.020601318359375,-1.9383114576339722,0.07804366946220398,2.1065642833709717
1749220224812592400,0.03059228515625,-2.1423346996307373,-0.0010812433902174234,2.056049108505249
1749220224822583600,0.04058349609375,-2.2159793376922607,-0.15348462760448456,1.7439523935317993
1749220224832574500,0.050574462890625,-2.242403507232666,-0.27268266677856445,1.3333866596221924
1749220224842565400,0.0605654296875,-2.3773388862609863,-0.6832715272903442,0.8539825677871704
1749220224852555300,0.07055517578125,-2.605597972869873,-1.059043049812317,0.40006884932518005
1749220224862546200,0.080546142578125,-2.852856397628784,-1.2868468761444092,-0.010180732235312462
1749220224872537300,0.090537353515625,-3.088346004486084,-1.3453993797302246,-0.4151250123977661
1749220224882528300,0.1005283203125,-3.3529739379882812,-1.1007843017578125,-0.6972174048423767
1749220224892519200,0.110519287109375,-3.621947765350342,-0.665585994720459,-0.8716318607330322
1749220224902509300,0.12050927734375,-3.858323574066162,-0.06279121339321136,-0.9221935272216797
1749220224912500500,0.13050048828125,-3.9586431980133057,0.6285680532455444,-0.7817277908325195
1749220224922491400,0.140491455078125,-3.9659206867218018,1.0184558629989624,-0.5585740804672241
1749220224932482300,0.150482421875,-3.808358669281006,0.928584098815918,-0.2717553377151489
1749220224942473500,0.160473388671875,-3.3596973419189453,0.33618173003196716,0.1758890002965927
1749220224952463400,0.17046337890625,-2.85809326171875,-0.3333183228969574,0.598859965801239
1749220224962454300,0.180454345703125,-2.5772368907928467,-0.710122287273407,0.8798556923866272
1749220224972445200,0.190445068359375,-2.450021266937256,-0.6593313217163086,1.0362716913223267
1749220224982436400,0.200436279296875,-2.4212489128112793,-0.40233173966407776,1.0682653188705444
1749220224992427300,0.21042724609375,-2.46464467048645,-0.07051517814397812,1.0152558088302612
1749220225002417400,0.22041748046875,-2.568422555923462,0.32320496439933777,0.9377844929695129
1749220225012408300,0.230408203125,-2.6786937713623047,0.7097939252853394,0.8812658190727234
1749220225022399500,0.2403994140625,-2.7805089950561523,1.0134284496307373,0.8053843975067139
1749220225032390400,0.250390380859375,-2.7353875637054443,1.194717526435852,0.6714686751365662
1749220225042381300,0.26038134765625,-2.58320689201355,1.2430509328842163,0.48203107714653015
1749220225052371200,0.27037109375,-2.407470941543579,1.2435691356658936,0.2968079745769501
1749220225062362400,0.2803623046875,-2.345371723175049,1.067780613899231,0.06769542396068573
1749220225072353300,0.290353271484375,-2.3551833629608154,0.593411922454834,-0.12084892392158508
1749220225082344200,0.30034423828125,-2.504237174987793,-0.22165197134017944,-0.17786161601543427
1749220225092335000,0.310335205078125,-2.7234249114990234,-1.2007015943527222,-0.006376939360052347
1749220225102325500,0.320325439453125,-2.9355051517486572,-1.762439489364624,0.24430561065673828
1749220225112316400,0.33031640625,-3.105086326599121,-1.7551137208938599,0.42910370230674744
1749220225122307300,0.340307373046875,-3.1753032207489014,-1.5549817085266113,0.5987688899040222
1749220225132298200,0.35029833984375,-3.18839693069458,-1.2494100332260132,0.7344180345535278
1749220225142289400,0.360289306640625,-3.2322051525115967,-0.840572714805603,0.8845385909080505
1749220225152279300,0.370279296875,-3.370715379714966,-0.5008804202079773,1.157074213027954
1749220225162270200,0.380270263671875,-3.504021167755127,-0.2022055685520172,1.567042350769043
1749220225172261000,0.39026123046875,-3.5364649295806885,0.11923984438180923,2.0286307334899902
1749220225182255900,0.400255859375,-3.4258902072906494,0.30180299282073975,2.48356032371521
1749220225192247000,0.4102470703125,-3.14481520652771,0.3710955083370209,2.867858648300171
1749220225202237000,0.42023681640625,-2.8215298652648926,0.3844861686229706,3.059455633163452
1749220225212227800,0.430227783203125,-2.4080958366394043,0.4870847165584564,3.0648467540740967
1749220225222218800,0.44021875,-2.1576972007751465,0.5878533720970154,2.9347610473632812
1749220225232210000,0.4502099609375,-2.0454394817352295,0.6627691984176636,2.780179738998413
1749220225242200800,0.460200927734375,-2.0052311420440674,0.7908619046211243,2.538612127304077
1749220225252190700,0.470190673828125,-2.0024428367614746,0.9566586017608643,2.2024471759796143
1749220225262181600,0.480181640625,-0.713851809501648,3.6857845783233643,0.674773633480072
1749220225272172800,0.4901728515625,-0.7023922204971313,2.4206857681274414,0.37343457341194153
1749220225282164000,0.5001640625,-1.0713343620300293,2.1743199825286865,-0.12927356362342834
1749220225292155000,0.51015478515625,-1.1856586933135986,2.0114333629608154,-0.38082563877105713
1749220225302144800,0.520144775390625,-1.186366319656372,1.5951600074768066,-0.44943293929100037
1749220225312136000,0.530135986328125,-0.9667804837226868,1.62545907497406,-0.50397127866745
1749220225322126800,0.540126953125,-1.1015806198120117,1.417069911956787,-0.25034672021865845
1749220225332117800,0.55011767578125,-1.416799783706665,1.7132920026779175,0.02395167201757431
1749220225342108700,0.560108642578125,-1.7210886478424072,1.9095922708511353,0.366416335105896
1749220225352098800,0.570098876953125,-1.8557934761047363,1.9631108045578003,0.6435491442680359
1749220225362090000,0.580090087890625,-1.820176362991333,1.665305733680725,0.8559218645095825
1749220225372081000,0.590080810546875,-1.6230920553207397,1.2356553077697754,0.8930678963661194
1749220225382071800,0.60007177734375,-1.3764894008636475,0.8708776235580444,0.8825893998146057
1749220225392063000,0.61006298828125,-1.194740891456604,0.7324228286743164,1.031330943107605
1749220225402052900,0.620052978515625,-1.006225824356079,0.9496904015541077,1.3080253601074219
1749220225412043800,0.630043701171875,-0.8913746476173401,1.2787266969680786,1.710566759109497
1749220225422034700,0.64003466796875,-0.8013363480567932,1.5999659299850464,2.1007180213928223
1749220225432025900,0.65002587890625,-0.6884779930114746,1.8436062335968018,2.347064733505249
1749220225442016800,0.660016845703125,-0.5473107695579529,1.989274501800537,2.4379851818084717
1749220225452007000,0.6700068359375,-0.33526748418807983,1.953552484512329,2.433397054672241
1749220225461997800,0.679997802734375,-0.06615718454122543,1.7828590869903564,2.314669609069824
1749220225471989000,0.689989013671875,0.24094070494174957,1.45549738407135,2.0921406745910645
1749220225481980000,0.69997998046875,0.4977725148200989,1.039251685142517,1.9105757474899292
1749220225491970800,0.709970703125,0.6152565479278564,0.663194477558136,1.766622543334961
1749220225501960700,0.719960693359375,0.5152034163475037,0.3278721570968628,1.56362783908844
1749220225511952000,0.729951904296875,0.21706093847751617,0.00954077485948801,1.2512966394424438
1749220225521942800,0.73994287109375,-0.17087161540985107,-0.15987807512283325,0.8502762317657471
1749220225531933700,0.74993359375,-0.5107447504997253,-0.23233044147491455,0.48695847392082214
1749220225541924600,0.759924560546875,-0.7102198004722595,-0.09973698109388351,0.36524906754493713
1749220225551915000,0.7699150390625,-0.693306565284729,0.11717402935028076,0.4237709641456604
1749220225561906000,0.779906005859375,-0.4836079478263855,0.11693061143159866,0.4312794804573059
1749220225571896800,0.789896728515625,-0.19366800785064697,-0.02081233821809292,0.3890601396560669
1749220225581887700,0.7998876953125,-0.0918540209531784,-0.5629512667655945,0.34671056270599365
1749220225591878000,0.8098779296875,0.12471742928028107,-0.5551258325576782,0.37869590520858765
1749220225601868800,0.819868896484375,0.3742353916168213,-0.3980938494205475,0.369030237197876
1749220225611859700,0.829859619140625,0.4833344519138336,-0.23614461719989777,0.3366834819316864
1749220225621850600,0.8398505859375,0.5509102940559387,-0.1514611542224884,0.340528279542923
1749220225631841800,0.849841796875,0.7332113981246948,0.0951550081372261,0.5523742437362671
1749220225641832000,0.85983203125,0.9186257123947144,0.10165286064147949,0.6679913997650146
1749220225651822800,0.86982275390625,1.1080832481384277,0.0453813299536705,0.7004680633544922
1749220225661813800,0.879813720703125,1.2934547662734985,0.06529059261083603,0.8239652514457703
1749220225671805000,0.889804931640625,1.4383623600006104,0.16163496673107147,1.055751085281372
1749220225681795800,0.8997958984375,1.4869568347930908,0.2766486406326294,1.22529935836792
1749220225691785700,0.90978564453125,1.4220629930496216,0.4198569357395172,1.3480966091156006
1749220225701776600,0.919776611328125,1.2618217468261719,0.6535511612892151,1.4281846284866333
1749220225711767800,0.929767822265625,0.9789718985557556,1.1017560958862305,1.4647047519683838
1749220225721758700,0.9397587890625,0.9142831563949585,1.0290632247924805,1.454451322555542
1749220225731750000,0.94975,1.0695891380310059,0.7019988894462585,1.294844150543213
1749220225741739800,0.95973974609375,1.2421576976776123,0.7753716111183167,1.277530312538147
1749220225751731000,0.96973095703125,1.3805161714553833,1.0031198263168335,1.2699259519577026
1749220225761721900,0.979721923828125,1.475661039352417,1.0457428693771362,1.2005585432052612
1749220225771712800,0.989712646484375,1.4520063400268555,1.1319425106048584,1.2222484350204468
1749220225781703700,0.99970361328125,1.4118561744689941,1.0463666915893555,1.1302809715270996
1749220225791693800,1.00969384765625,1.3394181728363037,0.7376506328582764,0.9238894581794739
1749220225801684700,1.019684814453125,1.054336428642273,0.8650010824203491,0.9140298962593079
1749220225811676000,1.029676025390625,0.6196310520172119,0.9009029269218445,0.9370188117027283
1749220225821666800,1.039666748046875,0.1445622444152832,0.7450320720672607,0.8902686238288879
1749220225831658000,1.049657958984375,-0.2369539588689804,0.7763657569885254,0.956015944480896
1749220225841647900,1.05964794921875,-0.6186246275901794,0.8797124028205872,1.127561092376709
1749220225851638800,1.069638671875,-1.1175273656845093,0.8966200351715088,1.5262576341629028
1749220225861629700,1.079629638671875,-1.5308457612991333,0.6782360076904297,2.038191318511963
1749220225871620900,1.089620849609375,-1.8711390495300293,0.3529719114303589,2.836749792098999
1749220225881611800,1.09961181640625,-2.209806203842163,-0.09996388107538223,3.7565016746520996
1749220225891602000,1.109601806640625,-2.468012571334839,-1.2821669578552246,4.12132453918457
1749220225901592800,1.1195927734375,-2.590726613998413,-3.5626041889190674,2.1650655269622803
1749220225911584000,1.129583984375,-2.438016414642334,-3.2970077991485596,0.7862905859947205
1749220225921575000,1.139574951171875,-1.6407551765441895,-0.34872549772262573,0.9869288802146912
1749220225931565800,1.14956591796875,-1.145567774772644,1.0860522985458374,0.8721546530723572
1749220225941555700,1.1595556640625,-0.8757762312889099,0.6946778297424316,0.5590656995773315
1749220225951547000,1.169546875,-0.5228331089019775,0.26779577136039734,0.4220234155654907
1749220225961537800,1.179537841796875,-0.05049406737089157,0.3280439078807831,0.3529282212257385
1749220225971528700,1.18952880859375,0.2475336343050003,0.47163623571395874,0.1463731974363327
1749220225981520000,1.199519775390625,0.3056299686431885,0.3874201476573944,-0.06991942971944809
1749220225991510000,1.209510009765625,0.27827635407447815,0.14518941938877106,-0.18782822787761688
1749220226001501000,1.2195009765625,0.21888521313667297,-0.06464450806379318,-0.2188817411661148
1749220226011491800,1.229491943359375,0.11102612316608429,-0.24819809198379517,-0.27582570910453796
1749220226021482800,1.239482666015625,0.024081367999315262,-0.39789170026779175,-0.37295305728912354
1749220226031474000,1.249473876953125,0.003996339626610279,-0.4869653880596161,-0.5043305158615112
1749220226041463800,1.2594638671875,0.047753408551216125,-0.512196958065033,-0.6546545028686523
1749220226051454700,1.269454833984375,0.12347719818353653,-0.4671115279197693,-0.814265251159668
1749220226061445600,1.279445556640625,0.21139293909072876,-0.3659564256668091,-0.9666494131088257
1749220226071436800,1.289436767578125,0.2871825098991394,-0.2966540455818176,-1.094609260559082
1749220226081427000,1.299427001953125,0.32778558135032654,-0.23209288716316223,-1.1709562540054321
1749220226091417900,1.30941796875,0.3884744942188263,0.059970125555992126,-0.9567422270774841
1749220226101408800,1.31940869140625,0.49743586778640747,0.8362014293670654,0.12561731040477753
1749220226111400000,1.32939990234375,0.589666485786438,0.6700377464294434,0.5846427083015442
1749220226121390800,1.339390869140625,0.5683912634849548,1.0351784229278564,0.6647335290908813
1749220226131380700,1.349380615234375,0.5293117761611938,1.0356274843215942,0.5408787131309509
1749220226141371600,1.35937158203125,0.6840590238571167,0.40281641483306885,0.44397932291030884
1749220226151362800,1.36936279296875,0.8039188385009766,0.005830724723637104,0.5023688673973083
1749220226161353700,1.379353759765625,0.9402492642402649,0.3405735492706299,0.4653644859790802
1749220226171344600,1.3893447265625,1.0645387172698975,0.34599414467811584,0.363756388425827
1749220226181330700,1.39933056640625,1.210182785987854,-0.3454652428627014,0.4594448208808899
1749220226191321600,1.409321533203125,1.2868537902832031,-0.5422070622444153,0.5626788139343262
1749220226201312500,1.4193125,1.217747449874878,-0.3439728319644928,0.5653685927391052
1749220226211303700,1.4293037109375,1.1920216083526611,-0.15749748051166534,0.6253488063812256
1749220226221294600,1.439294677734375,1.234343409538269,-0.00920548290014267,0.709063708782196
1749220226231284700,1.44928466796875,1.2256591320037842,0.14474865794181824,0.7470656633377075
1749220226241275600,1.459275634765625,1.326677918434143,0.38867875933647156,0.6300423741340637
1749220226251266800,1.469266845703125,1.5357184410095215,0.9995653033256531,0.3275381922721863
1749220226261257700,1.4792578125,1.690402865409851,1.4475138187408447,-0.002394980750977993
1749220226271248600,1.48924853515625,1.6278218030929565,1.6009443998336792,-0.1886194497346878
1749220226281238500,1.499238525390625,1.527392864227295,1.4934581518173218,-0.15137328207492828
1749220226291229700,1.509229736328125,1.6847710609436035,1.4538534879684448,-0.06711884588003159
1749220226301220600,1.519220703125,1.9250763654708862,1.6024833917617798,-0.09261808544397354
1749220226311211500,1.52921142578125,2.165989875793457,1.7412599325180054,-0.1919872760772705
1749220226321202700,1.53920263671875,2.3383407592773438,1.2618757486343384,-0.1468600183725357
1749220226331192800,1.54919287109375,2.502284526824951,0.37940672039985657,0.09557659178972244
1749220226341183700,1.559183837890625,2.681777000427246,-0.2697417438030243,0.25393959879875183
1749220226351174700,1.569174560546875,2.7373485565185547,-0.5705596208572388,0.2362586110830307
1749220226361165800,1.579165771484375,2.636064291000366,-0.44232335686683655,0.1619846373796463
1749220226371156700,1.58915673828125,2.4679055213928223,0.13324034214019775,0.057324010878801346
1749220226381146600,1.599146728515625,2.301724910736084,0.5940929055213928,-0.062075354158878326
1749220226391137500,1.609137451171875,2.156998634338379,0.6984714865684509,-0.0963936448097229
1749220226401128700,1.619128662109375,1.9912306070327759,0.6430506110191345,-0.05451038107275963
1749220226411119600,1.62911962890625,1.8810287714004517,0.30143094062805176,-0.024390295147895813
1749220226421110500,1.639110595703125,1.8273801803588867,0.0024607607629150152,0.03477715328335762
1749220226431100700,1.6491005859375,1.7409679889678955,-0.08656045794487,0.19091002643108368
1749220226441091600,1.659091552734375,1.6892105340957642,0.08421926945447922,0.25161677598953247
1749220226451082800,1.669082763671875,1.741281509399414,0.42739927768707275,0.3269791901111603
1749220226461073700,1.67907373046875,1.6679366827011108,0.613060474395752,0.4382825493812561
1749220226471064600,1.689064697265625,1.3138526678085327,0.2841672897338867,0.446657657623291
1749220226481054500,1.699054443359375,1.0502718687057495,0.0324343740940094,0.4713784456253052
1749220226491045600,1.709045654296875,1.0732475519180298,0.1384476274251938,0.6436474323272705
1749220226501036500,1.71903662109375,1.063839316368103,0.18732409179210663,0.7421090006828308
1749220226511027500,1.72902734375,1.0191787481307983,0.13983246684074402,0.6786733269691467
1749220226521017600,1.739017578125,1.0305469036102295,-0.16258864104747772,0.6107720136642456
1749220226531008800,1.7490087890625,1.0393723249435425,-0.3452972173690796,0.638006865978241
1749220226540999700,1.758999755859375,1.0820317268371582,-0.4980763792991638,0.6443158388137817
1749220226550990600,1.768990478515625,1.2209994792938232,-0.42898356914520264,0.6670534014701843
1749220226560981800,1.778981689453125,1.3034048080444336,-0.3469979166984558,0.5926886200904846
1749220226570971600,1.7889716796875,1.391621470451355,-0.2391611784696579,0.5693556070327759
1749220226580962600,1.798962646484375,1.423964023590088,-0.2218937873840332,0.663497805595398
1749220226590953500,1.808953369140625,1.4659098386764526,-0.2505163848400116,0.7334151268005371
1749220226600944600,1.818944580078125,1.5368719100952148,-0.24037371575832367,0.7030588388442993
1749220226610935800,1.828935791015625,1.5987075567245483,0.15965943038463593,0.397493839263916
1749220226620925700,1.83892578125,1.5888136625289917,0.4683419167995453,0.2512199878692627
1749220226630916600,1.84891650390625,1.555773377418518,0.4335993826389313,0.21717838943004608
1749220226640907800,1.85890771484375,1.5200364589691162,0.08258462697267532,0.16011616587638855
1749220226650898700,1.868898681640625,1.5641506910324097,-0.6838456988334656,0.34967464208602905
1749220226660889600,1.8788896484375,1.6155704259872437,-0.9008797407150269,0.25968217849731445
1749220226670879500,1.88887939453125,1.5430622100830078,-0.499564528465271,0.022611569613218307
1749220226680870700,1.89887060546875,1.4991298913955688,0.1831972450017929,-0.28242582082748413
1749220226690861800,1.90886181640625,1.4529865980148315,0.3766647279262543,-0.4841104745864868
1749220226700852700,1.918852783203125,1.399824857711792,0.19492235779762268,-0.6110188961029053
1749220226710843600,1.92884375,1.4670469760894775,-0.1588389128446579,-0.5940393805503845
1749220226720833500,1.93883349609375,1.4806967973709106,-0.38014015555381775,-0.66274094581604
1749220226730824700,1.94882470703125,1.3734790086746216,-0.31140902638435364,-0.8202884793281555
1749220226740815600,1.958815673828125,1.2854615449905396,-0.09266548603773117,-0.9648443460464478
1749220226750806500,1.968806640625,1.1821380853652954,-0.11326716840267181,-1.0316162109375
1749220226760797700,1.978797607421875,1.1908284425735474,-0.2568483054637909,-0.9896213412284851
1749220226770787800,1.988787841796875,1.1001198291778564,-0.2457655519247055,-1.0608052015304565
1749220226780778800,1.99877880859375,0.9597736597061157,-0.035951610654592514,-1.1325664520263672
1749220226790769700,2.008769775390625,0.831757128238678,0.09724798798561096,-1.087369441986084
1749220226800760800,2.0187607421875,0.7240501046180725,0.005842708982527256,-1.0296156406402588
1749220226810751700,2.028751708984375,0.6240084767341614,-0.1099693775177002,-0.7470672726631165
1749220226820741600,2.03874169921875,0.5870403051376343,-0.10002034157514572,-0.4922075569629669
1749220226830732500,2.048732666015625,0.5124574303627014,0.04530330002307892,-0.3451475501060486
1749220226840723700,2.0587236328125,0.5144063234329224,0.07280283421278,-0.24400733411312103
1749220226850714600,2.068714599609375,0.5177754759788513,0.09583331644535065,-0.13415247201919556
1749220226860705500,2.07870556640625,0.4739537239074707,0.1854875683784485,-0.012005530297756195
1749220226870695700,2.08869580078125,0.439264714717865,0.2913695275783539,0.12118421494960785
1749220226880686800,2.098686767578125,0.38029566407203674,0.21046482026576996,0.2393963485956192
1749220226890677800,2.108677734375,0.30308210849761963,0.024990571662783623,0.2685694098472595
1749220226900668700,2.118668701171875,0.27575168013572693,-0.1459478884935379,0.41912004351615906
1749220226910659600,2.12865966796875,0.13589684665203094,0.11051958799362183,0.5458495020866394
1749220226920649700,2.138649658203125,0.08156303316354752,0.23766475915908813,0.4176643490791321
1749220226930640600,2.148640625,0.15657256543636322,0.19653889536857605,0.16479134559631348
1749220226940631600,2.158631591796875,0.14928242564201355,-0.1052665039896965,0.21403665840625763
1749220226950622500,2.16862255859375,-0.08958607167005539,-0.27002057433128357,0.27699458599090576
1749220226960612900,2.17861279296875,-0.4186569154262543,-0.650334358215332,0.3127792179584503
1749220226970603800,2.188603759765625,-1.0350044965744019,-0.6369796395301819,0.5652492642402649
1749220226980594700,2.1985947265625,-1.6532208919525146,-0.16619589924812317,0.31044095754623413
1749220226990585600,2.208585693359375,-1.9470703601837158,-0.6281033158302307,0.044910747557878494
1749220227000576800,2.21857666015625,-2.040332078933716,-0.5639147758483887,-0.05255348980426788
1749220227010567700,2.228567626953125,-1.8936846256256104,-0.43477410078048706,-0.2740406095981598
1749220227020557600,2.2385576171875,-1.6559916734695435,-0.34099432826042175,-0.47186872363090515
1749220227030548500,2.248548583984375,-1.3980058431625366,0.018099641427397728,-0.577121376991272
1749220227040539600,2.25853955078125,-1.050318717956543,0.10927855223417282,-0.588479220867157
1749220227050530600,2.268530517578125,-0.8982957005500793,0.32454532384872437,-0.459433913230896
1749220227060520700,2.278520751953125,-0.6532566547393799,0.6122292876243591,-0.28183966875076294
1749220227070511600,2.28851171875,-0.21317405998706818,1.18690824508667,0.029988525435328484
1749220227080502800,2.298502685546875,0.06659793853759766,1.6701802015304565,0.2968423366546631
1749220227090493700,2.30849365234375,0.1459907591342926,1.7617404460906982,0.47611168026924133
1749220227100484600,2.318484619140625,0.10490857064723969,1.5072886943817139,0.7038601636886597
1749220227110474500,2.328474609375,-0.19539985060691833,0.7876234650611877,0.9418972134590149
1749220227120465700,2.338465576171875,-0.4024489223957062,0.06346952170133591,1.0763399600982666
1749220227130456600,2.34845654296875,-0.8629989624023438,-0.4741787612438202,1.0200423002243042
1749220227140447700,2.35844775390625,-1.3199784755706787,-0.31273898482322693,0.8716701865196228
1749220227150438700,2.368438720703125,-1.6070382595062256,0.16420625150203705,0.6097461581230164
1749220227160428800,2.3784287109375,-1.8460267782211304,0.3660581409931183,0.24131807684898376
1749220227170419700,2.388419677734375,-2.091155767440796,0.2121354192495346,-0.025365011766552925
1749220227180410600,2.39841064453125,-2.2698001861572266,0.01974307745695114,-0.1403970569372177
1749220227190402300,2.40840234375,-2.4216158390045166,0.21499966084957123,-0.19349277019500732
1749220227200393200,2.418393310546875,-2.460723638534546,0.30447548627853394,-0.19275347888469696
1749220227210383000,2.428383056640625,-2.170607566833496,0.10907988250255585,-0.034573689103126526
1749220227220374300,2.438374267578125,-1.7967863082885742,-0.186567485332489,0.06174006313085556
1749220227230365200,2.448365234375,-1.6258054971694946,-0.4249662160873413,0.13551415503025055
1749220227240356000,2.458356201171875,-1.5648294687271118,-0.44021785259246826,0.19328956305980682
1749220227250347300,2.46834716796875,-1.5068937540054321,-0.09445326775312424,0.19252683222293854
1749220227260337400,2.47833740234375,-1.3700203895568848,0.2556570768356323,0.28832927346229553
1749220227270328300,2.488328369140625,-1.2057623863220215,0.6108745336532593,0.322853147983551
1749220227280319200,2.4983193359375,-0.9023069143295288,0.9134429693222046,0.3302580714225769
1749220227290310400,2.508310302734375,-0.5069963335990906,1.8748379945755005,0.09509402513504028
1749220227300301300,2.51830126953125,-0.06315606832504272,1.6544440984725952,-0.21119347214698792
1749220227310291200,2.528291259765625,-0.11233053356409073,0.8332332968711853,-0.04472566023468971
1749220227320282000,2.5382822265625,-0.3665987551212311,-0.007305849809199572,0.2379145622253418
1749220227330273300,2.548273193359375,-0.4714181125164032,-0.3257701098918915,0.3089458644390106
1749220227340264400,2.558264404296875,-0.32179081439971924,-0.14634576439857483,0.2030274122953415
1749220227350255400,2.56825537109375,-0.14399126172065735,0.48543062806129456,-0.2595985531806946
1749220227360245200,2.578245361328125,0.004817392211407423,0.7825475335121155,-0.6299305558204651
1749220227370236400,2.588236328125,0.06786959618330002,1.1997774839401245,-0.882861852645874
1749220227380227300,2.598227294921875,0.07135700434446335,1.4597067832946777,-0.9806246161460876
1749220227390218200,2.60821826171875,0.11826273053884506,1.4021269083023071,-0.917079746723175
1749220227400209200,2.618209228515625,0.13792963325977325,0.9473639130592346,-0.6890894770622253
1749220227410199000,2.628198974609375,0.17530789971351624,0.23293177783489227,-0.44700944423675537
1749220227420190200,2.638190185546875,0.1334826946258545,-0.1877773553133011,-0.2544160485267639
1749220227430181400,2.648181396484375,0.3753107786178589,0.10273756086826324,-0.3319374620914459
1749220227440172300,2.65817236328125,0.6451193690299988,0.8560142517089844,-0.6630586385726929
1749220227450162200,2.668162109375,0.9042108058929443,1.1419416666030884,-0.9568204879760742
1749220227460153300,2.6781533203125,1.175683856010437,1.344771385192871,-1.0901098251342773
1749220227470144300,2.688144287109375,1.341940999031067,1.3977340459823608,-1.1587415933609009
1749220227480135200,2.69813525390625,1.426422119140625,1.1462479829788208,-1.0912874937057495
1749220227490126300,2.708126220703125,1.624647617340088,0.5386688113212585,-1.0997116565704346
1749220227500116200,2.7181162109375,1.6924660205841064,0.07902184873819351,-1.0698575973510742
1749220227510107400,2.728107421875,1.3654940128326416,0.1648683100938797,-0.8742262721061707
1749220227520098300,2.738098388671875,0.5937142372131348,0.5514447689056396,-0.7119633555412292
1749220227530089500,2.74808935546875,-0.1625220626592636,0.7892256379127502,-0.5550307035446167
1749220227540080400,2.758080322265625,-0.4623628556728363,0.5135301351547241,-0.47024446725845337
1749220227550070300,2.7680703125,-0.3040781319141388,-0.1626986414194107,-0.1548987627029419
1749220227560061200,2.778061279296875,0.06555157899856567,-0.5822511911392212,0.3391740620136261
1749220227570052400,2.78805224609375,0.051249872893095016,-0.6529226899147034,0.47438836097717285
1749220227580043300,2.798043212890625,-0.11189138144254684,-0.6082566380500793,0.4812084436416626
1749220227590034200,2.8080341796875,-0.18036630749702454,-0.7258219122886658,0.42588233947753906
1749220227600024300,2.8180244140625,-0.16865132749080658,-0.8282329440116882,0.4263302683830261
1749220227610015500,2.828015380859375,-0.32129573822021484,-0.9738695621490479,0.3607619106769562
1749220227620006400,2.83800634765625,-0.38703641295433044,-1.0051134824752808,0.37518319487571716
1749220227629997300,2.847997314453125,-0.31941208243370056,-0.9903342723846436,0.5140808820724487
1749220227639988200,2.85798828125,-0.28747785091400146,-1.0278462171554565,0.692566990852356
1749220227649978400,2.867978271484375,-0.285051167011261,-1.1918290853500366,0.8213340640068054
1749220227659969300,2.87796923828125,-0.33765900135040283,-1.4059709310531616,0.8501611948013306
1749220227669960200,2.887960205078125,-0.4265638291835785,-1.4862569570541382,0.7800624966621399
1749220227679951000,2.897951171875,-0.49225175380706787,-1.3902946710586548,0.6123587489128113
1749220227689942300,2.9079423828125,-0.4942861497402191,-1.319739580154419,0.41291406750679016
1749220227699932400,2.917932373046875,-0.41344910860061646,-1.361495852470398,0.3107362985610962
1749220227709923300,2.92792333984375,-0.2733612358570099,-1.0888690948486328,0.2683691382408142
1749220227719914200,2.937914306640625,-0.05227545648813248,-0.650946319103241,0.2076682448387146
1749220227729905400,2.947905517578125,0.10393225401639938,-0.30950990319252014,0.13352051377296448
1749220227739896300,2.957896240234375,0.1998705118894577,-0.0791131928563118,0.08433032780885696
1749220227749886200,2.96788623046875,0.27495911717414856,0.01636938564479351,0.02792244404554367
1749220227759877000,2.977877197265625,0.36582884192466736,0.08990192413330078,-0.0305190272629261
1749220227769868300,2.987868408203125,0.48953959345817566,0.15319807827472687,-0.0763469710946083
1749220227779859200,2.997859130859375,0.5325744152069092,0.1546897143125534,-0.12471503764390945
1749220227789850000,3.00785009765625,0.7601316571235657,0.34272193908691406,-0.1573835015296936
1749220227799840300,3.01784033203125,0.34573209285736084,0.17074431478977203,-0.24413862824440002
1749220227809831400,3.02783154296875,0.12652838230133057,-0.32170960307121277,-0.047569382935762405
1749220227819822300,3.037822265625,0.20018449425697327,-0.4914802610874176,0.03811196610331535
1749220227829813200,3.047813232421875,0.18351736664772034,-0.37184199690818787,-0.09532997757196426
1749220227839803100,3.05780322265625,0.2163940817117691,-0.22385519742965698,-0.21635547280311584
1749220227849794300,3.067794189453125,0.33712369203567505,-0.10248216986656189,-0.286690890789032
1749220227859785200,3.07778515625,0.4518473446369171,-0.073811374604702,-0.3082904517650604
1749220227869776100,3.087776123046875,0.42476487159729004,-0.08996051549911499,-0.3628019094467163
1749220227879767300,3.097767333984375,0.4378623068332672,-0.19011667370796204,-0.4017817974090576
1749220227889757400,3.10775732421875,0.5593913793563843,-0.19842441380023956,-0.43375810980796814
1749220227899748400,3.117748291015625,0.6085461378097534,-0.12989301979541779,-0.5034897923469543
1749220227909739300,3.1277392578125,0.5768374800682068,-0.16300968825817108,-0.5533055067062378
1749220227919730200,3.137730224609375,0.5551617741584778,-0.22758468985557556,-0.5818256139755249
1749220227929721300,3.147721435546875,0.5671089887619019,-0.18192000687122345,-0.6225157380104065
1749220227939711200,3.157711181640625,0.6309670209884644,-0.06337258219718933,-0.6036712527275085
1749220227949702100,3.1677021484375,0.6679072380065918,-0.18543270230293274,-0.6094215512275696
1749220227959693300,3.177693359375,0.7040963768959045,-0.07355064898729324,-0.5278931260108948
1749220227969684500,3.1876845703125,0.5981693863868713,-0.11492738127708435,-0.5750616788864136
1749220227979675400,3.19767529296875,0.6645143628120422,0.051233891397714615,-0.6282945871353149
1749220227989665300,3.207665283203125,0.75151127576828,0.27345097064971924,-0.7184196710586548
1749220227999656200,3.21765625,0.6260473728179932,-0.024867532774806023,-0.6580186486244202
1749220228009647400,3.2276474609375,0.5802181363105774,-0.2890680134296417,-0.5195377469062805
1749220228019638300,3.23763818359375,0.5847635865211487,-0.06651671230792999,-0.4542441964149475
1749220228029629200,3.247629150390625,0.6416705250740051,0.13063816726207733,-0.501056432723999
1749220228039619300,3.257619384765625,0.7638952732086182,0.17074990272521973,-0.630607008934021
1749220228049610500,3.267610595703125,0.7026830315589905,0.17530576884746552,-0.7414945960044861
1749220228059601400,3.277601318359375,0.575392484664917,0.07064620405435562,-0.7995709776878357
1749220228069592300,3.28759228515625,0.42903977632522583,0.10749556869268417,-0.854921281337738
1749220228079583200,3.297583251953125,0.19204533100128174,0.21638689935207367,-0.8967201709747314
1749220228089573400,3.307573486328125,0.22732077538967133,-0.3515774607658386,-0.9283574223518372
1749220228099564300,3.317564208984375,0.15420635044574738,-0.41399824619293213,-0.860291063785553
1749220228109555200,3.32755517578125,0.03406449407339096,-0.2451447695493698,-0.8034927248954773
1749220228119546000,3.337546142578125,-0.027652932330965996,0.11342988908290863,-0.7547414302825928
1749220228129537300,3.347537353515625,-0.03470737859606743,0.19899752736091614,-0.6136434674263
1749220228139527400,3.35752734375,-0.11529942601919174,0.047501739114522934,-0.46553361415863037
1749220228149518300,3.367518310546875,-0.16446350514888763,0.16714611649513245,-0.3469308018684387
1749220228159509200,3.37750927734375,-0.15530437231063843,-0.006955377757549286,-0.21662098169326782
1749220228169500400,3.38750048828125,-0.10968282073736191,0.049488723278045654,-0.09969863295555115
1749220228179491300,3.3974912109375,-0.07493815571069717,-0.036457609385252,-0.008547947742044926
1749220228189481000,3.40748095703125,-0.11660517752170563,-0.17385941743850708,0.04625751078128815
1749220228199471900,3.417471923828125,-0.09142791479825974,-0.2316577285528183,0.0915038138628006
1749220228209463000,3.427463134765625,-0.10297698527574539,-0.3106873035430908,0.10363052040338516
1749220228219454000,3.437453857421875,-0.0915520191192627,-0.36865338683128357,0.07274024933576584
1749220228229444900,3.44744482421875,-0.13209012150764465,-0.3859029710292816,0.09259144961833954
1749220228239435000,3.45743505859375,-0.29117217659950256,-0.43102142214775085,0.05362940579652786
1749220228249426200,3.46742626953125,-0.3278990387916565,-0.43786361813545227,0.038180675357580185
1749220228259417000,3.4774169921875,-0.2603314518928528,-0.3455643355846405,0.0938737615942955
1749220228269408000,3.487407958984375,-0.18806737661361694,-0.0809643566608429,0.10398152470588684
1749220228279398000,3.49739794921875,-0.009739712812006474,-0.18789826333522797,0.15828551352024078
1749220228289389000,3.50738916015625,0.12883467972278595,-0.013353888876736164,0.24538658559322357
1749220228299380000,3.5173798828125,0.6768540740013123,0.6324759721755981,0.34175440669059753
1749220228309371000,3.527370849609375,0.9362829923629761,1.218558430671692,0.17693962156772614
1749220228319362000,3.537362060546875,1.1188355684280396,0.8530035614967346,-0.02311783656477928
1749220228329352200,3.547352294921875,1.1089913845062256,0.5170231461524963,-0.12616592645645142
1749220228339343000,3.557343017578125,0.8999117016792297,0.4172116219997406,-0.131016343832016
1749220228349334000,3.567333984375,0.6456801891326904,0.42166706919670105,-0.08379476517438889
1749220228359325000,3.577324951171875,0.43842315673828125,0.4422155022621155,-0.030767766758799553
1749220228369316000,3.587316162109375,0.23329024016857147,0.48733076453208923,0.022362830117344856
1749220228379306000,3.597305908203125,-0.03628423810005188,0.588997483253479,0.08217769116163254
1749220228389297000,3.607296875,-0.30396363139152527,0.649151623249054,0.1502305120229721
1749220228399288000,3.6172880859375,-0.429887980222702,0.49277082085609436,0.22863318026065826
1749220228409279200,3.627279296875,-0.4986220598220825,0.1666286587715149,0.24531282484531403
1749220228419270100,3.637270263671875,-0.4903537333011627,-0.038188133388757706,0.030977623537182808
1749220228429260000,3.647260009765625,-0.4303061068058014,0.008754076436161995,-0.1710151582956314
1749220228439251000,3.6572509765625,-0.22496093809604645,-0.035653866827487946,-0.254599004983902
1749220228449242000,3.6672421875,-0.004700745455920696,0.04704820364713669,-0.20923550426959991
1749220228459233000,3.67723291015625,0.18400658667087555,0.15773716568946838,-0.0947968140244484
1749220228469224000,3.687223876953125,0.28758224844932556,0.23841017484664917,0.024587102234363556
1749220228479214000,3.697214111328125,0.15438398718833923,0.2004726380109787,0.14956659078598022
1749220228489205200,3.707205322265625,-0.15157487988471985,0.12221565842628479,0.2614116370677948
1749220228499196200,3.717196044921875,-0.41420063376426697,-0.3286527097225189,0.17881369590759277
1749220228509187000,3.72718701171875,-0.5249087810516357,-0.24927613139152527,-0.07759545743465424
1749220228519177000,3.737177001953125,-0.449648380279541,0.03232118859887123,-0.25690796971321106
1749220228529168100,3.747168212890625,-0.27354446053504944,0.2407127469778061,-0.22976528108119965
1749220228539159000,3.757158935546875,-0.08759056776762009,0.34064438939094543,-0.12775316834449768
1749220228549150000,3.76714990234375,0.10852514207363129,0.5100196003913879,-0.08232203871011734
1749220228559140900,3.777140869140625,0.2703012526035309,0.3559815585613251,-0.3949025869369507
1749220228569131000,3.787131103515625,0.2799578905105591,0.6145731806755066,-0.47994691133499146
1749220228579122200,3.7971220703125,0.1978909820318222,0.49501851201057434,-0.4916195273399353
1749220228589113000,3.807113037109375,0.116054967045784,0.30888301134109497,-0.4007689952850342
1749220228599104000,3.81710400390625,0.09772869199514389,0.11707255989313126,-0.23793692886829376
1749220228609095200,3.82709521484375,0.03883235156536102,0.24769821763038635,0.0009704558760859072
1749220228619085000,3.8370849609375,-0.15267929434776306,-0.15734247863292694,0.07418954372406006
1749220228629076000,3.847075927734375,-0.2621426582336426,-0.47504881024360657,-0.008598282001912594
1749220228639067000,3.85706689453125,-0.17746134102344513,-0.38745877146720886,-0.13832351565361023
1749220228649058000,3.86705810546875,-0.20622827112674713,0.010627077892422676,-0.17411907017230988
1749220228659049000,3.877049072265625,-0.25071263313293457,-0.14412015676498413,-0.13047918677330017
1749220228669039000,3.8870390625,-0.21250773966312408,-0.3702864348888397,-0.03467675298452377
1749220228679030000,3.897030029296875,-0.14760038256645203,-0.22602088749408722,0.001121723442338407
1749220228689021200,3.907021240234375,-0.06107853353023529,-0.13950729370117188,0.0075908079743385315
1749220228699012000,3.91701220703125,-0.0629560649394989,0.2086898237466812,-0.0030682277865707874
1749220228709003000,3.9270029296875,-0.09700297564268112,0.07817229628562927,-0.03509513661265373
1749220228718993000,3.936992919921875,-0.18210962414741516,0.04050907492637634,-0.03206925466656685
1749220228728984000,3.946984130859375,-0.27205175161361694,-0.02774294838309288,-0.011986355297267437
1749220228738975000,3.95697509765625,-0.3267379105091095,0.057437725365161896,-0.015724102035164833
1749220228748966000,3.9669658203125,-0.33319127559661865,0.15022198855876923,0.025058215484023094
1749220228758957000,3.97695703125,-0.2759423553943634,-0.2779224216938019,0.07748173922300339
1749220228768947200,3.986947265625,-0.2617109715938568,-0.03993809595704079,0.06790128350257874
1749220228778938000,3.996938232421875,-0.1436048299074173,-0.4237680435180664,0.12771402299404144
1749220228788929000,4.006928955078125,-0.11939803510904312,-0.589153528213501,0.18567799031734467
1749220228798920000,4.016919921875,-0.11471246927976608,-0.14190040528774261,0.06664986908435822
1749220228808910000,4.02691015625,0.0037976677995175123,-0.15567640960216522,-0.1571270376443863
1749220228818901000,4.03690087890625,-0.0027238810434937477,0.1937638819217682,-0.35611602663993835
1749220228828892000,4.046891845703125,0.13892193138599396,0.35430002212524414,-0.3085003197193146
1749220228838882800,4.0568828125,0.3156551718711853,-0.1430325210094452,0.021495172753930092
1749220228848874000,4.0668740234375,0.18923090398311615,-0.10447154939174652,0.16550719738006592
1749220228858864000,4.076864013671875,0.2372032254934311,0.17269854247570038,0.077976293861866
1749220228868855000,4.08685498046875,0.3420686721801758,0.2715151309967041,0.01739177294075489
1749220228878846000,4.096845947265625,0.23740935325622559,0.2136494368314743,-0.15452219545841217
1749220228888837000,4.106837158203125,0.11341258138418198,0.17617076635360718,-0.2225790172815323
1749220228898828000,4.116828125,0.08860097080469131,0.1585789918899536,-0.18281349539756775
1749220228908818000,4.12681787109375,0.02377403900027275,0.16624650359153748,-0.07557918131351471
1749220228918808800,4.136808837890625,0.012233230285346508,-0.060091834515333176,0.06700246781110764
1749220228928800000,4.146800048828125,-0.09297388046979904,0.06258535385131836,0.06151316314935684
1749220228938791000,4.156791015625,-0.0318484753370285,-0.023058980703353882,0.04240258410573006
1749220228948782000,4.166781982421875,0.006119411438703537,0.00866352953016758,-0.0294329896569252
1749220228958772000,4.17677197265625,0.06585358083248138,-0.19460463523864746,-0.09978651255369186
1749220228968763100,4.18676318359375,0.00714579364284873,-0.507698118686676,-0.04074609652161598
1749220228978754000,4.196754150390625,-0.2277655154466629,0.1168251559138298,-0.10604041814804077
1749220228988745000,4.206744873046875,-0.09156400710344315,-0.20456379652023315,-0.10578368604183197
1749220228998736100,4.216736083984375,-0.3197340667247772,-0.31568658351898193,-0.10582629591226578
1749220229008726000,4.22672607421875,-0.41119712591171265,-0.4690369963645935,-0.02533811330795288
1749220229018717000,4.236717041015625,-0.44036513566970825,-0.40826553106307983,-0.15238288044929504
1749220229028708000,4.2467080078125,-0.3622397184371948,-0.23272645473480225,-0.3549130856990814
1749220229038699300,4.25669921875,-0.2365502268075943,0.02653041109442711,-0.47230973839759827
1749220229048689200,4.266689208984375,-0.15171575546264648,0.11677828431129456,-0.42485034465789795
1749220229058680000,4.27668017578125,-0.08397746086120605,0.21700501441955566,-0.2783440053462982
1749220229068671000,4.2866708984375,-0.09291049838066101,0.29404202103614807,-0.2053435742855072
1749220229078662000,4.296661865234375,0.005721002817153931,-0.023979900404810905,-0.22256968915462494
1749220229088653000,4.306653076171875,-0.015542474575340748,0.16395804286003113,-0.2383667677640915
1749220229098643000,4.316642822265625,0.014217285439372063,0.18502578139305115,-0.22158432006835938
1749220229108634000,4.326634033203125,0.060921408236026764,0.04897233471274376,-0.18891772627830505
1749220229118625000,4.336625,0.021433120593428612,0.015450594946742058,-0.13063257932662964
1749220229128616200,4.3466162109375,0.022352976724505424,-0.331442654132843,0.0029856697656214237
1749220229138607000,4.356607177734375,0.012111257761716843,-0.3043348491191864,0.08512873947620392
1749220229148597000,4.366596923828125,0.07194609194993973,-0.22640889883041382,0.08526989072561264
1749220229158588000,4.376587890625,0.08070443570613861,-0.24538232386112213,0.06021513789892197
1749220229168579000,4.3865791015625,0.028375981375575066,-0.35309281945228577,0.045345909893512726
1749220229178570000,4.396570068359375,-0.01678883284330368,-0.43119773268699646,0.021502096205949783
1749220229188561000,4.406560791015625,-0.025245169177651405,-0.47723978757858276,0.0000673779723001644
1749220229198551000,4.416551025390625,-0.04472938925027847,-0.6792693138122559,0.019537748768925667
1749220229208542000,4.4265419921875,-0.11229485273361206,-0.7364140748977661,0.030349116772413254
1749220229218533000,4.436533203125,-0.14761503040790558,-0.5654125213623047,0.005942577496170998
1749220229228524000,4.44652392578125,-0.1455603986978531,-0.20188093185424805,-0.06285779178142548
1749220229238515000,4.456514892578125,-0.28940677642822266,-0.3759896159172058,-0.2217044234275818
1749220229248504800,4.4665048828125,-0.3491268455982208,-0.7067299485206604,-0.08283789455890656
1749220229258496000,4.47649609375,-0.1801505982875824,-0.39517608284950256,-0.005576925817877054
1749220229268487000,4.48648681640625,-0.15100842714309692,-0.42010006308555603,-0.08942335844039917
1749220229278477800,4.496477783203125,-0.12753266096115112,-0.5577093362808228,-0.09783627837896347
1749220229288468700,4.50646875,-0.045699045062065125,-0.5425298810005188,-0.041483260691165924
1749220229298459100,4.516459228515625,-0.005027248989790678,-0.5608761310577393,-0.037222202867269516
1749220229308450000,4.526449951171875,-0.07234370708465576,-0.6210121512413025,-0.0929536446928978
1749220229318441000,4.53644091796875,-0.27858075499534607,-1.2920118570327759,-0.16105200350284576
1749220229328431900,4.546431884765625,-0.2603098750114441,-0.8662226796150208,-0.1321156919002533
1749220229338422000,4.556422119140625,-0.11906300485134125,-0.15271657705307007,-0.20599737763404846
1749220229348413000,4.566412841796875,0.02616928517818451,0.11407623440027237,-0.2702951431274414
1749220229358403800,4.57640380859375,0.09644664078950882,0.12606126070022583,-0.22798550128936768
1749220229368394800,4.586394775390625,0.10623349249362946,0.18179243803024292,-0.15037459135055542
1749220229378386000,4.596385986328125,0.11386904120445251,-0.02327948994934559,-0.15050801634788513
1749220229388376000,4.6063759765625,0.23501437902450562,0.27230769395828247,-0.14595693349838257
1749220229398367000,4.616366943359375,0.3254185616970062,0.3132506012916565,-0.17348231375217438
1749220229408358000,4.62635791015625,0.36531245708465576,0.06457313150167465,-0.15353336930274963
1749220229418349000,4.63634912109375,0.2942523956298828,-0.010843326337635517,-0.10947296768426895
1749220229428340000,4.646340087890625,0.1433723419904709,-0.033238112926483154,-0.12755955755710602
1749220229438329900,4.656329833984375,0.1976718008518219,-0.044979725033044815,-0.0672496110200882
1749220229448320800,4.66632080078125,0.15925250947475433,0.06827625632286072,-0.07449261099100113
1749220229458312000,4.67631201171875,0.1259012073278427,-0.010038252919912338,-0.047623977065086365
1749220229468302800,4.686302734375,0.05368027091026306,0.17536808550357819,-0.03506903722882271
1749220229478294000,4.6962939453125,0.043957870453596115,0.0692879930138588,0.0006711165769957006
1749220229488284000,4.706283935546875,-0.01858513616025448,-0.1504715234041214,-0.021622205153107643
1749220229498275000,4.716275146484375,0.020201940089464188,0.061113953590393066,0.05252126604318619
1749220229508266000,4.726265869140625,0.021266939118504524,0.03561711683869362,0.018690863624215126
1749220229518257000,4.7362568359375,0.04827192425727844,-0.1001548320055008,0.0012993563432246447
1749220229528247800,4.746247802734375,0.043116845190525055,-0.04673608019948006,-0.0005044027348048985
1749220229538238000,4.756238037109375,-0.00047830372932367027,-0.07796883583068848,-0.006430734880268574
1749220229548228900,4.766228759765625,-0.05934401601552963,-0.08940684795379639,-0.010237723588943481
1749220229558220000,4.776219970703125,-0.04452086240053177,-0.23804931342601776,-0.05408960208296776
1749220229568211000,4.7862109375,-0.04891135171055794,-0.44542646408081055,0.0007901599165052176
1749220229578202000,4.7962021484375,-0.051662128418684006,-0.2743772268295288,-0.006642988882958889
1749220229588192000,4.80619189453125,0.05343632772564888,0.06594172865152359,-0.04344707727432251
1749220229598183000,4.816182861328125,0.07693206518888474,0.1654731184244156,-0.040520261973142624
1749220229608173800,4.826173828125,0.023071497678756714,0.05727500841021538,-0.014781609177589417
1749220229618165000,4.8361650390625,-0.05258491262793541,-0.1123822033405304,-0.015325160697102547
1749220229628156000,4.846156005859375,-0.0005917543894611299,-0.11092571914196014,-0.012521917000412941
1749220229638146000,4.85614599609375,0.028081169351935387,-0.06029476597905159,-0.016106531023979187
1749220229648137000,4.866136962890625,0.006027532275766134,-0.1109805777668953,-0.02305418625473976
1749220229658128100,4.876128173828125,-0.018136925995349884,-0.19721665978431702,-0.03418593481183052
1749220229668119000,4.886119140625,-0.026733342558145523,-0.2437671273946762,-0.039567913860082626
1749220229678110000,4.89610986328125,-0.01979154720902443,-0.23698697984218597,-0.04866713657975197
1749220229688099800,4.906099853515625,-0.014031662605702877,-0.1887238472700119,-0.05957118421792984
1749220229698091000,4.916091064453125,-0.008329036645591259,-0.1472373902797699,-0.07011863589286804
1749220229708082000,4.92608203125,-0.00914209894835949,-0.11160589009523392,-0.06819716095924377
1749220229718072800,4.93607275390625,-0.01600746251642704,-0.0862153097987175,-0.066134013235569
1749220229728063000,4.94606298828125,-0.02516021393239498,-0.066414974629879,-0.06939132511615753
1749220229738054100,4.95605419921875,-0.03568076714873314,-0.03509407117962837,-0.06784376502037048
1749220229748045000,4.966045166015625,-0.03882782161235809,-0.0009832390351220965,-0.06067000329494476
1749220229758036000,4.976035888671875,-0.05149035528302193,0.016653278842568398,-0.044911015778779984
1749220229768027000,4.98602685546875,-0.07731476426124573,0.03050944022834301,-0.012049738317728043
1749220229778017000,4.99601708984375,-0.12087768316268921,0.08896476030349731,0.033785928040742874
1749220229788008000,5.006008056640625,-0.19048765301704407,0.21551871299743652,0.08538014441728592
1749220229797998800,5.015998779296875,0.012324044480919838,-0.5497222542762756,0.029333654791116714
1749220229807989800,5.02598974609375,0.16738472878932953,-0.7246351838111877,0.014900386333465576
1749220229817981000,5.03598095703125,-0.0005696501466445625,-0.5064019560813904,0.10212770104408264
1749220229827971000,5.04597119140625,-0.019418971613049507,-0.5559319257736206,0.093124620616436
1749220229837962000,5.0559619140625,-0.05488641932606697,-0.44380539655685425,0.077901192009449
1749220229847953000,5.065952880859375,-0.0954492911696434,-0.12065264582633972,0.0850730836391449
1749220229857944000,5.075944091796875,-0.07151279598474503,0.09690897166728973,0.06676331907510757
1749220229867935000,5.08593505859375,-0.0733056366443634,0.15136314928531647,0.05914081633090973
1749220229877924900,5.0959248046875,-0.09492145478725433,0.13767504692077637,0.07090852409601212
1749220229887915800,5.105915771484375,-0.0967281386256218,0.08510051667690277,0.0780591145157814
1749220229897907000,5.115906982421875,-0.08553726971149445,0.004113784991204739,0.07476159185171127
1749220229907897900,5.12589794921875,-0.07054154574871063,-0.0921243354678154,0.07201826572418213
1749220229917888800,5.135888671875,-0.05874480679631233,-0.15096527338027954,0.06993141025304794
1749220229927879000,5.14587890625,-0.06094670668244362,-0.1416894942522049,0.06101275235414505
1749220229937870000,5.1558701171875,-0.06395527720451355,-0.09876252710819244,0.04778802767395973
1749220229947861000,5.165861083984375,-0.05951765552163124,-0.04864077270030975,0.03504107519984245
1749220229957852000,5.175851806640625,-0.05884360894560814,-0.011598332785069942,0.025413481518626213
1749220229967843000,5.185843017578125,-0.05650215968489647,0.00028282770654186606,0.01882455311715603
1749220229977833000,5.1958330078125,-0.05206666141748428,-0.011349593289196491,0.01248303521424532
1749220229987823900,5.205823974609375,-0.04333948343992233,-0.022333800792694092,0.0014381069922819734
1749220229997814800,5.215814697265625,-0.0419948548078537,-0.03810424357652664,-0.004518318921327591
1749220230007806000,5.225805908203125,-0.03604588657617569,-0.05059367045760155,-0.007522630970925093
1749220230017797000,5.235797119140625,-0.03720196336507797,-0.05313778668642044,-0.009760485030710697
1749220230027787000,5.245787109375,-0.03357447311282158,-0.04996649548411369,-0.010812168009579182
1749220230037778000,5.25577783203125,-0.034876491874456406,-0.038907717913389206,-0.009163937531411648
1749220230047768800,5.265768798828125,-0.03604695200920105,-0.027694744989275932,-0.007102916948497295
1749220230057760000,5.275760009765625,-0.03695109486579895,-0.021274928003549576,-0.004312989301979542
1749220230067751000,5.2857509765625,-0.0379822701215744,-0.012675581499934196,-0.00571833923459053
1749220230077740800,5.29574072265625,-0.037764422595500946,-0.010981012135744095,-0.007412109989672899
1749220230087731700,5.305731689453125,-0.03612498193979263,-0.014053234830498695,-0.005683718249201775
1749220230097723000,5.315722900390625,-0.03668664023280144,-0.016403740271925926,-0.002570749493315816
1749220230107714000,5.325714111328125,-0.036485038697719574,-0.017055416479706764,-0.001773132593370974
1749220230117705000,5.335705078125,-0.035165976732969284,-0.011118165217339993,0.0015425028977915645
1749220230127694800,5.34569482421875,-0.03178615868091583,-0.009823868982493877,0.005559348501265049
1749220230137686000,5.35568603515625,-0.03470658138394356,-0.00401578051969409,0.008650213479995728
1749220230147677000,5.365677001953125,-0.03785097599029541,-0.000028762138754245825,0.017712417989969254
1749220230157667800,5.375667724609375,-0.03930586203932762,0.014616759493947029,0.021463213488459587
1749220230167659000,5.385658935546875,-0.0423104390501976,0.031122500076889992,0.029078256338834763
1749220230177649000,5.39564892578125,-0.04375334084033966,0.04581009969115257,0.039688289165496826
1749220230187639600,5.4056396484375,-0.04911774396896362,0.05414712429046631,0.05011243373155594
1749220230197630700,5.415630615234375,-0.05254523456096649,0.060998108237981796,0.062257248908281326
1749220230207621600,5.42562158203125,-0.0542222261428833,0.07152105122804642,0.08178940415382385
1749220230217612500,5.435612548828125,-0.06119438260793686,0.08048232644796371,0.09372010082006454
1749220230227602400,5.4456025390625,-0.06246417760848999,0.09185295552015305,0.11286982893943787
1749220230237593600,5.455593505859375,-0.06513266265392303,0.11063836514949799,0.13200144469738007
1749220230247584500,5.46558447265625,-0.06964166462421417,0.12295202165842056,0.14416836202144623
1749220230257575400,5.475575439453125,-0.0680118054151535,0.13376152515411377,0.15550677478313446
1749220230267566600,5.485566650390625,-0.06748050451278687,0.1297244429588318,0.1673991084098816
1749220230277556700,5.495556640625,-0.06246577575802803,0.11981774866580963,0.1735435575246811
1749220230287547600,5.505547607421875,-0.06022712215781212,0.10525025427341461,0.17716412246227264
1749220230297538600,5.51553857421875,-0.05246267467737198,0.0933174267411232,0.1838316172361374
1749220230307529700,5.52552978515625,-0.048356615006923676,0.07674404978752136,0.18766391277313232
1749220230317519600,5.53551953125,-0.043542683124542236,0.06024789437651634,0.1876460611820221
1749220230327510500,5.545510498046875,-0.034390997141599655,0.05207065865397453,0.19319209456443787
1749220230337501400,5.55550146484375,-0.027881965041160583,0.04689720273017883,0.19103893637657166
1749220230347492400,5.565492431640625,-0.02426113188266754,0.04626043885946274,0.18776856362819672
1749220230357483500,5.5754833984375,-0.01823466457426548,0.047691356390714645,0.18729612231254578
1749220230367473700,5.5854736328125,-0.01426655426621437,0.05191699415445328,0.18489421904087067
1749220230377464600,5.595464599609375,-0.010301905684173107,0.04778802767395973,0.18586547672748566
1749220230387455500,5.60545556640625,0.0005768407136201859,0.043104059994220734,0.18191839754581451
1749220230397446700,5.61544677734375,0.010700315237045288,0.03887123242020607,0.17886722087860107
1749220230407437600,5.6254375,0.019513513892889023,0.041072070598602295,0.18154476583003998
1749220230417427500,5.635427490234375,0.018801383674144745,0.04675765335559845,0.17874976992607117
1749220230427418400,5.64541845703125,0.02257508412003517,0.06478725373744965,0.1723129153251648
1749220230437409500,5.655409423828125,0.029341110959649086,0.09265057742595673,0.1668534278869629
1749220230447400400,5.665400390625,0.029606893658638,0.1233522966504097,0.16446776688098907
1749220230457391600,5.6753916015625,0.03121757321059704,0.13750939071178436,0.16026024520397186
1749220230467381500,5.685381591796875,0.03508927673101425,0.1492142528295517,0.1574314385652542
1749220230477372700,5.69537255859375,0.042331479489803314,0.15227928757667542,0.15840615332126617
1749220230487363600,5.705363525390625,0.04887406527996063,0.15399675071239471,0.15629932284355164
1749220230497354500,5.7153544921875,0.05246187746524811,0.156439408659935,0.1562042534351349
1749220230507345700,5.725345703125,0.06338056921958923,0.15538612008094788,0.15401965379714966
1749220230517335600,5.73533544921875,0.07427529245615005,0.1613614559173584,0.1555166244506836
1749220230527326500,5.745326416015625,0.08062693476676941,0.17862913012504578,0.15321698784828186
1749220230537317600,5.755317626953125,0.08985079079866409,0.19288583099842072,0.14852316677570343
1749220230547308800,5.765308837890625,0.10059665143489838,0.19675567746162415,0.14683711528778076
1749220230557299700,5.7752998046875,0.10450270771980286,0.21164380013942719,0.14765258133411407
1749220230567289600,5.78528955078125,0.10893527418375015,0.2362562119960785,0.15094023942947388
1749220230577280500,5.795280517578125,0.12043692916631699,0.27395299077033997,0.15284307301044464
1749220230587271700,5.805271728515625,0.1334880143404007,0.30327731370925903,0.1580895036458969
1749220230597262600,5.8152626953125,0.14383040368556976,0.3118281960487366,0.17009051144123077
1749220230607253500,5.82525341796875,0.15039430558681488,0.287361741065979,0.1827828586101532
1749220230617243600,5.83524365234375,0.14615242183208466,0.2278781682252884,0.2009967565536499
1749220230627234600,5.845234619140625,0.15397357940673828,0.15873931348323822,0.22379182279109955
1749220230637225700,5.855225830078125,0.16125573217868805,0.1186550110578537,0.2508111894130707
1749220230647216600,5.865216552734375,0.15992654860019684,0.09116053581237793,0.2803821265697479
1749220230657207600,5.87520751953125,0.14333772659301758,0.05910859256982803,0.31725946068763733
1749220230667197400,5.885197509765625,0.1260221153497696,0.022790001705288887,0.36449727416038513
1749220230677188600,5.895188720703125,0.10923594236373901,-0.007143396884202957,0.4261148273944855
1749220230687179500,5.905179443359375,0.08910750597715378,-0.054297592490911484,0.49917998909950256
1749220230697170400,5.91517041015625,0.0533582977950573,-0.055256862193346024,0.5473496317863464
1749220230707161600,5.92516162109375,0.028977856040000916,-0.035477567464113235,0.577858030796051
1749220230717151700,5.93515185546875,0.03824964910745621,-0.1278546303510666,0.6292977929115295
1749220230727142700,5.945142578125,0.02696610428392887,-0.15649427473545074,0.6757563352584839
1749220230737133600,5.955133544921875,0.007809187285602093,-0.02431412786245346,0.6116519570350647
1749220230747124700,5.965124755859375,0.03624322637915611,0.09370944648981094,0.5079787969589233
1749220230757115600,5.97511572265625,0.08105623722076416,0.24935948848724365,0.46915924549102783
1749220230767105500,5.98510546875,0.11306264251470566,0.31470975279808044,0.4282781183719635
1749220230777096400,5.995096435546875,0.1634501814842224,0.2543278932571411,0.4161471426486969
1749220230787087600,6.005087646484375,0.19699135422706604,0.06483358889818192,0.42998385429382324
1749220230797078500,6.01507861328125,0.25289857387542725,-0.25049346685409546,0.4513176381587982
1749220230807069400,6.0250693359375,0.28108200430870056,-0.3362842798233032,0.5190966725349426
1749220230817059600,6.0350595703125,0.2587963938713074,-0.3652416169643402,0.5194671154022217
1749220230827050800,6.04505078125,0.31110328435897827,-0.4838787913322449,0.6129227876663208
1749220230837041700,6.055041748046875,0.3254571855068207,-0.6473550796508789,0.6816352605819702
1749220230847032600,6.065032470703125,0.29131919145584106,-0.6522475481033325,0.7122278213500977
1749220230857023500,6.0750234375,0.29162225127220154,-0.5424312949180603,0.7396770119667053
1749220230867013400,6.085013427734375,0.3017747700214386,-0.372692346572876,0.7681704163551331
1749220230877004500,6.095004638671875,0.2410522997379303,-0.20094908773899078,0.780423104763031
1749220230886995500,6.104995361328125,0.16430585086345673,-0.04069177061319351,0.7915886640548706
1749220230896986400,6.114986328125,0.14322294294834137,0.11590609699487686,0.8063231706619263
1749220230906977500,6.1249775390625,0.14208097755908966,0.22932294011116028,0.8089924454689026
1749220230916967700,6.1349677734375,0.13834509253501892,0.2459743469953537,0.8109378814697266
1749220230926958600,6.14495849609375,0.134266197681427,0.1836012601852417,0.8186479806900024
1749220230936949500,6.154949462890625,0.157597616314888,0.1463654637336731,0.8034090995788574
1749220230946940700,6.164940673828125,0.18913477659225464,0.1808941513299942,0.7958627939224243
1749220230956931600,6.174931640625,0.215877965092659,0.24713627994060516,0.7752366065979004
1749220230966921500,6.18492138671875,0.2256467044353485,0.3459171950817108,0.7445511221885681
1749220230976912400,6.194912353515625,0.2331288605928421,0.4528510868549347,0.7108429670333862
1749220230986903600,6.204903564453125,0.22507226467132568,0.5518003106117249,0.6878281831741333
1749220230996894700,6.214894775390625,0.20014721155166626,0.6497593522071838,0.6589848399162292
1749220231006885600,6.2248857421875,0.16882416605949402,0.7147218585014343,0.6245213747024536
1749220231016875500,6.23487548828125,0.1456727832555771,0.7081081867218018,0.5891860127449036
1749220231026866700,6.24486669921875,0.12333604693412781,0.5681896805763245,0.5556403398513794
1749220231036857600,6.254857666015625,0.08433112502098083,0.40864449739456177,0.5711801648139954
1749220231046848500,6.2648486328125,0.05378972738981247,0.0657113716006279,0.578463077545166
1749220231056839400,6.27483935546875,0.03338352218270302,-0.0727173462510109,0.5661553144454956
1749220231066829600,6.28482958984375,0.008346347138285637,-0.1395712047815323,0.6025660037994385
1749220231076820700,6.29482080078125,-0.03368259593844414,-0.15942427515983582,0.6306732892990112
1749220231086811600,6.304811767578125,-0.07538929581642151,-0.13874216377735138,0.671495795249939
1749220231096802600,6.314802490234375,-0.11125434935092926,-0.09675503522157669,0.7131982445716858
1749220231106793700,6.324793701171875,-0.15054476261138916,-0.045703038573265076,0.75494384765625
1749220231116783600,6.33478369140625,-0.17745333909988403,0.007075752597302198,0.7877406477928162
1749220231126774500,6.3447744140625,-0.21110478043556213,0.10110051929950714,0.8154383301734924
1749220231136765400,6.354765380859375,-0.22260218858718872,0.1280788779258728,0.8181837797164917
1749220231146756600,6.364756591796875,-0.22393189370632172,0.15637442469596863,0.8168732523918152
1749220231156747500,6.37474755859375,-0.22746911644935608,0.16253724694252014,0.8331902027130127
1749220231166737700,6.384737548828125,-0.23939581215381622,0.1539996862411499,0.8453762531280518
1749220231176728600,6.394728515625,-0.24564971029758453,0.16211088001728058,0.8546051979064941
1749220231186720300,6.40472021484375,-0.2745242416858673,0.28816014528274536,0.8836850523948669
1749220231196711200,6.414711181640625,-0.28687092661857605,0.20731617510318756,0.8968205451965332
1749220231206702300,6.424702392578125,-0.2848586440086365,0.1979261338710785,0.8559826016426086
1749220231216692200,6.434692138671875,-0.3008301556110382,0.19746939837932587,0.8936934471130371
1749220231226683100,6.44468310546875,-0.32671046257019043,0.16507390141487122,0.9166355133056641
1749220231236674000,6.454674072265625,-0.35227441787719727,0.15642289817333221,0.9431784749031067
1749220231246665200,6.464665283203125,-0.3783954977989197,0.19418412446975708,0.9706644415855408
1749220231256656100,6.47465625,-0.4013189375400543,0.24470216035842896,1.0052828788757324
1749220231266646300,6.484646240234375,-0.41474658250808716,0.2891441881656647,1.0338490009307861
1749220231276637200,6.49463720703125,-0.4282304346561432,0.3236832618713379,1.0236018896102905
1749220231286628400,6.50462841796875,-0.4359498918056488,0.36387330293655396,1.0127536058425903
1749220231296619300,6.514619384765625,-0.43262678384780884,0.4081651270389557,0.9973410367965698
1749220231306610200,6.524610107421875,-0.4197075366973877,0.34416908025741577,0.9702050089836121
1749220231316600000,6.53460009765625,-0.38916826248168945,0.1811298429965973,0.9889110922813416
1749220231326591200,6.54459130859375,-0.3753722906112671,-0.045689456164836884,1.0091936588287354
1749220231336582100,6.55458203125,-0.37654462456703186,-0.24987241625785828,1.0445815324783325
1749220231346573000,6.564572998046875,-0.38412076234817505,-0.4201466739177704,1.0871620178222656
1749220231356564000,6.57456396484375,-0.4012371599674225,-0.46216443181037903,1.112031102180481
1749220231366554400,6.584554443359375,-0.4119119346141815,-0.4373997151851654,1.1047662496566772
1749220231376545300,6.594545166015625,-0.4194342792034149,-0.39783233404159546,1.0775322914123535
1749220231386536200,6.6045361328125,-0.41745927929878235,-0.44223546981811523,1.0489450693130493
1749220231396527000,6.614527099609375,-0.3966863751411438,-0.6100577712059021,1.0513899326324463
1749220231406517200,6.624517333984375,-0.3829977214336395,-0.8729578256607056,1.0385515689849854
1749220231416508200,6.634508056640625,-0.40047869086265564,-1.0660489797592163,1.0523509979248047
1749220231426499000,6.6444990234375,-0.42443597316741943,-1.1352757215499878,1.0658806562423706
1749220231436490000,6.654489990234375,-0.4719102680683136,-1.1039141416549683,1.0836575031280518
1749220231446481200,6.664481201171875,-0.5779173970222473,-1.0317094326019287,1.120086908340454
1749220231456471300,6.67447119140625,-0.6820520758628845,-0.9718210101127625,1.1738628149032593
1749220231466462200,6.684462158203125,-0.7691518068313599,-0.9441366791725159,1.2429044246673584
1749220231476453000,6.694453125,-0.8398086428642273,-0.975957453250885,1.3323845863342285
1749220231486444300,6.7044443359375,-0.89488685131073,-1.0455067157745361,1.409031867980957
1749220231496435200,6.714435302734375,-0.9271872639656067,-1.1589148044586182,1.4898492097854614
1749220231506425000,6.724425048828125,-1.0419455766677856,-1.3041476011276245,1.4893277883529663
1749220231516416000,6.734416015625,-1.2738200426101685,-1.3891801834106445,1.6093977689743042
1749220231526407200,6.7444072265625,-1.157061219215393,-1.2880653142929077,1.8351211547851562
1749220231536398000,6.754398193359375,-1.0015616416931152,-1.3585407733917236,1.9047402143478394
1749220231546389000,6.764388916015625,-1.2311692237854004,-1.6917831897735596,1.9366108179092407
1749220231556379100,6.774379150390625,-1.4347444772720337,-2.1540777683258057,2.097158432006836
1749220231566370300,6.784370361328125,-1.5088698863983154,-2.6731960773468018,2.1299304962158203
1749220231576361200,6.794361328125,-1.563185214996338,-2.8797740936279297,2.130577564239502
1749220231586352000,6.80435205078125,-1.6659404039382935,-2.7667672634124756,2.1897928714752197
1749220231596343000,6.814343017578125,-1.827150583267212,-2.6166224479675293,2.200800895690918
1749220231606333200,6.824333251953125,-2.1072490215301514,-2.3472540378570557,2.219010829925537
1749220231616324000,6.834323974609375,-2.4552605152130127,-1.6496844291687012,2.222477436065674
1749220231626315000,6.84431494140625,-2.6327693462371826,-0.493211030960083,2.119828701019287
1749220231636306000,6.854305908203125,-2.497938394546509,0.8384310007095337,1.8372594118118286
1749220231646297300,6.86429736328125,-2.1648638248443604,1.7795045375823975,1.5364607572555542
1749220231656287200,6.874287353515625,-1.8032889366149902,1.8343544006347656,1.4780552387237549
1749220231666278100,6.884278076171875,-1.6694824695587158,1.5612214803695679,1.7990872859954834
1749220231676269000,6.89426904296875,-1.7930480241775513,1.5632158517837524,1.8835246562957764
1749220231686260200,6.90426025390625,-1.8379724025726318,1.5848772525787354,1.1654664278030396
1749220231696251100,6.914251220703125,-1.3519870042800903,1.0728528499603271,0.5929341912269592
1749220231706241000,6.924240966796875,-0.7369030714035034,0.3732313811779022,0.675750195980072
1749220231716232000,6.93423193359375,-0.36413562297821045,-0.39038851857185364,0.1676127016544342
1749220231726223000,6.94422314453125,0.037388384342193604,-1.1976603269577026,-0.280492901802063
1749220231736214300,6.95421435546875,0.3652131259441376,-1.7239118814468384,-0.35488831996917725
1749220231746205200,6.964205078125,0.5611546635627747,-1.725089430809021,-0.6022530794143677
1749220231756195000,6.974195068359375,0.8153677582740784,-1.307490587234497,-1.062121868133545
1749220231766186200,6.984186279296875,1.191078782081604,-0.8699785470962524,-1.3584486246109009
1749220231776177200,6.99417724609375,1.5851680040359497,-0.5596004724502563,-1.5749967098236084
1749220231786168000,7.00416796875,1.9118343591690063,-0.3095261752605438,-1.8594081401824951
1749220231796159200,7.0141591796875,2.2492544651031494,-0.1521061807870865,-2.1452600955963135
1749220231806149000,7.024149169921875,2.5864102840423584,-0.07419433444738388,-2.3151493072509766
1749220231816140300,7.034140380859375,2.869039297103882,0.02353009395301342,-2.5324792861938477
1749220231826131200,7.044131103515625,3.1485698223114014,0.052917275577783585,-2.8617889881134033
1749220231836122400,7.054122314453125,3.4249143600463867,-0.10230293869972229,-3.0382497310638428
1749220231846113300,7.06411328125,3.6342148780822754,-0.4274541437625885,-3.204573631286621
1749220231856103200,7.074103271484375,3.7946090698242188,-0.8376957178115845,-3.3823957443237305
1749220231866094000,7.084093994140625,3.9124505519866943,-1.2623953819274902,-3.508366823196411
1749220231876085000,7.0940849609375,3.9839580059051514,-1.5795232057571411,-3.5967185497283936
1749220231886076200,7.104076171875,4.032939910888672,-1.6715303659439087,-3.676381826400757
1749220231896067000,7.114067138671875,4.067096710205078,-1.4395637512207031,-3.7882204055786133
1749220231906057200,7.12405712890625,4.070049285888672,-0.9433819055557251,-3.94568133354187
1749220231916048100,7.134048095703125,4.018036842346191,-0.2622840702533722,-4.0896806716918945
1749220231926039300,7.144039306640625,3.8722281455993652,0.5216258764266968,-4.2847700119018555
1749220231936030200,7.1540302734375,3.6843090057373047,1.2267886400222778,-4.508889675140381
1749220231946020000,7.16402001953125,3.475823402404785,1.805625557899475,-4.73373556137085
1749220231956011000,7.174010986328125,3.247281074523926,2.2970786094665527,-4.936033725738525
1749220231966002200,7.184002197265625,2.9926652908325195,2.673311233520508,-5.081190586090088
1749220231975993000,7.1939931640625,2.7224059104919434,2.910032272338867,-5.154062271118164
1749220231985984000,7.20398388671875,2.463231086730957,3.041705369949341,-5.090419292449951
1749220231995975200,7.21397509765625,2.2394418716430664,3.1678402423858643,-4.971917152404785
1749220232005965300,7.22396533203125,2.1161019802093506,3.241652011871338,-4.76509952545166
1749220232015956200,7.233956298828125,2.0512354373931885,3.063765287399292,-4.318990707397461
1749220232025947100,7.243947021484375,1.9248780012130737,2.710163116455078,-3.7146029472351074
1749220232035938300,7.253938232421875,1.7163453102111816,2.3179352283477783,-3.226428270339966
1749220232045929200,7.26392919921875,1.3621858358383179,1.619030475616455,-2.7044546604156494
1749220232055919000,7.273919189453125,0.8223369717597961,0.506207287311554,-1.4500714540481567
1749220232065910000,7.283909912109375,0.1377541422843933,-0.6599265336990356,-0.12668763101100922
1749220232075901200,7.293901123046875,-0.42181596159935,-1.646992802619934,0.8787310123443604
1749220232085892000,7.30389208984375,-0.6104849576950073,-2.338775157928467,1.8336700201034546
1749220232095882200,7.31388232421875,-0.6571578979492188,-2.5481083393096924,2.4143118858337402
1749220232105873200,7.323873046875,-0.6899304986000061,-3.189342737197876,1.8663158416748047
1749220232115864000,7.333864013671875,-0.8808850049972534,-3.8542964458465576,2.843456745147705
1749220232125855200,7.343855224609375,-2.001000165939331,0.2952577471733093,3.3075997829437256
1749220232135846100,7.35384619140625,-1.9633861780166626,2.6582202911376953,2.3608291149139404
1749220232145836000,7.3638359375,-1.3841859102249146,1.67717444896698,3.212070941925049
1749220232155827000,7.373826904296875,-1.183075189590454,0.9038132429122925,3.2153313159942627
1749220232165818000,7.383818115234375,-1.0902304649353027,0.6903677582740784,2.5307774543762207
1749220232175809000,7.39380908203125,-0.8944950699806213,1.2800999879837036,2.7821946144104004
1749220232185800200,7.40380029296875,-0.6353042721748352,1.4277137517929077,2.478276014328003
1749220232195794000,7.4137939453125,-0.7730709314346313,0.699213445186615,2.0158889293670654
1749220232205784800,7.423784912109375,-1.1182911396026611,-0.15481728315353394,1.8695974349975586
1749220232215776000,7.43377587890625,-1.1293193101882935,-0.7041086554527283,1.6389212608337402
1749220232225767000,7.443766845703125,-0.8279525637626648,-0.7465959191322327,1.4674235582351685
1749220232235757800,7.4537578125,-0.5325635075569153,-0.3941800594329834,1.334227442741394
1749220232245747700,7.463747802734375,-0.4152557849884033,0.0073380740359425545,1.1713687181472778
1749220232255739000,7.47373876953125,-0.360325425863266,0.41991764307022095,1.0448776483535767
1749220232265729800,7.483729736328125,-0.2673984169960022,0.8536917567253113,1.0037752389907837
1749220232275721000,7.493720947265625,-0.17758090794086456,1.082496166229248,0.9335184097290039
1749220232285712100,7.503712158203125,-0.1399986445903778,0.9311130046844482,0.8536432385444641
1749220232295702000,7.513701904296875,-0.1413232982158661,0.4722104072570801,0.7670300602912903
1749220232305693000,7.52369287109375,-0.15596243739128113,-0.11536787450313568,0.7288485765457153
1749220232315683800,7.533683837890625,-0.16831789910793304,-0.6216736435890198,0.7553803324699402
1749220232325675000,7.543675048828125,-0.1781015545129776,-0.7832628488540649,0.8080944418907166
1749220232335666000,7.553666015625,-0.16693785786628723,-0.5299666523933411,0.8852075934410095
1749220232345655800,7.56365576171875,-0.1473340541124344,-0.019516177475452423,0.9675394892692566
1749220232355647000,7.57364697265625,-0.16420625150203705,0.45359599590301514,0.9904229640960693
1749220232365638100,7.58363818359375,-0.19584593176841736,0.6235043406486511,1.025278925895691
1749220232375629000,7.593629150390625,-0.2172526866197586,0.3875266909599304,1.0431149005889893
1749220232385620000,7.603619873046875,-0.23796409368515015,-0.024284301325678825,1.0496689081192017
1749220232395609900,7.61360986328125,-0.2502172887325287,-0.3634338676929474,1.076364517211914
1749220232405601000,7.62360107421875,-0.25069108605384827,-0.48802292346954346,1.119350552558899
1749220232415592000,7.633592041015625,-0.2690996527671814,-0.3779771327972412,1.1524113416671753
1749220232425582800,7.643582763671875,-0.3086710274219513,-0.12304709851741791,1.1791439056396484
1749220232435573800,7.65357373046875,-0.338773250579834,0.06391666829586029,1.2092676162719727
1749220232445564000,7.66356396484375,-0.3767419457435608,0.07280363142490387,1.2468997240066528
1749220232455555000,7.67355517578125,-0.40047523379325867,-0.05384698510169983,1.296255350112915
1749220232465546000,7.6835458984375,-0.3999471366405487,-0.2529827356338501,1.3423365354537964
1749220232475537000,7.693536865234375,-0.41944172978401184,-0.45917263627052307,1.3573362827301025
1749220232485528000,7.703528076171875,-0.4426301419734955,-0.5685423016548157,1.3654756546020508
1749220232495518000,7.71351806640625,-0.46249279379844666,-0.5749874114990234,1.3824151754379272
1749220232505508900,7.7235087890625,-0.4770675003528595,-0.5997193455696106,1.390411615371704
1749220232515499800,7.733499755859375,-0.46872618794441223,-0.6864164471626282,1.4070942401885986
1749220232525491000,7.743490966796875,-0.45979902148246765,-0.8506807684898376,1.4338382482528687
1749220232535481900,7.75348193359375,-0.4646132290363312,-1.0785949230194092,1.4447691440582275
1749220232545472000,7.763471923828125,-0.5466889142990112,-1.2367807626724243,1.4620029926300049
1749220232555463000,7.773462890625,-0.6723474860191345,-1.2496180534362793,1.526114583015442
1749220232565454000,7.7834541015625,-0.7676625847816467,-1.2403405904769897,1.6131746768951416
1749220232575445000,7.793445068359375,-0.8992906212806702,-1.1603236198425293,1.6903759241104126
1749220232585435000,7.803434814453125,-1.0343209505081177,-1.0963608026504517,1.8066378831863403
1749220232595425800,7.81342578125,-1.1299240589141846,-1.0967535972595215,1.9391298294067383
1749220232605417000,7.8234169921875,-1.23162043094635,-1.1360453367233276,2.0813205242156982
1749220232615407900,7.833407958984375,-1.3831605911254883,-1.1747853755950928,2.223896026611328
1749220232625398800,7.843398681640625,-1.493965744972229,-1.2942121028900146,2.370758056640625
1749220232635389000,7.853388916015625,-1.5178194046020508,-1.5963847637176514,2.5118911266326904
1749220232645380000,7.863380126953125,-1.5846620798110962,-2.0537049770355225,2.4661524295806885
1749220232655371000,7.87337109375,-1.6955233812332153,-2.6231637001037598,2.6575827598571777
1749220232665362000,7.88336181640625,-1.6236600875854492,-3.081571578979492,2.9236786365509033
1749220232675352800,7.893352783203125,-1.4614572525024414,-3.8753795623779297,3.006967782974243
1749220232685342700,7.9033427734375,-1.4121710062026978,-4.857480049133301,2.93354868888855
1749220232695334000,7.913333984375,-1.7349956035614014,-5.211376190185547,3.013862371444702
1749220232705324800,7.92332470703125,-2.3842742443084717,-4.632823467254639,3.156522035598755
1749220232715315700,7.933315673828125,-2.7071163654327393,-3.2557945251464844,3.0532796382904053
1749220232725307000,7.943306884765625,-1.9983513355255127,-1.4143880605697632,2.5155484676361084
1749220232735297000,7.953297119140625,-1.2904021739959717,0.007178816944360733,1.976413607597351
1749220232745288000,7.963287841796875,-1.0356663465499878,0.5978226661682129,1.6280617713928223
1749220232755278800,7.97327880859375,-1.2048132419586182,0.4864455461502075,1.7698460817337036
1749220232765270000,7.98327001953125,-1.3313394784927368,0.5909876823425293,1.9637491703033447
1749220232775261000,7.993260986328125,-1.239798903465271,0.8290979862213135,1.556130051612854
1749220232785250800,8.003250732421876,-0.9029799103736877,0.9858332276344299,0.6783896684646606
1749220232795241700,8.01324169921875,-0.39503413438796997,0.8455882668495178,0.0994269847869873
1749220232805233000,8.02323291015625,0.22371964156627655,0.38352927565574646,-0.1390622854232788
1749220232815223800,8.033223876953125,0.7526910901069641,-0.2454851269721985,-0.37676379084587097
1749220232825215000,8.043215087890625,1.0097085237503052,-0.7855624556541443,-0.60304194688797
1749220232835204900,8.053204833984376,1.1043087244033813,-0.931577205657959,-0.9706993103027344
1749220232845196000,8.063196044921876,1.271546483039856,-0.5668583512306213,-1.2751628160476685
1749220232855187000,8.07318701171875,1.563096046447754,0.15131229162216187,-1.469011664390564
1749220232865177900,8.083177734375,1.8384288549423218,0.889739453792572,-1.7382183074951172
1749220232875168800,8.093168701171875,2.0155441761016846,1.3188985586166382,-2.2326512336730957
1749220232885159000,8.103158935546874,2.237849473953247,1.1302125453948975,-2.711855173110962
1749220232895149800,8.11314990234375,2.5560765266418457,0.5982444882392883,-2.916827917098999
1749220232905141000,8.12314111328125,2.9294137954711914,0.03584907576441765,-3.011273145675659
1749220232915132000,8.1331318359375,3.2575418949127197,-0.3990062475204468,-3.205071210861206
1749220232925122000,8.1431220703125,3.442833662033081,-0.6356643438339233,-3.4001307487487793
1749220232935113000,8.153113037109375,3.493694305419922,-0.6302706003189087,-3.5478546619415283
1749220232945104000,8.163103759765624,3.5163490772247314,-0.4737646281719208,-3.6632931232452393
1749220232955094800,8.1730947265625,3.5243711471557617,-0.12091390043497086,-3.668030023574829
1749220232965086000,8.1830859375,3.521439790725708,0.3664402961730957,-3.7229831218719482
1749220232975075800,8.193075927734375,3.545168399810791,0.9334920048713684,-3.815075635910034
1749220232985067000,8.20306689453125,3.5329556465148926,1.583338737487793,-3.9436066150665283
1749220232995058000,8.213057861328124,3.5077500343322754,2.1200571060180664,-4.1610822677612305
1749220233005049000,8.223049072265624,3.493699550628662,2.553027629852295,-4.288528919219971
1749220233015040000,8.2330400390625,3.467803955078125,2.8358712196350098,-4.4778313636779785
1749220233025030000,8.24302978515625,3.449704170227051,2.9989659786224365,-4.600702285766602
1749220233035020800,8.253020751953125,3.394247055053711,3.0898540019989014,-4.7369303703308105
1749220233045012000,8.263011962890625,3.311555862426758,3.186683177947998,-4.814863204956055
1749220233055003000,8.2730029296875,3.2129759788513184,3.2330737113952637,-4.957162380218506
1749220233064993800,8.282993896484374,3.1421356201171875,3.253542900085449,-5.011133193969727
1749220233074984000,8.29298388671875,3.0825095176696777,3.2422091960906982,-4.914793491363525
1749220233084975000,8.30297509765625,2.9705183506011963,3.1839911937713623,-4.614892959594727
1749220233094966000,8.312966064453125,2.6634397506713867,3.117971181869507,-3.935659646987915
1749220233104957000,8.32295703125,2.128890037536621,3.1737186908721924,-3.4191150665283203
1749220233114947800,8.33294775390625,1.6025992631912231,2.993453025817871,-3.012171745300293
1749220233124938000,8.34293798828125,1.202951431274414,2.3776984214782715,-2.395324945449829
1749220233134929000,8.352928955078125,0.8162689805030823,1.4886932373046875,-1.5896896123886108
1749220233144919800,8.362919921875,0.5158151388168335,0.4907497465610504,-0.4029402732849121
1749220233154910700,8.37291064453125,0.1809420883655548,-0.5544655919075012,0.6687511801719666
1749220233164901000,8.382901123046874,-0.1601414680480957,-1.7304887771606445,1.5320351123809814
1749220233174892000,8.39289208984375,-0.8412624597549438,-2.1363375186920166,2.9907493591308594
1749220233184883000,8.402883056640626,-2.2448160648345947,-0.027334151789546013,3.2201223373413086
1749220233194870300,8.412870361328125,-2.2852344512939453,0.6024371385574341,2.506166934967041
1749220233204861200,8.422861083984374,-1.1845498085021973,-0.07266594469547272,3.243945598602295
1749220233214852000,8.43285205078125,-1.066823959350586,0.6664959788322449,3.3843653202056885
1749220233224842200,8.44284228515625,-1.3449804782867432,1.0831453800201416,2.931352376937866
1749220233234833200,8.452833251953125,-1.2678340673446655,0.19503553211688995,2.722832202911377
1749220233244824000,8.462823974609375,-1.00298273563385,-0.03591911867260933,2.6519649028778076
1749220233254815000,8.47281494140625,-0.9621750712394714,0.5979273319244385,2.2852089405059814
1749220233264805400,8.482805419921876,-1.0002100467681885,0.6914125680923462,1.8244973421096802
1749220233274796300,8.49279638671875,-0.9233605265617371,0.26786208152770996,1.69352388381958
1749220233284787200,8.502787109375,-0.8416430354118347,-0.12555153667926788,1.4919589757919312
1749220233294778000,8.512778076171875,-0.7194631099700928,-0.18547585606575012,1.4136258363723755
1749220233304769300,8.522769287109375,-0.5242096781730652,-0.10487768054008484,1.367983341217041
1749220233314759200,8.53275927734375,-0.3581453561782837,0.03079999051988125,1.3126356601715088
1749220233324750000,8.54275,-0.28306180238723755,0.3093416094779968,1.2778358459472656
1749220233334741000,8.552740966796875,-0.27511411905288696,0.5542522668838501,1.2457119226455688
1749220233344732200,8.562732177734375,-0.29494720697402954,0.5327821373939514,1.2089283466339111
1749220233354723300,8.572723388671875,-0.33580756187438965,0.21251599490642548,1.1910303831100464
1749220233364713200,8.582713134765624,-0.37263429164886475,-0.21317645907402039,1.1652839183807373
1749220233374704000,8.5927041015625,-0.383556991815567,-0.6244446635246277,1.1442687511444092
1749220233384695300,8.6026953125,-0.3577040731906891,-0.8474314212799072,1.1715887784957886
1749220233394686200,8.612686279296875,-0.3274308741092682,-0.723934531211853,1.219308853149414
1749220233404677000,8.622677001953125,-0.32527023553848267,-0.23765677213668823,1.2133543491363525
1749220233414667000,8.6326669921875,-0.33727070689201355,0.32149067521095276,1.1783987283706665
1749220233424658200,8.642658203125,-0.3605738878250122,0.6003018021583557,1.1377685070037842
1749220233434649300,8.6526494140625,-0.39652976393699646,0.5293317437171936,1.0920909643173218
1749220233444640300,8.66264013671875,-0.4134618937969208,0.21961891651153564,1.073598027229309
1749220233454631200,8.672631103515625,-0.40276584029197693,-0.1312006264925003,1.070325493812561
1749220233464621300,8.682621337890625,-0.3844882845878601,-0.31970342993736267,1.048052430152893
1749220233474612200,8.6926123046875,-0.3853735327720642,-0.21796375513076782,1.028315782546997
1749220233484603100,8.70260302734375,-0.37669429183006287,0.005637379363179207,1.0392307043075562
1749220233494594000,8.712593994140626,-0.36110973358154297,0.1826065629720688,1.0352575778961182
1749220233504585200,8.722585205078126,-0.3416076600551605,0.23131097853183746,1.0441874265670776
1749220233514575400,8.732575439453125,-0.32219722867012024,0.17793484032154083,1.0446710586547852
1749220233524566300,8.742566162109375,-0.3094382882118225,0.05555220693349838,1.0418621301651
1749220233534557200,8.75255712890625,-0.3098047375679016,-0.06795055419206619,1.052472472190857
1749220233544548400,8.76254833984375,-0.3144942820072174,-0.17785921692848206,1.07355535030365
1749220233554538200,8.772538330078126,-0.31787675619125366,-0.291324257850647,1.1127570867538452
1749220233564529200,8.782529052734375,-0.32985860109329224,-0.4129337668418884,1.147721767425537
1749220233574520000,8.79252001953125,-0.3312426507472992,-0.5212469100952148,1.1884247064590454
1749220233584511200,8.80251123046875,-0.33613327145576477,-0.5983848571777344,1.2170318365097046
1749220233594502100,8.812502197265625,-0.3441448509693146,-0.6759228110313416,1.2269515991210938
1749220233604492300,8.8224921875,-0.3455858826637268,-0.8433765172958374,1.238366723060608
1749220233614483200,8.832483154296876,-0.3853072226047516,-1.0401077270507812,1.2850176095962524
1749220233624474400,8.842474365234375,-0.48198023438453674,-1.1626425981521606,1.3508445024490356
1749220233634465300,8.85246533203125,-0.5759770274162292,-1.1593378782272339,1.4312083721160889
1749220233644456200,8.862456298828125,-0.6634738445281982,-1.106783151626587,1.5140882730484009
1749220233654446000,8.872446044921874,-0.7861456871032715,-1.0243191719055176,1.6161209344863892
1749220233664437200,8.882437255859376,-0.9038587808609009,-0.9487404823303223,1.7245912551879883
1749220233674428200,8.89242822265625,-1.0145256519317627,-0.918130099773407,1.8338912725448608
1749220233684419000,8.902419189453125,-1.141982078552246,-0.9155263304710388,1.931091070175171
1749220233694410000,8.912409912109375,-1.2383861541748047,-1.0070672035217285,2.028555154800415
1749220233704400400,8.922400390625,-1.2709981203079224,-1.2359232902526855,2.1301920413970947
1749220233714391300,8.932391357421874,-1.276229977607727,-1.5869576930999756,2.2034881114959717
1749220233724382200,8.94238232421875,-1.333201289176941,-1.9764084815979004,2.175394058227539
1749220233734373000,8.952373046875,-1.4878734350204468,-2.4323863983154297,2.2624197006225586
1749220233744364300,8.9623642578125,-1.4776782989501953,-2.795712471008301,2.4093503952026367
1749220233754354200,8.972354248046875,-1.2824923992156982,-3.312603712081909,2.587888240814209
1749220233764345000,8.982344970703124,-1.1364818811416626,-4.129766941070557,2.6809656620025635
1749220233774336000,8.9923359375,-1.1797984838485718,-4.7404279708862305,2.734642744064331
1749220233784327200,9.0023271484375,-1.506584882736206,-4.605988025665283,3.002422332763672
1749220233794318000,9.012318115234375,-1.975090503692627,-3.9106175899505615,3.216041088104248
1749220233804308200,9.02230810546875,-2.318188190460205,-3.244688034057617,2.820695400238037
1749220233814299100,9.032299072265625,-2.3864359855651855,-2.399224042892456,2.220221996307373
1749220233824290300,9.042290283203124,-2.2451424598693848,-1.2230080366134644,1.9145225286483765
1749220233834281200,9.05228125,-1.9275022745132446,-0.14537370204925537,1.9450160264968872
1749220233844272000,9.062272216796876,-1.5477287769317627,0.3242936432361603,2.014596462249756
1749220233854262000,9.072261962890625,-1.2772583961486816,0.37591052055358887,1.9596340656280518
1749220233864253200,9.082253173828125,-1.104620099067688,0.6458693146705627,1.777229905128479
1749220233874244000,9.092244140625,-1.064284086227417,1.3925069570541382,1.1247109174728394
1749220233884235300,9.1022353515625,-0.9856252670288086,1.9541958570480347,0.058043330907821655
1749220233894226400,9.112226318359374,-0.5455211400985718,1.7379640340805054,-0.5434585213661194
1749220233904216300,9.12221630859375,0.16632559895515442,0.7165173888206482,-0.6303902268409729
1749220233914207200,9.132207275390625,0.6858401298522949,-0.41378679871559143,-0.6874992847442627
1749220233924198100,9.1421982421875,0.8557040095329285,-0.9159473776817322,-1.0329341888427734
1749220233934189000,9.15218896484375,0.9174882769584656,-0.5378664135932922,-1.5065417289733887
1749220233944180200,9.16218017578125,1.0869451761245728,0.1216374859213829,-1.9950565099716187
1749220233954170000,9.172170166015626,1.3848429918289185,0.49744945764541626,-2.343981981277466
1749220233964161300,9.182161376953125,1.6947035789489746,0.56949782371521,-2.558861494064331
1749220233974152200,9.192152099609375,1.9500209093093872,0.5775821208953857,-2.841387987136841
1749220233984143400,9.202143310546875,2.192680597305298,0.5627033114433289,-3.1340081691741943
1749220233994134300,9.21213427734375,2.461561918258667,0.4784477949142456,-3.373751401901245
1749220234004124200,9.222124267578126,2.7147297859191895,0.32203182578086853,-3.659783124923706
1749220234014115000,9.232114990234376,2.8931965827941895,0.11558971554040909,-3.894049882888794
1749220234024106200,9.242106201171875,2.9879844188690186,-0.06241996958851814,-4.050847053527832
1749220234034097200,9.25209716796875,3.0332720279693604,-0.0783587172627449,-4.185814380645752
1749220234044088000,9.262088134765625,3.100872039794922,0.06222928687930107,-4.281185626983643
1749220234054078200,9.272078125,3.2115912437438965,0.34148141741752625,-4.316596031188965
1749220234064069400,9.2820693359375,3.3090646266937256,0.7737289667129517,-4.37038516998291
1749220234074060300,9.292060302734376,3.379065990447998,1.3066877126693726,-4.494009017944336
1749220234084051200,9.30205126953125,3.465099573135376,1.8092951774597168,-4.64080810546875
1749220234094042400,9.31204248046875,3.5716373920440674,2.202392339706421,-4.769781112670898
1749220234104032300,9.3220322265625,3.6773815155029297,2.4669437408447266,-4.873767852783203
1749220234114023200,9.332023193359374,3.7610085010528564,2.6075870990753174,-4.990753173828125
1749220234124014000,9.34201416015625,3.7959370613098145,2.6525185108184814,-5.112668514251709
1749220234134005200,9.352005126953125,3.8002429008483887,2.619596004486084,-5.244943618774414
1749220234143996200,9.36199609375,3.8123886585235596,2.5604701042175293,-5.388128757476807
1749220234153986300,9.371986328125,3.8404693603515625,2.563392162322998,-5.496545314788818
1749220234163977200,9.381977294921874,3.83803391456604,2.6818349361419678,-5.559667110443115
1749220234173968400,9.391968505859374,3.7423737049102783,2.7709786891937256,-5.380488872528076
1749220234183959300,9.401959228515626,3.3183023929595947,2.533355951309204,-4.643652439117432
1749220234193953300,9.411953369140624,2.5439586639404297,2.0970242023468018,-3.7587311267852783
1749220234203943200,9.421943115234376,1.8666772842407227,1.5847675800323486,-3.604506731033325
1749220234213934000,9.43193408203125,1.4448604583740234,0.5027251839637756,-2.8351306915283203
1749220234223925200,9.44192529296875,0.9143127202987671,-0.5296590328216553,-1.2959990501403809
1749220234233916200,9.451916259765625,0.27787795662879944,-1.5812466144561768,0.2202889621257782
1749220234243907300,9.4619072265625,-0.3312618136405945,-2.459749698638916,1.205045223236084
1749220234253897200,9.471897216796876,-0.7812913060188293,-2.749481678009033,2.116650104522705
1749220234263888400,9.481888427734376,-1.0781607627868652,-2.64471173286438,2.6364541053771973
1749220234273879300,9.49187939453125,-1.1216055154800415,-3.77428936958313,1.4801862239837646
1749220234283870200,9.5018701171875,-1.0792382955551147,-4.673072814941406,2.5505173206329346
1749220234293861400,9.511861328125,-2.376276731491089,1.1346408128738403,3.2646806240081787
1749220234303851300,9.521851318359374,-2.3556082248687744,4.564663887023926,2.037026882171631
1749220234313842200,9.53184228515625,-1.563023567199707,4.113077163696289,3.4404845237731934
1749220234323833300,9.541833251953125,-1.5194306373596191,3.143399477005005,3.1725571155548096
1749220234333824500,9.551824462890625,-1.7131880521774292,2.4026668071746826,2.124471664428711
1749220234343815400,9.5618154296875,-1.294012427330017,2.487988233566284,2.684215545654297
1749220234353805300,9.571805419921875,-0.731930673122406,2.02144718170166,2.314157009124756
1749220234363796200,9.581796142578124,-0.563295304775238,0.6320437788963318,1.797092318534851
1749220234373787100,9.591787109375,-0.6726564168930054,-0.6816586852073669,1.7022193670272827
1749220234383778300,9.6017783203125,-0.7073302268981934,-1.6616101264953613,1.4186866283416748
1749220234393769200,9.611769287109375,-0.5757823586463928,-1.7820159196853638,1.2341892719268799
1749220234403759400,9.62175927734375,-0.37969592213630676,-1.2420258522033691,1.198832631111145
1749220234413750300,9.631750244140624,-0.26351019740104675,-0.3705437183380127,1.1020208597183228
1749220234423741400,9.641741455078124,-0.23774385452270508,0.49032098054885864,0.994185209274292
1749220234433732400,9.651732421875,-0.2326098084449768,1.1063472032546997,0.9898194670677185
1749220234443723300,9.66172314453125,-0.24071727693080902,1.3383077383041382,1.0601133108139038
1749220234453713200,9.671713134765625,-0.2686658203601837,1.129295825958252,1.1213103532791138
1749220234463704300,9.681704345703125,-0.31168225407600403,0.5654436945915222,1.1175090074539185
1749220234473695200,9.6916953125,-0.35034310817718506,-0.12276693433523178,0.9958704113960266
1749220234483686100,9.70168603515625,-0.34841522574424744,-0.7499637603759766,0.8705117106437683
1749220234493677300,9.71167724609375,-0.3053947985172272,-1.1148649454116821,0.8787456750869751
1749220234503668200,9.721668212890625,-0.2600691318511963,-1.1301264762878418,1.0167959928512573
1749220234513658400,9.731658447265625,-0.26430729031562805,-0.8608607053756714,1.1683160066604614
1749220234523649300,9.741649169921875,-0.29400259256362915,-0.3960344195365906,1.2508471012115479
1749220234533640400,9.751640380859374,-0.34259435534477234,0.09150727838277817,1.275957465171814
1749220234543631400,9.76163134765625,-0.4019272029399872,0.3347420394420624,1.2706836462020874
1749220234553622300,9.771622314453126,-0.45159780979156494,0.2614870071411133,1.254189133644104
1749220234563612200,9.781612060546875,-0.48575925827026367,-0.009838782250881195,1.2417606115341187
1749220234573603300,9.791603271484375,-0.5025842785835266,-0.2584613859653473,1.2339743375778198
1749220234583594200,9.80159423828125,-0.5126105546951294,-0.3154839277267456,1.2433140277862549
1749220234593585200,9.811585205078124,-0.5143600106239319,-0.13229039311408997,1.2677022218704224
1749220234603576000,9.821576171875,-0.5076829195022583,0.1295236349105835,1.2786712646484375
1749220234613566500,9.83156640625,-0.5108214616775513,0.3542441129684448,1.2625234127044678
1749220234623557400,9.841557373046875,-0.5025321245193481,0.43883755803108215,1.2397494316101074
1749220234633548300,9.85154833984375,-0.4564809799194336,0.3148823082447052,1.2243448495864868
1749220234643539200,9.861539306640625,-0.42204418778419495,0.046664174646139145,1.220740795135498
1749220234653530400,9.8715302734375,-0.41129833459854126,-0.21902848780155182,1.2346012592315674
1749220234663520300,9.881520263671876,-0.416061133146286,-0.39887842535972595,1.2392936944961548
1749220234673511200,9.89151123046875,-0.41942843794822693,-0.4553539454936981,1.2422008514404297
1749220234683502000,9.901502197265625,-0.42589566111564636,-0.4215616285800934,1.235001802444458
1749220234693493200,9.9114931640625,-0.4267462491989136,-0.41951844096183777,1.2206239700317383
1749220234703484400,9.921484375,-0.43638157844543457,-0.49666887521743774,1.2148622274398804
1749220234713475300,9.931475341796874,-0.43651339411735535,-0.6736021041870117,1.251495599746704
1749220234723465200,9.94146533203125,-0.463582307100296,-0.9313774704933167,1.312839388847351
1749220234733456400,9.951456298828125,-0.5434156060218811,-1.1778337955474854,1.4196014404296875
1749220234743447300,9.961447265625,-0.6572598814964294,-1.3381649255752563,1.5671395063400269
1749220234753438200,9.971438232421875,-0.8062435388565063,-1.3356112241744995,1.693152904510498
1749220234763429000,9.98142919921875,-0.9605177640914917,-1.2117524147033691,1.8176112174987793
1749220234773419300,9.991419189453126,-1.0877455472946167,-1.1085774898529053,1.9578611850738525
1749220234783410400,10.001410400390625,-1.24367356300354,-1.0714746713638306,2.0864429473876953
1749220234793401300,10.0114013671875,-1.4131627082824707,-1.113046646118164,2.2214574813842773
1749220234803392300,10.021392333984375,-1.5279953479766846,-1.3055840730667114,2.359363317489624
1749220234813383400,10.031383544921875,-1.5597671270370483,-1.6365423202514648,2.492936849594116
1749220234823373300,10.041373291015624,-1.6755250692367554,-2.021315813064575,2.5026042461395264
1749220234833364200,10.0513642578125,-1.8857712745666504,-2.4329946041107178,2.7366421222686768
1749220234843355100,10.061355224609375,-1.9358904361724854,-2.5802347660064697,3.0326695442199707
1749220234853346300,10.07134619140625,-1.8940174579620361,-2.892385482788086,3.193479299545288
1749220234863337200,10.081337158203125,-1.8787453174591064,-3.493210792541504,3.117243528366089
1749220234873327400,10.091327392578124,-1.862240195274353,-4.198387145996094,2.990778684616089
1749220234883318300,10.101318359375,-2.0589494705200195,-4.547007083892822,3.0518698692321777
1749220234893309400,10.111309326171876,-2.493952751159668,-4.266877174377441,3.0953896045684814
1749220234903300400,10.12130029296875,-2.8001880645751953,-2.9340696334838867,3.0391035079956055
1749220234913291300,10.131291259765625,-2.7152395248413086,-0.8434262871742249,2.546053886413574
1749220234923282400,10.141282470703125,-2.2552363872528076,1.1110020875930786,1.8291993141174316
1749220234933272300,10.151272216796874,-1.7075270414352417,2.3881723880767822,1.5929319858551025
1749220234943263200,10.16126318359375,-1.2267640829086304,2.8166379928588867,1.5322468280792236
1749220234953254100,10.171254150390626,-0.8126636147499084,2.164687395095825,1.381536602973938
1749220234963245300,10.181245361328125,-0.5361683368682861,1.071961760520935,1.096328854560852
1749220234973236200,10.191236328125,-0.34625300765037537,0.017890051007270813,0.5787296891212463
1749220234983226400,10.201226318359375,-0.1330864131450653,-1.003080129623413,-0.0555543377995491
1749220234993217300,10.21121728515625,0.1131657063961029,-1.5150818824768066,-0.5347638130187988
1749220235003208400,10.22120849609375,0.43245822191238403,-1.5566143989562988,-0.7646433711051941
1749220235013199400,10.231199462890626,0.7065100073814392,-1.6289725303649902,-0.9292663931846619
1749220235023190300,10.241190185546875,0.9202204346656799,-1.5247260332107544,-1.2063027620315552
1749220235033181200,10.25118115234375,1.1534360647201538,-0.9559664130210876,-1.4295645952224731
1749220235043171000,10.261171142578124,1.3952950239181519,0.19303657114505768,-1.6980764865875244
1749220235053162200,10.271162353515624,1.5704131126403809,1.5939953327178955,-2.3165533542633057
1749220235063153200,10.281153076171876,1.6985026597976685,2.303821086883545,-2.891751527786255
1749220235073144300,10.291144287109375,1.9174543619155884,2.096143960952759,-3.040842056274414
1749220235083135500,10.301135498046875,2.2086403369903564,1.5541797876358032,-3.2244133949279785
1749220235093125400,10.31112548828125,2.5578062534332275,1.0478012561798096,-3.6722519397735596
1749220235103116300,10.3211162109375,2.89762282371521,0.44348689913749695,-3.869309425354004
1749220235113107200,10.331107177734374,3.029998779296875,-0.17811647057533264,-4.006435871124268
1749220235123098400,10.341098388671876,3.048828363418579,-0.7704892754554749,-4.291561603546143
1749220235133089300,10.35108935546875,3.199899673461914,-1.218277931213379,-4.392063617706299
1749220235143080200,10.361080078125,3.3888373374938965,-1.300756812095642,-4.38432502746582
1749220235153070300,10.3710703125,3.534785747528076,-1.0553867816925049,-4.459312438964844
1749220235163061500,10.3810615234375,3.670457601547241,-0.4133462905883789,-4.424468040466309
1749220235173052400,10.391052490234374,3.8052754402160645,0.5435786247253418,-4.616545677185059
1749220235183043300,10.401043212890626,3.9307985305786133,1.554208517074585,-4.720795154571533
1749220235193032000,10.411031982421875,3.97360897064209,2.2579522132873535,-4.883331298828125
1749220235203022000,10.42102197265625,3.9928648471832275,2.584611177444458,-5.016930103302002
1749220235213013000,10.431012939453124,3.988400459289551,2.697909355163574,-5.130431652069092
1749220235223004200,10.441004150390626,3.9502968788146973,2.71443772315979,-5.229464054107666
1749220235232995000,10.4509951171875,3.889798879623413,2.7268435955047607,-5.251032829284668
1749220235242986000,10.460986083984375,3.7421634197235107,2.7523200511932373,-5.271579265594482
1749220235252977200,10.47097705078125,3.5034220218658447,2.7231228351593018,-5.202766418457031
1749220235262967000,10.480967041015624,3.1510605812072754,2.4536149501800537,-4.854787826538086
1749220235272958000,10.4909580078125,2.7243967056274414,2.1422321796417236,-4.4061431884765625
1749220235282948900,10.500948974609376,2.297055244445801,1.9628711938858032,-3.8244881629943848
1749220235292940000,10.51093994140625,1.8270363807678223,2.009714365005493,-2.9887495040893555
1749220235302931000,10.520930908203125,1.3886691331863403,1.8350762128829956,-2.1727383136749268
1749220235312921000,10.530921142578125,1.0505582094192505,0.658411979675293,-0.9815069437026978
1749220235322912000,10.540912109375,0.6183212995529175,-0.9718449711799622,0.3320663571357727
1749220235332903200,10.550903076171876,-0.01841975376009941,-2.192155361175537,1.358574628829956
1749220235342894000,10.56089404296875,-0.6144309639930725,-2.5972084999084473,2.210297107696533
1749220235352885000,10.570885009765625,-0.9590868353843689,-2.6091060638427734,2.5715389251708984
1749220235362876000,10.5808759765625,-0.7678050398826599,-4.668069362640381,0.9194837808609009
1749220235372865800,10.59086572265625,-0.6734548211097717,-4.602443218231201,3.4939472675323486
1749220235382857000,10.60085693359375,-2.5059924125671387,3.0535190105438232,2.5185744762420654
1749220235392848100,10.61084814453125,-2.5238542556762695,5.605296611785889,2.3411824703216553
1749220235402839000,10.620839111328126,-1.8213284015655518,3.674530029296875,3.5555734634399414
1749220235412830200,10.630830322265625,-1.1763331890106201,1.6201260089874268,2.3171021938323975
1749220235422821000,10.640821044921875,-0.8250854015350342,0.8876451849937439,2.5884861946105957
1749220235432811000,10.65081103515625,-0.6511870622634888,1.2843466997146606,2.450380563735962
1749220235442802000,10.660802001953124,-0.6408678889274597,0.7572965025901794,1.6721932888031006
1749220235452793000,10.67079296875,-1.0192420482635498,0.11789814382791519,1.5860852003097534
1749220235462784000,10.680783935546875,-1.2227587699890137,-0.5520727634429932,1.3599271774291992
1749220235472775000,10.69077490234375,-0.9421683549880981,-0.9050241708755493,1.1665966510772705
1749220235482765000,10.70076513671875,-0.4949902892112732,-0.7940004467964172,1.116220235824585
1749220235492756200,10.710756103515624,-0.1788262128829956,-0.4416391849517822,1.010023832321167
1749220235502747100,10.7207470703125,-0.01101776398718357,0.004151601810008287,0.9413834810256958
1749220235512738000,10.730738037109376,0.041005223989486694,0.5578318238258362,0.9289571642875671
1749220235522729000,10.74072900390625,-0.008017978630959988,1.0455315113067627,0.9123055338859558
1749220235532720000,10.75072021484375,-0.08696819096803665,1.1354589462280273,0.8778253197669983
1749220235542710000,10.7607099609375,-0.16303153336048126,0.7366237044334412,0.8229529857635498
1749220235552701000,10.770700927734374,-0.21623963117599487,0.15236370265483856,0.7108235359191895
1749220235562691800,10.78069189453125,-0.2029280811548233,-0.3647811710834503,0.6166507005691528
1749220235572683000,10.79068310546875,-0.12188542634248734,-0.6916764378547668,0.5924670696258545
1749220235582674000,10.800673828125,-0.042398322373628616,-0.7782906889915466,0.6588860154151917
1749220235592664000,10.8106640625,-0.027721643447875977,-0.62843918800354,0.7955021858215332
1749220235602655000,10.820655029296875,-0.07147258520126343,-0.31235575675964355,0.9531751871109009
1749220235612646100,10.830646240234374,-0.13917173445224762,0.024401746690273285,1.054059386253357
1749220235622637000,10.840636962890626,-0.2180873304605484,0.23627512156963348,1.0854994058609009
1749220235632628000,10.8506279296875,-0.3243594467639923,0.2077990025281906,1.0765583515167236
1749220235642619100,10.860619140625,-0.44009801745414734,0.01050403993576765,1.086608648300171
1749220235652609000,10.870609130859375,-0.524520754814148,-0.2148212194442749,1.15267813205719
1749220235662600000,10.880599853515625,-0.5634902715682983,-0.3558475971221924,1.2753944396972656
1749220235672590800,10.8905908203125,-0.5937948822975159,-0.3446734845638275,1.4239088296890259
1749220235682582000,10.90058203125,-0.6422846913337708,-0.19738444685935974,1.574898362159729
1749220235692573200,10.9105732421875,-0.6883065104484558,0.010152502916753292,1.7142293453216553
1749220235702564000,10.920564208984375,-0.7284624576568604,0.19601158797740936,1.7746964693069458
1749220235712554000,10.930553955078125,-0.7535760402679443,0.29379698634147644,1.7650831937789917
1749220235722545200,10.940545166015625,-0.7708682417869568,0.23639309406280518,1.7562638521194458
1749220235732536000,10.9505361328125,-0.7765809893608093,0.0519992858171463,1.7396458387374878
1749220235742527000,10.96052685546875,-0.7557814121246338,-0.15509237349033356,1.7307542562484741
1749220235752518000,10.970517822265625,-0.7130690813064575,-0.3072558045387268,1.7169826030731201
1749220235762509000,10.980509033203125,-0.6627398729324341,-0.40074050426483154,1.701086401939392
1749220235772499200,10.990499267578125,-0.607599675655365,-0.48531103134155273,1.6669542789459229
1749220235782490000,11.000489990234374,-0.5553931593894958,-0.6608911156654358,1.6402188539505005
1749220235792481000,11.01048095703125,-0.5138500332832336,-0.9089741706848145,1.63070547580719
1749220235802472200,11.02047216796875,-0.513748824596405,-1.1361780166625977,1.6106699705123901
1749220235812463000,11.030463134765625,-0.5869457721710205,-1.2926075458526611,1.6191819906234741
1749220235822453000,11.040452880859375,-0.7751332521438599,-1.2499349117279053,1.6825662851333618
1749220235832444000,11.05044384765625,-0.9172232747077942,-1.074724555015564,1.7677725553512573
1749220235842435000,11.06043505859375,-1.0244996547698975,-0.894969642162323,1.8745087385177612
1749220235852426000,11.070426025390624,-1.1943869590759277,-0.7767636775970459,1.9755808115005493
1749220235862417000,11.0804169921875,-1.3383017778396606,-0.8824490904808044,2.1208112239837646
1749220235872407800,11.09040771484375,-1.4212225675582886,-1.1903315782546997,2.265979290008545
1749220235882398200,11.100398193359375,-1.431273341178894,-1.597756028175354,2.4281179904937744
1749220235892389000,11.11038916015625,-1.475881576538086,-2.147993326187134,2.476954221725464
1749220235902380000,11.120380126953124,-1.6752902269363403,-2.8049182891845703,2.494509696960449
1749220235912371000,11.130370849609376,-1.8182692527770996,-3.1583452224731445,2.7381203174591064
1749220235922362000,11.140362060546876,-1.8657832145690918,-3.3309288024902344,2.9774372577667236
1749220235932353000,11.15035302734375,-1.8335217237472534,-3.6900134086608887,2.9355900287628174
1749220235942343000,11.160343017578125,-1.756010890007019,-4.24680233001709,2.7192647457122803
1749220235952333800,11.170333740234375,-1.7528936862945557,-4.833728790283203,2.758951425552368
1749220235962325000,11.180324951171874,-2.1077475547790527,-4.786832809448242,2.676225423812866
1749220235972316000,11.19031591796875,-2.5189833641052246,-3.7032506465911865,2.5115089416503906
1749220235982307000,11.20030712890625,-2.635267734527588,-1.8619261980056763,2.374282121658325
1749220235992297000,11.210296875,-2.4391071796417236,-0.20300477743148804,1.9570844173431396
1749220236002288000,11.2202880859375,-2.1589932441711426,0.9932770729064941,2.004641532897949
1749220236012279000,11.230279052734375,-2.0370841026306152,2.2868475914001465,2.0533180236816406
1749220236022270000,11.24027001953125,-1.867866039276123,2.797191619873047,1.5123822689056396
1749220236032261000,11.25026123046875,-1.4814696311950684,2.4496376514434814,0.8848094344139099
1749220236042252000,11.260251953125,-0.9592101573944092,1.528106927871704,0.42882272601127625
1749220236052242000,11.270241943359375,-0.4223344624042511,0.4274570643901825,-0.023860326036810875
1749220236062233000,11.280233154296875,0.10391388088464737,-0.6733086109161377,-0.3293456733226776
1749220236072224300,11.290224365234375,0.4478427469730377,-1.549575924873352,-0.5067931413650513
1749220236082215200,11.300215087890624,0.5167760252952576,-1.7842942476272583,-0.7701547741889954
1749220236092206000,11.3102060546875,0.5252877473831177,-1.3086949586868286,-1.1253000497817993
1749220236102197000,11.320197021484375,0.6476650834083557,-0.37392300367355347,-1.4916328191757202
1749220236112187100,11.330187255859375,0.8837902545928955,0.6283257007598877,-1.842223048210144
1749220236122178000,11.340177978515625,1.128754734992981,1.3292348384857178,-2.1764109134674072
1749220236132169000,11.3501689453125,1.3222320079803467,1.6413516998291016,-2.5066463947296143
1749220236142160000,11.360159912109374,1.4962576627731323,1.5919867753982544,-2.964650869369507
1749220236152151000,11.370151123046876,1.8026883602142334,1.2059448957443237,-3.375267744064331
1749220236162142000,11.380141845703125,2.2363061904907227,0.6751827001571655,-3.618934154510498
1749220236172132000,11.390132080078125,2.6454010009765625,0.13505582511425018,-3.7367491722106934
1749220236182123000,11.400123046875,2.921306848526001,-0.3826770782470703,-3.7966630458831787
1749220236192113000,11.41011279296875,3.08441162109375,-0.7418584227561951,-3.83719801902771
1749220236202103800,11.420103759765626,3.14607572555542,-0.5625834465026855,-3.658884286880493
1749220236212095000,11.430094970703125,3.138716697692871,-0.054482150822877884,-3.98856782913208
1749220236222085000,11.440085205078125,3.2935521602630615,-0.16263818740844727,-4.154911518096924
1749220236232076000,11.450075927734375,3.4078257083892822,-0.4715134799480438,-3.820464849472046
1749220236242067000,11.46006689453125,3.313741445541382,-0.35384994745254517,-3.746187448501587
1749220236252058000,11.47005810546875,3.3351290225982666,0.16388960182666779,-3.8821232318878174
1749220236262049000,11.480049072265626,3.5615081787109375,0.9076364636421204,-3.928668737411499
1749220236272040000,11.4900400390625,3.729846715927124,1.6670432090759277,-4.0082316398620605
1749220236282029800,11.50002978515625,3.821342706680298,2.0107579231262207,-4.158738613128662
1749220236292021000,11.51002099609375,3.9133918285369873,2.0598526000976562,-4.226716995239258
1749220236302012000,11.520011962890624,3.954263687133789,2.134556293487549,-4.346338748931885
1749220236312002800,11.5300029296875,3.9716665744781494,2.224299192428589,-4.530328750610352
1749220236321994000,11.539993896484376,3.943277359008789,2.3267149925231934,-4.657609939575195
1749220236331985000,11.54998486328125,3.802258253097534,2.399226665496826,-4.807798385620117
1749220236341975000,11.55997509765625,3.600665330886841,2.3719537258148193,-4.880725860595703
1749220236351966000,11.569966064453125,3.303030014038086,2.0703580379486084,-4.525969982147217
1749220236361956900,11.579956787109374,2.8362302780151367,1.8935186862945557,-4.068717956542969
1749220236371948000,11.589947998046876,2.4391324520111084,1.875172734260559,-3.709975004196167
1749220236381939000,11.59993896484375,2.1888718605041504,1.805694818496704,-3.1555368900299072
1749220236391929900,11.609929931640625,1.8928399085998535,1.6260305643081665,-2.4211089611053467
1749220236401919700,11.619919677734375,1.4772166013717651,0.9642307758331299,-1.3651206493377686
1749220236411911000,11.629910888671875,0.8405583500862122,0.054791875183582306,-0.053343914449214935
1749220236421901800,11.63990185546875,-0.1005266085267067,-0.6448005437850952,1.1707335710525513
1749220236431893000,11.64989306640625,-0.9744759202003479,-0.7201829552650452,2.167543411254883
1749220236441884200,11.65988427734375,-1.3600822687149048,-0.5211281776428223,2.7029471397399902
1749220236451874000,11.6698740234375,-0.8309813737869263,-2.546041965484619,1.0725809335708618
1749220236461865000,11.679864990234375,-0.11847924441099167,-2.9427742958068848,3.044538974761963
1749220236471855900,11.68985595703125,-1.7795175313949585,3.7210822105407715,2.1968767642974854
1749220236481847000,11.699846923828124,-2.1944518089294434,6.566257953643799,2.2957699298858643
1749220236491838000,11.709837890625,-1.460734248161316,4.790132522583008,3.564816474914551
1749220236501828900,11.719828857421875,-0.8886571526527405,2.48354434967041,2.6970832347869873
1749220236511819000,11.729819091796875,-1.2783175706863403,1.5282166004180908,2.604163646697998
1749220236521810200,11.73981005859375,-1.852022409439087,1.9121218919754028,2.7336044311523438
1749220236531801000,11.749801025390624,-1.575190782546997,1.0856800079345703,2.3659567832946777
1749220236541792000,11.7597919921875,-0.8980900645256042,-0.5240469574928284,2.076934337615967
1749220236551783000,11.769782958984376,-0.4955897629261017,-1.7898855209350586,1.7347253561019897
1749220236561774000,11.779774169921875,-0.49036678671836853,-2.3896992206573486,1.4212303161621094
1749220236571764000,11.789763916015625,-0.5571575164794922,-1.7963221073150635,1.343126893043518
1749220236581755000,11.7997548828125,-0.3489055335521698,-0.4226817488670349,1.2665975093841553
1749220236591745800,11.809745849609374,-0.15411287546157837,0.9214188456535339,1.0400642156600952
1749220236601737000,11.819737060546874,-0.19317612051963806,1.6314785480499268,0.936275839805603
1749220236611728000,11.829727783203126,-0.25824353098869324,1.4846081733703613,0.9699826240539551
1749220236621718800,11.83971875,-0.24299827218055725,0.8120058178901672,1.0138195753097534
1749220236631709000,11.849708984375,-0.21523109078407288,0.06290892511606216,0.9959937334060669
1749220236641700000,11.8597001953125,-0.19596044719219208,-0.6844111084938049,0.8817853927612305
1749220236651691000,11.86969091796875,-0.16918449103832245,-1.3972969055175781,0.7908485531806946
1749220236661682000,11.879681884765626,-0.1648278385400772,-1.772960901260376,0.8451722860336304
1749220236671673000,11.889673095703126,-0.18427236378192902,-1.6131030321121216,1.0017170906066895
1749220236681663000,11.8996630859375,-0.1907593011856079,-1.0444846153259277,1.141014814376831
1749220236691654000,11.90965380859375,-0.22855567932128906,-0.3573586642742157,1.2181602716445923
1749220236701644800,11.919644775390625,-0.3397682309150696,0.17379230260849,1.2864511013031006
1749220236711636000,11.929635986328124,-0.4687589704990387,0.3609536588191986,1.358222484588623
1749220236721627000,11.939626953125,-0.5555830597877502,0.25372442603111267,1.4083168506622314
1749220236731618000,11.9496181640625,-0.6008709073066711,0.007998005487024784,1.4054512977600098
1749220236741608000,11.95960791015625,-0.6125792264938354,-0.2364753931760788,1.389949083328247
1749220236751598800,11.969598876953125,-0.6160219311714172,-0.27370771765708923,1.4323939085006714
1749220236761590000,11.979590087890625,-0.6359506249427795,-0.08020615577697754,1.4979881048202515
1749220236771581000,11.989580810546874,-0.6554377675056458,0.22749920189380646,1.5331634283065796
1749220236781571800,11.99957177734375,-0.6629343032836914,0.46143606305122375,1.5357842445373535
1749220236791563000,12.00956298828125,-0.6513897776603699,0.4971309304237366,1.556517243385315
1749220236801553000,12.019552978515625,-0.6138202548027039,0.3272511065006256,1.567811131477356
1749220236811544000,12.0295439453125,-0.5646734833717346,0.032533708959817886,1.5472313165664673
1749220236821535000,12.039534912109374,-0.5217366814613342,-0.2142997831106186,1.519376516342163
1749220236831526100,12.049526123046874,-0.49616315960884094,-0.3133874833583832,1.49234139919281
1749220236841517000,12.05951708984375,-0.4552149176597595,-0.32916030287742615,1.458776831626892
1749220236851507000,12.0695068359375,-0.3937579393386841,-0.396782249212265,1.4242132902145386
1749220236861497900,12.079497802734375,-0.35899117588996887,-0.5342831015586853,1.4023902416229248
1749220236871489000,12.089489013671875,-0.32473814487457275,-0.7585018277168274,1.4039684534072876
1749220236881480000,12.09947998046875,-0.32304197549819946,-1.0239022970199585,1.4250742197036743
1749220236891470800,12.109470947265624,-0.4431614577770233,-1.1768308877944946,1.4490916728973389
1749220236901461800,12.119461669921876,-0.5665832757949829,-1.220296859741211,1.5595439672470093
1749220236911452200,12.1294521484375,-0.6905875205993652,-1.2368189096450806,1.6885485649108887
1749220236921443000,12.139443115234375,-0.8847354054450989,-1.1571102142333984,1.8256860971450806
1749220236931434000,12.14943408203125,-1.087567925453186,-1.043046474456787,1.9886609315872192
1749220236941425000,12.1594248046875,-1.2451177835464478,-0.9220196604728699,2.1463823318481445
1749220236951416000,12.169416015625,-1.366817593574524,-0.824054479598999,2.3274824619293213
1749220236961407000,12.179406982421876,-1.4863508939743042,-0.9076889157295227,2.4747886657714844
1749220236971396900,12.18939697265625,-1.5466105937957764,-1.280586838722229,2.662250280380249
1749220236981387800,12.1993876953125,-1.5278512239456177,-1.9015039205551147,2.8171818256378174
1749220236991379000,12.20937890625,-1.5737996101379395,-2.6191306114196777,2.7618234157562256
1749220237001369900,12.219369873046874,-1.691510796546936,-3.4430129528045654,2.785733222961426
1749220237011360800,12.22936083984375,-1.7732112407684326,-4.071260452270508,2.9151721000671387
1749220237021351000,12.239350830078125,-1.8204679489135742,-4.570493698120117,2.9585025310516357
1749220237031342000,12.249342041015625,-1.7969801425933838,-5.054607391357422,2.819700002670288
1749220237041333000,12.2593330078125,-1.7848122119903564,-5.265312671661377,2.8966851234436035
1749220237051324000,12.269323974609375,-2.1682865619659424,-4.456683158874512,2.9162251949310303
1749220237061315000,12.279315185546874,-2.669076681137085,-2.898656129837036,2.7695565223693848
1749220237071306000,12.289305908203126,-2.8277153968811035,-0.8601182103157043,2.3239550590515137
1749220237081296000,12.2992958984375,-2.5131402015686035,1.000014305114746,1.8031249046325684
1749220237091286800,12.309286865234375,-1.9391509294509888,2.1295859813690186,1.5026196241378784
1749220237101278000,12.31927783203125,-1.2816563844680786,2.2493772506713867,1.4904040098190308
1749220237111269000,12.32926904296875,-0.8747038245201111,1.5237175226211548,1.7791777849197388
1749220237121260000,12.339260009765624,-0.9638888239860535,1.3914902210235596,1.996518850326538
1749220237131250000,12.34925,-1.2210094928741455,1.2672593593597412,0.9264559745788574
1749220237141240800,12.35924072265625,-0.9013686776161194,0.5769631862640381,-0.3223210573196411
1749220237151232000,12.36923193359375,0.14636839926242828,-0.4038585126399994,-0.5272592902183533
1749220237161223000,12.379222900390625,1.0533769130706787,-1.409528374671936,-0.4267268180847168
1749220237171213800,12.3892138671875,1.3309941291809082,-2.3153204917907715,-0.6113153100013733
1749220237181205000,12.399205078125,1.2467031478881836,-2.703911542892456,-1.0819987058639526
1749220237191195100,12.409195068359375,1.245978593826294,-2.299081563949585,-1.4727038145065308
1749220237201189600,12.419189697265624,1.4692710638046265,-0.9561712145805359,-1.6667214632034302
1749220237211180500,12.4291806640625,1.726196527481079,0.8086286187171936,-2.00374698638916
1749220237221171500,12.43917138671875,1.9075360298156738,1.9623571634292603,-2.6099584102630615
1749220237231162600,12.44916259765625,2.0706374645233154,2.1670947074890137,-3.0301401615142822
1749220237241153500,12.459153564453125,2.2253284454345703,1.8862903118133545,-3.2756052017211914
1749220237251143400,12.469143310546874,2.4371414184570312,1.5570591688156128,-3.565521478652954
1749220237261134300,12.47913427734375,2.793043851852417,1.1453368663787842,-3.9418270587921143
1749220237271125500,12.48912548828125,3.1482462882995605,0.5493720173835754,-4.149052143096924
1749220237281116400,12.499116455078125,3.312609910964966,-0.12805703282356262,-4.279356479644775
1749220237291107300,12.509107421875,3.3664486408233643,-0.6869924664497375,-4.440989017486572
1749220237301097500,12.519097412109375,3.455068826675415,-1.0450531244277954,-4.546610355377197
1749220237311088600,12.529088623046874,3.589282274246216,-1.1728873252868652,-4.562854766845703
1749220237321079600,12.53907958984375,3.6931710243225098,-1.0508217811584473,-4.558921813964844
1749220237331070500,12.549070556640626,3.7534127235412598,-0.6250934600830078,-4.562087535858154
1749220237341061400,12.559061279296875,3.8090498447418213,0.16525153815746307,-4.6692681312561035
1749220237351051300,12.56905126953125,3.8987882137298584,1.134663701057434,-4.845928192138672
1749220237361042400,12.57904248046875,3.937018871307373,2.0361452102661133,-4.9471282958984375
1749220237371033300,12.589033447265624,3.9066836833953857,2.776052236557007,-5.095635414123535
1749220237381024300,12.599024169921876,3.87589430809021,3.4237008094787598,-5.352564334869385
1749220237391015400,12.609015380859375,3.7801456451416016,3.894204616546631,-5.546060085296631
1749220237401006300,12.61900634765625,3.5394065380096436,3.9520809650421143,-5.510902404785156
1749220237410996500,12.62899658203125,3.1281957626342773,3.6955959796905518,-5.24657678604126
1749220237420987400,12.6389873046875,2.661738872528076,3.344151258468628,-4.978003025054932
1749220237430978600,12.648978515625,2.278067111968994,2.966160535812378,-4.733569622039795
1749220237440969500,12.658969482421876,2.0269947052001953,2.648505449295044,-4.1138811111450195
1749220237450960400,12.66896044921875,1.7354382276535034,2.5278077125549316,-3.2963807582855225
1749220237460950300,12.6789501953125,1.37092924118042,2.4830596446990967,-2.4819321632385254
1749220237470941400,12.68894140625,1.0389792919158936,2.1597657203674316,-1.4864263534545898
1749220237480932400,12.698932373046874,0.6141942143440247,1.3502665758132935,-0.40905407071113586
1749220237490923500,12.708923583984374,0.12326094508171082,-0.05209782347083092,0.7991733551025391
1749220237500914400,12.71891455078125,-0.10336633771657944,-2.457594394683838,2.154707670211792
1749220237510905600,12.728905517578125,-1.0035603046417236,-2.197134494781494,4.524506568908691
1749220237520895500,12.7388955078125,-2.811495780944824,0.004769455175846815,2.3525378704071045
1749220237530886400,12.748886474609375,-2.220536231994629,-0.1479913294315338,4.1167073249816895
1749220237540877300,12.758877197265624,-1.345602035522461,0.15007658302783966,4.481559753417969
1749220237550868500,12.768868408203126,-1.4607974290847778,1.0909866094589233,3.3841347694396973
1749220237560859400,12.778859375,-1.5567058324813843,0.13938425481319427,2.913186550140381
1749220237570850300,12.788850341796875,-1.222680687904358,-0.5874685645103455,3.1779415607452393
1749220237580840400,12.79884033203125,-0.9499274492263794,0.33934077620506287,2.4488964080810547
1749220237590831600,12.80883154296875,-0.8386709690093994,1.2670412063598633,1.9341537952423096
1749220237600822500,12.818822509765624,-0.6749060153961182,1.0740795135498047,1.863066554069519
1749220237610813400,12.8288134765625,-0.531681478023529,0.27123284339904785,1.6935707330703735
1749220237620804600,12.8388046875,-0.4931279420852661,-0.45336297154426575,1.5043389797210693
1749220237630794500,12.84879443359375,-0.332644522190094,-0.8618082404136658,1.3961355686187744
1749220237640785400,12.858785400390625,0.0469515286386013,-0.9974297285079956,1.3244696855545044
1749220237650776300,12.8687763671875,0.26778456568717957,-0.8145430088043213,1.1393674612045288
1749220237660767500,12.878767578125,0.15710866451263428,-0.5905064344406128,0.9554558992385864
1749220237670758400,12.88875830078125,-0.029453495517373085,-0.6833780407905579,0.9168520569801331
1749220237680748500,12.89874853515625,-0.10002007335424423,-0.9211839437484741,0.8726022839546204
1749220237690739500,12.908739501953125,-0.09369559586048126,-0.9641268849372864,0.8253431916236877
1749220237700730600,12.918730712890625,-0.05055851489305496,-0.8751296401023865,0.7988878488540649
1749220237710721500,12.928721435546874,-0.014577344991266727,-0.7293673753738403,0.8191547989845276
1749220237720712400,12.93871240234375,-0.045710496604442596,-0.5160226225852966,0.8452913165092468
1749220237730703400,12.948703369140626,-0.11009294539690018,-0.3005097508430481,0.8718462586402893
1749220237740693200,12.958693359375,-0.17848265171051025,-0.1444983333349228,0.8988919854164124
1749220237750684400,12.968684326171875,-0.2276025265455246,-0.11215556412935257,0.8967534303665161
1749220237760675300,12.97867529296875,-0.2594131827354431,-0.16222059726715088,0.8918593525886536
1749220237770666200,12.988666259765624,-0.2909404933452606,-0.20559363067150116,0.8986123204231262
1749220237780657400,12.998657470703124,-0.3329726457595825,-0.16028447449207306,0.9056345820426941
1749220237790647600,13.0086474609375,-0.35181742906570435,-0.06413291394710541,0.926042377948761
1749220237800638500,13.018638427734375,-0.3432582914829254,0.03644882142543793,0.9634342193603516
1749220237810629400,13.02862939453125,-0.33904916048049927,0.13734214007854462,1.0118099451065063
1749220237820620500,13.03862060546875,-0.36235475540161133,0.2858610451221466,1.0348918437957764
1749220237830611500,13.048611572265624,-0.3987694978713989,0.4783543348312378,1.052531361579895
1749220237840602400,13.058602294921876,-0.4005889594554901,0.622324526309967,1.0546897649765015
1749220237850592300,13.06859228515625,-0.3888380229473114,0.6616237759590149,1.0618443489074707
1749220237860583400,13.07858349609375,-0.37780243158340454,0.6576364636421204,1.098332405090332
1749220237870574600,13.08857470703125,-0.3946807384490967,0.681790292263031,1.1400774717330933
1749220237880565500,13.0985654296875,-0.44760945439338684,0.7333442568778992,1.187125563621521
1749220237890556400,13.108556396484374,-0.5126428008079529,0.7518551349639893,1.2346140146255493
1749220237900546600,13.118546630859376,-0.5693345665931702,0.6413972973823547,1.277234435081482
1749220237910537500,13.128537353515625,-0.5930300354957581,0.2972407341003418,1.3066786527633667
1749220237920528400,13.1385283203125,-0.5414214730262756,-0.15135890245437622,1.3544487953186035
1749220237930519300,13.148519287109375,-0.474529504776001,-0.5958061218261719,1.4439411163330078
1749220237940510500,13.158510498046875,-0.4851251542568207,-0.9320637583732605,1.4696507453918457
1749220237950500600,13.16850048828125,-0.5446640849113464,-1.0576837062835693,1.5203142166137695
1749220237960491500,13.178491455078126,-0.592586874961853,-1.035651445388794,1.5599604845046997
1749220237970482400,13.188482421875,-0.609847366809845,-1.0067307949066162,1.5888663530349731
1749220237980473600,13.1984736328125,-0.6343988180160522,-1.0823880434036255,1.6506565809249878
1749220237990464500,13.208464599609375,-0.754485011100769,-1.2331575155258179,1.7156040668487549
1749220238000455400,13.218455322265624,-0.9039719700813293,-1.3027355670928955,1.8142681121826172
1749220238010445300,13.2284453125,-0.992914080619812,-1.3434725999832153,1.9153214693069458
1749220238020436500,13.2384365234375,-1.1231836080551147,-1.325103998184204,2.016773223876953
1749220238030427400,13.248427490234375,-1.324365496635437,-1.2402721643447876,2.146470546722412
1749220238040418300,13.258418212890625,-1.480064868927002,-1.20622980594635,2.318193197250366
1749220238050409500,13.268409423828125,-1.5993661880493164,-1.2964353561401367,2.461496114730835
1749220238060399600,13.278399658203124,-1.6527103185653687,-1.5577750205993652,2.649463176727295
1749220238070390500,13.288390625,-1.6782971620559692,-2.05543851852417,2.739536762237549
1749220238080381400,13.29838134765625,-1.8451610803604126,-2.7669103145599365,2.8493053913116455
1749220238090372600,13.30837255859375,-1.9035338163375854,-3.3769264221191406,3.2180652618408203
1749220238100363500,13.318363525390625,-1.8136025667190552,-4.090845584869385,3.31797194480896
1749220238110353400,13.328353515625,-1.6137422323226929,-5.100309371948242,3.105865001678467
1749220238120344300,13.33834423828125,-1.6156612634658813,-5.966878890991211,3.020350933074951
1749220238130335200,13.348335205078126,-2.199594020843506,-5.500157833099365,3.1212756633758545
1749220238140326400,13.358326416015625,-2.9210662841796875,-3.8343920707702637,3.1386125087738037
1749220238150317300,13.3683173828125,-3.102531671524048,-1.582211971282959,2.646857500076294
1749220238160308500,13.37830859375,-2.5431950092315674,0.5226120948791504,2.000800371170044
1749220238170298400,13.38829833984375,-1.6195456981658936,1.8445442914962769,1.7862229347229004
1749220238180289500,13.39828955078125,-0.8868927955627441,2.351121425628662,1.6715117692947388
1749220238190280400,13.408280517578126,-0.6662680506706238,2.2503700256347656,1.59706711769104
1749220238200268800,13.418268798828125,-0.7327328324317932,1.952294945716858,1.2316573858261108
1749220238210259700,13.428259765625,-0.8064445853233337,1.6153723001480103,0.313812792301178
1749220238220249600,13.43824951171875,-0.5614625215530396,0.7297887206077576,-0.8399572968482971
1749220238230240500,13.448240478515626,0.16658684611320496,-0.2623163163661957,-1.1316927671432495
1749220238240231700,13.458231689453125,0.8064752221107483,-1.057389736175537,-0.9921201467514038
1749220238250222600,13.46822265625,1.0042780637741089,-1.601515293121338,-1.1351079940795898
1749220238260213500,13.478213623046875,1.0207833051681519,-1.8014942407608032,-1.6784995794296265
1749220238270203600,13.48820361328125,1.2586746215820312,-1.4634144306182861,-2.148135185241699
1749220238280194800,13.49819482421875,1.7661564350128174,-0.5050634145736694,-2.3968324661254883
1749220238290185700,13.508185791015626,2.255559206008911,0.8182932734489441,-2.7314882278442383
1749220238300176600,13.5181767578125,2.4486682415008545,1.9400113821029663,-3.174252510070801
1749220238310167600,13.52816748046875,2.4772303104400635,2.2956011295318604,-3.63515567779541
1749220238320157700,13.53815771484375,2.7115137577056885,1.8769665956497192,-3.93916654586792
1749220238330148600,13.548148681640624,3.1521899700164795,1.1875081062316895,-4.029397487640381
1749220238340139500,13.558139404296876,3.547086238861084,0.6766903400421143,-4.226283073425293
1749220238350130400,13.56813037109375,3.742527723312378,0.17721392214298248,-4.447198390960693
1749220238360121600,13.57812158203125,3.726990222930908,-0.5080671906471252,-4.522944450378418
1749220238370112800,13.58811279296875,3.613807201385498,-1.1481585502624512,-4.54707145690918
1749220238380102700,13.5981025390625,3.6253914833068848,-1.4052762985229492,-4.5112080574035645
1749220238390093600,13.608093505859374,3.740985155105591,-1.2101709842681885,-4.437253952026367
1749220238400084700,13.618084716796876,3.883002519607544,-0.628667950630188,-4.374436378479004
1749220238410075600,13.62807568359375,4.027589797973633,0.2548986077308655,-4.4341583251953125
1749220238420066600,13.638066650390625,4.13301420211792,1.407891035079956,-4.585498332977295
1749220238430056400,13.648056396484375,4.121440410614014,2.509042978286743,-4.713669300079346
1749220238440047600,13.658047607421874,4.045043468475342,3.2185163497924805,-4.742005348205566
1749220238450038800,13.668038818359374,3.8798623085021973,3.5582494735717773,-4.818121910095215
1749220238460029700,13.67802978515625,3.6107680797576904,3.7562127113342285,-4.870456218719482
1749220238470020900,13.688020751953125,3.271554708480835,3.830183267593384,-4.87393856048584
1749220238480010800,13.6980107421875,2.886479377746582,3.813953161239624,-4.830440521240234
1749220238490001700,13.708001708984375,2.5057930946350098,3.5936059951782227,-4.671701908111572
1749220238499992600,13.71799267578125,2.1477034091949463,3.28540301322937,-4.394399642944336
1749220238509983500,13.7279833984375,1.9166191816329956,3.237576484680176,-3.9638428688049316
1749220238519974700,13.737974609375,1.7471977472305298,3.4805641174316406,-3.4414117336273193
1749220238529964800,13.74796484375,1.510197639465332,3.590445041656494,-2.7775633335113525
1749220238539955700,13.757955810546875,1.221936583518982,3.202054262161255,-2.0650880336761475
1749220238549946600,13.767946533203125,0.9541823863983154,2.154287338256836,-1.2035048007965088
1749220238559937800,13.777937744140624,0.5587338805198669,0.7249345183372498,-0.15687723457813263
1749220238569928700,13.7879287109375,0.01667911186814308,-0.629263699054718,0.7863907217979431
1749220238579918600,13.797918701171875,-0.4114930033683777,-1.619952917098999,1.636230707168579
1749220238589909500,13.807909423828125,-0.6561195254325867,-2.00954008102417,2.3854873180389404
1749220238599900700,13.817900634765625,-0.8201271295547485,-1.666283130645752,2.736590623855591
1749220238609891600,13.8278916015625,-0.9561491012573242,-0.9549365639686584,2.84968638420105
1749220238619882500,13.837882568359374,-0.8213455080986023,-1.8945075273513794,1.3342818021774292
1749220238629873700,13.847873779296876,0.19670666754245758,-5.612308502197266,1.960800051689148
1749220238639863800,13.85786376953125,-1.362755537033081,1.5001407861709595,3.216811418533325
1749220238649854700,13.867854736328125,-2.1256346702575684,7.175917148590088,1.2750046253204346
1749220238659845600,13.877845703125,-1.7421592473983765,5.9048542976379395,3.298816680908203
1749220238669836800,13.8878369140625,-1.3956718444824219,2.6266369819641113,2.3954262733459473
1749220238679827700,13.89782763671875,-0.6808589696884155,-0.10848440229892731,1.9282865524291992
1749220238689817600,13.907817626953126,-0.2606622278690338,0.16591520607471466,3.0500669479370117
1749220238699808500,13.91780859375,0.0054853130131959915,0.3912428617477417,2.2059555053710938
1749220238709799700,13.927799560546875,-0.13221609592437744,-0.8875823020935059,1.7815940380096436
1749220238719790600,13.93779052734375,-1.0367398262023926,-1.5795786380767822,1.980015516281128
1749220238729781500,13.947781494140624,-1.5360811948776245,-1.3174996376037598,1.6114646196365356
1749220238739771600,13.957771728515626,-1.0775450468063354,-0.6490908861160278,1.50167977809906
1749220238749762800,13.9677626953125,-0.40599411725997925,-0.03302932158112526,1.3689161539077759
1749220238759753700,13.977753662109375,-0.10896483063697815,0.409186989068985,1.1857727766036987
1749220238769744600,13.98774462890625,-0.07206354290246964,0.4843110144138336,1.1234276294708252
1749220238779735600,13.997735595703125,-0.049963563680648804,0.5129098892211914,1.1516059637069702
1749220238789725400,14.007725341796874,0.00250523560680449,0.5585713982582092,1.1691559553146362
1749220238799716600,14.017716552734376,0.003875698195770383,0.31801044940948486,1.1239043474197388
1749220238809707500,14.02770751953125,-0.09756969660520554,-0.18472537398338318,1.0050698518753052
1749220238819698700,14.03769873046875,-0.18288619816303253,-0.5623842477798462,0.9066119194030762
1749220238829689900,14.04768994140625,-0.1669655442237854,-0.7578496336936951,0.8581929802894592
1749220238839679700,14.0576796875,-0.12810790538787842,-0.7960846424102783,0.8585410714149475
1749220238849670700,14.067670654296874,-0.1425102800130844,-0.5806252956390381,0.9370180368423462
1749220238859661600,14.07766162109375,-0.1852891594171524,-0.11911413818597794,1.0028825998306274
1749220238869652700,14.08765283203125,-0.21426808834075928,0.3713589012622833,1.0469930171966553
1749220238879643600,14.0976435546875,-0.22952747344970703,0.5955666899681091,1.0732717514038086
1749220238889633500,14.107633544921875,-0.2456614226102829,0.42870500683784485,1.0810426473617554
1749220238899624700,14.117624755859374,-0.2835153341293335,-0.016980847343802452,1.095353126525879
1749220238909615900,14.127615966796874,-0.344302237033844,-0.47599291801452637,1.136808156967163
1749220238919606800,14.137606689453126,-0.4005836248397827,-0.6733938455581665,1.173581838607788
1749220238929597700,14.14759765625,-0.4113028645515442,-0.5450444221496582,1.2329660654067993
1749220238939588600,14.157588623046875,-0.4128386974334717,-0.2349129170179367,1.3092373609542847
1749220238949578800,14.167578857421875,-0.46497035026550293,0.16619829833507538,1.3539327383041382
1749220238959569700,14.177569580078124,-0.5210897922515869,0.4772312641143799,1.3669809103012085
1749220238969560600,14.187560546875,-0.5149298906326294,0.504417896270752,1.4052995443344116
1749220238979551500,14.197551513671876,-0.48496827483177185,0.2508447468280792,1.415083646774292
1749220238989542700,14.207542724609375,-0.4696817398071289,-0.058166101574897766,1.4285815954208374
1749220238999532800,14.21753271484375,-0.46427658200263977,-0.2761367857456207,1.4487953186035156
1749220239009523700,14.227523681640625,-0.4729933738708496,-0.3056661784648895,1.4642086029052734
1749220239019514600,14.2375146484375,-0.4984060525894165,-0.1909547746181488,1.4511321783065796
1749220239029505800,14.247505859375,-0.48169365525245667,-0.1019737720489502,1.4362238645553589
1749220239039496700,14.25749658203125,-0.4605436325073242,-0.09510467946529388,1.4622325897216797
1749220239049486600,14.267486572265625,-0.44734394550323486,-0.19120244681835175,1.4748423099517822
1749220239059477500,14.2774775390625,-0.4081321060657501,-0.4167410433292389,1.4758164882659912
1749220239069468700,14.28746875,-0.36561712622642517,-0.7207627296447754,1.4913140535354614
1749220239079459600,14.29745947265625,-0.399248868227005,-0.9803788065910339,1.5065685510635376
1749220239089450500,14.307450439453126,-0.503976583480835,-1.0840845108032227,1.5494548082351685
1749220239099440600,14.317440673828125,-0.5810487270355225,-1.02974534034729,1.6223831176757812
1749220239109431800,14.327431884765625,-0.6373852491378784,-0.9437100291252136,1.6902782917022705
1749220239119422700,14.337422607421875,-0.7297929525375366,-0.9010800123214722,1.7600775957107544
1749220239129413600,14.34741357421875,-0.8225247263908386,-0.9718127846717834,1.880131483078003
1749220239139404800,14.35740478515625,-0.9226348400115967,-1.0983643531799316,1.9822603464126587
1749220239149394700,14.367394775390625,-1.0389952659606934,-1.2077385187149048,2.08253812789917
1749220239159385600,14.377385498046875,-1.1154210567474365,-1.3522844314575195,2.217834711074829
1749220239169376500,14.38737646484375,-1.1755435466766357,-1.5681672096252441,2.3290629386901855
1749220239179367400,14.397367431640625,-1.2893766164779663,-1.861289381980896,2.3233442306518555
1749220239189358600,14.407358642578124,-1.4629175662994385,-2.298997163772583,2.325038433074951
1749220239199348700,14.4173486328125,-1.5721169710159302,-2.5975265502929688,2.4006989002227783
1749220239209339600,14.427339599609375,-1.6394587755203247,-2.762626886367798,2.4619858264923096
1749220239219330600,14.43733056640625,-1.6392080783843994,-3.2406301498413086,2.4872162342071533
1749220239229321700,14.44732177734375,-1.5783830881118774,-4.1221418380737305,2.4630322456359863
1749220239239312600,14.457312744140625,-1.6749019622802734,-4.649449825286865,2.5559113025665283
1749220239249302500,14.467302490234376,-2.0894360542297363,-4.133896350860596,2.6866557598114014
1749220239259293400,14.47729345703125,-2.617199659347534,-2.831260919570923,2.641218662261963
1749220239269284600,14.48728466796875,-2.9221038818359375,-1.1436396837234497,2.360384225845337
1749220239279275800,14.49727587890625,-2.826751232147217,0.45270463824272156,2.182935953140259
1749220239289266700,14.5072666015625,-2.474867343902588,1.864417552947998,2.2510058879852295
1749220239299256600,14.517256591796874,-2.198584794998169,2.8721039295196533,2.2183139324188232
1749220239309247700,14.527247802734376,-1.8658287525177002,2.7496845722198486,1.5002113580703735
1749220239319238700,14.53723876953125,-1.1841719150543213,1.2807053327560425,0.9824180006980896
1749220239329229600,14.5472294921875,-0.5018958449363708,-0.4216468334197998,0.7409478425979614
1749220239339220700,14.557220703125,-0.01540532149374485,-1.7504608631134033,0.25096485018730164
1749220239349211600,14.567211669921875,0.46616849303245544,-2.6485354900360107,-0.21129333972930908
1749220239359201800,14.577201904296874,0.7652207016944885,-2.7352817058563232,-0.4354606568813324
1749220239369192700,14.587192626953126,0.8111264109611511,-1.906328558921814,-0.7152898907661438
1749220239379183900,14.597183837890626,0.8040708899497986,-0.6200563311576843,-1.1690443754196167
1749220239389174800,14.6071748046875,0.9363168478012085,0.5631416440010071,-1.5920201539993286
1749220239399165700,14.617165771484375,1.155886173248291,1.4680030345916748,-1.8614486455917358
1749220239409155600,14.627155517578124,1.3439404964447021,2.1614439487457275,-2.1828951835632324
1749220239419146500,14.637146484375,1.5679177045822144,2.535325765609741,-2.6547627449035645
1749220239429137700,14.6471376953125,1.8941887617111206,2.559152364730835,-2.966149091720581
1749220239439128600,14.657128662109375,2.1989505290985107,2.416231393814087,-3.2497622966766357
1749220239449119500,14.667119384765625,2.4227402210235596,2.1967527866363525,-3.6487724781036377
1749220239459109600,14.677109619140625,2.637032985687256,1.7538601160049438,-3.940143346786499
1749220239469100800,14.687100830078125,2.854264974594116,1.1867098808288574,-4.113596439361572
1749220239479091700,14.697091796875,3.0088679790496826,0.6704505085945129,-4.372553825378418
1749220239489082600,14.70708251953125,3.107534170150757,0.11070174723863602,-4.595466613769531
1749220239499073800,14.71707373046875,3.210242748260498,-0.41261419653892517,-4.713260173797607
1749220239509063700,14.727063720703125,3.3653171062469482,-0.7376681566238403,-4.883509159088135
1749220239519054600,14.7370546875,3.5580861568450928,-0.8179667592048645,-5.052497863769531
1749220239529045500,14.74704541015625,3.7324700355529785,-0.6442668437957764,-5.162961006164551
1749220239539036700,14.75703662109375,3.8778014183044434,-0.17850103974342346,-5.31123161315918
1749220239549027600,14.767027587890626,3.986562728881836,0.45554009079933167,-5.493816375732422
1749220239559017700,14.777017822265625,4.035170078277588,1.0502697229385376,-5.656296253204346
1749220239569008600,14.787008544921875,4.032878875732422,1.5415148735046387,-5.833436012268066
1749220239578999800,14.796999755859375,3.9554355144500732,1.9437209367752075,-5.9210896492004395
1749220239588990700,14.80699072265625,3.75540828704834,2.1890525817871094,-5.863901138305664
1749220239598981600,14.816981689453126,3.4076428413391113,2.2325282096862793,-5.598943710327148
1749220239608971500,14.826971435546875,2.9430673122406006,2.1758718490600586,-5.400404930114746
1749220239618962700,14.836962646484375,2.558633804321289,2.24902081489563,-5.043087482452393
1749220239628953600,14.84695361328125,2.2705612182617188,2.6412136554718018,-4.515456676483154
1749220239638944500,14.856944580078125,1.970836877822876,3.032224655151367,-3.9209654331207275
1749220239648935700,14.866935791015624,1.6634138822555542,2.9165735244750977,-3.2370755672454834
1749220239658925800,14.87692578125,1.2746645212173462,2.032925844192505,-2.1917061805725098
1749220239668916700,14.886916748046875,0.7762289047241211,0.6892953515052795,-0.9457406997680664
1749220239678907600,14.89690771484375,0.15095409750938416,-0.5906044244766235,0.27303367853164673
1749220239688898600,14.906898681640625,-0.5168085098266602,-1.2416996955871582,1.2714908123016357
1749220239698889700,14.9168896484375,-1.0353214740753174,-1.3173744678497314,2.032870054244995
1749220239708879600,14.926879638671876,-1.3550989627838135,-0.824138343334198,2.5204381942749023
1749220239718870500,14.93687060546875,-0.8281717300415039,-2.8536527156829834,1.0806162357330322
1749220239728861700,14.94686181640625,0.02708195149898529,-4.346652030944824,4.207306385040283
1749220239738852900,14.956852783203125,-2.0968198776245117,2.1847896575927734,2.4825215339660645
1749220239748843800,14.96684375,-3.039435386657715,5.729625701904297,3.039616823196411
1749220239758833700,14.976833740234374,-2.597165822982788,3.16559100151062,3.6937644481658936
1749220239768824600,14.986824462890626,-1.9082225561141968,0.28725653886795044,2.7631888389587402
1749220239778815700,14.996815673828126,-0.9261382222175598,-0.8869943022727966,3.056525945663452
1749220239788806700,15.006806640625,-0.4340941905975342,-0.15264706313610077,2.997957468032837
1749220239798797600,15.016797607421875,-0.45520079135894775,0.40712037682533264,2.3289971351623535
1749220239808787700,15.02678759765625,-0.8577711582183838,0.3142716586589813,2.1151740550994873
1749220239818779000,15.03677880859375,-1.4382106065750122,0.29067790508270264,2.0344796180725098
1749220239828769800,15.046769775390626,-1.437931776046753,0.366828054189682,1.819899559020996
1749220239838760700,15.0567607421875,-0.9195722341537476,0.17986324429512024,1.6586641073226929
1749220239848751600,15.066751708984375,-0.4513546824455261,-0.018270883709192276,1.4494906663894653
1749220239858741800,15.07674169921875,-0.14363253116607666,0.05481690913438797,1.3425767421722412
1749220239868732700,15.086732666015624,-0.029577333480119705,0.3105107247829437,1.2411051988601685
1749220239878723600,15.0967236328125,-0.11881773173809052,0.5106041431427002,1.1718169450759888
1749220239888714500,15.106714599609376,-0.28037548065185547,0.4578586518764496,1.1053998470306396
1749220239898705700,15.11670556640625,-0.3661010265350342,0.2527446448802948,1.011362075805664
1749220239908695800,15.12669580078125,-0.3618604838848114,0.12624981999397278,0.9404508471488953
1749220239918686700,15.136686767578125,-0.30905798077583313,0.02466806210577488,0.8956522345542908
1749220239928677600,15.146677734375,-0.23902270197868347,-0.13215750455856323,0.8669571876525879
1749220239938668800,15.156668701171874,-0.2115119844675064,-0.17987015843391418,0.8856629729270935
1749220239948659700,15.16665966796875,-0.2243899554014206,0.03471057489514351,0.9384183287620544
1749220239958649600,15.176649658203125,-0.22477905452251434,0.3756159543991089,0.9626890420913696
1749220239968640500,15.186640625,-0.1956786960363388,0.5747365355491638,0.9478762745857239
1749220239978631700,15.196631591796875,-0.18519489467144012,0.47379791736602783,0.9177053570747375
1749220239988622600,15.20662255859375,-0.20427750051021576,0.14659635722637177,0.8889389038085938
1749220239998613500,15.216613525390626,-0.23366974294185638,-0.1659809798002243,0.8896737098693848
1749220240008603600,15.226603759765625,-0.24644732475280762,-0.2628132402896881,0.8908678293228149
1749220240018594800,15.2365947265625,-0.26060256361961365,-0.13837891817092896,0.8608553409576416
1749220240028585700,15.246585693359375,-0.27287572622299194,0.10048319399356842,0.8726062774658203
1749220240038576600,15.25657666015625,-0.274442195892334,0.34393686056137085,0.8914415240287781
1749220240048567800,15.26656787109375,-0.26676350831985474,0.47260695695877075,0.894133448600769
1749220240058557700,15.2765576171875,-0.24048317968845367,0.4598666727542877,0.9141010046005249
1749220240068548600,15.286548583984375,-0.21845564246177673,0.30349278450012207,0.9458818435668945
1749220240078539500,15.29653955078125,-0.2070690244436264,0.05842282995581627,0.9930216670036316
1749220240088530400,15.306530517578125,-0.21762233972549438,-0.18325957655906677,1.051488995552063
1749220240098521600,15.316521484375,-0.24246802926063538,-0.30390581488609314,1.109100103378296
1749220240108511700,15.32651171875,-0.27637779712677,-0.28082287311553955,1.166883945465088
1749220240118502700,15.336502685546876,-0.33275264501571655,-0.17217816412448883,1.2084120512008667
1749220240128493600,15.34649365234375,-0.3944847285747528,-0.12748286128044128,1.231958031654358
1749220240138484700,15.356484619140625,-0.43064698576927185,-0.16393646597862244,1.267584204673767
1749220240148475600,15.3664755859375,-0.45906850695610046,-0.2515938878059387,1.2883832454681396
1749220240158465500,15.376465576171874,-0.4844106137752533,-0.4039410948753357,1.305379033088684
1749220240168456400,15.38645654296875,-0.5111293196678162,-0.5926947593688965,1.3313450813293457
1749220240178447600,15.396447509765625,-0.5381572246551514,-0.7510641813278198,1.3702392578125
1749220240188438500,15.4064384765625,-0.5521497130393982,-0.9280045628547668,1.4340806007385254
1749220240198429400,15.416429443359375,-0.64682537317276,-1.1274482011795044,1.5279936790466309
1749220240208419300,15.42641943359375,-0.7917348742485046,-1.1802784204483032,1.6356232166290283
1749220240218410200,15.43641015625,-0.8862078785896301,-1.1722962856292725,1.7639236450195312
1749220240228401200,15.446401123046876,-1.0334497690200806,-1.0711052417755127,1.8755234479904175
1749220240238392300,15.456392333984375,-1.1926690340042114,-1.011014461517334,2.018904685974121
1749220240248383200,15.46638330078125,-1.2792800664901733,-1.1294801235198975,2.1491260528564453
1749220240258373400,15.476373291015625,-1.3181209564208984,-1.448265552520752,2.273850917816162
1749220240268364300,15.4863642578125,-1.3655076026916504,-1.9067192077636719,2.3158318996429443
1749220240278355500,15.49635546875,-1.5230423212051392,-2.3633556365966797,2.2308616638183594
1749220240288346400,15.506346435546876,-1.6368986368179321,-2.719043493270874,2.3666598796844482
1749220240298337300,15.516337158203125,-1.5403164625167847,-3.0011985301971436,2.4489853382110596
1749220240308327200,15.5263271484375,-1.3986088037490845,-3.5839052200317383,2.498263120651245
1749220240318318300,15.536318359375,-1.3563921451568604,-4.557943820953369,2.501368761062622
1749220240328309200,15.546309326171874,-1.4070073366165161,-5.4397406578063965,2.546555995941162
1749220240338300200,15.556300048828126,-1.645723581314087,-5.480750560760498,2.6133861541748047
1749220240348291300,15.566291259765626,-2.0049946308135986,-4.772267818450928,2.543774127960205
1749220240358281500,15.576281494140625,-2.3589513301849365,-3.54593825340271,2.5304312705993652
1749220240368272400,15.5862724609375,-2.553574323654175,-1.6716617345809937,2.325470447540283
1749220240378263300,15.59626318359375,-2.406660556793213,0.14043593406677246,1.8000385761260986
1749220240388254200,15.606254150390624,-2.0071122646331787,1.216913104057312,1.6781035661697388
1749220240398245400,15.616245361328126,-1.7308403253555298,2.021122932434082,1.9429688453674316
1749220240408235300,15.6262353515625,-1.558300256729126,2.254621982574463,1.881986141204834
1749220240418226200,15.63622607421875,-1.3629179000854492,2.0282742977142334,1.4550271034240723
1749220240428217000,15.646217041015625,-1.0743991136550903,1.537908911705017,0.8145437836647034
1749220240438208300,15.656208251953124,-0.6143875122070312,0.8341257572174072,0.17820169031620026
1749220240448199200,15.66619921875,0.053641658276319504,0.03879746422171593,-0.14739291369915009
1749220240458190000,15.676190185546876,0.6587709784507751,-0.8888710141181946,-0.25229910016059875
1749220240468180200,15.68618017578125,0.9116551876068115,-1.5491807460784912,-0.35497939586639404
1749220240478171400,15.69617138671875,0.9385815858840942,-1.6177308559417725,-0.6729936003684998
1749220240488162300,15.706162353515625,1.0197752714157104,-1.1006463766098022,-1.0174812078475952
1749220240498153200,15.7161533203125,1.2358182668685913,-0.3623909652233124,-1.3067481517791748
1749220240508143000,15.72614306640625,1.4938621520996094,0.29692062735557556,-1.6305360794067383
1749220240518134300,15.73613427734375,1.735397219657898,0.6294037699699402,-2.015470266342163
1749220240528125200,15.746125244140625,2.0024871826171875,0.6111992001533508,-2.295057773590088
1749220240538116000,15.7561162109375,2.333437919616699,0.4415646195411682,-2.570791482925415
1749220240548107300,15.766107177734375,2.6996359825134277,0.29967913031578064,-2.786820888519287
1749220240558097400,15.776097412109374,2.9950873851776123,0.2323133945465088,-3.0518155097961426
1749220240568088300,15.78608837890625,3.181476593017578,0.175977423787117,-3.270075559616089
1749220240578079200,15.796079345703125,3.2971408367156982,0.1989293396472931,-3.5209462642669678
1749220240588070400,15.8060703125,3.4274404048919678,0.22217553853988647,-3.789315700531006
1749220240598061300,15.816061279296875,3.5717103481292725,0.11498277634382248,-3.95333194732666
1749220240608051200,15.82605126953125,3.6310954093933105,-0.04506254941225052,-4.057214260101318
1749220240618042000,15.8360419921875,3.6398394107818604,-0.07549156248569489,-4.103300094604492
1749220240628033300,15.846033203125,3.6752848625183105,0.14234888553619385,-4.169086933135986
1749220240638024400,15.8560244140625,3.7308669090270996,0.5780316591262817,-4.2654852867126465
1749220240648015400,15.866015380859375,3.779357433319092,1.0971672534942627,-4.365021228790283
1749220240658005200,15.876005126953125,3.819676160812378,1.5501130819320679,-4.424154281616211
1749220240667996200,15.88599609375,3.848783493041992,1.932781457901001,-4.491858005523682
1749220240677987300,15.8959873046875,3.871720552444458,2.150808572769165,-4.58565092086792
1749220240687978200,15.905978271484376,3.8517117500305176,2.1995270252227783,-4.640573024749756
1749220240697969200,15.91596923828125,3.775449752807617,2.142895460128784,-4.6384968757629395
1749220240707959300,15.925959228515625,3.6794838905334473,2.042214870452881,-4.603199481964111
1749220240717950500,15.935950439453125,3.546403646469116,1.8611631393432617,-4.50004768371582
1749220240727941400,15.94594140625,3.3068957328796387,1.8561625480651855,-4.324935436248779
1749220240737932300,15.955932373046876,3.056384563446045,2.0497515201568604,-4.18058967590332
1749220240747923500,15.96592333984375,2.811846971511841,2.2394795417785645,-3.8951122760772705
1749220240757913300,15.975913330078125,2.4437150955200195,2.3473713397979736,-3.4918084144592285
1749220240767904300,15.985904296875,2.0466606616973877,2.278164863586426,-3.0462372303009033
1749220240777895200,15.995895263671875,1.6362069845199585,1.8695443868637085,-2.5486326217651367
1749220240787886300,16.00588623046875,1.1912494897842407,1.1182986497879028,-1.5418083667755127
1749220240797877200,16.015877197265624,0.6757387518882751,0.17837639153003693,-0.3379705846309662
1749220240807867400,16.025867431640624,0.08796633780002594,-0.7716674208641052,0.6786916851997375
1749220240817858300,16.0358583984375,-0.4335881769657135,-1.4753025770187378,1.433233618736267
1749220240827849500,16.045849365234375,-0.7872160077095032,-1.7804614305496216,2.098423719406128
1749220240837840400,16.05584033203125,-0.9886397123336792,-1.9603211879730225,2.2377538681030273
1749220240847831300,16.065831298828126,-0.4518153965473175,-5.019589900970459,0.8783701658248901
1749220240857821200,16.0758212890625,-1.1779123544692993,-2.0818214416503906,4.2885332107543945
1749220240867812400,16.085812255859373,-3.1658639907836914,4.8537750244140625,1.8603378534317017
1749220240877803300,16.09580322265625,-2.783482074737549,5.180384159088135,2.613210916519165
1749220240887794200,16.105794189453125,-1.928669810295105,2.932098150253296,3.5490522384643555
1749220240897785000,16.11578515625,-1.1332107782363892,1.0526034832000732,2.4869327545166016
1749220240907775200,16.125775146484376,-0.8172141313552856,0.7995083928108215,2.683501958847046
1749220240917766400,16.135766357421875,-0.7817996740341187,1.3118011951446533,2.676349639892578
1749220240927757300,16.14575732421875,-0.8579716682434082,0.6528899073600769,1.9125694036483765
1749220240937748200,16.155748291015627,-1.1673998832702637,-0.07888815551996231,1.9069490432739258
1749220240947739400,16.165739501953126,-1.3584909439086914,-0.4877220094203949,1.7676489353179932
1749220240957729300,16.175729248046874,-1.1459954977035522,-0.7918214201927185,1.4758418798446655
1749220240967720200,16.18572021484375,-0.7083745002746582,-0.8680616021156311,1.4821058511734009
1749220240977711000,16.195711181640625,-0.40843144059181213,-0.2488899827003479,1.3185983896255493
1749220240987702300,16.205702392578125,-0.2010263204574585,0.7783991098403931,1.0816431045532227
1749220240997693200,16.215693115234377,-0.003593403147533536,1.1826906204223633,1.09273362159729
1749220241007683300,16.225683349609376,-0.01443886011838913,0.9103909730911255,1.083791732788086
1749220241017674200,16.23567431640625,-0.15879018604755402,0.29091572761535645,0.9353764653205872
1749220241027665400,16.24566552734375,-0.23041856288909912,-0.37923121452331543,0.84871906042099
1749220241037656300,16.25565625,-0.2043752372264862,-0.9383395314216614,0.7876301407814026
1749220241047647200,16.265647216796875,-0.1882372796535492,-1.2090500593185425,0.6906378269195557
1749220241057637000,16.27563720703125,-0.20606528222560883,-1.0577396154403687,0.6762428879737854
1749220241067628300,16.285628173828126,-0.19905397295951843,-0.5046027302742004,0.7117564082145691
1749220241077619200,16.295619140625,-0.18574349582195282,0.2827051877975464,0.7357895970344543
1749220241087610400,16.3056103515625,-0.20293739438056946,0.8968855142593384,0.7323474287986755
1749220241097601300,16.315601318359374,-0.22661955654621124,1.0109870433807373,0.7279966473579407
1749220241107591400,16.32559130859375,-0.23025797307491302,0.6464495658874512,0.7212173342704773
1749220241117582300,16.335582275390625,-0.22773995995521545,0.09407056868076324,0.6990914940834045
1749220241127573200,16.3455732421875,-0.21197137236595154,-0.33179765939712524,0.6846755146980286
1749220241137564200,16.355564208984376,-0.1864023655653,-0.46136921644210815,0.6783310770988464
1749220241147555300,16.365555419921876,-0.17952768504619598,-0.2896363437175751,0.6878287196159363
1749220241157545200,16.375545166015623,-0.19362139701843262,-0.013363742269575596,0.7203896045684814
1749220241167536400,16.385536376953127,-0.21524839103221893,0.1979793906211853,0.7845904231071472
1749220241177527300,16.39552734375,-0.23775316774845123,0.2618885934352875,0.8477832674980164
1749220241187518500,16.4055185546875,-0.25771597027778625,0.1514073610305786,0.9139161705970764
1749220241197509400,16.41550927734375,-0.26420608162879944,-0.0623355470597744,0.9949148893356323
1749220241207499300,16.425499267578125,-0.30136170983314514,-0.24949504435062408,1.0799586772918701
1749220241217490200,16.435490234375,-0.3952852785587311,-0.30987876653671265,1.1215593814849854
1749220241227481300,16.4454814453125,-0.4819354712963104,-0.3086678385734558,1.212514877319336
1749220241237472300,16.45547216796875,-0.558364748954773,-0.32429444789886475,1.3246549367904663
1749220241247463200,16.465463134765624,-0.6460314989089966,-0.34780776500701904,1.4262855052947998
1749220241257453300,16.475453369140624,-0.7183687686920166,-0.41537776589393616,1.5229747295379639
1749220241267444500,16.485444580078124,-0.7510777115821838,-0.49933764338493347,1.6000921726226807
1749220241277435400,16.495435302734375,-0.7636936902999878,-0.5344964265823364,1.635932445526123
1749220241287426300,16.50542626953125,-0.7564727663993835,-0.6009436249732971,1.6383905410766602
1749220241297417200,16.515417236328126,-0.7354084849357605,-0.7073811292648315,1.5982556343078613
1749220241307407400,16.525407470703126,-0.6939632892608643,-0.8408808708190918,1.584065556526184
1749220241317398300,16.535398193359374,-0.6226041913032532,-1.0976040363311768,1.5641474723815918
1749220241327389200,16.54538916015625,-0.6804115772247314,-1.3713386058807373,1.5443508625030518
1749220241337380000,16.555380126953125,-0.8258100152015686,-1.4230958223342896,1.5854737758636475
1749220241347371300,16.565371337890625,-0.8921525478363037,-1.3380837440490723,1.63788640499115
1749220241357361400,16.575361328125,-0.955864429473877,-1.1986448764801025,1.6999274492263794
1749220241367352300,16.585352294921876,-1.0770806074142456,-1.091166377067566,1.7809351682662964
1749220241377343200,16.59534326171875,-1.1856271028518677,-1.0924217700958252,1.9066611528396606
1749220241387334400,16.60533447265625,-1.290655493736267,-1.1338351964950562,2.0147321224212646
1749220241397324300,16.61532421875,-1.3775914907455444,-1.24562668800354,2.152466297149658
1749220241407315200,16.625315185546874,-1.420911431312561,-1.5170763731002808,2.313707113265991
1749220241417306000,16.63530615234375,-1.4670337438583374,-1.8759748935699463,2.4432435035705566
1749220241427297300,16.64529736328125,-1.6515636444091797,-2.1962530612945557,2.4172003269195557
1749220241437288200,16.6552880859375,-1.8722962141036987,-2.386765480041504,2.542576789855957
1749220241447278300,16.6652783203125,-2.017761468887329,-2.1862080097198486,2.722663640975952
1749220241457269200,16.675269287109376,-2.0314254760742188,-2.0620994567871094,2.787766933441162
1749220241467260400,16.685260498046876,-1.9307079315185547,-2.3797967433929443,2.683000326156616
1749220241477251300,16.695251220703124,-1.824216365814209,-3.049492359161377,2.6311073303222656
1749220241487242200,16.7052421875,-2.063480854034424,-3.2464840412139893,2.7140493392944336
1749220241497232100,16.715232177734375,-2.5248703956604004,-2.7579987049102783,2.7318508625030518
1749220241507223300,16.725223388671875,-2.758277416229248,-1.632715106010437,2.5689094066619873
1749220241517214200,16.735214111328126,-2.6332993507385254,-0.11162932217121124,2.1039512157440186
1749220241527205000,16.745205078125,-2.236236572265625,1.2137510776519775,1.5265761613845825
1749220241537196300,16.7551962890625,-1.6920896768569946,1.8376895189285278,1.2803295850753784
1749220241547186400,16.7651865234375,-1.2423944473266602,1.8389811515808105,1.4143882989883423
1749220241557177300,16.77517724609375,-1.0486897230148315,1.7004441022872925,1.5887210369110107
1749220241567168300,16.785168212890625,-0.9861786365509033,1.2826308012008667,0.8141781687736511
1749220241577159200,16.7951591796875,-0.6531612873077393,0.49243631958961487,-0.09469535201787949
1749220241587150300,16.805150390625,0.0044322991743683815,-0.40924423933029175,-0.5124196410179138
1749220241597140200,16.81514013671875,0.49560654163360596,-0.9410215616226196,-0.5792663097381592
1749220241607131100,16.825131103515623,0.6645258069038391,-1.333483338356018,-0.7921079993247986
1749220241617122000,16.8351220703125,0.7597295641899109,-1.5569833517074585,-1.1569455862045288
1749220241627113200,16.84511328125,0.9821101427078247,-1.269506812095642,-1.4819822311401367
1749220241637104400,16.8551044921875,1.30029296875,-0.409604549407959,-1.688449501991272
1749220241647094300,16.86509423828125,1.5828737020492554,0.6919209361076355,-2.003349781036377
1749220241657085200,16.875085205078125,1.7105339765548706,1.5306148529052734,-2.475051164627075
1749220241667076400,16.885076416015625,1.7969300746917725,1.7696465253829956,-2.989267587661743
1749220241677067300,16.8950673828125,2.001582384109497,1.4273991584777832,-3.3663296699523926
1749220241687058200,16.90505810546875,2.3315160274505615,0.8130226135253906,-3.591999053955078
1749220241697048000,16.915048095703124,2.753666400909424,0.09834494441747665,-3.7464511394500732
1749220241707039200,16.925039306640624,3.107307195663452,-0.622925877571106,-3.9035425186157227
1749220241717030400,16.935030517578124,3.2824628353118896,-1.2556389570236206,-4.044930458068848
1749220241727021300,16.945021240234375,3.356966972351074,-1.6004618406295776,-4.113133907318115
1749220241737012500,16.955012451171875,3.474820375442505,-1.5991424322128296,-4.156204700469971
1749220241747002400,16.96500244140625,3.6157045364379883,-1.302027940750122,-4.139175891876221
1749220241756993300,16.9749931640625,3.709062099456787,-0.7205272912979126,-4.013894081115723
1749220241766984200,16.984984130859374,3.7553598880767822,0.14965926110744476,-4.002657413482666
1749220241776975400,16.994975341796874,3.8052783012390137,1.251059651374817,-4.086352825164795
1749220241786965200,17.00496533203125,3.8746349811553955,2.283073663711548,-4.174102306365967
1749220241796956400,17.014956298828125,3.9111697673797607,2.9337174892425537,-4.277634143829346
1749220241806947300,17.024947265625,3.8655545711517334,3.169684648513794,-4.37840461730957
1749220241816938500,17.0349384765625,3.741450786590576,3.172677993774414,-4.491566181182861
1749220241826929400,17.044929443359376,3.5848822593688965,3.1176159381866455,-4.631683349609375
1749220241836919300,17.054919189453123,3.438725471496582,3.068289279937744,-4.746021270751953
1749220241846910200,17.06491015625,3.2530088424682617,3.016848087310791,-4.836585998535156
1749220241856901000,17.074901123046875,3.0182197093963623,2.931760311126709,-4.764435768127441
1749220241866892300,17.084892333984374,2.7726948261260986,2.9280049800872803,-4.484617233276367
1749220241876883200,17.09488330078125,2.5522403717041016,2.9928183555603027,-4.075244903564453
1749220241886873300,17.104873291015625,2.333897590637207,2.964378595352173,-3.568373680114746
1749220241896864300,17.1148642578125,2.0655388832092285,2.796189308166504,-3.0522701740264893
1749220241906855400,17.12485546875,1.7076334953308105,2.260664701461792,-2.555199384689331
1749220241916846300,17.134846435546876,1.2601268291473389,0.9150334000587463,-1.8154433965682983
1749220241926837200,17.144837158203124,0.7383206486701965,-0.5386552214622498,-0.7579894065856934
1749220241936827100,17.1548271484375,0.16343499720096588,-1.4352831840515137,0.3594822585582733
1749220241946818300,17.164818359375,-0.29598426818847656,-1.7962936162948608,1.2895907163619995
1749220241956809200,17.174809326171875,-0.5755607485771179,-1.9029334783554077,2.046766996383667
1749220241966800100,17.184800048828127,-0.8715609908103943,-1.7876615524291992,2.5599026679992676
1749220241976791300,17.194791259765626,-1.2181516885757446,-1.3822062015533447,2.5756449699401855
1749220241986781400,17.204781494140626,-0.8194751739501953,-3.3569467067718506,1.3582276105880737
1749220241996772400,17.2147724609375,-0.5616771578788757,-3.0771501064300537,3.4965109825134277
1749220242006763300,17.22476318359375,-2.021228313446045,1.579612135887146,2.289571523666382
1749220242016754400,17.23475439453125,-2.0319952964782715,3.110884428024292,2.547152280807495
1749220242026745300,17.244745361328125,-1.5466041564941406,2.0910799503326416,3.4806363582611084
1749220242036735200,17.2547353515625,-1.4981117248535156,1.2194774150848389,2.5091373920440674
1749220242046726100,17.26472607421875,-1.3196221590042114,1.4367649555206299,2.521627902984619
1749220242056717300,17.27471728515625,-0.8372264504432678,1.5017783641815186,2.4114086627960205
1749220242066708200,17.284708251953123,-0.731868326663971,0.9024214744567871,1.8378301858901978
1749220242076699100,17.29469921875,-0.8952263593673706,0.22231855988502502,1.7057735919952393
1749220242086689300,17.304689208984374,-0.9113616943359375,-0.5073886513710022,1.5110142230987549
1749220242096680200,17.31468017578125,-0.7131500840187073,-0.9764730334281921,1.427912950515747
1749220242106671400,17.32467138671875,-0.41803133487701416,-1.0390684604644775,1.3972564935684204
1749220242116662300,17.334662353515625,-0.15281830728054047,-0.7303926944732666,1.1983287334442139
1749220242126652200,17.344652099609377,0.04765540361404419,-0.1572095900774002,1.0716743469238281
1749220242136643000,17.35464306640625,0.12042707949876785,-0.0008010788587853312,1.0877820253372192
1749220242146634200,17.36463427734375,-0.029085980728268623,-0.2652958631515503,1.0174872875213623
1749220242156625200,17.374625244140624,-0.24601243436336517,-0.5064290761947632,0.8799158930778503
1749220242166616300,17.3846162109375,-0.2938079237937927,-0.6845999360084534,0.7897324562072754
1749220242176606200,17.394606201171875,-0.21068799495697021,-0.886747419834137,0.7053491473197937
1749220242186597400,17.404597412109375,-0.14930666983127594,-0.9733307957649231,0.6695378422737122
1749220242196588300,17.41458837890625,-0.13888996839523315,-0.7552149295806885,0.6921188235282898
1749220242206578400,17.424578369140626,-0.15320312976837158,-0.23276746273040771,0.7194609642028809
1749220242216569300,17.4345693359375,-0.17029742896556854,0.20019221305847168,0.7257151007652283
1749220242226559500,17.4445595703125,-0.187726229429245,0.19377106428146362,0.7533376812934875
1749220242236550400,17.45455029296875,-0.2322167307138443,-0.09114295989274979,0.7738307118415833
1749220242246541600,17.46454150390625,-0.26579999923706055,-0.39295580983161926,0.7702945470809937
1749220242256532500,17.474532470703124,-0.2801070213317871,-0.5740742087364197,0.7775245308876038
1749220242266523400,17.4845234375,-0.30745261907577515,-0.5838890075683594,0.7983906269073486
1749220242276513300,17.49451318359375,-0.35009729862213135,-0.46167680621147156,0.8314980268478394
1749220242286504400,17.50450439453125,-0.39495185017585754,-0.2904840409755707,0.8840246200561523
1749220242296495400,17.514495361328127,-0.4241832494735718,-0.13596901297569275,0.9530832767486572
1749220242306486300,17.524486328125,-0.44407784938812256,-0.03369591012597084,1.0259649753570557
1749220242316477200,17.534477294921874,-0.46515411138534546,0.016514528542757034,1.0843502283096313
1749220242326467600,17.544467529296874,-0.499973326921463,0.049672480672597885,1.147422432899475
1749220242336458500,17.55445849609375,-0.5401141047477722,0.08781640231609344,1.1878960132598877
1749220242346449400,17.564449462890625,-0.5769194960594177,0.08636977523565292,1.2329202890396118
1749220242356440300,17.5744404296875,-0.6130809783935547,0.05642838776111603,1.282244086265564
1749220242366431500,17.584431396484376,-0.6241938471794128,-0.004579837899655104,1.3287155628204346
1749220242376421400,17.59442138671875,-0.6162325739860535,-0.07888016849756241,1.3621493577957153
1749220242386412300,17.604412353515624,-0.595569908618927,-0.15177275240421295,1.3678957223892212
1749220242396403200,17.6144033203125,-0.5610169768333435,-0.28561922907829285,1.3856456279754639
1749220242406394400,17.624394287109375,-0.5247868299484253,-0.4710865616798401,1.3946406841278076
1749220242416384500,17.634384521484375,-0.5168260931968689,-0.6000066995620728,1.3968780040740967
1749220242426375400,17.64437548828125,-0.5289450883865356,-0.7032409906387329,1.4074960947036743
1749220242436366300,17.654366455078126,-0.5303903818130493,-0.832281231880188,1.4376928806304932
1749220242446357500,17.664357421875,-0.5654799342155457,-0.9731701612472534,1.4728018045425415
1749220242456348400,17.674348388671874,-0.6932791471481323,-0.980212390422821,1.5311535596847534
1749220242466338300,17.68433837890625,-0.8444470763206482,-0.8679601550102234,1.60746431350708
1749220242476329200,17.6943291015625,-0.9440799355506897,-0.714442253112793,1.685487985610962
1749220242486320400,17.7043203125,-0.9963655471801758,-0.6260199546813965,1.7801061868667603
1749220242496311600,17.7143115234375,-1.051048994064331,-0.6580175757408142,1.8775471448898315
1749220242506302500,17.724302490234376,-1.1299991607666016,-0.7934393286705017,1.9831364154815674
1749220242516292400,17.734292236328123,-1.203386902809143,-0.988738477230072,2.10817289352417
1749220242526283500,17.744283447265627,-1.2592538595199585,-1.2623969316482544,2.239823818206787
1749220242536274400,17.7542744140625,-1.3167967796325684,-1.5785431861877441,2.3764586448669434
1749220242546265300,17.764265380859374,-1.3844157457351685,-1.904913306236267,2.4790303707122803
1749220242556256300,17.77425634765625,-1.5657660961151123,-2.2116916179656982,2.458104372024536
1749220242566246400,17.784246337890625,-1.7676974534988403,-2.409355640411377,2.597696542739868
1749220242576237600,17.794237548828125,-1.8618249893188477,-2.3442349433898926,2.8291711807250977
1749220242586228500,17.804228515625,-1.8751565217971802,-2.527360439300537,2.91963791847229
1749220242596219400,17.814219482421876,-1.837356686592102,-3.1217451095581055,2.8004746437072754
1749220242606210600,17.82421044921875,-1.7673109769821167,-3.9364442825317383,2.7514541149139404
1749220242616200400,17.834200439453124,-2.0021045207977295,-4.055213928222656,2.6649491786956787
1749220242626191400,17.84419140625,-2.346506357192993,-3.3519983291625977,2.4507389068603516
1749220242636182300,17.854182373046875,-2.483361005783081,-1.9548550844192505,2.2440240383148193
1749220242646173400,17.86417333984375,-2.385352373123169,-0.2228357344865799,1.8054066896438599
1749220242656163300,17.874163330078126,-2.079906702041626,1.2284303903579712,1.349474549293518
1749220242666154500,17.884154541015626,-1.571534276008606,1.9370262622833252,1.1900172233581543
1749220242676145400,17.8941455078125,-1.1183021068572998,2.039795160293579,1.290978193283081
1749220242686136600,17.904136474609373,-0.8986842632293701,1.9567972421646118,1.179624319076538
1749220242696127500,17.91412744140625,-0.7800806164741516,1.5928435325622559,0.5019683241844177
1749220242706117400,17.924117431640624,-0.503820538520813,0.8169387578964233,-0.2684277296066284
1749220242716108300,17.9341083984375,-0.04279540106654167,-0.3764053285121918,-0.5762896537780762
1749220242726099500,17.944099365234376,0.1959117203950882,-1.0451428890228271,-0.5709884166717529
1749220242736090400,17.95409033203125,0.13769873976707458,-1.1540549993515015,-0.7542282342910767
1749220242746081300,17.964081298828123,0.1696670651435852,-1.1672123670578003,-1.28915536403656
1749220242756071400,17.974071533203126,0.45139461755752563,-1.0444121360778809,-1.7485260963439941
1749220242766062600,17.9840625,0.8368927836418152,-0.6780157685279846,-1.9195191860198975
1749220242776053500,17.994053466796874,1.1052651405334473,0.12023479491472244,-1.957086205482483
1749220242786044400,18.00404443359375,1.2029016017913818,1.3081053495407104,-2.4726762771606445
1749220242796035300,18.014035400390625,1.334964394569397,2.035243511199951,-3.276005506515503
1749220242806025500,18.024025390625,1.6504807472229004,1.8778740167617798,-3.5678110122680664
1749220242816016400,18.034016357421876,1.9148412942886353,1.4076284170150757,-3.6511645317077637
1749220242826007300,18.04400732421875,2.1082253456115723,0.9303268790245056,-3.9195618629455566
1749220242835998200,18.053998291015624,2.34820556640625,0.3786224126815796,-4.131222248077393
1749220242845988600,18.063988525390624,2.5467936992645264,-0.17796733975410461,-4.335875511169434
1749220242855979500,18.0739794921875,2.688504457473755,-0.7308624982833862,-4.500791072845459
1749220242865970400,18.083970458984375,2.8330094814300537,-1.2306827306747437,-4.550023555755615
1749220242875961300,18.09396142578125,2.995919942855835,-1.5017743110656738,-4.57299280166626
1749220242885952500,18.103952392578126,3.1533405780792236,-1.3562592267990112,-4.496821880340576
1749220242895942400,18.1139423828125,3.3266234397888184,-0.6899818778038025,-4.391029357910156
1749220242905933300,18.123933349609374,3.5151684284210205,0.49197372794151306,-4.419100761413574
1749220242915924200,18.13392431640625,3.703446626663208,1.841554045677185,-4.502604961395264
1749220242925915400,18.143915283203125,3.8324928283691406,2.86149525642395,-4.525330543518066
1749220242935906300,18.15390625,3.907822370529175,3.3724000453948975,-4.622114181518555
1749220242945896400,18.163896484375,3.9717283248901367,3.482296943664551,-4.781819820404053
1749220242955887400,18.173887451171876,3.9923255443573,3.352968454360962,-4.870831489562988
1749220242965878500,18.18387841796875,3.9300501346588135,3.163513660430908,-4.914490222930908
1749220242975869400,18.193869384765627,3.8243184089660645,2.9152543544769287,-5.003720283508301
1749220242985860400,18.2038603515625,3.5694029331207275,2.476062536239624,-4.984262466430664
1749220242995850200,18.213850341796874,3.1142055988311768,1.8552930355072021,-4.781878471374512
1749220243005841400,18.22384130859375,2.619657039642334,1.1907174587249756,-4.5054450035095215
1749220243015832300,18.233832275390625,2.2541542053222656,0.7600075602531433,-3.683314323425293
1749220243025823200,18.2438232421875,1.9212837219238281,1.1279957294464111,-2.8169424533843994
1749220243035814400,18.253814453125,1.4674888849258423,1.8362575769424438,-2.5951666831970215
1749220243045804500,18.263804443359376,0.9797838926315308,1.4703978300094604,-1.6795654296875
1749220243055795500,18.27379541015625,0.5748414397239685,0.13637195527553558,-0.11536361277103424
1749220243065786400,18.283786376953124,0.07375358045101166,-1.251517415046692,1.0321874618530273
1749220243075777300,18.29377734375,-0.5983611345291138,-1.9790538549423218,1.7851749658584595
1749220243085767400,18.303767333984375,-1.146101474761963,-2.312563419342041,2.5567922592163086
1749220243095758300,18.31375830078125,-1.4238582849502563,-2.451413869857788,3.0663719177246094
1749220243105749200,18.323749267578126,-1.121073603630066,-4.095097541809082,1.4969778060913086
1749220243115740400,18.333740478515626,-0.13321131467819214,-6.33294677734375,2.9069199562072754
1749220243125731600,18.343731689453126,-2.250772476196289,1.3394984006881714,3.003026247024536
1749220243135721500,18.353721435546873,-2.941455602645874,6.016639232635498,1.9602338075637817
1749220243145712400,18.36371240234375,-2.1968307495117188,4.625262260437012,3.587751626968384
1749220243155703300,18.373703369140625,-1.4468728303909302,2.5822126865386963,2.709575653076172
1749220243165694500,18.383694580078124,-0.975212574005127,0.989936888217926,2.157529354095459
1749220243175685400,18.393685302734376,-0.7073832750320435,1.3742401599884033,2.7412197589874268
1749220243185675300,18.40367529296875,-0.5234781503677368,1.1742868423461914,1.9453403949737549
1749220243195666400,18.41366650390625,-0.676417887210846,0.1418716460466385,1.7435896396636963
1749220243205657600,18.42365771484375,-0.9812965393066406,-0.9745573997497559,1.7593798637390137
1749220243215648800,18.433648681640626,-0.93255215883255,-1.6592990159988403,1.4767966270446777
1749220243225640000,18.443639892578126,-0.6003425717353821,-1.7546340227127075,1.4018256664276123
1749220243235629800,18.4536298828125,-0.27543023228645325,-1.3225457668304443,1.271899938583374
1749220243245620700,18.463620849609374,-0.07525560259819031,-0.47825899720191956,1.0946643352508545
1749220243255612000,18.47361181640625,-0.03326847404241562,0.5653156042098999,0.9528092741966248
1749220243265602800,18.483602783203125,-0.13497592508792877,1.39900541305542,0.8918513655662537
1749220243275592700,18.4935927734375,-0.26421114802360535,1.5859028100967407,0.8845910429954529
1749220243285583600,18.50358349609375,-0.34052935242652893,1.164676547050476,0.8337246775627136
1749220243295574800,18.51357470703125,-0.3789028525352478,0.545587956905365,0.7473413348197937
1749220243305566000,18.52356591796875,-0.3556630313396454,-0.03833700343966484,0.7056577801704407
1749220243315556900,18.533556884765623,-0.2806132733821869,-0.5088589787483215,0.7235726118087769
1749220243325546800,18.543546630859375,-0.20544983446598053,-0.7081819176673889,0.801567018032074
1749220243335537700,18.55353759765625,-0.17982515692710876,-0.5242161154747009,0.9072518944740295
1749220243345528800,18.56352880859375,-0.1990121752023697,-0.038962580263614655,1.0096802711486816
1749220243355519700,18.573519775390626,-0.22929896414279938,0.4480086863040924,1.0974609851837158
1749220243365510700,18.5835107421875,-0.2837044298648834,0.6310335993766785,1.131907343864441
1749220243375500800,18.593500732421877,-0.3535096049308777,0.4510071277618408,1.1182386875152588
1749220243385492000,18.603491943359376,-0.411287397146225,0.07689238339662552,1.1228361129760742
1749220243395483000,18.61348291015625,-0.42527061700820923,-0.2383129745721817,1.158491611480713
1749220243405473800,18.623473876953124,-0.40383002161979675,-0.32944127917289734,1.1913381814956665
1749220243415463700,18.633463623046875,-0.3932141363620758,-0.16351649165153503,1.2244418859481812
1749220243425454800,18.643454833984375,-0.3933313190937042,0.12604421377182007,1.2717851400375366
1749220243435445800,18.65344580078125,-0.3913919925689697,0.34400078654289246,1.2861440181732178
1749220243445436700,18.663436767578126,-0.3804109990596771,0.3829977214336395,1.280717134475708
1749220243455427800,18.673427734375,-0.36499741673469543,0.2114238291978836,1.2504832744598389
1749220243465418000,18.68341796875,-0.3469398319721222,-0.05595487728714943,1.256308674812317
1749220243475409000,18.693408935546874,-0.330852746963501,-0.36087724566459656,1.275506615638733
1749220243485399800,18.70339990234375,-0.33450955152511597,-0.5525465607643127,1.2846779823303223
1749220243495391000,18.713390869140625,-0.3540869653224945,-0.5912220478057861,1.3140149116516113
1749220243505382000,18.7233818359375,-0.3762146532535553,-0.5808817744255066,1.3189350366592407
1749220243515371800,18.733371826171876,-0.3938431739807129,-0.5898709893226624,1.3415716886520386
1749220243525362700,18.74336279296875,-0.40647241473197937,-0.6762402653694153,1.3512368202209473
1749220243535353900,18.753353759765623,-0.39167776703834534,-0.840344250202179,1.370700716972351
1749220243545344800,18.7633447265625,-0.4252040386199951,-1.0718035697937012,1.4020746946334839
1749220243555335700,18.773335693359375,-0.5978738069534302,-1.185692310333252,1.460803508758545
1749220243565325800,18.783325927734374,-0.7298925518989563,-1.1713240146636963,1.5981574058532715
1749220243575316700,18.793316650390626,-0.7966260313987732,-1.0828481912612915,1.7366089820861816
1749220243585308000,18.803307861328125,-0.9360180497169495,-0.9141630530357361,1.872206211090088
1749220243595298800,18.813298828125,-1.127321720123291,-0.8235623240470886,2.032102108001709
1749220243605288700,18.823288818359377,-1.2936369180679321,-0.8211601376533508,2.1867947578430176
1749220243615279600,18.833279541015624,-1.4269866943359375,-0.8700549602508545,2.333434820175171
1749220243625270800,18.843270751953124,-1.5086365938186646,-1.041255235671997,2.4982540607452393
1749220243635261700,18.85326171875,-1.5343186855316162,-1.40416419506073,2.653353691101074
1749220243645252600,18.863252685546875,-1.5379185676574707,-1.9458287954330444,2.750702381134033
1749220243655242800,18.87324267578125,-1.6497859954833984,-2.607189416885376,2.695340394973755
1749220243665234000,18.88323388671875,-1.7962225675582886,-3.3204777240753174,2.9518187046051025
1749220243675224800,18.893224853515626,-1.861812710762024,-3.8009133338928223,3.129122495651245
1749220243685215700,18.9032158203125,-1.756893515586853,-4.467687606811523,3.0738461017608643
1749220243695207000,18.91320703125,-1.6288833618164062,-5.309247970581055,3.0409815311431885
1749220243705196800,18.92319677734375,-1.8995206356048584,-5.558072090148926,2.9016356468200684
1749220243715187700,18.933187744140625,-2.4335854053497314,-4.911913871765137,2.699002742767334
1749220243725178600,18.9431787109375,-2.7985260486602783,-3.227921724319458,2.6574575901031494
1749220243735169800,18.953169677734376,-2.7925608158111572,-0.806206226348877,2.360182762145996
1749220243745160700,18.96316064453125,-2.3766186237335205,1.4231091737747192,1.7424455881118774
1749220243755150800,18.97315087890625,-1.7383322715759277,2.6702663898468018,1.313164472579956
1749220243765141800,18.983141845703123,-1.26750910282135,2.6858420372009277,1.4679216146469116
1749220243775133000,18.9931328125,-1.2023695707321167,2.6784167289733887,1.6970767974853516
1749220243785123800,19.003123779296875,-1.1930698156356812,2.257232189178467,0.8092097640037537
1749220243795113700,19.01311376953125,-0.8578931093215942,1.405287742614746,-0.2968654930591583
1749220243805104600,19.023104736328126,-0.14501364529132843,0.24111461639404297,-0.7871243953704834
1749220243815095600,19.033095458984373,0.5888664722442627,-0.8387990593910217,-0.8852288722991943
1749220243825086700,19.043086669921873,0.9600669145584106,-1.6827020645141602,-0.9229192733764648
1749220243835078000,19.053077880859377,1.0330268144607544,-2.208430528640747,-1.218119502067566
1749220243845067800,19.06306787109375,1.0866605043411255,-2.069396495819092,-1.6235034465789795
1749220243855058700,19.07305859375,1.2951362133026123,-1.164833664894104,-1.9668270349502563
1749220243865049900,19.0830498046875,1.6004666090011597,0.0868651270866394,-2.211622953414917
1749220243875040800,19.093040771484375,1.8077366352081299,1.2108656167984009,-2.49314284324646
1749220243885030700,19.10303076171875,1.859043002128601,1.8303993940353394,-2.800656795501709
1749220243895021600,19.113021484375,1.9332160949707031,2.016866683959961,-2.9297869205474854
1749220243905012700,19.1230126953125,2.082998275756836,2.174683094024658,-3.3225533962249756
1749220243915004000,19.13300390625,2.4325671195983887,2.0524697303771973,-3.9799211025238037
1749220243924994800,19.142994873046874,2.953317880630493,1.6524707078933716,-4.16697883605957
1749220243934984700,19.152984619140625,3.285691976547241,1.219447374343872,-4.233200550079346
1749220243944976000,19.162975830078125,3.350332260131836,0.6066017746925354,-4.61647367477417
1749220243954966800,19.172966796875,3.423366069793701,-0.3363737463951111,-4.578155517578125
1749220243964957700,19.182957763671876,3.42907452583313,-1.2953135967254639,-4.6215739250183105
1749220243974948900,19.192948974609376,3.272876262664795,-1.63946533203125,-4.610546588897705
1749220243984938800,19.202938720703123,3.2860944271087646,-1.8001067638397217,-4.745140075683594
1749220243994929700,19.2129296875,3.4792842864990234,-1.7901889085769653,-4.5284881591796875
1749220244004920800,19.2229208984375,3.57651948928833,-1.3934135437011719,-4.475621223449707
1749220244014912000,19.232912109375,3.6632182598114014,-0.6098383069038391,-4.543158531188965
1749220244024903000,19.24290283203125,3.8470163345336914,0.42153632640838623,-4.534459114074707
1749220244034892800,19.252892822265625,3.8998444080352783,1.6253911256790161,-4.457937240600586
1749220244044883700,19.2628837890625,3.755308151245117,2.7084035873413086,-4.459396839141846
1749220244054875000,19.272875,3.5364153385162354,3.4687318801879883,-4.478384017944336
1749220244064865800,19.28286572265625,3.2807271480560303,3.904923915863037,-4.466701984405518
1749220244074855700,19.292855712890624,2.941119432449341,3.9418485164642334,-4.111213684082031
1749220244084846800,19.302846923828124,2.378174066543579,3.7870261669158936,-3.6032886505126953
1749220244094837800,19.312837646484375,1.7725180387496948,3.244220733642578,-3.445131540298462
1749220244104829000,19.322828857421875,1.4525471925735474,2.5646166801452637,-2.981520414352417
1749220244114819800,19.33281982421875,1.1304391622543335,2.1888153553009033,-2.278339385986328
1749220244124809700,19.342809814453126,0.7653469443321228,2.059269905090332,-1.779478669166565
1749220244134800600,19.352800537109374,0.5187651515007019,1.5848420858383179,-1.1809768676757812
1749220244144791800,19.362791748046874,0.37842026352882385,0.6428098678588867,-0.29825299978256226
1749220244154782700,19.37278271484375,0.23621626198291779,-0.45441651344299316,0.47581207752227783
1749220244164773600,19.382773681640625,-0.09259012341499329,-1.251219391822815,1.4002970457077026
1749220244174763800,19.392763671875,-0.9614030122756958,-0.7516260743141174,2.691558599472046
1749220244184755000,19.4027548828125,-2.218757152557373,0.9217216372489929,3.1744258403778076
1749220244194745900,19.412745849609376,-2.3964524269104004,0.8508482575416565,2.6666030883789062
1749220244204737000,19.422737060546876,-1.0976381301879883,-0.5488079786300659,2.9370336532592773
1749220244214727000,19.432726806640623,-0.4597790539264679,-0.08751147240400314,3.059373140335083
1749220244224718000,19.442718017578127,-1.1228922605514526,1.684588074684143,2.932830333709717
1749220244234709000,19.452708984375,-1.5384585857391357,1.978959560394287,2.232598304748535
1749220244244700000,19.462699951171874,-1.1590570211410522,1.3379931449890137,2.2242627143859863
1749220244254691000,19.472691162109374,-0.8090637922286987,1.3182923793792725,2.17929744720459
1749220244264681200,19.48268115234375,-0.7547773718833923,1.4470288753509521,1.817502498626709
1749220244274672000,19.492672119140625,-0.6513798832893372,0.990522027015686,1.5020889043807983
1749220244284663000,19.5026630859375,-0.4990883767604828,0.24403929710388184,1.3287911415100098
1749220244294654200,19.512654296875,-0.3524928092956543,-0.2898784279823303,1.246354341506958
1749220244304645000,19.52264501953125,-0.19859325885772705,-0.5576038956642151,1.1828773021697998
1749220244314635000,19.532635009765624,-0.06529272347688675,-0.6554854512214661,1.1674323081970215
1749220244324626000,19.5426259765625,-0.018562233075499535,-0.49959596991539,1.1465126276016235
1749220244334617000,19.5526171875,-0.0752984806895256,-0.12904347479343414,1.0566067695617676
1749220244344608000,19.56260791015625,-0.15711531043052673,0.23569375276565552,0.9635378122329712
1749220244354598100,19.57259814453125,-0.23404765129089355,0.3844853639602661,0.9420554041862488
1749220244364589000,19.582589111328126,-0.30518120527267456,0.32827243208885193,0.9699608087539673
1749220244374580200,19.592580322265626,-0.33835941553115845,0.11321470886468887,1.022647738456726
1749220244384571100,19.602571044921874,-0.303799569606781,-0.14426849782466888,1.0829440355300903
1749220244394562000,19.61256201171875,-0.26355627179145813,-0.1757792830467224,1.0973405838012695
1749220244404552000,19.622552001953125,-0.21263743937015533,-0.048646099865436554,1.1192715167999268
1749220244414542800,19.63254296875,-0.16621294617652893,0.06428471207618713,1.1205087900161743
1749220244424534000,19.642533935546876,-0.1902730017900467,0.13200171291828156,1.074076533317566
1749220244434525000,19.65252490234375,-0.23532037436962128,0.08539612591266632,1.0497853755950928
1749220244444515800,19.662515869140623,-0.25820332765579224,-0.06931169331073761,1.0689332485198975
1749220244454506000,19.672506103515627,-0.27300170063972473,-0.1975998878479004,1.0732046365737915
1749220244464497200,19.6824970703125,-0.2913402318954468,-0.2223702222108841,1.0680676698684692
1749220244474488000,19.692488037109374,-0.318183571100235,-0.07326462864875793,1.0667248964309692
1749220244484479000,19.70247900390625,-0.33287861943244934,0.1452682465314865,1.0656838417053223
1749220244494468900,19.71246875,-0.32661619782447815,0.29168832302093506,1.0599035024642944
1749220244504460000,19.7224599609375,-0.31175923347473145,0.30798178911209106,1.0613815784454346
1749220244514451000,19.732450927734376,-0.29721543192863464,0.19217157363891602,1.0631074905395508
1749220244524441900,19.74244189453125,-0.2675747275352478,0.019279422238469124,1.0531007051467896
1749220244534433000,19.75243310546875,-0.24639859795570374,-0.1815679371356964,1.0466963052749634
1749220244544423200,19.762423095703124,-0.24118731915950775,-0.3460569977760315,1.0421050786972046
1749220244554414000,19.7724140625,-0.22747842967510223,-0.4225107729434967,1.0604676008224487
1749220244564405000,19.782405029296875,-0.2288305163383484,-0.4184694290161133,1.0719116926193237
1749220244574396200,19.792396240234375,-0.25010278820991516,-0.3887309730052948,1.0852322578430176
1749220244584386000,19.802385986328126,-0.28136590123176575,-0.4166520833969116,1.1252268552780151
1749220244594377000,19.812376953125,-0.31542399525642395,-0.5288518667221069,1.1725921630859375
1749220244604368000,19.822367919921874,-0.3393130898475647,-0.7270306944847107,1.2473578453063965
1749220244614359000,19.832359130859373,-0.3313382565975189,-0.9575912356376648,1.331167459487915
1749220244624350000,19.842349853515625,-0.41113242506980896,-1.13075852394104,1.387442708015442
1749220244634340000,19.852340087890624,-0.5939680337905884,-1.1605006456375122,1.4705528020858765
1749220244644331000,19.8623310546875,-0.7221198678016663,-1.1132497787475586,1.6009100675582886
1749220244654322200,19.872322265625,-0.8073625564575195,-1.019442081451416,1.7108378410339355
1749220244664313000,19.88231298828125,-0.9232265949249268,-0.9398881196975708,1.8362183570861816
1749220244674304000,19.892303955078123,-1.0425790548324585,-0.9602839350700378,1.9943363666534424
1749220244684294000,19.9022939453125,-1.1681681871414185,-1.0140198469161987,2.1388938426971436
1749220244694284800,19.912284912109374,-1.3117215633392334,-1.0987422466278076,2.2885947227478027
1749220244704276000,19.92227587890625,-1.4115203619003296,-1.285819172859192,2.4464354515075684
1749220244714267100,19.93226708984375,-1.4429233074188232,-1.588706374168396,2.560638427734375
1749220244724258000,19.942258056640625,-1.5232235193252563,-1.950649619102478,2.4589040279388428
1749220244734248000,19.952248046875,-1.667778730392456,-2.4475364685058594,2.5354549884796143
1749220244744239000,19.962239013671876,-1.7189093828201294,-2.7471823692321777,2.7637441158294678
1749220244754230000,19.97222998046875,-1.6928575038909912,-3.2399466037750244,2.8467094898223877
1749220244764221000,19.982220947265624,-1.6186599731445312,-3.9847230911254883,2.7987594604492188
1749220244774210800,19.9922109375,-1.576092004776001,-4.793538570404053,2.7748849391937256
1749220244784202000,20.002201904296875,-1.734127163887024,-5.209991455078125,2.756624937057495
1749220244794193200,20.012193115234375,-2.197460174560547,-4.748223304748535,2.5698795318603516
1749220244804184000,20.02218408203125,-2.5305938720703125,-3.3347625732421875,2.4529569149017334
1749220244814175200,20.03217529296875,-2.540665864944458,-1.2616586685180664,2.226283550262451
1749220244824165000,20.0421650390625,-2.2016992568969727,0.44744062423706055,1.7073684930801392
1749220244834156000,20.052156005859374,-1.709697961807251,1.0471035242080688,1.5397143363952637
1749220244844147000,20.06214697265625,-1.488608479499817,1.504819393157959,2.0545156002044678
1749220244854138000,20.07213818359375,-1.4668395519256592,1.7501447200775146,1.9657713174819946
1749220244864128000,20.0821279296875,-1.2941406965255737,1.611944317817688,1.1772215366363525
1749220244874119200,20.092119140625,-0.8094115853309631,0.9767135381698608,0.3483308255672455
1749220244884110000,20.102110107421876,-0.11963958293199539,0.11844249069690704,-0.09879875183105469
1749220244894101200,20.112101318359375,0.5580390095710754,-0.8176668882369995,-0.24327950179576874
1749220244904092200,20.122092041015627,0.9563648700714111,-1.6166623830795288,-0.35577353835105896
1749220244914082000,20.13208203125,1.03432035446167,-1.9306548833847046,-0.6916077733039856
1749220244924073000,20.142072998046874,1.0655944347381592,-1.5391182899475098,-1.101356863975525
1749220244934064000,20.152064208984374,1.2177729606628418,-0.7438123822212219,-1.5406157970428467
1749220244944055000,20.162054931640625,1.47678804397583,-0.06217096373438835,-1.91031014919281
1749220244954046000,20.1720458984375,1.7275906801223755,0.293639600276947,-2.180645227432251
1749220244964036000,20.1820361328125,1.9879580736160278,0.3044602870941162,-2.423506021499634
1749220244974027000,20.192027099609376,2.2624356746673584,0.18549077212810516,-2.7486371994018555
1749220244984018200,20.20201806640625,2.5832247734069824,0.08288955688476562,-3.0205790996551514
1749220244994009000,20.212009033203124,2.940525531768799,-0.009681922383606434,-3.2136127948760986
1749220245003999000,20.2219990234375,3.220874071121216,-0.1014147698879242,-3.4160726070404053
1749220245013990000,20.231989990234375,3.3422255516052246,-0.11785819381475449,-3.5692710876464844
1749220245023981000,20.24198095703125,3.350538730621338,-0.013341105543076992,-3.679668426513672
1749220245033972000,20.251971923828126,3.349379301071167,0.1878332793712616,-3.7887914180755615
1749220245043963000,20.261962890625,3.371685266494751,0.38489043712615967,-3.8701586723327637
1749220245053953000,20.271953125,3.4025251865386963,0.5543380379676819,-3.9406445026397705
1749220245063944200,20.281944091796873,3.423769950866699,0.7545379996299744,-4.047099590301514
1749220245073935000,20.29193505859375,3.453314781188965,1.0500638484954834,-4.211019515991211
1749220245083926000,20.301926025390625,3.5055811405181885,1.4151172637939453,-4.364163398742676
1749220245093917200,20.311917236328124,3.5534415245056152,1.7899621725082397,-4.514946937561035
1749220245103907000,20.321906982421876,3.528498649597168,2.1782095432281494,-4.6231794357299805
1749220245113898000,20.33189794921875,3.4441542625427246,2.554154634475708,-4.690049648284912
1749220245123889000,20.341888916015623,3.305434465408325,2.9575905799865723,-4.768232345581055
1749220245133880000,20.351880126953127,3.1286396980285645,3.3434574604034424,-4.819655418395996
1749220245143870200,20.3618701171875,2.9315342903137207,3.6927661895751953,-4.780970573425293
1749220245153861000,20.371861083984374,2.7173538208007812,4.0147013664245605,-4.690799236297607
1749220245163852000,20.38185205078125,2.4842751026153564,4.416567802429199,-4.327672481536865
1749220245173843200,20.39184326171875,2.217099905014038,4.917621612548828,-3.872600555419922
1749220245183834000,20.401834228515625,2.0137102603912354,5.320275783538818,-3.430816888809204
1749220245193824000,20.411823974609376,1.7267483472824097,5.482371807098389,-2.881591558456421
1749220245203815400,20.4218154296875,1.2951849699020386,5.351037502288818,-2.3242390155792236
1749220245213806300,20.431806396484376,0.7725329399108887,4.8420729637146,-1.776196837425232
1749220245223797200,20.44179736328125,0.24301983416080475,4.000075817108154,-0.7542935013771057
1749220245233787400,20.451787353515623,-0.16730058193206787,2.984828233718872,0.3138921558856964
1749220245243778600,20.461778564453127,-0.4078846871852875,2.025125503540039,1.1045963764190674
1749220245253769500,20.47176953125,-0.5895450115203857,1.4847815036773682,1.690129041671753
1749220245263760400,20.481760498046874,-0.7924515604972839,1.3052610158920288,2.00844407081604
1749220245273751600,20.49175146484375,-0.8296548128128052,0.5736427903175354,1.8650354146957397
1749220245283741400,20.501741455078125,-0.33983558416366577,-1.8591439723968506,1.8913066387176514
1749220245293732400,20.511732421875,-0.9176595211029053,-0.14981666207313538,2.7731146812438965
1749220245303723300,20.52172314453125,-0.9954086542129517,1.63443922996521,2.5111336708068848
1749220245313714400,20.53171435546875,0.14648397266864777,1.8182082176208496,3.625396490097046
1749220245323705300,20.541705322265624,0.14498195052146912,0.13281157612800598,3.177058696746826
1749220245333695500,20.551695556640624,-1.3042926788330078,-0.44702544808387756,2.758873224258423
1749220245343686400,20.561686279296875,-1.9207713603973389,0.7752898335456848,2.806173801422119
1749220245353677600,20.571677490234375,-1.2449159622192383,1.1691609621047974,2.6172597408294678
1749220245363668500,20.58166845703125,-0.498552531003952,1.289379596710205,2.03115177154541
1749220245373658400,20.591658447265626,-0.05944015830755234,0.7755985260009766,1.8991590738296509
1749220245383649300,20.601649169921874,0.005412076134234667,0.08996584266424179,1.955719232559204
1749220245393640400,20.611640380859374,-0.13303367793560028,0.10379510372877121,1.8498660326004028
1749220245403631400,20.62163134765625,-0.18464069068431854,0.5278864502906799,1.4520862102508545
1749220245413622300,20.631622314453125,-0.15531527996063232,0.6654134392738342,1.1291017532348633
1749220245423612400,20.6416123046875,-0.17142075300216675,0.43650010228157043,1.0856757164001465
1749220245433603600,20.651603515625,-0.21139799058437347,0.12353312224149704,1.031029462814331
1749220245443594500,20.661594482421876,-0.2297130823135376,0.18427050113677979,0.8662652969360352
1749220245453585400,20.67158544921875,-0.20995855331420898,0.5498309135437012,0.7849129438400269
1749220245463576300,20.681576416015623,-0.1860407143831253,0.7540330290794373,0.7361515164375305
1749220245473566200,20.691566162109375,-0.19712558388710022,0.7752930521965027,0.6690382361412048
1749220245483557400,20.701557373046874,-0.16346828639507294,0.6786456108093262,0.6421200633049011
1749220245493548300,20.71154833984375,-0.08033718168735504,0.6063157320022583,0.6120924353599548
1749220245503539200,20.721539306640626,-0.03633616864681244,0.6527701020240784,0.5856035351753235
1749220245513529300,20.731529296875,-0.05838634446263313,0.7724578380584717,0.5664817690849304
1749220245523520500,20.7415205078125,-0.13354474306106567,0.9426208138465881,0.5285546183586121
1749220245533511400,20.751511474609377,-0.22090734541416168,1.0918585062026978,0.4895651638507843
1749220245543502300,20.76150244140625,-0.22697030007839203,1.1113954782485962,0.47757163643836975
1749220245553493500,20.771493408203124,-0.18415945768356323,1.0519952774047852,0.49150821566581726
1749220245563483400,20.7814833984375,-0.1708441823720932,0.9666675329208374,0.48884719610214233
1749220245573474300,20.791474365234375,-0.17339149117469788,0.8834379315376282,0.4786510169506073
1749220245583465200,20.80146533203125,-0.1620083451271057,0.8591221570968628,0.4686489701271057
1749220245593456400,20.811456298828126,-0.17215445637702942,0.914176881313324,0.43529632687568665
1749220245603447600,20.821447509765626,-0.17090116441249847,0.9872918725013733,0.40794089436531067
1749220245613437400,20.8314375,-0.1479276716709137,1.0572093725204468,0.3891424238681793
1749220245623428400,20.841428466796874,-0.1814771145582199,1.1814887523651123,0.35124245285987854
1749220245633419500,20.85141943359375,-0.25508421659469604,1.3445115089416504,0.31893324851989746
1749220245643410400,20.861410400390625,-0.3303946852684021,1.4957427978515625,0.2927514314651489
1749220245653400300,20.871400390625,-0.4659152328968048,1.7941303253173828,0.31340691447257996
1749220245663391200,20.88139111328125,-0.5914809107780457,2.17600154876709,0.2909495532512665
1749220245673382400,20.89138232421875,-0.6568077206611633,2.530275821685791,0.27239343523979187
1749220245683373600,20.90137353515625,-0.7163490653038025,2.778453826904297,0.30007272958755493
1749220245693364500,20.911364501953123,-0.7859097719192505,2.8530397415161133,0.2950558662414551
1749220245703354400,20.921354248046875,-0.8988637328147888,2.8875668048858643,0.2763732671737671
1749220245713345300,20.93134521484375,-0.9967852234840393,2.9632182121276855,0.30207571387290955
1749220245723336400,20.94133642578125,-1.0615978240966797,3.140303611755371,0.29505640268325806
1749220245733327400,20.951327392578126,-1.1439648866653442,3.4109890460968018,0.2091766595840454
1749220245743318300,20.961318359375,-1.2180970907211304,3.6246531009674072,0.26420262455940247
1749220245753308400,20.971308349609377,-1.295822024345398,3.785515785217285,0.14947576820850372
1749220245763299600,20.981299560546876,-1.295903205871582,3.8200907707214355,0.15507720410823822
1749220245773290500,20.99129052734375,-1.2706458568572998,3.7475361824035645,0.13632747530937195
1749220245783281400,21.001281494140624,-1.2662835121154785,3.674210786819458,0.09479841589927673
1749220245793271300,21.011271240234375,-1.256434440612793,3.5961263179779053,0.04258927330374718
1749220245803262500,21.021262451171875,-1.1797723770141602,3.4949567317962646,0.025841716676950455
1749220245813253400,21.03125341796875,-1.1027628183364868,3.3471217155456543,-0.04254799336194992
1749220245823244300,21.041244384765626,-1.0383018255233765,3.1520276069641113,-0.07186007499694824
1749220245833235500,21.0512353515625,-0.936728835105896,2.8798632621765137,-0.08280273526906967
1749220245843225600,21.0612255859375,-0.8131133913993835,2.6199324131011963,-0.20614944398403168
1749220245853216500,21.071216552734374,-0.6849637031555176,2.366183042526245,-0.2116003930568695
1749220245863207400,21.08120751953125,-0.5871891975402832,2.1004979610443115,-0.3067402243614197
1749220245873198600,21.091198486328125,-0.42769914865493774,1.7690167427062988,-0.3939337134361267
1749220245883189500,21.101189453125,-0.20236189663410187,1.3531074523925781,-0.42097970843315125
1749220245893179400,21.111179443359376,0.03105432167649269,0.8099690079689026,-0.4850226044654846
1749220245903170300,21.12117041015625,0.27218809723854065,0.02359454147517681,-0.5720693469047546
1749220245913161500,21.131161376953123,0.30289727449417114,-0.8925405740737915,-0.6406814455986023
1749220245923152400,21.14115234375,-0.01471636164933443,-1.0072317123413086,-0.5094118714332581
1749220245933142500,21.151142578125,-0.16940048336982727,-0.5240911841392517,-0.44064661860466003
1749220245943133400,21.161133544921874,-0.11071905493736267,0.07788680493831635,-0.3632645010948181
1749220245953124600,21.17112451171875,-0.151375412940979,0.4492121636867523,-0.324726939201355
1749220245963115500,21.181115478515625,-0.253292441368103,0.29930469393730164,-0.34077170491218567
1749220245973106400,21.1911064453125,-0.3133445978164673,-0.04121135175228119,-0.3374912142753601
1749220245983096300,21.201096435546877,-0.3054158389568329,-0.2590794861316681,-0.374296098947525
1749220245993087200,21.211087158203124,-0.2654532492160797,-0.39962702989578247,-0.3892899751663208
1749220246003078400,21.221078369140624,-0.30380862951278687,-0.39762672781944275,-0.36179763078689575
1749220246013069300,21.2310693359375,-0.3666728138923645,-0.24006932973861694,-0.3334951400756836
1749220246023060200,21.241060302734375,-0.3670616149902344,-0.08113133907318115,-0.33168551325798035
1749220246033050400,21.25105029296875,-0.35480576753616333,-0.01236159447580576,-0.3297123908996582
1749220246043041500,21.26104150390625,-0.34948423504829407,-0.07655203342437744,-0.3084939122200012
1749220246053032400,21.271032470703126,-0.33691197633743286,-0.22909043729305267,-0.2821533977985382
1749220246063023400,21.2810234375,-0.3143608570098877,-0.3574787676334381,-0.2648846507072449
1749220246073013200,21.29101318359375,-0.28932422399520874,-0.4271273612976074,-0.27358201146125793
1749220246083004400,21.30100439453125,-0.2589298188686371,-0.47274890542030334,-0.27441611886024475
1749220246092995300,21.310995361328125,-0.24482998251914978,-0.5080624222755432,-0.2554466724395752
1749220246102986200,21.320986328125,-0.2589245140552521,-0.48573315143585205,-0.246846541762352
1749220246112977400,21.330977294921876,-0.2621400058269501,-0.44600969552993774,-0.2430368810892105
1749220246122967600,21.340967529296876,-0.24420493841171265,-0.4355735778808594,-0.2394205778837204
1749220246132958500,21.35095849609375,-0.23985706269741058,-0.4628866910934448,-0.2516290545463562
1749220246142949400,21.360949462890623,-0.2330489605665207,-0.5214152336120605,-0.27877065539360046
1749220246152940500,21.3709404296875,-0.21048586070537567,-0.597137451171875,-0.3048397898674011
1749220246162931500,21.380931396484375,-0.19527068734169006,-0.6633052825927734,-0.3300301134586334
1749220246172921300,21.39092138671875,-0.2128446251153946,-0.7295982837677002,-0.31707170605659485
1749220246182912300,21.400912353515626,-0.24614852666854858,-0.7581902146339417,-0.28163087368011475
1749220246192903400,21.4109033203125,-0.26118341088294983,-0.6834912300109863,-0.2667059898376465
1749220246202894600,21.42089453125,-0.27728700637817383,-0.5030354261398315,-0.27354925870895386
1749220246212885500,21.430885498046877,-0.30673038959503174,-0.33017683029174805,-0.2778036594390869
1749220246222875600,21.440875732421876,-0.3098534643650055,-0.2262571007013321,-0.2995302677154541
1749220246232866800,21.45086669921875,-0.2842221260070801,-0.19713863730430603,-0.3201122283935547
1749220246242857700,21.460857666015624,-0.24149811267852783,-0.2646649479866028,-0.340227872133255
1749220246252848600,21.4708486328125,-0.1818006932735443,-0.4438363015651703,-0.34336403012275696
1749220246262838500,21.480838623046875,-0.11634737998247147,-0.6615438461303711,-0.3457110524177551
1749220246272829700,21.49082958984375,-0.03458860516548157,-0.8608028888702393,-0.3474051058292389
1749220246282820600,21.500820556640626,0.04855315387248993,-0.9899872541427612,-0.3755400776863098
1749220246292811500,21.5108115234375,0.11514762789011002,-1.0206772089004517,-0.4352361559867859
1749220246302802700,21.520802734375,0.17008145153522491,-1.0036215782165527,-0.49654585123062134
1749220246312792600,21.53079248046875,0.22986355423927307,-0.9542215466499329,-0.5758510828018188
1749220246322783700,21.54078369140625,0.2891939878463745,-0.9315292835235596,-0.6529392004013062
1749220246332774700,21.550774658203125,0.33260777592658997,-0.9886072278022766,-0.7113018035888672
1749220246342765600,21.560765625,0.34638458490371704,-1.0605405569076538,-0.738655686378479
1749220246352755500,21.57075537109375,0.3397618234157562,-1.0647728443145752,-0.7793900370597839
1749220246362746600,21.58074658203125,0.34044837951660156,-1.0263633728027344,-0.8163832426071167
1749220246372737500,21.590737548828123,0.3400196135044098,-0.9564058780670166,-0.7975072860717773
1749220246382728700,21.600728759765627,0.33552873134613037,-0.9266551733016968,-0.7423814535140991
1749220246392720000,21.610719970703126,0.3474799394607544,-0.9515743255615234,-0.7332382798194885
1749220246402709800,21.620709716796874,0.33010974526405334,-0.8742635846138,-0.7719947099685669
1749220246412700700,21.63070068359375,0.29029813408851624,-0.761228621006012,-0.8075516819953918
1749220246422691600,21.640691650390625,0.25698891282081604,-0.7300238609313965,-0.8246020078659058
1749220246432682800,21.650682861328125,0.22886539995670319,-0.7252717018127441,-0.8394688367843628
1749220246442673700,21.660673583984376,0.1988915205001831,-0.6631327271461487,-0.8320711255073547
1749220246452663600,21.67066357421875,0.1772994101047516,-0.5646860003471375,-0.8048999309539795
1749220246462654500,21.680654541015624,0.15302497148513794,-0.46209466457366943,-0.7709382772445679
1749220246472645600,21.690645751953124,0.13007144629955292,-0.3825337886810303,-0.7374045252799988
1749220246482636800,21.70063671875,0.1082252711057663,-0.3451339602470398,-0.7067241072654724
1749220246492626700,21.710626708984375,0.07807403057813644,-0.29932624101638794,-0.666559100151062
1749220246502617600,21.72061767578125,0.0412726067006588,-0.2092839777469635,-0.6108274459838867
1749220246512608800,21.73060888671875,0.004883171990513802,-0.11859002709388733,-0.5473877191543579
1749220246522599700,21.740599609375,-0.01215679757297039,-0.02570216730237007,-0.4813051223754883
1749220246532590600,21.750590576171874,-0.01974654011428356,0.05457695946097374,-0.4275875687599182
1749220246542580500,21.76058056640625,-0.038906119763851166,0.0581999234855175,-0.38675808906555176
1749220246552571600,21.770571533203125,-0.06677184253931046,-0.030836476013064384,-0.3355873227119446
1749220246562562800,21.780562744140624,-0.0560171976685524,-0.18944528698921204,-0.27778342366218567
1749220246572553700,21.7905537109375,-0.010940532200038433,-0.3353827893733978,-0.2542373538017273
1749220246582544600,21.800544677734376,0.004444549325853586,-0.4060276746749878,-0.21993236243724823
1749220246592534500,21.810534423828123,0.0014759238110855222,-0.4113049805164337,-0.17978493869304657
1749220246602525700,21.820525634765627,-0.014839399605989456,-0.34634649753570557,-0.1573486179113388
1749220246612516600,21.8305166015625,-0.07095193862915039,-0.4081669747829437,-0.21625933051109314
1749220246622507500,21.840507568359374,-0.1786147505044937,-0.5456457734107971,-0.23077861964702606
1749220246632497700,21.85049755859375,-0.17577262222766876,-0.5099383592605591,-0.19161683320999146
1749220246642488800,21.86048876953125,-0.10505424439907074,-0.240383580327034,-0.12584394216537476
1749220246652479700,21.870479736328125,-0.014569355174899101,-0.01305375061929226,-0.09903177618980408
1749220246662470700,21.880470703125,0.028790635988116264,0.004187820944935083,-0.10014950484037399
1749220246672461800,21.8904619140625,0.09583517909049988,0.12095571309328079,-0.16851764917373657
1749220246682451700,21.90045166015625,0.17378297448158264,-0.21597038209438324,-0.0942295640707016
1749220246692442600,21.910442626953124,0.13968493044376373,-0.5614888668060303,-0.053133524954319
1749220246702433500,21.92043359375,0.0934671014547348,-0.5877391695976257,-0.07427183538675308
1749220246712424700,21.9304248046875,0.10906869918107986,-0.2822311520576477,-0.10591711103916168
1749220246722415600,21.94041552734375,0.11132252961397171,0.0388890765607357,-0.08797859400510788
1749220246732405800,21.95040576171875,0.06891568750143051,0.1988731473684311,-0.08472341299057007
1749220246742396700,21.960396728515626,0.04898085817694664,0.09734572470188141,-0.13202540576457977
1749220246752387800,21.970387939453126,0.04198206961154938,0.022274678573012352,-0.1327788233757019
1749220246762378800,21.980378662109374,0.05787475034594536,0.05019073188304901,-0.12814731895923615
1749220246772368600,21.99036865234375,0.05390610918402672,0.10233303159475327,-0.13084377348423004
1749220246782359600,22.000359619140625,0.03790690377354622,0.23602637648582458,-0.13279612362384796
1749220246792350700,22.010350830078124,0.06553933024406433,0.40135276317596436,-0.118791364133358
1749220246802341600,22.020341552734376,0.08505843579769135,0.6624759435653687,-0.1269315779209137
1749220246812332500,22.03033251953125,0.10235326737165451,0.6846199035644531,-0.09875773638486862
1749220246822322700,22.04032275390625,0.1157391145825386,0.5369483828544617,-0.04340633004903793
1749220246832313600,22.050313720703127,0.13241823017597198,0.4983091354370117,-0.018251707777380943
1749220246842304800,22.0603046875,0.13912487030029297,0.4806593060493469,-0.03044738806784153
1749220246852295700,22.070295654296874,0.17460615932941437,0.4946081340312958,-0.029891319572925568
1749220246862286600,22.08028662109375,0.23194721341133118,0.49582439661026,-0.010758105665445328
1749220246872276500,22.0902763671875,0.22508744895458221,0.35897254943847656,0.028420189395546913
1749220246882267600,22.100267578125,0.04140176996588707,0.26310911774635315,0.08946064114570618
1749220246892258600,22.110258544921876,-0.033363018184900284,0.29845061898231506,0.14549647271633148
1749220246902249500,22.12024951171875,-0.038273885846138,0.49266403913497925,0.21598342061042786
1749220246912239600,22.130239501953124,0.06113632395863533,0.5565378069877625,0.2345280796289444
1749220246922230800,22.140230712890624,0.14841103553771973,0.5142422914505005,0.2443615347146988
1749220246932221700,22.1502216796875,0.08667710423469543,0.5008013248443604,0.2760648727416992
1749220246942212600,22.160212646484375,0.04213094338774681,0.5326963663101196,0.24480575323104858
1749220246952203800,22.170203857421875,0.011319765821099281,0.4699682891368866,0.2069941908121109
1749220246962193700,22.180193603515626,-0.013980530202388763,0.39799025654792786,0.19303975999355316
1749220246972184600,22.1901845703125,0.043602071702480316,0.23721282184123993,0.19907236099243164
1749220246982175500,22.200175537109374,0.08585205674171448,0.28093844652175903,0.15395760536193848
1749220246992166700,22.210166748046873,0.13029249012470245,0.2881779968738556,0.13626356422901154
1749220247002157600,22.220157470703125,0.052505284547805786,0.3044544458389282,0.13008050620555878
1749220247012147700,22.230147705078124,-0.00019467707898002118,0.2065047025680542,0.15870682895183563
1749220247022138600,22.240138671875,0.15794436633586884,-0.27396631240844727,0.1783151477575302
1749220247032129800,22.2501298828125,0.14100639522075653,0.3209194242954254,0.12001881748437881
1749220247042120700,22.26012060546875,0.1932634711265564,-0.23254749178886414,0.3041265904903412
1749220247052110600,22.270110595703127,0.23713691532611847,0.36158376932144165,0.24283581972122192
1749220247062101500,22.2801015625,0.14153821766376495,0.23474407196044922,0.1774299144744873
1749220247072092700,22.2900927734375,-0.1515011042356491,-0.33758071064949036,0.3203426003456116
1749220247082083600,22.30008349609375,-0.2955634891986847,-0.7810302972793579,0.4142179489135742
1749220247092074800,22.31007470703125,-0.27071458101272583,-0.6587443351745605,0.43907085061073303
1749220247102064600,22.320064697265625,-0.18913450837135315,-0.36863741278648376,0.39670872688293457
1749220247112055600,22.3300556640625,-0.11768987774848938,-0.14811170101165771,0.39078426361083984
1749220247122046700,22.340046630859376,-0.09447909891605377,-0.02677329070866108,0.42727088928222656
1749220247132037600,22.35003759765625,-0.05657379701733589,0.05146399140357971,0.48858964443206787
1749220247142028500,22.360028564453124,-0.025193236768245697,0.026569824665784836,0.5204370617866516
1749220247152018400,22.370018310546875,-0.045088913291692734,-0.06971383094787598,0.520788311958313
1749220247162009600,22.380009521484375,-0.033797912299633026,-0.2777932584285736,0.5244246125221252
1749220247172000800,22.390000732421875,-0.03606292977929115,-0.49137744307518005,0.5002316832542419
1749220247181991700,22.39999169921875,-0.05217105895280838,-0.7065219879150391,0.46889957785606384
1749220247191981600,22.409981689453126,-0.08601104468107224,-0.7921074628829956,0.407990425825119
1749220247201972700,22.41997265625,-0.0969366654753685,-0.8333685994148254,0.39203569293022156
1749220247211963100,22.429963134765625,-0.06946216523647308,-0.9013897180557251,0.39826083183288574
1749220247221954300,22.439954345703125,0.036848559975624084,-0.9087541699409485,0.3844592571258545
1749220247231945200,22.4499453125,0.10993795096874237,-0.6762205362319946,0.41571757197380066
1749220247241935400,22.459935302734376,0.2396775782108307,-0.6443408727645874,0.24764734506607056
1749220247251926300,22.46992626953125,0.37928685545921326,-0.5666990876197815,-0.13914111256599426
1749220247261917400,22.47991748046875,0.5442585349082947,-0.640618085861206,-0.35739168524742126
1749220247271908400,22.489908447265623,0.6258164644241333,-0.7999709844589233,0.1298525333404541
1749220247281898200,22.499898193359375,0.6836928129196167,-0.9507929682731628,0.7132270336151123
1749220247291889200,22.50988916015625,0.7545755505561829,-1.0068930387496948,1.0789096355438232
1749220247301880300,22.51988037109375,0.8758170008659363,-0.9719715118408203,1.1248191595077515
1749220247311871200,22.529871337890626,1.1245794296264648,-0.8917118310928345,0.8722337484359741
1749220247321862100,22.539862060546874,1.4061799049377441,-0.6122117042541504,0.5014055967330933
1749220247331852300,22.549852294921877,1.6940125226974487,-0.21417434513568878,-0.060619138181209564
1749220247341843500,22.559843505859376,1.9162706136703491,0.3190613389015198,-0.7677054405212402
1749220247351834400,22.56983447265625,2.0613715648651123,0.7804784774780273,-1.5475785732269287
1749220247361825300,22.5798251953125,2.135693073272705,1.0380418300628662,-2.3210318088531494
1749220247371816400,22.58981640625,2.1574795246124268,1.0873801708221436,-2.9233555793762207
1749220247381806300,22.599806396484375,2.137333393096924,0.9697237610816956,-3.32320499420166
1749220247391797200,22.60979736328125,2.121617317199707,0.7222782969474792,-3.5338656902313232
1749220247401788200,22.6197880859375,2.0848629474639893,0.47701582312583923,-3.539590835571289
1749220247411779000,22.629779052734374,2.033515453338623,0.24269919097423553,-3.3972408771514893
1749220247421769500,22.63976953125,1.9696017503738403,0.07760851085186005,-3.2081894874572754
1749220247431760400,22.649760498046874,1.9278197288513184,0.0035302862524986267,-3.04848051071167
1749220247441751300,22.659751220703125,1.9467930793762207,0.023937556892633438,-2.8976986408233643
1749220247451742200,22.6697421875,2.0341010093688965,0.25811144709587097,-2.7755937576293945
1749220247461733400,22.6797333984375,2.1651265621185303,0.49989718198776245,-2.682067632675171
1749220247471723300,22.68972314453125,2.226107597351074,0.7218338251113892,-2.6435911655426025
1749220247481714200,22.699714111328124,2.237096071243286,0.8084771037101746,-2.7016754150390625
1749220247491705000,22.709705078125,2.12422251701355,0.7084866166114807,-2.7721941471099854
1749220247501696300,22.7196962890625,1.8982404470443726,0.4308094382286072,-2.762150526046753
1749220247511687200,22.729687255859375,1.6216464042663574,0.0890561044216156,-2.6655452251434326
1749220247521677300,22.73967724609375,1.3609778881072998,-0.24886947870254517,-2.501206874847412
1749220247531668200,22.749668212890626,1.160947322845459,-0.5176660418510437,-2.3158047199249268
1749220247541659400,22.759659423828126,1.0355802774429321,-0.5732579231262207,-2.033801794052124
1749220247551650300,22.769650390625,1.00807785987854,-0.657428503036499,-1.8661283254623413
1749220247561640200,22.77964013671875,0.9898468852043152,-0.5787387490272522,-1.7395334243774414
1749220247571631000,22.789631103515624,1.0329816341400146,-0.5509135127067566,-1.6240971088409424
1749220247581622300,22.799622314453124,1.0824916362762451,-0.2854687571525574,-1.524677038192749
1749220247591613200,22.80961328125,1.1951271295547485,-0.012834039516746998,-1.4773212671279907
1749220247601604000,22.81960400390625,1.2903822660446167,0.20710231363773346,-1.468706727027893
1749220247611594200,22.82959423828125,1.3316497802734375,0.29383695125579834,-1.467085599899292
1749220247621585400,22.83958544921875,1.3516242504119873,0.31936919689178467,-1.4761989116668701
1749220247631576300,22.849576416015626,1.308020830154419,0.23989781737327576,-1.5092120170593262
1749220247641567200,22.859567138671874,1.1997766494750977,0.030479878187179565,-1.5993109941482544
1749220247651557000,22.86955712890625,1.0712759494781494,-0.17298004031181335,-1.6733839511871338
1749220247661548300,22.87954833984375,0.9241392612457275,-0.2878536283969879,-1.6932591199874878
1749220247671539200,22.889539306640625,0.8307533860206604,-0.467242568731308,-1.7001217603683472
1749220247681530000,22.899530029296876,0.7537624835968018,-0.5258414149284363,-1.727157711982727
1749220247691521300,22.909521240234376,0.7497067451477051,-0.5214168429374695,-1.7485498189926147
1749220247701511400,22.919511474609376,0.7958236336708069,-0.4654073715209961,-1.7617771625518799
1749220247711502300,22.92950244140625,0.8646059036254883,-0.4118235111236572,-1.748923420906067
1749220247721493200,22.9394931640625,0.9859975576400757,-0.2466135025024414,-1.809211015701294
1749220247731484200,22.949484130859375,1.097164511680603,-0.048945438116788864,-1.8529717922210693
1749220247741475300,22.959475341796875,1.1708800792694092,0.03389458358287811,-1.8330963850021362
1749220247751465200,22.96946533203125,1.2260009050369263,0.09408095479011536,-1.796413779258728
1749220247761456000,22.9794560546875,1.2619868516921997,0.14051955938339233,-1.783060908317566
1749220247771447300,22.989447265625,1.2364065647125244,0.13151541352272034,-1.7550619840621948
1749220247781438500,22.9994384765625,1.2018755674362183,0.1505327820777893,-1.7102868556976318
1749220247791428400,23.009428466796876,1.1689679622650146,0.12315309047698975,-1.6374008655548096
1749220247801419300,23.019419189453124,1.1284053325653076,0.06962621212005615,-1.5249049663543701
1749220247811410200,23.02941015625,1.094292402267456,0.05823135003447533,-1.3622455596923828
1749220247821401300,23.0394013671875,1.1020700931549072,0.09724133461713791,-1.2198617458343506
1749220247831392300,23.049392333984375,1.1256932020187378,0.21392294764518738,-1.1481385231018066
1749220247841382100,23.059382080078127,1.1597148180007935,0.3124026358127594,-1.098362684249878
1749220247851373300,23.069373291015626,1.208462119102478,0.387032151222229,-1.0976791381835938
1749220247861364500,23.079364501953126,1.2447236776351929,0.4790249168872833,-1.1092270612716675
1749220247871355400,23.08935546875,1.287076473236084,0.5851617455482483,-1.1180384159088135
1749220247881345300,23.09934521484375,1.3283435106277466,0.7299431562423706,-1.1281613111495972
1749220247891336200,23.109336181640625,1.354050636291504,0.7987794876098633,-1.1108042001724243
1749220247901327400,23.119327392578125,1.3494935035705566,0.7421233654022217,-1.0488207340240479
1749220247911318300,23.129318359375,1.3019675016403198,0.5564574003219604,-0.9266144037246704
1749220247921309200,23.13930908203125,1.2339943647384644,0.3800237774848938,-0.788190484046936
1749220247931299300,23.14929931640625,1.2021492719650269,0.3216454088687897,-0.6574860215187073
1749220247941290500,23.15929052734375,1.1858038902282715,0.36161279678344727,-0.5422059893608093
1749220247951281400,23.169281494140623,1.1655335426330566,0.39557501673698425,-0.423569917678833
1749220247961272300,23.179272216796875,1.1393213272094727,0.3811132609844208,-0.30457746982574463
1749220247971263200,23.18926318359375,1.127932071685791,0.33416545391082764,-0.1984451860189438
1749220247981253400,23.19925341796875,1.0252307653427124,0.05740763247013092,-0.24923698604106903
1749220247991244300,23.209244384765626,0.9103320837020874,-0.19815915822982788,-0.41682517528533936
1749220248001235200,23.219235107421873,0.8180210590362549,-0.3670363128185272,-0.6224832534790039
1749220248011226000,23.22922607421875,0.693981409072876,-0.2984708547592163,-0.8014580607414246
1749220248021216500,23.239216552734376,0.6277685761451721,-0.1747654229402542,-0.909381091594696
1749220248031207400,23.24920751953125,0.6367125511169434,-0.029457757249474525,-0.9335583448410034
1749220248041198300,23.2591982421875,0.7079750299453735,0.1525229662656784,-0.8764747977256775
1749220248051189200,23.269189208984375,0.8158152103424072,0.38248345255851746,-0.7689608335494995
1749220248061180400,23.279180419921875,0.9068217873573303,0.636378824710846,-0.5758912563323975
1749220248071170300,23.28917041015625,0.9742647409439087,0.7371717691421509,-0.34087103605270386
1749220248081161200,23.2991611328125,0.7985304594039917,0.6462492942810059,-0.07071252167224884
1749220248091152100,23.309152099609374,0.5543537735939026,-0.02388402819633484,0.18254265189170837
1749220248101143300,23.319143310546874,0.4458925127983093,-0.3746529519557953,0.34262391924858093
1749220248111133400,23.329133544921874,0.2816449999809265,-0.5393574833869934,0.5349838137626648
1749220248121124400,23.339124267578125,0.09674198925495148,-0.8979697227478027,0.7864471673965454
1749220248131115300,23.349115234375,0.02250264585018158,-1.0475152730941772,0.9600391983985901
1749220248141106400,23.3591064453125,0.6830518245697021,0.556341826915741,0.13099317252635956
1749220248151097300,23.369097412109376,1.0579314231872559,1.3103634119033813,-0.2764672636985779
1749220248161087200,23.379087158203124,1.0294896364212036,1.2849740982055664,-0.07865166664123535
1749220248171078100,23.389078125,1.0716371536254883,1.3404171466827393,0.03334224224090576
1749220248181069300,23.3990693359375,1.0407495498657227,1.0197057723999023,0.1574452817440033
1749220248191060200,23.409060302734375,0.9876703023910522,0.8291136622428894,0.1564876139163971
1749220248201051100,23.419051025390626,0.9887723326683044,0.8311771154403687,0.08575432002544403
1749220248211044400,23.42904443359375,0.9986944794654846,0.8226403594017029,0.07654004544019699
1749220248221035300,23.43903515625,0.9792813658714294,0.8392906785011292,0.07077749818563461
1749220248231026400,23.4490263671875,0.9770440459251404,0.8127967715263367,0.048408012837171555
1749220248241017300,23.459017333984374,0.9678779244422913,0.7461181282997131,-0.013773602433502674
1749220248251007200,23.46900732421875,0.9272197484970093,0.7100807428359985,-0.09426498413085938
1749220248260998100,23.478998046875,0.9247179627418518,0.772661566734314,-0.17126815021038055
1749220248270989300,23.4889892578125,0.9573147892951965,0.8327084183692932,-0.25908827781677246
1749220248280980200,23.498980224609376,0.8716366291046143,0.7830878496170044,-0.24343955516815186
1749220248290971400,23.508971435546876,0.75838303565979,0.5571655035018921,-0.297824501991272
1749220248300961300,23.518961181640623,0.7043914794921875,0.36669331789016724,-0.33325493335723877
1749220248310952400,23.528952392578127,0.7410219311714172,0.28848692774772644,-0.3226936161518097
1749220248320943400,23.538943359375,0.8057113885879517,0.46517542004585266,-0.22746963798999786
1749220248330934300,23.548934326171874,0.8441283106803894,0.6698782444000244,-0.10369443893432617
1749220248340924200,23.558924072265626,0.8558582067489624,0.747706949710846,0.023152990266680717
1749220248350915300,23.568915283203125,0.8598646521568298,0.685756266117096,0.08674554526805878
1749220248360906200,23.57890625,0.7942894101142883,0.5264810919761658,0.04969272017478943
1749220248370897400,23.5888974609375,0.7439548373222351,0.5453935265541077,0.0428614467382431
1749220248380888300,23.598888427734376,0.7412911653518677,0.5014870762825012,0.0057223341427743435
1749220248390878500,23.60887841796875,0.7099782228469849,0.37532728910446167,-0.0037883466575294733
1749220248400869400,23.618869384765624,0.6725696325302124,0.23327507078647614,-0.02340785413980484
1749220248410860300,23.6288603515625,0.6382031440734863,0.19243335723876953,-0.015535816550254822
1749220248420851200,23.638851318359375,0.605426013469696,0.21044404804706573,0.06113073229789734
1749220248430842400,23.64884228515625,0.5983641147613525,0.19522061944007874,0.11744646728038788
1749220248440832300,23.658832275390626,0.6171146035194397,0.2995486259460449,0.1886383593082428
1749220248450823400,23.668823486328126,0.584294319152832,0.35459989309310913,0.2304031103849411
1749220248460814300,23.678814453125,0.5487411618232727,0.295317143201828,0.2083742469549179
1749220248470805500,23.688805419921874,0.5473264455795288,0.2865729033946991,0.20150621235370636
1749220248480795400,23.69879541015625,0.5599128603935242,0.3201574981212616,0.17545969784259796
1749220248490786300,23.708786376953125,0.5915203094482422,0.34867754578590393,0.13312342762947083
1749220248500777200,23.718777099609376,0.6276232004165649,0.37030482292175293,0.11505734920501709
1749220248510768400,23.728768310546876,0.692698061466217,0.39062368869781494,0.142299622297287
1749220248520759300,23.73875927734375,0.7681331634521484,0.4289199411869049,0.1777857095003128
1749220248530749400,23.74874951171875,0.8396621942520142,0.5098403692245483,0.254413902759552
1749220248540740400,23.758740234375,0.8986008763313293,0.6183471083641052,0.3442463278770447
1749220248550731500,23.7687314453125,0.9003567099571228,0.7536072134971619,0.40104940533638
1749220248560722400,23.778722412109374,0.8633113503456116,0.8903099298477173,0.45375150442123413
1749220248570712300,23.78871240234375,0.8407386541366577,1.028770923614502,0.4737001955509186
1749220248580703200,23.798703125,0.8735024333000183,1.1335535049438477,0.46131622791290283
1749220248590694400,23.8086943359375,0.9003388285636902,1.1852928400039673,0.4191586375236511
1749220248600685300,23.818685302734377,0.8885602355003357,1.1125563383102417,0.36122211813926697
1749220248610676200,23.82867626953125,0.8738731741905212,1.107923150062561,0.4254594147205353
1749220248620666400,23.838666259765624,0.8708688616752625,1.057307481765747,0.3721381425857544
1749220248630657500,23.848657470703124,0.913642406463623,0.9980867505073547,0.2890309989452362
1749220248640648400,23.8586484375,0.9395773410797119,1.0680599212646484,0.1905132234096527
1749220248650639400,23.868639404296875,0.9098242521286011,1.0068378448486328,0.03760702908039093
1749220248660629200,23.878629150390626,0.8453323245048523,0.7301516532897949,-0.11755459010601044
1749220248670620400,23.888620361328126,0.8582164645195007,0.5040085315704346,-0.27641746401786804
1749220248680611300,23.898611328125,0.9575850963592529,0.45963817834854126,-0.3902361989021301
1749220248690602200,23.908602294921874,1.012784719467163,0.4705645740032196,-0.3981471061706543
1749220248700593200,23.91859326171875,1.0681606531143188,0.498322457075119,-0.2865273654460907
