time,seconds_elapsed,z,y,x
1749219782545452000,0.0164521484375,-0.9012908935546875,-0.24462890625,0.127593994140625
1749219782555443000,0.02644287109375,-0.8672027587890625,-0.2367095947265625,0.0991363525390625
1749219782565433000,0.03643310546875,-0.7730712890625,-0.2863311767578125,0.105377197265625
1749219782575424000,0.046424072265625,-0.7213134765625,-0.251678466796875,0.17791748046875
1749219782585415200,0.056415283203125,-0.7806854248046875,-0.2694091796875,0.191925048828125
1749219782595406000,0.066406005859375,-0.907501220703125,-0.4223175048828125,0.1062469482421875
1749219782605396000,0.07639599609375,-1.044677734375,-0.6017913818359375,0.078399658203125
1749219782615387000,0.086386962890625,-1.0506439208984375,-0.5628662109375,0.0519256591796875
1749219782625378000,0.0963779296875,-1.0035247802734375,-0.5948638916015625,0.055023193359375
1749219782635369000,0.106368896484375,-0.901214599609375,-0.67889404296875,0.215179443359375
1749219782645359900,0.11635986328125,-0.837005615234375,-0.6921844482421875,0.258575439453125
1749219782655350000,0.12635009765625,-0.797149658203125,-0.722869873046875,0.167449951171875
1749219782665341200,0.136341064453125,-0.8030548095703125,-0.7357177734375,0.1247406005859375
1749219782675332000,0.14633203125,-0.8952789306640625,-0.7488555908203125,0.094970703125
1749219782685323000,0.156322998046875,-0.902740478515625,-0.718231201171875,0.0787506103515625
1749219782695313000,0.16631298828125,-0.8464813232421875,-0.682098388671875,0.098663330078125
1749219782705304000,0.176303955078125,-0.830078125,-0.679534912109375,0.1758270263671875
1749219782715295000,0.186294921875,-0.881256103515625,-0.7315673828125,0.2786407470703125
1749219782725286000,0.196285888671875,-0.866180419921875,-0.7706451416015625,0.3203582763671875
1749219782735276800,0.20627685546875,-0.7847137451171875,-0.7421112060546875,0.3133697509765625
1749219782745266700,0.2162666015625,-0.740936279296875,-0.69091796875,0.3323516845703125
1749219782755257600,0.226257568359375,-0.7203521728515625,-0.612518310546875,0.364532470703125
1749219782765248500,0.23624853515625,-0.717010498046875,-0.5271148681640625,0.380340576171875
1749219782775239700,0.24623974609375,-0.69854736328125,-0.5240325927734375,0.3928985595703125
1749219782785229600,0.2562294921875,-0.6961822509765625,-0.4520721435546875,0.3800048828125
1749219782795220700,0.266220703125,-0.6682281494140625,-0.4426727294921875,0.382232666015625
1749219782805211600,0.276211669921875,-0.631805419921875,-0.495086669921875,0.3865814208984375
1749219782815202800,0.286202880859375,-0.5967559814453125,-0.5746307373046875,0.372589111328125
1749219782825193700,0.29619384765625,-0.5890350341796875,-0.6646728515625,0.3719329833984375
1749219782835183600,0.30618359375,-0.57476806640625,-0.7431793212890625,0.39190673828125
1749219782845174500,0.316174560546875,-0.6412811279296875,-0.705657958984375,0.413055419921875
1749219782855165700,0.326165771484375,-0.83111572265625,-0.570953369140625,0.4329071044921875
1749219782865156600,0.336156494140625,-0.84124755859375,-0.5021209716796875,0.4702301025390625
1749219782875146800,0.346146728515625,-0.764373779296875,-0.4876251220703125,0.507476806640625
1749219782885137700,0.3561376953125,-0.7297821044921875,-0.5153961181640625,0.4627532958984375
1749219782895128800,0.36612890625,-0.6768035888671875,-0.5651702880859375,0.4063720703125
1749219782905119700,0.37611962890625,-0.6188812255859375,-0.59747314453125,0.3465423583984375
1749219782915109600,0.386109619140625,-0.58160400390625,-0.5917816162109375,0.3559722900390625
1749219782925100500,0.3961005859375,-0.550384521484375,-0.616302490234375,0.29876708984375
1749219782935091500,0.406091552734375,-0.5565032958984375,-0.6072845458984375,0.2422943115234375
1749219782945082600,0.41608251953125,-0.5623016357421875,-0.580413818359375,0.23382568359375
1749219782955073500,0.426073486328125,-0.7867889404296875,-0.6002197265625,-0.0760955810546875
1749219782965063700,0.436063720703125,-1.042449951171875,-0.4600372314453125,0.1642913818359375
1749219782975054600,0.4460546875,-0.284027099609375,-0.1895294189453125,0.7381744384765625
1749219782985045800,0.456045654296875,-0.2164764404296875,-0.4007568359375,0.642578125
1749219782995036700,0.46603662109375,-0.481658935546875,-0.6391754150390625,0.460906982421875
1749219783005026600,0.476026611328125,-0.5780487060546875,-0.6900482177734375,0.312042236328125
1749219783015017500,0.486017578125,-0.6024627685546875,-0.7012481689453125,0.3467559814453125
1749219783025008600,0.496008544921875,-0.38800048828125,-0.6706390380859375,0.4784698486328125
1749219783034999600,0.50599951171875,-0.4134979248046875,-0.64068603515625,0.53607177734375
1749219783044990500,0.515990478515625,-0.3569183349609375,-0.58270263671875,0.6088409423828125
1749219783054980600,0.525980712890625,-0.2824859619140625,-0.5600738525390625,0.461029052734375
1749219783064971800,0.5359716796875,-0.235565185546875,-0.59442138671875,0.3212890625
1749219783074962700,0.545962646484375,-0.4362335205078125,-0.729248046875,0.2678985595703125
1749219783084953600,0.55595361328125,-0.2918243408203125,-0.75396728515625,0.363739013671875
1749219783094943500,0.565943603515625,-0.2144012451171875,-0.751007080078125,0.3910675048828125
1749219783104934700,0.5759345703125,-0.26934814453125,-0.7872772216796875,0.43365478515625
1749219783114925600,0.585925537109375,-0.236328125,-0.7705230712890625,0.44677734375
1749219783124916500,0.59591650390625,-0.23101806640625,-0.7823638916015625,0.378143310546875
1749219783134907600,0.60590771484375,-0.254974365234375,-0.87298583984375,0.437286376953125
1749219783144897800,0.615897705078125,-0.3613128662109375,-0.9731597900390625,0.6635894775390625
1749219783154888700,0.625888671875,-0.3163909912109375,-0.9761962890625,0.7895355224609375
1749219783164879600,0.635879638671875,-0.359954833984375,-1.0236968994140625,0.798004150390625
1749219783174870500,0.64587060546875,-0.2633056640625,-0.9920806884765625,0.7403717041015625
1749219783184860700,0.655860595703125,-0.293975830078125,-0.798858642578125,0.7740325927734375
1749219783194851600,0.6658515625,-0.2742767333984375,-1.0164794921875,0.7285003662109375
1749219783204842500,0.675842529296875,0.067352294921875,-1.0714263916015625,0.676422119140625
1749219783214833400,0.68583349609375,-0.1717681884765625,-0.882659912109375,0.5952301025390625
1749219783224824600,0.695824462890625,-0.2082977294921875,-0.972991943359375,0.5467529296875
1749219783234814700,0.705814697265625,-0.3123931884765625,-0.7987213134765625,0.5985870361328125
1749219783244805600,0.7158056640625,-0.1440887451171875,-0.8829803466796875,0.5973968505859375
1749219783254796500,0.725796630859375,-0.170867919921875,-0.941802978515625,0.5966644287109375
1749219783264787700,0.73578759765625,-0.2336883544921875,-0.8643035888671875,0.613067626953125
1749219783274777600,0.745777587890625,-0.1997528076171875,-0.9050445556640625,0.58892822265625
1749219783284768500,0.7557685546875,-0.2509613037109375,-0.8913421630859375,0.5966033935546875
1749219783294759400,0.765759521484375,-0.253936767578125,-0.850311279296875,0.6230926513671875
1749219783304750600,0.77575048828125,-0.1264190673828125,-0.9212799072265625,0.6128692626953125
1749219783314740700,0.78574072265625,-0.250335693359375,-0.9061279296875,0.626800537109375
1749219783324731600,0.795731689453125,-0.2750396728515625,-0.8951568603515625,0.6031494140625
1749219783334722600,0.80572265625,-0.2212066650390625,-0.9123687744140625,0.5769195556640625
1749219783344713700,0.815713623046875,-0.2032928466796875,-0.8802337646484375,0.599945068359375
1749219783354704600,0.82570458984375,-0.1739654541015625,-0.815460205078125,0.6044921875
1749219783364694500,0.835694580078125,-0.1512908935546875,-0.7538299560546875,0.572845458984375
1749219783374685400,0.845685546875,-0.147552490234375,-0.7269134521484375,0.517822265625
1749219783384676600,0.855676513671875,-0.1572265625,-0.7579345703125,0.453399658203125
1749219783394667500,0.86566748046875,-0.1353912353515625,-0.80584716796875,0.4131011962890625
1749219783404657700,0.87565771484375,-0.1208953857421875,-0.802642822265625,0.398895263671875
1749219783414648600,0.885648681640625,-0.128997802734375,-0.8024139404296875,0.3741607666015625
1749219783424639700,0.8956396484375,-0.1339263916015625,-0.7867431640625,0.3459014892578125
1749219783434630700,0.905630615234375,-0.1155242919921875,-0.759918212890625,0.3397216796875
1749219783444621600,0.91562158203125,-0.096771240234375,-0.9706573486328125,0.347900390625
1749219783454611500,0.925611572265625,-0.0928497314453125,-1.090972900390625,0.323150634765625
1749219783464602600,0.9356025390625,-0.0760498046875,-1.1620941162109375,0.2886810302734375
1749219783474593500,0.945593505859375,-0.0505828857421875,-1.1929168701171875,0.28228759765625
1749219783484584400,0.95558447265625,-0.0577392578125,-1.125518798828125,0.3180999755859375
1749219783494574600,0.96557470703125,-0.1106719970703125,-1.0060272216796875,0.3406219482421875
1749219783504565800,0.975565673828125,-0.1868133544921875,-0.9459075927734375,0.301025390625
1749219783514556700,0.985556640625,-0.234649658203125,-0.9162139892578125,0.2360076904296875
1749219783524547600,0.995547607421875,-0.232879638671875,-0.889129638671875,0.1883697509765625
1749219783534538500,1.00553857421875,-0.211517333984375,-0.8629302978515625,0.1824951171875
1749219783544528600,1.015528564453125,-0.1828765869140625,-0.8142547607421875,0.214111328125
1749219783554519600,1.02551953125,-0.1707611083984375,-0.7730560302734375,0.2617340087890625
1749219783564510500,1.035510498046875,-0.18939208984375,-0.7808990478515625,0.299835205078125
1749219783574501600,1.045501708984375,-0.1928253173828125,-0.8185882568359375,0.3079681396484375
1749219783584491500,1.055491455078125,0.06634521484375,-0.912322998046875,0.27911376953125
1749219783594482700,1.065482666015625,0.2353973388671875,-1.000762939453125,0.2683258056640625
1749219783604473600,1.0754736328125,-0.2216796875,-0.9276885986328125,0.434173583984375
1749219783614464500,1.085464599609375,-0.234954833984375,-0.8007965087890625,0.514068603515625
1749219783624455700,1.09545556640625,-0.234466552734375,-0.8900909423828125,0.2445831298828125
1749219783634445600,1.105445556640625,-0.371368408203125,-0.99798583984375,0.155181884765625
1749219783644436500,1.1154365234375,-0.5255584716796875,-1.0306549072265625,0.3029937744140625
1749219783654427600,1.125427734375,-0.4945526123046875,-0.9644012451171875,0.550994873046875
1749219783664418800,1.135418701171875,-0.222076416015625,-0.8769989013671875,0.77520751953125
1749219783674408700,1.14540869140625,-0.0491943359375,-0.891632080078125,0.620086669921875
1749219783684399600,1.155399658203125,-0.045806884765625,-0.97515869140625,0.304931640625
1749219783694390500,1.165390625,-0.1096038818359375,-0.92730712890625,0.13037109375
1749219783704381700,1.175381591796875,-0.2728729248046875,-0.893524169921875,0.16436767578125
1749219783714372600,1.18537255859375,-0.41424560546875,-0.8889312744140625,0.3678436279296875
1749219783724362500,1.195362548828125,-0.4658660888671875,-0.9408416748046875,0.54132080078125
1749219783734357500,1.205357421875,-0.405303955078125,-0.9639739990234375,0.56695556640625
1749219783744348700,1.2153486328125,-0.2544097900390625,-0.8677978515625,0.4412384033203125
1749219783754339600,1.225339599609375,-0.179351806640625,-0.8564300537109375,0.2616729736328125
1749219783764329700,1.235329833984375,-0.167694091796875,-0.8455047607421875,0.1951446533203125
1749219783774320600,1.245320556640625,-0.1650543212890625,-0.7925872802734375,0.2656707763671875
1749219783784311800,1.255311767578125,-0.1220855712890625,-0.8072967529296875,0.4222259521484375
1749219783794302700,1.265302734375,-0.1523284912109375,-0.8605804443359375,0.4551239013671875
1749219783804293600,1.275293701171875,-0.216644287109375,-0.948394775390625,0.3774261474609375
1749219783814283500,1.285283447265625,-0.1946563720703125,-0.9670562744140625,0.30194091796875
1749219783824274700,1.295274658203125,-0.13446044921875,-0.9600677490234375,0.269256591796875
1749219783834265600,1.305265625,-0.12261962890625,-0.9742889404296875,0.2927398681640625
1749219783844256500,1.315256591796875,-0.1753692626953125,-1.0511322021484375,0.37872314453125
1749219783854246700,1.32524658203125,-0.22283935546875,-1.07080078125,0.6072235107421875
1749219783864237800,1.33523779296875,-0.17523193359375,-0.9051513671875,0.8388671875
1749219783874228700,1.345228759765625,-0.2196197509765625,-0.766326904296875,0.869415283203125
1749219783884219600,1.3552197265625,-0.3590240478515625,-0.78680419921875,0.7318572998046875
1749219783894210600,1.36521044921875,-0.2699127197265625,-0.81048583984375,0.5403900146484375
1749219783904200700,1.37520068359375,-0.1145782470703125,-0.7212371826171875,0.1793060302734375
1749219783914191600,1.385191650390625,-0.0247344970703125,-0.7225494384765625,-0.156158447265625
1749219783924182500,1.3951826171875,-0.0844879150390625,-0.7822418212890625,-0.067901611328125
1749219783934173700,1.405173583984375,-0.2171783447265625,-0.82525634765625,0.288116455078125
1749219783944163800,1.415163818359375,-0.204620361328125,-0.9012908935546875,0.5043792724609375
1749219783954154800,1.42515478515625,-0.097747802734375,-0.95977783203125,0.535614013671875
1749219783964145700,1.435145751953125,-0.1739501953125,-0.9770355224609375,0.5121002197265625
1749219783974136600,1.445136474609375,-0.2440338134765625,-1.033050537109375,0.4008026123046875
1749219783984127700,1.455127685546875,-0.079071044921875,-0.9038238525390625,0.253662109375
1749219783994117600,1.46511767578125,-0.02789306640625,-0.882293701171875,0.2253265380859375
1749219784004108500,1.475108642578125,-0.066192626953125,-1.001800537109375,0.3098907470703125
1749219784014099700,1.485099609375,-0.1439361572265625,-0.9479522705078125,0.337646484375
1749219784024091000,1.4950908203125,-0.1285400390625,-0.94537353515625,0.3485107421875
1749219784034080800,1.505080810546875,-0.2373504638671875,-1.1423492431640625,0.2272491455078125
1749219784044071700,1.51507177734375,-0.21710205078125,-0.9569549560546875,0.320465087890625
1749219784054062600,1.5250625,-0.020294189453125,-0.6967620849609375,0.6580657958984375
1749219784064053800,1.5350537109375,0.022796630859375,-0.649200439453125,1.00048828125
1749219784074044700,1.545044677734375,-0.1075897216796875,-0.53851318359375,1.0191497802734375
1749219784084034600,1.55503466796875,-0.2616424560546875,-0.6802215576171875,0.786834716796875
1749219784094025700,1.565025634765625,-0.26220703125,-1.1761627197265625,0.5080108642578125
1749219784104017000,1.575016845703125,-0.0546417236328125,-1.4574432373046875,0.34771728515625
1749219784114007800,1.5850078125,-0.0749969482421875,-1.1688995361328125,0.18231201171875
1749219784123998700,1.594998779296875,-0.1453857421875,-0.6484375,0.2943115234375
1749219784133988600,1.604988525390625,-0.201995849609375,-0.574737548828125,0.5556640625
1749219784143979800,1.614979736328125,-0.1342315673828125,-0.6015777587890625,0.6050262451171875
1749219784153970700,1.624970703125,-0.083587646484375,-0.7437286376953125,0.4974212646484375
1749219784163961600,1.634961669921875,-0.1182403564453125,-0.87628173828125,0.4633636474609375
1749219784173951700,1.64495166015625,-0.1330413818359375,-0.8979034423828125,0.49951171875
1749219784183943000,1.65494287109375,-0.120452880859375,-0.8070068359375,0.5236358642578125
1749219784193933800,1.664933837890625,-0.1685638427734375,-0.879547119140625,0.5019989013671875
1749219784203924700,1.6749248046875,-0.1756439208984375,-0.84930419921875,0.5062408447265625
1749219784213915600,1.68491552734375,-0.183929443359375,-0.895263671875,0.502899169921875
1749219784223905800,1.69490576171875,-0.10015869140625,-0.956268310546875,0.502960205078125
1749219784233896700,1.704896728515625,-0.1342926025390625,-0.9972381591796875,0.5066070556640625
1749219784243887600,1.7148876953125,-0.1177520751953125,-1.024932861328125,0.5457916259765625
1749219784253878500,1.72487841796875,-0.1068878173828125,-0.9184722900390625,0.568023681640625
1749219784263869700,1.73486962890625,-0.143341064453125,-0.8337860107421875,0.52337646484375
1749219784273859800,1.74485986328125,-0.1229705810546875,-0.8530120849609375,0.451751708984375
1749219784283850800,1.754850830078125,-0.0932464599609375,-0.8899078369140625,0.4390106201171875
1749219784293841700,1.764841552734375,-0.1482391357421875,-0.8547515869140625,0.457183837890625
1749219784303832800,1.774832763671875,-0.09637451171875,-0.829376220703125,0.4848785400390625
1749219784313822700,1.78482275390625,-0.1828460693359375,-0.8825836181640625,0.4793548583984375
1749219784323813600,1.794813720703125,-0.1458740234375,-0.876220703125,0.5009918212890625
1749219784333804500,1.804804443359375,-0.1279296875,-0.9148712158203125,0.47076416015625
1749219784343795700,1.814795654296875,-0.1703033447265625,-0.9236602783203125,0.39691162109375
1749219784353786600,1.82478662109375,-0.118927001953125,-0.860931396484375,0.52978515625
1749219784363776800,1.83477685546875,-0.13818359375,-0.754730224609375,0.4001617431640625
1749219784373767700,1.844767578125,-0.049835205078125,-0.786041259765625,0.22406005859375
1749219784383758800,1.8547587890625,-0.06781005859375,-0.9211883544921875,0.273773193359375
1749219784393749800,1.864749755859375,-0.0970458984375,-0.929718017578125,0.3592681884765625
1749219784403739600,1.87473974609375,-0.055328369140625,-0.92333984375,0.3538665771484375
1749219784413730600,1.88473046875,-0.1513671875,-1.1268310546875,0.372283935546875
1749219784423721700,1.8947216796875,-0.1357879638671875,-1.000030517578125,0.3499298095703125
1749219784433712600,1.904712646484375,-0.1003265380859375,-0.7683563232421875,0.4116973876953125
1749219784443703600,1.91470361328125,-0.072113037109375,-0.969268798828125,0.3721160888671875
1749219784453693700,1.924693603515625,-0.113739013671875,-1.0385284423828125,0.3879241943359375
1749219784463684900,1.934684814453125,-0.109283447265625,-0.997344970703125,0.333740234375
1749219784473675800,1.94467578125,-0.072357177734375,-1.0075225830078125,0.1728668212890625
1749219784483666700,1.954666748046875,-0.1282958984375,-0.9771270751953125,0.1450042724609375
1749219784493657600,1.96465771484375,-0.1115875244140625,-0.8987274169921875,0.2052001953125
1749219784503647700,1.974647705078125,-0.144805908203125,-0.8531646728515625,0.30096435546875
1749219784513638700,1.984638671875,-0.15179443359375,-0.8361358642578125,0.2730865478515625
1749219784523629600,1.994629638671875,-0.1667633056640625,-0.851348876953125,0.19915771484375
1749219784533620500,2.004620361328125,-0.1475067138671875,-0.8886871337890625,0.2925872802734375
1749219784543611000,2.01461083984375,-0.1337738037109375,-0.8914642333984375,0.2710723876953125
1749219784553601800,2.024601806640625,-0.1575775146484375,-0.98699951171875,0.2248992919921875
1749219784563592700,2.0345927734375,-0.165557861328125,-1.0441436767578125,0.2576904296875
1749219784573583600,2.04458349609375,-0.198760986328125,-1.0864410400390625,0.3431396484375
1749219784583574800,2.05457470703125,-0.233551025390625,-1.001190185546875,0.38360595703125
1749219784593564700,2.064564697265625,-0.2164764404296875,-0.8748016357421875,0.373077392578125
1749219784603555600,2.0745556640625,-0.159759521484375,-0.8272857666015625,0.395904541015625
1749219784613546500,2.08454638671875,-0.18035888671875,-0.8500823974609375,0.3582305908203125
1749219784623537700,2.09453759765625,-0.1864776611328125,-0.8999481201171875,0.3023529052734375
1749219784633528800,2.10452880859375,-0.1382293701171875,-1.0015716552734375,0.32843017578125
1749219784643518700,2.114518798828125,-0.133331298828125,-1.0679779052734375,0.3187255859375
1749219784653509600,2.124509521484375,-0.13934326171875,-1.083282470703125,0.2530517578125
1749219784663500800,2.134500732421875,-0.123016357421875,-1.067657470703125,0.187591552734375
1749219784673491700,2.14449169921875,-0.1371002197265625,-1.021820068359375,0.1529388427734375
1749219784683481600,2.154481689453125,-0.094512939453125,-0.9626922607421875,0.1850738525390625
1749219784693472500,2.164472412109375,-0.1129608154296875,-0.9854278564453125,0.2082977294921875
1749219784703463700,2.174463623046875,-0.089508056640625,-0.9599151611328125,0.2129364013671875
1749219784713454800,2.184454833984375,-0.080322265625,-0.878448486328125,0.1967315673828125
1749219784723445800,2.19444580078125,-0.0904388427734375,-0.833587646484375,0.201202392578125
1749219784733436400,2.2044365234375,-0.0789642333984375,-0.8193511962890625,0.235015869140625
1749219784743427600,2.214427490234375,-0.0563507080078125,-0.782196044921875,0.2449951171875
1749219784753418500,2.22441845703125,-0.139129638671875,-0.7631378173828125,0.1371002197265625
1749219784763409400,2.234409423828125,-0.1947174072265625,-0.9477996826171875,0.0862274169921875
1749219784773400600,2.244400634765625,-0.09649658203125,-1.0724945068359375,0.1247711181640625
1749219784783390500,2.254390380859375,-0.0666351318359375,-1.059967041015625,0.079132080078125
1749219784793381400,2.26438134765625,-0.061004638671875,-1.0258331298828125,-0.013427734375
1749219784803372300,2.274372314453125,-0.063751220703125,-0.987884521484375,0.0137481689453125
1749219784813363500,2.284363525390625,-0.0579071044921875,-0.9608612060546875,0.1176605224609375
1749219784823353600,2.294353515625,-0.086761474609375,-0.9747314453125,0.23297119140625
1749219784833344500,2.304344482421875,-0.110443115234375,-0.9284210205078125,0.2546844482421875
1749219784843335400,2.31433544921875,-0.1734619140625,-0.8927764892578125,0.03460693359375
1749219784853326600,2.32432666015625,-0.1847381591796875,-0.8619384765625,0.35546875
1749219784863317500,2.3343173828125,-0.164276123046875,-0.7309112548828125,0.603179931640625
1749219784873307400,2.344307373046875,-0.1933135986328125,-0.82421875,0.571258544921875
1749219784883298300,2.35429833984375,-0.2967987060546875,-1.4239654541015625,0.3819580078125
1749219784893289200,2.364289306640625,-0.2391815185546875,-1.3927154541015625,0.3702850341796875
1749219784903280400,2.3742802734375,-0.2579803466796875,-0.9114227294921875,0.4376068115234375
1749219784913271600,2.384271484375,-0.23272705078125,-0.8624114990234375,0.381317138671875
1749219784923261400,2.394261474609375,-0.1644439697265625,-0.8998565673828125,0.316192626953125
1749219784933252400,2.40425244140625,-0.1743011474609375,-0.8284912109375,0.3254852294921875
1749219784943243500,2.414243408203125,-0.1812744140625,-0.8932647705078125,0.3611602783203125
1749219784953234400,2.424234375,-0.1588134765625,-0.957122802734375,0.4190673828125
1749219784963224300,2.434224365234375,-0.1553192138671875,-0.9286956787109375,0.46038818359375
1749219784973215200,2.44421533203125,-0.168304443359375,-0.8381805419921875,0.3524932861328125
1749219784983206400,2.454206298828125,-0.1339111328125,-0.9199371337890625,0.2855224609375
1749219784993197600,2.464197509765625,-0.16156005859375,-1.0359649658203125,0.4707489013671875
1749219785003188500,2.4741884765625,-0.10272216796875,-1.0784759521484375,0.459381103515625
1749219785013178400,2.484178466796875,-0.107513427734375,-1.0695037841796875,0.2767181396484375
1749219785023169500,2.49416943359375,-0.1045684814453125,-1.0179443359375,0.1948394775390625
1749219785033160400,2.504160400390625,-0.1162567138671875,-0.9272003173828125,0.2412872314453125
1749219785043151400,2.5141513671875,-0.1133270263671875,-0.899322509765625,0.2407073974609375
1749219785053142500,2.524142578125,-0.140625,-0.89678955078125,0.2758941650390625
1749219785063132400,2.53413232421875,-0.18701171875,-0.8849945068359375,0.3472747802734375
1749219785073123300,2.544123291015625,-0.1744842529296875,-0.846893310546875,0.320281982421875
1749219785083114500,2.554114501953125,-0.1734161376953125,-0.894256591796875,0.2789764404296875
1749219785093105700,2.564105712890625,-0.1241455078125,-0.935821533203125,0.184967041015625
1749219785103095600,2.574095458984375,-0.105377197265625,-0.89410400390625,0.1530609130859375
1749219785113086500,2.58408642578125,-0.08740234375,-0.8673553466796875,0.0792388916015625
1749219785123077400,2.594077392578125,-0.060211181640625,-0.85992431640625,-0.143402099609375
1749219785133068500,2.604068603515625,-0.043426513671875,-0.8163604736328125,-0.1715545654296875
1749219785143059500,2.6140595703125,-0.077178955078125,-0.839447021484375,0.0689697265625
1749219785153049300,2.62404931640625,-0.08349609375,-0.9615936279296875,0.305572509765625
1749219785163040500,2.63404052734375,-0.02410888671875,-1.14251708984375,0.2547607421875
1749219785173031400,2.644031494140625,-0.1118621826171875,-1.20843505859375,-0.0157470703125
1749219785183022600,2.654022705078125,-0.329864501953125,-0.9854736328125,-0.2661590576171875
1749219785193013500,2.664013427734375,-0.209625244140625,-0.891876220703125,-0.11260986328125
1749219785203003400,2.67400341796875,-0.173126220703125,-0.9453887939453125,0.2401275634765625
1749219785212994300,2.683994384765625,-0.1447601318359375,-1.0741729736328125,0.52685546875
1749219785222985500,2.6939853515625,-0.140228271484375,-0.9998321533203125,0.6599884033203125
1749219785232976400,2.703976318359375,-0.19342041015625,-1.0380859375,0.38134765625
1749219785242967300,2.71396728515625,-0.2301177978515625,-1.1787872314453125,-0.3340301513671875
1749219785252957400,2.72395751953125,-0.2106781005859375,-0.8463592529296875,-0.4427947998046875
1749219785262948600,2.733948486328125,-0.3272247314453125,-0.779815673828125,-0.023040771484375
1749219785272939500,2.743939453125,-0.2525177001953125,-0.8897705078125,0.049407958984375
1749219785282930400,2.753930419921875,-0.2505950927734375,-0.7926788330078125,0.0854949951171875
1749219785292920300,2.76392041015625,-0.151336669921875,-0.71661376953125,-0.0003662109375
1749219785302911500,2.773911376953125,-0.0924835205078125,-0.7523193359375,0.05914306640625
1749219785312902400,2.78390234375,-0.1716461181640625,-1.135040283203125,0.0280914306640625
1749219785322893300,2.793893310546875,-0.3671722412109375,-1.2577667236328125,0.0047760009765625
1749219785332884500,2.803884521484375,-0.147613525390625,-1.1385498046875,0.0076446533203125
1749219785342874600,2.81387451171875,-0.2732391357421875,-1.2624664306640625,0.1167755126953125
1749219785352865500,2.823865478515625,-0.2345733642578125,-1.0288238525390625,0.0746917724609375
1749219785362856400,2.8338564453125,-0.2324981689453125,-0.93060302734375,0.1007537841796875
1749219785372847600,2.84384765625,-0.17535400390625,-0.8441619873046875,0.1134033203125
1749219785382838500,2.853838623046875,-0.0625457763671875,-0.961761474609375,-0.10638427734375
1749219785392828400,2.863828369140625,-0.2367401123046875,-1.0001983642578125,-0.056365966796875
1749219785402819300,2.8738193359375,-0.1026611328125,-1.04156494140625,0.0877685546875
1749219785412810200,2.883810302734375,-0.11834716796875,-1.223602294921875,0.1943206787109375
1749219785422801400,2.893801513671875,-0.037384033203125,-1.1783905029296875,0.1050262451171875
1749219785432791600,2.90379150390625,-0.152740478515625,-1.0220184326171875,-0.0070953369140625
1749219785442782500,2.913782470703125,-0.12945556640625,-0.9275665283203125,0.003173828125
1749219785452773400,2.9237734375,-0.152252197265625,-0.84405517578125,0.032867431640625
1749219785462764500,2.9337646484375,-0.2829742431640625,-0.7130584716796875,0.135955810546875
1749219785472755500,2.94375537109375,-0.1497039794921875,-0.8058624267578125,0.082977294921875
1749219785482745300,2.953745361328125,-0.241912841796875,-1.0080413818359375,0.084930419921875
1749219785492736300,2.963736328125,-0.1558074951171875,-0.940521240234375,0.0959930419921875
1749219785502727400,2.9737275390625,-0.22296142578125,-0.5399932861328125,-0.187530517578125
1749219785512718300,2.98371826171875,-0.29248046875,-0.54132080078125,-0.4204254150390625
1749219785522709200,2.993709228515625,-0.3560943603515625,-0.9755859375,0.2579803466796875
1749219785532699400,3.003699462890625,-0.111572265625,-1.465484619140625,0.340911865234375
1749219785542690600,3.013690673828125,-0.2301788330078125,-1.772430419921875,0.3134307861328125
1749219785552681500,3.023681396484375,-0.3062286376953125,-1.4368133544921875,0.0915374755859375
1749219785562672400,3.03367236328125,-0.3596649169921875,-0.6013336181640625,-0.06640625
1749219785572662300,3.043662353515625,-0.135711669921875,-0.632720947265625,-0.0081024169921875
1749219785582653400,3.0536533203125,-0.8649749755859375,-0.8080596923828125,0.27154541015625
1749219785592644400,3.063644287109375,-0.2030029296875,-0.8123931884765625,-0.0943450927734375
1749219785602635300,3.07363525390625,-0.0143890380859375,-0.8342437744140625,-0.4164886474609375
1749219785612626400,3.08362646484375,-0.173095703125,-1.0518035888671875,0.06787109375
1749219785622616600,3.093616455078125,0.120849609375,-1.0704193115234375,0.0439910888671875
1749219785632607500,3.103607421875,-0.2851715087890625,-1.01220703125,-0.0431365966796875
1749219785642598400,3.113598388671875,-0.5129547119140625,-0.9049072265625,-0.014678955078125
1749219785652589600,3.123589599609375,-0.1910247802734375,-0.967498779296875,-0.0088958740234375
1749219785662580500,3.13358056640625,0.008941650390625,-1.086273193359375,0.0069732666015625
1749219785672570400,3.1435703125,0.140869140625,-1.192779541015625,0.021759033203125
1749219785682561300,3.153561279296875,0.1618804931640625,-1.2637481689453125,-0.0561370849609375
1749219785692552400,3.163552490234375,-0.0991668701171875,-1.1350555419921875,-0.04205322265625
1749219785702543600,3.173543701171875,-0.188751220703125,-1.0003509521484375,0.00103759765625
1749219785712534500,3.183534423828125,-0.0853271484375,-0.955841064453125,0.0268402099609375
1749219785722524400,3.1935244140625,-0.0902252197265625,-0.9352874755859375,0.0157318115234375
1749219785732511000,3.203510986328125,-0.207977294921875,-0.8496856689453125,-0.037872314453125
1749219785742502100,3.213502197265625,-0.2400054931640625,-0.635406494140625,-0.222320556640625
1749219785752493000,3.2234931640625,-0.332122802734375,-0.60076904296875,-0.201568603515625
1749219785762484000,3.23348388671875,-0.335693359375,-0.7141265869140625,0.0881500244140625
1749219785772474000,3.24347412109375,-0.0364990234375,-1.1929779052734375,-0.1424560546875
1749219785782465300,3.25346533203125,-0.1112060546875,-1.3185272216796875,-0.4503173828125
1749219785792456200,3.263456298828125,-0.1825408935546875,-1.2088623046875,-0.24639892578125
1749219785802447000,3.273447021484375,-0.2486114501953125,-1.0488433837890625,0.115753173828125
1749219785812438000,3.28343798828125,-0.1909942626953125,-1.0319061279296875,-0.0799713134765625
1749219785822428200,3.29342822265625,-0.2591094970703125,-1.0753936767578125,-0.1995849609375
1749219785832419000,3.303419189453125,-0.2737884521484375,-1.016754150390625,-0.0825653076171875
1749219785842410000,3.313409912109375,-0.241546630859375,-0.9510498046875,-0.0475006103515625
1749219785852401000,3.32340087890625,-0.263092041015625,-0.919403076171875,-0.1474609375
1749219785862391000,3.33339111328125,-0.2242431640625,-0.89886474609375,-0.2048797607421875
1749219785872382200,3.34338232421875,-0.1951751708984375,-0.9089202880859375,-0.1486053466796875
1749219785882373000,3.353373046875,-0.1362762451171875,-0.938751220703125,-0.1346282958984375
1749219785892364000,3.363364013671875,-0.1401824951171875,-0.93829345703125,-0.157867431640625
1749219785902355200,3.373355224609375,-0.2176666259765625,-1.00799560546875,-0.1138916015625
1749219785912345000,3.383344970703125,-0.1973114013671875,-1.103302001953125,-0.09130859375
1749219785922336000,3.3933359375,-0.190277099609375,-1.07501220703125,-0.06878662109375
1749219785932327000,3.403326904296875,-0.235076904296875,-0.9998321533203125,-0.027069091796875
1749219785942318000,3.413318115234375,-0.2277984619140625,-0.8818206787109375,-0.0406494140625
1749219785952309200,3.423309326171875,-0.199188232421875,-0.967071533203125,0.0019989013671875
1749219785962299100,3.433299072265625,-0.20916748046875,-1.09478759765625,-0.01837158203125
1749219785972290000,3.4432900390625,-0.2956695556640625,-1.03662109375,-0.060821533203125
1749219785982281200,3.45328125,-0.1709747314453125,-1.0047454833984375,-0.1797943115234375
1749219785992272100,3.463272216796875,0.0817108154296875,-0.8292694091796875,-0.2639923095703125
1749219786002263000,3.473262939453125,0.0240325927734375,-0.9457855224609375,-0.2255096435546875
1749219786012253000,3.4832529296875,0.0093231201171875,-0.9087982177734375,-0.3096160888671875
1749219786022244000,3.493244140625,-0.24847412109375,-0.8980865478515625,-0.351348876953125
1749219786032235300,3.5032353515625,-0.274749755859375,-0.8816070556640625,-0.29693603515625
1749219786042226200,3.51322607421875,-0.1365814208984375,-0.878509521484375,-0.2162933349609375
1749219786052217000,3.523217041015625,-0.2261505126953125,-0.9922637939453125,-0.066375732421875
1749219786062207200,3.533207275390625,-0.2682647705078125,-1.098236083984375,0.0878753662109375
1749219786072198100,3.5431982421875,-0.195709228515625,-1.1307373046875,0.123809814453125
1749219786082189000,3.55318896484375,-0.2021636962890625,-1.0049896240234375,0.1096038818359375
1749219786092180000,3.563179931640625,-0.1248321533203125,-0.675445556640625,0.08819580078125
1749219786102171100,3.573171142578125,-0.0210418701171875,-0.9019927978515625,0.1020660400390625
1749219786112161300,3.583161376953125,-0.04205322265625,-1.1036376953125,0.008819580078125
1749219786122152200,3.593152099609375,-0.009185791015625,-1.0880279541015625,-0.129913330078125
1749219786132143000,3.60314306640625,-0.376800537109375,-0.79022216796875,-0.1489715576171875
1749219786142134300,3.61313427734375,-0.274261474609375,-0.5419921875,-0.3268280029296875
1749219786152125200,3.623125244140625,-0.2777252197265625,-0.842315673828125,-0.15924072265625
1749219786162116000,3.6331162109375,-0.2078094482421875,-1.1488189697265625,0.1415557861328125
1749219786172106000,3.64310595703125,-0.104156494140625,-1.326568603515625,0.2467498779296875
1749219786182097200,3.65309716796875,-0.1970672607421875,-1.31158447265625,0.1147308349609375
1749219786192088000,3.663088134765625,-0.2129974365234375,-1.05987548828125,-0.0884552001953125
1749219786202079000,3.673078857421875,-0.1497955322265625,-0.8950653076171875,-0.1188201904296875
1749219786212070100,3.683070068359375,-0.1381683349609375,-0.90972900390625,-0.0600738525390625
1749219786222060300,3.693060302734375,-0.1548309326171875,-1.0217437744140625,-0.0435943603515625
1749219786232051200,3.70305126953125,-0.1802825927734375,-1.0728302001953125,-0.0466156005859375
1749219786242042000,3.7130419921875,-0.188232421875,-1.038299560546875,-0.03961181640625
1749219786252033000,3.723032958984375,-0.18988037109375,-1.003753662109375,-0.0274658203125
1749219786262024200,3.733024169921875,-0.1627349853515625,-0.9415435791015625,-0.00714111328125
1749219786272014000,3.74301416015625,-0.154144287109375,-0.950469970703125,-0.0360870361328125
1749219786282005000,3.7530048828125,-0.154205322265625,-0.9633636474609375,-0.0760955810546875
1749219786291996000,3.762995849609375,-0.14349365234375,-0.9727935791015625,-0.0747833251953125
1749219786301987000,3.772987060546875,-0.14068603515625,-0.963958740234375,-0.04913330078125
1749219786311978000,3.78297802734375,-0.1740570068359375,-0.9608001708984375,-0.0495758056640625
1749219786321968000,3.792968017578125,-0.1926422119140625,-0.962677001953125,-0.083648681640625
1749219786331959000,3.802958984375,-0.18035888671875,-0.9903411865234375,-0.108489990234375
1749219786341950200,3.8129501953125,-0.170867919921875,-1.0109405517578125,-0.09100341796875
1749219786351941000,3.822941162109375,-0.180084228515625,-1.00164794921875,-0.069732666015625
1749219786361932000,3.83293212890625,-0.19573974609375,-0.987701416015625,-0.067657470703125
1749219786371922000,3.842921875,-0.1923065185546875,-0.9836273193359375,-0.0589599609375
1749219786381913000,3.8529130859375,-0.1804962158203125,-0.9836883544921875,-0.052581787109375
1749219786391904000,3.862904052734375,-0.160888671875,-0.9806060791015625,-0.0582122802734375
1749219786401895200,3.872895263671875,-0.1488189697265625,-0.9725494384765625,-0.06597900390625
1749219786411886300,3.88288623046875,-0.17572021484375,-0.941864013671875,-0.076873779296875
1749219786421876200,3.892876220703125,-0.171417236328125,-0.96484375,-0.1017608642578125
1749219786431867100,3.9028671875,-0.1403350830078125,-1.0507354736328125,-0.114654541015625
1749219786441858000,3.912858154296875,-0.1538543701171875,-1.02960205078125,-0.0667266845703125
1749219786451849200,3.92284912109375,-0.178680419921875,-0.9820709228515625,-0.022735595703125
1749219786461840100,3.932840087890625,-0.1959228515625,-0.96307373046875,-0.0384368896484375
1749219786471830000,3.942830078125,-0.217071533203125,-0.9573822021484375,-0.077850341796875
1749219786481821200,3.9528212890625,-0.1899566650390625,-0.9830322265625,-0.106109619140625
1749219786491812400,3.962812255859375,-0.1645965576171875,-0.9958038330078125,-0.09344482421875
1749219786501803300,3.97280322265625,-0.165679931640625,-0.99072265625,-0.065765380859375
1749219786511794200,3.982794189453125,-0.1775360107421875,-0.9766998291015625,-0.03302001953125
1749219786521785000,3.99278515625,-0.1754913330078125,-0.96978759765625,-0.02728271484375
1749219786531775000,4.00277490234375,-0.14227294921875,-0.9671173095703125,-0.0695037841796875
1749219786541766100,4.01276611328125,-0.1337738037109375,-0.9824981689453125,-0.1014404296875
1749219786551757000,4.022757080078125,-0.15045166015625,-0.97760009765625,-0.0891571044921875
1749219786561748000,4.032748046875,-0.1815338134765625,-0.978759765625,-0.0726318359375
1749219786571739100,4.0427392578125,-0.197113037109375,-0.994110107421875,-0.067657470703125
1749219786581729300,4.052729248046875,-0.1880950927734375,-1.002197265625,-0.0622711181640625
1749219786591720200,4.06272021484375,-0.1737823486328125,-0.9833831787109375,-0.0649871826171875
1749219786601711000,4.072711181640625,-0.1577911376953125,-0.9549102783203125,-0.0677642822265625
1749219786611702300,4.082702392578125,-0.1547698974609375,-0.946563720703125,-0.0495147705078125
1749219786621693200,4.092693115234375,-0.14703369140625,-0.9482574462890625,-0.0261688232421875
1749219786631683000,4.10268310546875,-0.1442718505859375,-0.9670562744140625,-0.0343475341796875
1749219786641674000,4.112674072265625,-0.1425933837890625,-1.018768310546875,-0.05340576171875
1749219786651665200,4.1226650390625,-0.1194915771484375,-1.0263824462890625,-0.03521728515625
1749219786661656000,4.132656005859375,-0.16802978515625,-1.0208587646484375,-0.057525634765625
1749219786671647000,4.14264697265625,-0.208099365234375,-1.02728271484375,-0.0930328369140625
1749219786681638000,4.152637939453125,-0.20635986328125,-1.00885009765625,-0.08251953125
1749219786691628300,4.162628173828125,-0.191314697265625,-0.990692138671875,-0.0527191162109375
1749219786701619200,4.172619140625,-0.1943206787109375,-0.94769287109375,-0.065582275390625
1749219786711610000,4.182610107421875,-0.201568603515625,-0.902862548828125,-0.117523193359375
1749219786721601000,4.19260107421875,-0.1939544677734375,-0.8972015380859375,-0.15765380859375
1749219786731592200,4.20259228515625,-0.1675872802734375,-0.9466705322265625,-0.1651763916015625
1749219786741582600,4.21258251953125,-0.130950927734375,-1.0153656005859375,-0.1443939208984375
1749219786751573800,4.22257373046875,-0.10791015625,-1.064117431640625,-0.1021270751953125
1749219786761564700,4.232564697265625,-0.1075592041015625,-1.0372161865234375,-0.0517120361328125
1749219786771555600,4.2425556640625,-0.13909912109375,-0.9955596923828125,-0.0606689453125
1749219786781546800,4.252546630859375,-0.158966064453125,-0.988433837890625,-0.075164794921875
1749219786791537000,4.262536865234375,-0.16168212890625,-0.997833251953125,-0.0419921875
1749219786801527800,4.27252783203125,-0.1844635009765625,-1.0019378662109375,-0.0201873779296875
1749219786811518700,4.282518798828125,-0.1938629150390625,-0.985809326171875,-0.0306396484375
1749219786821510000,4.292510009765625,-0.1832275390625,-0.9586639404296875,-0.0348663330078125
1749219786831500800,4.302500732421875,-0.1821441650390625,-0.9641571044921875,-0.0520782470703125
1749219786841491700,4.31249169921875,-0.185577392578125,-1.007598876953125,-0.09552001953125
1749219786851481600,4.322481689453125,-0.176605224609375,-1.0186004638671875,-0.0963287353515625
1749219786861472800,4.33247265625,-0.1612091064453125,-1.021820068359375,-0.09051513671875
1749219786871463700,4.342463623046875,-0.155120849609375,-1.0354766845703125,-0.1073150634765625
1749219786881454600,4.35245458984375,-0.16448974609375,-0.9937286376953125,-0.088958740234375
1749219786891445800,4.36244580078125,-0.155364990234375,-0.9605255126953125,-0.0656585693359375
1749219786901436000,4.372435791015625,-0.1310272216796875,-0.9717864990234375,-0.101104736328125
1749219786911426800,4.3824267578125,-0.1866607666015625,-1.00677490234375,-0.1282196044921875
1749219786921417700,4.392417724609375,-0.15087890625,-0.9873199462890625,-0.10382080078125
1749219786931408600,4.40240869140625,-0.2203369140625,-0.9762420654296875,-0.1059112548828125
1749219786941399800,4.41239990234375,0.003082275390625,-0.958984375,-0.1409759521484375
1749219786951390700,4.422390625,-0.1319427490234375,-0.9293212890625,-0.0800628662109375
1749219786961380600,4.432380615234375,-0.418792724609375,-0.9822845458984375,-0.0981292724609375
1749219786971371800,4.442371826171875,-0.0660400390625,-0.9986572265625,-0.1197662353515625
1749219786981363000,4.452363037109375,-0.0108489990234375,-0.9488525390625,-0.038421630859375
1749219786991353900,4.462353759765625,-0.2673187255859375,-0.981781005859375,-0.029052734375
1749219787001344800,4.4723447265625,-0.3619232177734375,-1.0191192626953125,-0.0835418701171875
1749219787011336000,4.4823359375,-0.1032257080078125,-0.9374237060546875,-0.0561981201171875
1749219787021325800,4.492325927734375,-0.1530303955078125,-0.8706207275390625,-0.033355712890625
1749219787031316700,4.502316650390625,-0.0181884765625,-0.8472137451171875,-0.137969970703125
1749219787041307600,4.5123076171875,-0.259613037109375,-0.8570556640625,-0.128753662109375
1749219787051298600,4.522298583984375,-0.309600830078125,-1.082550048828125,-0.117523193359375
1749219787061289700,4.532289794921875,0.07958984375,-0.9558563232421875,-0.10296630859375
1749219787071279900,4.54227978515625,0.0382843017578125,-0.8078765869140625,-0.1226654052734375
1749219787081270800,4.552270751953125,-0.234222412109375,-0.9053802490234375,-0.1259002685546875
1749219787091261700,4.56226171875,-0.0107421875,-0.9623870849609375,-0.0758819580078125
1749219787101252900,4.5722529296875,-0.1398162841796875,-1.0117645263671875,-0.0507354736328125
1749219787111243800,4.582243896484375,-0.1003265380859375,-0.9616851806640625,-0.141754150390625
1749219787121234700,4.592234619140625,-0.307159423828125,-0.928314208984375,-0.207061767578125
1749219787131224600,4.602224609375,-0.311065673828125,-1.022552490234375,-0.1276092529296875
1749219787141215700,4.6122158203125,-0.2905120849609375,-1.1113128662109375,0.072052001953125
1749219787151206700,4.62220654296875,-0.2705078125,-1.14788818359375,0.0849761962890625
1749219787161197600,4.632197509765625,-0.218017578125,-1.1015777587890625,-0.0113677978515625
1749219787171188700,4.642188720703125,-0.145599365234375,-0.9666900634765625,-0.05621337890625
1749219787181179600,4.6521796875,-0.2200469970703125,-0.978118896484375,-0.0506439208984375
1749219787191169800,4.662169677734375,-0.2150726318359375,-0.9098052978515625,0.0204010009765625
1749219787201160700,4.67216064453125,-0.1886749267578125,-0.920440673828125,-0.0488739013671875
1749219787211152000,4.68215185546875,-0.224334716796875,-0.9520263671875,-0.0222625732421875
1749219787221142800,4.692142822265625,-0.21612548828125,-0.979766845703125,-0.0198211669921875
1749219787231133700,4.7021337890625,-0.1522064208984375,-0.884185791015625,-0.099609375
1749219787241124600,4.71212451171875,-0.0622100830078125,-0.92474365234375,-0.2718963623046875
1749219787251114800,4.72211474609375,-0.193695068359375,-0.9363861083984375,-0.218475341796875
1749219787261105700,4.732105712890625,-0.096405029296875,-0.8618927001953125,-0.04913330078125
1749219787271096800,4.742096923828125,-0.2330322265625,-0.6854705810546875,-0.1494903564453125
1749219787281087700,4.752087646484375,-0.6877288818359375,1.31402587890625,-0.50677490234375
1749219787291079000,4.762078857421875,0.3252410888671875,2.0151824951171875,-0.776641845703125
1749219787301069800,4.77206982421875,-0.800018310546875,-0.4221649169921875,-0.5467987060546875
1749219787311059700,4.782059814453125,-1.1222686767578125,-1.7460174560546875,0.356781005859375
1749219787321050600,4.792050537109375,-0.21929931640625,-1.818572998046875,0.76751708984375
1749219787331041800,4.802041748046875,-0.674072265625,-1.971527099609375,0.5011749267578125
1749219787341032700,4.81203271484375,-0.0233001708984375,-1.7631378173828125,-0.02655029296875
1749219787351023600,4.822023681640625,0.541351318359375,-1.98876953125,-0.3946990966796875
1749219787361013800,4.832013671875,-0.1835174560546875,-2.615936279296875,-0.5217437744140625
1749219787371005000,4.8420048828125,-0.1088409423828125,-1.927154541015625,-0.1312408447265625
1749219787380995800,4.851995849609375,-0.2523956298828125,-1.055572509765625,0.021484375
1749219787390986800,4.86198681640625,-0.431915283203125,-0.7991180419921875,0.0215606689453125
1749219787400978000,4.87197802734375,-0.3340606689453125,-1.0068359375,-0.005645751953125
1749219787410968800,4.88196875,-0.327789306640625,-1.0415802001953125,0.0155181884765625
1749219787420958700,4.891958740234375,-0.3455047607421875,-0.944427490234375,0.0405731201171875
1749219787430949600,4.90194970703125,-0.3367156982421875,-0.873138427734375,0.0194854736328125
1749219787440940500,4.9119404296875,-0.3260650634765625,-0.7487640380859375,0.01666259765625
1749219787450931700,4.921931640625,-0.290435791015625,-0.65728759765625,0.0432891845703125
1749219787460922600,4.931922607421875,-0.2948455810546875,-0.836334228515625,-0.04449462890625
1749219787470913500,4.94191357421875,-0.2038116455078125,-1.031494140625,-0.2252044677734375
1749219787480903700,4.951903564453125,-0.246612548828125,-1.0502166748046875,-0.2524566650390625
1749219787490894800,4.961894775390625,-0.1597137451171875,-0.879852294921875,-0.13677978515625
1749219787500885800,4.9718857421875,-0.334075927734375,-0.7614898681640625,-0.0349273681640625
1749219787510876700,4.981876708984375,-0.3480987548828125,-0.8170013427734375,-0.0142974853515625
1749219787520867800,4.991867919921875,-0.254669189453125,-0.97991943359375,-0.08294677734375
1749219787530858800,5.001858642578125,-0.2580718994140625,-1.0843963623046875,-0.1357879638671875
1749219787540848600,5.0118486328125,-0.2130889892578125,-1.03271484375,-0.1656494140625
1749219787550839600,5.021839599609375,-0.2594146728515625,-0.9268035888671875,-0.1923828125
1749219787560830700,5.031830810546875,-0.3042755126953125,-0.91375732421875,-0.187835693359375
1749219787570822000,5.04182177734375,-0.306060791015625,-0.93743896484375,-0.162506103515625
1749219787580812800,5.051812744140625,-0.31781005859375,-0.9299774169921875,-0.1177825927734375
1749219787590803700,5.0618037109375,-0.3831634521484375,-0.7613067626953125,-0.05242919921875
1749219787600793900,5.0717939453125,-0.25872802734375,-0.9418182373046875,-0.0565948486328125
1749219787610784800,5.08178466796875,-0.1943511962890625,-1.1875762939453125,-0.0238037109375
1749219787620775700,5.091775634765625,-0.315826416015625,-1.0109405517578125,-0.077850341796875
1749219787630766600,5.1017666015625,-0.3136749267578125,-0.9113616943359375,-0.1425323486328125
1749219787640757800,5.1117578125,-0.30975341796875,-0.857635498046875,-0.170989990234375
1749219787650748700,5.121748779296875,-0.324066162109375,-0.9827880859375,-0.134307861328125
1749219787660738800,5.13173876953125,-0.21051025390625,-1.027496337890625,-0.112762451171875
1749219787670729700,5.141729736328125,-0.2649688720703125,-0.97308349609375,-0.18621826171875
1749219787680721000,5.151720947265625,-0.324310302734375,-0.9073944091796875,-0.186126708984375
1749219787690711800,5.1617119140625,-0.3093109130859375,-0.9183502197265625,-0.1256561279296875
1749219787700702700,5.17170263671875,-0.3072509765625,-0.967010498046875,-0.1098480224609375
1749219787710694000,5.18169384765625,-0.323699951171875,-0.9657440185546875,-0.1166229248046875
1749219787720683800,5.191683837890625,-0.326690673828125,-0.943817138671875,-0.1191558837890625
1749219787730674700,5.2016748046875,-0.317413330078125,-0.945343017578125,-0.1260986328125
1749219787740664800,5.211664794921875,-0.3087005615234375,-0.951080322265625,-0.13665771484375
1749219787750655700,5.22165576171875,-0.304290771484375,-0.9443817138671875,-0.1420745849609375
1749219787760646700,5.231646728515625,-0.3050689697265625,-0.9371185302734375,-0.143157958984375
1749219787770637800,5.241637939453125,-0.3032684326171875,-0.9385528564453125,-0.142425537109375
1749219787780627700,5.251627685546875,-0.3011322021484375,-0.9411468505859375,-0.1418914794921875
1749219787790618600,5.26161865234375,-0.3105010986328125,-0.9403076171875,-0.142364501953125
1749219787800609500,5.271609619140625,-0.3177947998046875,-0.94000244140625,-0.1425018310546875
1749219787810600700,5.2816005859375,-0.312469482421875,-0.9421234130859375,-0.141357421875
1749219787820591600,5.291591552734375,-0.3016510009765625,-0.9420013427734375,-0.148712158203125
1749219787830582500,5.30158251953125,-0.2883758544921875,-0.9347076416015625,-0.1552886962890625
1749219787840572700,5.31157275390625,-0.279449462890625,-0.9283294677734375,-0.155609130859375
1749219787850563800,5.321563720703125,-0.273193359375,-0.92352294921875,-0.1468963623046875
1749219787860554800,5.3315546875,-0.2732696533203125,-0.924407958984375,-0.137603759765625
1749219787870545700,5.341545654296875,-0.2745513916015625,-0.933929443359375,-0.136474609375
1749219787880536800,5.351536865234375,-0.2805938720703125,-0.9444122314453125,-0.1314697265625
1749219787890527700,5.36152783203125,-0.291107177734375,-0.9383544921875,-0.1094512939453125
1749219787900517600,5.371517578125,-0.3055419921875,-0.93499755859375,-0.0948638916015625
1749219787910508500,5.381508544921875,-0.308380126953125,-0.9549713134765625,-0.084228515625
1749219787920499700,5.391499755859375,-0.296295166015625,-0.9611968994140625,-0.1036529541015625
1749219787930490600,5.40149072265625,-0.312774658203125,-0.98382568359375,-0.16815185546875
1749219787940481500,5.4114814453125,-0.3204345703125,-0.9346466064453125,-0.164398193359375
1749219787950472700,5.42147265625,-0.3148956298828125,-0.898834228515625,-0.173431396484375
1749219787960464000,5.4314638671875,-0.310791015625,-0.87322998046875,-0.2081451416015625
1749219787970453800,5.441453857421875,-0.282928466796875,-0.9612884521484375,-0.23638916015625
1749219787980444700,5.451444580078125,-0.2823028564453125,-0.984344482421875,-0.115447998046875
1749219787990435600,5.461435546875,-0.33544921875,-0.9098968505859375,-0.1311187744140625
1749219788000426800,5.4714267578125,-0.321075439453125,-0.914947509765625,-0.139617919921875
1749219788010417700,5.481417724609375,-0.268524169921875,-0.977081298828125,-0.096923828125
1749219788020408600,5.49140869140625,-0.2502288818359375,-0.9868316650390625,-0.089447021484375
1749219788030398700,5.501398681640625,-0.2673492431640625,-0.9568634033203125,-0.1493072509765625
1749219788040390000,5.511389892578125,-0.2675323486328125,-0.9370269775390625,-0.188201904296875
1749219788050380800,5.521380859375,-0.2552490234375,-0.9493255615234375,-0.1894378662109375
1749219788060371700,5.531371826171875,-0.2663726806640625,-0.9510040283203125,-0.2149810791015625
1749219788070363000,5.54136279296875,-0.2766571044921875,-0.901031494140625,-0.2047576904296875
1749219788080353800,5.551353759765625,-0.2936859130859375,-0.920684814453125,-0.2062530517578125
1749219788090343700,5.56134375,-0.3542938232421875,-0.9888458251953125,-0.1712493896484375
1749219788100334600,5.57133447265625,-0.3806610107421875,-0.99951171875,-0.0856781005859375
1749219788110325500,5.581325439453125,-0.31109619140625,-0.98773193359375,-0.0221099853515625
1749219788120316700,5.591316650390625,-0.2893218994140625,-0.97039794921875,-0.0744171142578125
1749219788130307600,5.6013076171875,-0.35528564453125,-0.921478271484375,-0.138336181640625
1749219788140298500,5.611298583984375,-0.19940185546875,-0.8918914794921875,-0.1140899658203125
1749219788150288600,5.62128857421875,-0.2588043212890625,-0.92559814453125,-0.12506103515625
1749219788160279800,5.63127978515625,-0.2633209228515625,-0.940155029296875,-0.119476318359375
1749219788170270700,5.641270751953125,-0.288909912109375,-0.90765380859375,-0.234100341796875
1749219788180261600,5.65126171875,-0.30078125,-1.0105743408203125,0.0050048828125
1749219788190252800,5.661252685546875,-0.318115234375,-0.987762451171875,-0.17852783203125
1749219788200243700,5.67124365234375,-0.2835235595703125,-0.8673248291015625,-0.14019775390625
1749219788210234600,5.681234619140625,-0.329498291015625,-0.8475494384765625,-0.1198883056640625
1749219788220224500,5.691224609375,-0.3489837646484375,-0.9379425048828125,-0.1238250732421875
1749219788230215700,5.701215576171875,-0.2837371826171875,-1.0287322998046875,-0.15008544921875
1749219788240206600,5.71120654296875,-0.32763671875,-0.9808349609375,-0.1746673583984375
1749219788250197800,5.72119775390625,-0.3272552490234375,-0.92840576171875,-0.154388427734375
1749219788260188700,5.731188720703125,-0.27899169921875,-0.9429931640625,-0.1754302978515625
1749219788270179800,5.741179931640625,-0.2738037109375,-0.9540863037109375,-0.2208099365234375
1749219788280169700,5.751169677734375,-0.182098388671875,-0.92578125,-0.259918212890625
1749219788290160600,5.76116064453125,-0.1668701171875,-0.9001922607421875,-0.2039031982421875
1749219788300151600,5.771151611328125,-0.1981048583984375,-1.01708984375,-0.2686614990234375
1749219788310142700,5.781142822265625,-0.1805419921875,-0.8934326171875,-0.176239013671875
1749219788320133600,5.791133544921875,-0.3184967041015625,-0.8089141845703125,-0.10369873046875
1749219788330124500,5.80112451171875,-0.337799072265625,-0.8478851318359375,-0.1045074462890625
1749219788340114700,5.81111474609375,-0.319671630859375,-0.9123382568359375,-0.0726776123046875
1749219788350105900,5.82110595703125,-0.33636474609375,-0.929046630859375,-0.037994384765625
1749219788360096800,5.8310966796875,-0.3423309326171875,-0.9512176513671875,-0.0682220458984375
1749219788370087700,5.841087646484375,-0.3460235595703125,-0.9726104736328125,-0.0649566650390625
1749219788380078800,5.851078857421875,-0.33270263671875,-0.988006591796875,-0.0406341552734375
1749219788390069800,5.86106982421875,-0.333038330078125,-1.20257568359375,0.0372772216796875
1749219788400060700,5.871060791015625,-0.3084716796875,-1.141357421875,-0.142669677734375
1749219788410050600,5.881050537109375,-0.24920654296875,-0.9672088623046875,-0.4268951416015625
1749219788420041700,5.891041748046875,-0.2649078369140625,-0.8459014892578125,-0.3408355712890625
1749219788430032600,5.90103271484375,-0.2638702392578125,-0.9015960693359375,-0.1636505126953125
1749219788440023600,5.9110234375,-0.315093994140625,-1.0390167236328125,-0.128997802734375
1749219788450014500,5.921014404296875,-0.350372314453125,-1.0902099609375,-0.0995330810546875
1749219788460006000,5.931005859375,-0.3233642578125,-1.077239990234375,-0.064544677734375
1749219788469996800,5.940996826171875,-0.295135498046875,-1.094451904296875,-0.1664581298828125
1749219788479986700,5.950986572265625,-0.28143310546875,-0.995147705078125,-0.143035888671875
1749219788489977600,5.9609775390625,-0.2531585693359375,-0.8874359130859375,-0.1403656005859375
1749219788499968800,5.97096875,-0.2771759033203125,-0.833740234375,-0.1526947021484375
1749219788509959700,5.980959716796875,-0.2616729736328125,-0.7960662841796875,-0.15093994140625
1749219788519950600,5.99095068359375,-0.2331695556640625,-0.773345947265625,-0.1429595947265625
1749219788529941800,6.000941650390625,-0.2322235107421875,-0.8367767333984375,-0.16021728515625
1749219788539931600,6.010931640625,-0.2398223876953125,-0.966400146484375,-0.1373138427734375
1749219788549922800,6.0209228515625,-0.251922607421875,-1.096038818359375,-0.09710693359375
1749219788559913700,6.030913818359375,-0.2733917236328125,-1.0965423583984375,-0.0509796142578125
1749219788569905000,6.04090478515625,-0.304962158203125,-0.8907318115234375,-0.0175323486328125
1749219788579895800,6.050895751953125,-0.318115234375,-0.6649322509765625,-0.0284881591796875
1749219788589886700,6.06088671875,-0.3193206787109375,-0.645111083984375,-0.1150665283203125
1749219788599877600,6.070877685546875,-0.24578857421875,-0.8123931884765625,-0.181060791015625
1749219788609867800,6.08086767578125,-0.21038818359375,-0.9088897705078125,-0.1766357421875
1749219788619858700,6.090858642578125,-0.2468414306640625,-0.91876220703125,-0.1887359619140625
1749219788629849600,6.100849609375,-0.267120361328125,-0.9085235595703125,-0.168914794921875
1749219788639840500,6.110840576171875,-0.2822723388671875,-0.857177734375,-0.1044464111328125
1749219788649831700,6.120831787109375,-0.355987548828125,-0.833465576171875,-0.0560455322265625
1749219788659822600,6.130822509765625,-0.3526763916015625,-0.872528076171875,-0.0016937255859375
1749219788669812700,6.140812744140625,-0.282196044921875,-0.89300537109375,-0.041473388671875
1749219788679803600,6.1508037109375,-0.2751922607421875,-0.936492919921875,-0.1435699462890625
1749219788689794800,6.160794921875,-0.3031005859375,-0.9492340087890625,-0.187347412109375
1749219788699785700,6.17078564453125,-0.2840576171875,-0.938995361328125,-0.1639556884765625
1749219788709776600,6.180776611328125,-0.2968902587890625,-0.9166107177734375,-0.1502227783203125
1749219788719767800,6.190767822265625,-0.306915283203125,-0.9317169189453125,-0.1597442626953125
1749219788729758700,6.2007587890625,-0.28643798828125,-1.0206146240234375,-0.2192840576171875
1749219788739748900,6.210748779296875,-0.22979736328125,-1.087158203125,-0.23150634765625
1749219788749739800,6.22073974609375,-0.2427825927734375,-1.1540069580078125,-0.272857666015625
1749219788759731000,6.23073095703125,-0.2722015380859375,-1.10076904296875,-0.252166748046875
1749219788769722000,6.24072216796875,-0.2783203125,-0.99603271484375,-0.183197021484375
1749219788779713000,6.250713134765625,-0.2921905517578125,-0.92132568359375,-0.1511077880859375
1749219788789704000,6.260703857421875,-0.3074188232421875,-0.897552490234375,-0.13616943359375
1749219788799695000,6.270695068359375,-0.3040771484375,-0.919281005859375,-0.1195220947265625
1749219788809685000,6.28068505859375,-0.308319091796875,-0.9542083740234375,-0.111236572265625
1749219788819676000,6.290676025390625,-0.3047637939453125,-0.977783203125,-0.127716064453125
1749219788829666800,6.300666748046875,-0.2781524658203125,-0.9720916748046875,-0.1201324462890625
1749219788839658000,6.310657958984375,-0.2871551513671875,-0.940643310546875,-0.1017913818359375
1749219788849649000,6.32064892578125,-0.2757110595703125,-0.9376983642578125,-0.1138763427734375
1749219788859639800,6.330639892578125,-0.2924041748046875,-0.9441375732421875,-0.111053466796875
1749219788869630000,6.3406298828125,-0.296112060546875,-0.9775390625,-0.141937255859375
1749219788879621000,6.35062109375,-0.2888946533203125,-1.0015716552734375,-0.1559906005859375
1749219788889612000,6.360612060546875,-0.2702789306640625,-1.0041656494140625,-0.139312744140625
1749219788899603000,6.37060302734375,-0.23553466796875,-0.9986114501953125,-0.1342315673828125
1749219788909594000,6.380593994140625,-0.2361907958984375,-0.9435577392578125,-0.120391845703125
1749219788919585000,6.3905849609375,-0.237579345703125,-0.907470703125,-0.12158203125
1749219788929576000,6.400575927734375,-0.2811737060546875,-0.9512481689453125,-0.220184326171875
1749219788939565800,6.41056591796875,-0.2584228515625,-0.9049072265625,-0.1459503173828125
1749219788949556700,6.420556640625,-0.265716552734375,-0.88287353515625,-0.070343017578125
1749219788959548000,6.4305478515625,-0.2588348388671875,-0.946319580078125,-0.0772247314453125
1749219788969538800,6.440538818359375,-0.4520111083984375,-0.984954833984375,-0.044921875
1749219788979530000,6.450530029296875,-0.384185791015625,-0.89898681640625,-0.0269927978515625
1749219788989521200,6.460521240234375,-0.3033599853515625,-0.9282379150390625,-0.0947113037109375
1749219788999512000,6.470511962890625,-0.3543243408203125,-0.9654998779296875,-0.0412445068359375
1749219789009502000,6.480501953125,-0.0924530029296875,-1.01263427734375,-0.249969482421875
1749219789019492900,6.490492919921875,-0.080078125,-1.0287017822265625,-0.3555145263671875
1749219789029484000,6.500484130859375,-0.130126953125,-0.9706878662109375,-0.303436279296875
1749219789039475000,6.510474853515625,-0.209014892578125,-0.963470458984375,-0.2938385009765625
1749219789049465900,6.5204658203125,-0.266082763671875,-0.94708251953125,-0.2003326416015625
1749219789059456800,6.530456787109375,-0.2979583740234375,-0.9006195068359375,-0.140960693359375
1749219789069447200,6.540447265625,-0.2783966064453125,-0.8707427978515625,-0.119415283203125
1749219789079438000,6.55043798828125,-0.2831268310546875,-0.9377593994140625,-0.082305908203125
1749219789089429000,6.560428955078125,-0.29150390625,-1.0299072265625,-0.1534423828125
1749219789099420000,6.570419921875,-0.22979736328125,-0.9533843994140625,-0.0739593505859375
1749219789109411000,6.5804111328125,-0.313812255859375,-0.8582000732421875,-0.109161376953125
1749219789119402000,6.590402099609375,-0.2766265869140625,-0.9109649658203125,-0.1849365234375
1749219789129393000,6.600392822265625,-0.2638092041015625,-0.9981231689453125,-0.1625518798828125
1749219789139382800,6.6103828125,-0.2843780517578125,-1.00164794921875,-0.15740966796875
1749219789149374000,6.6203740234375,-0.3084869384765625,-0.9808197021484375,-0.137054443359375
1749219789159364900,6.63036474609375,-0.3276824951171875,-0.971710205078125,-0.0548248291015625
1749219789169355800,6.640355712890625,-0.32269287109375,-0.9911651611328125,-0.0661163330078125
1749219789179347000,6.650346923828125,-0.2917938232421875,-0.9712677001953125,-0.166656494140625
1749219789189337900,6.660337890625,-0.253662109375,-0.8558197021484375,-0.2181396484375
1749219789199329000,6.6703291015625,-0.237945556640625,-0.8935089111328125,-0.2356109619140625
1749219789209319000,6.68031884765625,-0.2479705810546875,-1.0141754150390625,-0.2460784912109375
1749219789219310000,6.69031005859375,-0.2582550048828125,-0.947052001953125,-0.165435791015625
1749219789229301000,6.700301025390625,-0.303192138671875,-0.8658905029296875,-0.1484375
1749219789239292000,6.7102919921875,-0.4123077392578125,-0.9380645751953125,-0.114532470703125
1749219789249282800,6.72028271484375,-0.2711181640625,-1.0501251220703125,-0.0111236572265625
1749219789259274000,6.73027392578125,-0.3418121337890625,-1.03826904296875,-0.0079803466796875
1749219789269265000,6.740264892578125,-0.3448638916015625,-0.9334564208984375,-0.10723876953125
1749219789279255000,6.750255126953125,-0.3208770751953125,-1.0078277587890625,-0.24310302734375
1749219789289246000,6.760245849609375,-0.308074951171875,-0.969635009765625,-0.195556640625
1749219789299237000,6.770237060546875,-0.202362060546875,-0.8928070068359375,-0.1441650390625
1749219789309228000,6.78022802734375,-0.16485595703125,-0.8947906494140625,-0.1731109619140625
1749219789319219000,6.790218994140625,-0.2519073486328125,-0.9337310791015625,-0.219635009765625
1749219789329210000,6.800210205078125,-0.2801971435546875,-0.9334869384765625,-0.2126007080078125
1749219789339200000,6.810199951171875,-0.2799530029296875,-0.8728179931640625,-0.06439208984375
1749219789349191000,6.82019091796875,-0.38262939453125,-0.8421478271484375,-0.0001068115234375
1749219789359181800,6.830181884765625,-0.316680908203125,-0.9712066650390625,-0.0318603515625
1749219789369173000,6.840173095703125,-0.342071533203125,-1.028533935546875,-0.0106964111328125
1749219789379164000,6.850163818359375,-0.2667388916015625,-1.0215301513671875,-0.112518310546875
1749219789389154800,6.86015478515625,-0.2707672119140625,-0.9844207763671875,-0.162750244140625
1749219789399145700,6.870145751953125,-0.2377777099609375,-0.9481658935546875,-0.2414093017578125
1749219789409136000,6.88013623046875,-0.1960906982421875,-0.8258209228515625,-0.2610626220703125
1749219789419127000,6.890126953125,-0.274932861328125,-0.7657318115234375,-0.27667236328125
1749219789429118000,6.900117919921875,-0.2938690185546875,-0.762176513671875,-0.3184661865234375
1749219789439108900,6.91010888671875,-0.3364715576171875,-0.7688751220703125,-0.23138427734375
1749219789449100000,6.92010009765625,-0.42767333984375,-1.1604156494140625,-0.642608642578125
1749219789459091000,6.930091064453125,-0.19268798828125,-0.9435882568359375,-0.40997314453125
1749219789469081900,6.940081787109375,-0.4409332275390625,-0.818084716796875,-0.0823516845703125
1749219789479071700,6.95007177734375,-0.22442626953125,-0.8443450927734375,-0.040435791015625
1749219789489063000,6.96006298828125,-0.15069580078125,-0.85736083984375,-0.0785675048828125
1749219789499054000,6.97005419921875,-0.18280029296875,-0.89727783203125,-0.1503143310546875
1749219789509045000,6.980044921875,-0.21087646484375,-0.922637939453125,-0.2469329833984375
1749219789519036200,6.9900361328125,-0.37371826171875,-0.9142608642578125,-0.0869140625
1749219789529027000,7.000027099609375,-0.3388671875,-0.9930877685546875,-0.09429931640625
1749219789539018000,7.01001806640625,-0.3283843994140625,-1.163848876953125,-0.165557861328125
1749219789549008000,7.0200078125,-0.329559326171875,-1.1602935791015625,-0.1695098876953125
1749219789558999000,7.0299990234375,-0.3359527587890625,-1.0087890625,-0.189300537109375
1749219789568990000,7.039989990234375,-0.3037872314453125,-0.889190673828125,-0.1680755615234375
1749219789578980900,7.04998095703125,-0.2908477783203125,-0.842681884765625,-0.133056640625
1749219789588971800,7.0599716796875,-0.295501708984375,-0.917938232421875,-0.1149749755859375
1749219789598963000,7.069962890625,-0.314178466796875,-1.0201416015625,-0.0931549072265625
1749219789608953000,7.079953125,-0.312042236328125,-1.02752685546875,-0.04840087890625
1749219789618944000,7.089944091796875,-0.3081817626953125,-1.0298309326171875,-0.05474853515625
1749219789628935000,7.099934814453125,-0.2475738525390625,-1.1133270263671875,-0.0744171142578125
1749219789638926000,7.109926025390625,-0.1902618408203125,-1.26361083984375,-0.005523681640625
1749219789648917000,7.1199169921875,-0.2702789306640625,-1.1598052978515625,0.0628204345703125
1749219789658908000,7.129907958984375,-0.3458099365234375,-0.9518585205078125,0.0513763427734375
1749219789668899000,7.139899169921875,-0.4162445068359375,-0.815032958984375,0.01580810546875
1749219789678889000,7.149888916015625,-0.4077911376953125,-0.82122802734375,-0.0646514892578125
1749219789688879900,7.1598798828125,-0.3173828125,-0.901611328125,-0.2081298828125
1749219789698870800,7.169870849609375,-0.3041229248046875,-0.936309814453125,-0.3008270263671875
1749219789708862000,7.179862060546875,-0.390594482421875,-0.8095703125,-0.13250732421875
1749219789718853000,7.18985302734375,-0.201995849609375,-0.774993896484375,-0.0011138916015625
1749219789728844000,7.199843994140625,-0.1813201904296875,-0.8346710205078125,0.012237548828125
1749219789738839000,7.209839111328125,-0.1763916015625,-0.757965087890625,-0.030487060546875
1749219789748829200,7.2198291015625,-0.094940185546875,-0.7769775390625,-0.1108856201171875
1749219789758820000,7.229820068359375,-0.4720001220703125,-0.8922882080078125,-0.30242919921875
1749219789768811000,7.23981103515625,-0.59423828125,-1.179229736328125,-0.458984375
1749219789778802200,7.24980224609375,-0.1696319580078125,-1.258544921875,-0.3415985107421875
1749219789788793000,7.25979296875,-0.1585845947265625,-1.1190643310546875,-0.239227294921875
1749219789798784000,7.269783935546875,-0.2564697265625,-0.9407501220703125,-0.2110595703125
1749219789808774000,7.27977392578125,-0.2233428955078125,-0.87786865234375,-0.21441650390625
1749219789818765000,7.28976513671875,-0.231964111328125,-0.9361724853515625,-0.173004150390625
1749219789828756000,7.299755859375,-0.28875732421875,-0.9676971435546875,-0.0509796142578125
1749219789838747100,7.3097470703125,-0.266845703125,-0.9383544921875,0.0641632080078125
1749219789848738000,7.319738037109375,-0.3542327880859375,-0.8250885009765625,0.1133575439453125
1749219789858729200,7.329729248046875,-0.3540802001953125,-0.7716217041015625,0.1104736328125
1749219789868720000,7.33972021484375,-0.3513031005859375,-0.8977508544921875,-0.0312652587890625
1749219789878710000,7.3497099609375,-0.3428497314453125,-0.949310302734375,-0.1917877197265625
1749219789888701000,7.359700927734375,-0.3060302734375,-0.98345947265625,-0.2078094482421875
1749219789898692000,7.369692138671875,-0.30194091796875,-1.0535430908203125,-0.1770782470703125
1749219789908683000,7.37968310546875,-0.3721771240234375,-0.8983917236328125,-0.1971282958984375
1749219789918674000,7.389673828125,-0.2491455078125,-0.86492919921875,-0.1016082763671875
1749219789928665000,7.3996650390625,-0.202362060546875,-0.951202392578125,-0.03814697265625
1749219789938656000,7.409656005859375,-0.3458099365234375,-0.993499755859375,-0.0567169189453125
1749219789948646100,7.419646240234375,-0.3363037109375,-1.012359619140625,-0.05364990234375
1749219789958637000,7.429636962890625,-0.2892913818359375,-1.03961181640625,-0.0911712646484375
1749219789968628200,7.439628173828125,-0.261016845703125,-0.967437744140625,-0.123748779296875
1749219789978619100,7.449619140625,-0.25531005859375,-0.824005126953125,-0.1719970703125
1749219789988610000,7.459610107421875,-0.2589263916015625,-0.8538970947265625,-0.2330169677734375
1749219789998601000,7.46960107421875,-0.28118896484375,-0.8624114990234375,-0.072235107421875
1749219790008591000,7.479591064453125,-0.2165679931640625,-0.992706298828125,-0.0520172119140625
1749219790018582000,7.48958203125,-0.2779541015625,-0.95703125,-0.032012939453125
1749219790028573000,7.499572998046875,-0.3484954833984375,-0.8609466552734375,0.0035247802734375
1749219790038563800,7.509563720703125,-0.3627777099609375,-0.9807891845703125,0.0623626708984375
1749219790048555000,7.519554931640625,-0.5870513916015625,-1.1237030029296875,0.1790924072265625
1749219790058546200,7.529546142578125,-0.665435791015625,-0.9926605224609375,0.25738525390625
1749219790068537000,7.539537109375,-0.408172607421875,-0.9202117919921875,0.1510162353515625
1749219790078527000,7.54952685546875,0.1466827392578125,-0.898956298828125,0.0260009765625
1749219790088518100,7.55951806640625,0.1504364013671875,-0.942352294921875,-0.038330078125
1749219790098509000,7.569509033203125,-0.2002410888671875,-0.9742431640625,-0.252655029296875
1749219790108500000,7.5795,-0.29119873046875,-0.9051361083984375,-0.3701019287109375
1749219790118491100,7.5894912109375,-0.3209228515625,-0.852996826171875,-0.294281005859375
1749219790128482000,7.59948193359375,-0.4281005859375,-0.8694305419921875,-0.203887939453125
1749219790138472200,7.60947216796875,-0.1352996826171875,-0.799072265625,-0.1151123046875
1749219790148463000,7.619463134765625,0.1430511474609375,-0.91259765625,-0.0398406982421875
1749219790158454300,7.629454345703125,-0.41436767578125,-1.042083740234375,-0.1119537353515625
1749219790168445200,7.639445068359375,-0.721160888671875,-1.05914306640625,-0.0939483642578125
1749219790178436000,7.64943603515625,-0.41326904296875,-1.0798187255859375,-0.0713958740234375
1749219790188427000,7.659427001953125,-0.410980224609375,-1.066802978515625,0.054046630859375
1749219790198418200,7.669418212890625,-0.602081298828125,-0.9322967529296875,0.0531463623046875
1749219790208408000,7.679407958984375,-0.336456298828125,-0.9397430419921875,-0.0612030029296875
1749219790218399000,7.68939892578125,-0.2720489501953125,-0.9274749755859375,-0.11669921875
1749219790228390000,7.699389892578125,-0.0673828125,-1.0760498046875,-0.2054595947265625
1749219790238381000,7.709381103515625,-0.1004791259765625,-1.0272369384765625,-0.279876708984375
1749219790248372000,7.7193720703125,-0.34637451171875,-0.702789306640625,-0.2122650146484375
1749219790258363100,7.729363037109375,-0.1485595703125,-0.907928466796875,-0.2703399658203125
1749219790268353000,7.73935302734375,-0.193084716796875,-1.15423583984375,-0.10443115234375
1749219790278344200,7.74934423828125,-0.5577545166015625,-0.9281463623046875,-0.0273590087890625
1749219790288335000,7.759335205078125,-0.4965972900390625,-0.8973236083984375,-0.1406707763671875
1749219790298326000,7.769325927734375,-0.33282470703125,-1.0338897705078125,-0.0293731689453125
1749219790308317200,7.779317138671875,-0.212738037109375,-1.012237548828125,0.0579376220703125
1749219790318308000,7.78930810546875,-0.1407623291015625,-0.8379974365234375,-0.031036376953125
1749219790328299000,7.799299072265625,-0.4209747314453125,-0.66162109375,-0.1658477783203125
1749219790338289000,7.809288818359375,-0.4033050537109375,-0.88507080078125,-0.30010986328125
1749219790348280000,7.819280029296875,-0.05999755859375,-1.143768310546875,-0.3546142578125
1749219790358271200,7.829271240234375,-0.371795654296875,-1.0206146240234375,-0.1685943603515625
1749219790368262100,7.83926220703125,-0.379608154296875,-0.949615478515625,-0.1438446044921875
1749219790378253000,7.849253173828125,-0.1966705322265625,-0.8393402099609375,-0.14263916015625
1749219790388244200,7.859244140625,-0.1292266845703125,-0.851043701171875,-0.1748504638671875
1749219790398234000,7.869234130859375,-0.1070709228515625,-0.9025726318359375,-0.2258453369140625
1749219790408225000,7.87922509765625,-0.0455780029296875,-1.067962646484375,-0.1583404541015625
1749219790418216000,7.8892158203125,-0.2374420166015625,-1.1690216064453125,-0.0827178955078125
1749219790428207000,7.89920703125,-0.6410675048828125,-0.9609527587890625,0.055145263671875
1749219790438198000,7.909197998046875,-0.3413543701171875,-0.69140625,-0.040283203125
1749219790448189000,7.91918896484375,-0.2413330078125,-0.82904052734375,-0.162200927734375
1749219790458179800,7.929179931640625,-0.4258270263671875,-0.6912841796875,-0.215484619140625
1749219790468170200,7.939170166015625,-0.3310394287109375,-0.7594757080078125,-0.219451904296875
1749219790478161200,7.9491611328125,-0.3383636474609375,-0.9097900390625,-0.1544952392578125
1749219790488152000,7.959152099609375,-0.227203369140625,-0.9368743896484375,-0.1970367431640625
1749219790498143000,7.96914306640625,-0.2217559814453125,-0.9715118408203125,-0.243377685546875
1749219790508134100,7.979134033203125,-0.1985321044921875,-0.941650390625,-0.226531982421875
1749219790518125000,7.989125,-0.159210205078125,-0.9525909423828125,-0.1990814208984375
1749219790528115000,7.999114990234375,-0.193511962890625,-1.0124969482421875,-0.1425018310546875
1749219790538105900,8.00910595703125,-0.2291717529296875,-0.977386474609375,-0.089599609375
1749219790548097000,8.019096923828124,-0.2188873291015625,-0.9217376708984375,-0.033294677734375
1749219790558088200,8.029088134765624,-0.221771240234375,-0.9220123291015625,-0.0521392822265625
1749219790568079000,8.0390791015625,-0.19873046875,-0.9532012939453125,-0.1154937744140625
1749219790578070300,8.0490703125,-0.248870849609375,-0.91204833984375,-0.0994110107421875
1749219790588061200,8.059061279296875,-0.197998046875,-0.8822021484375,-0.0200958251953125
1749219790598051000,8.069051025390625,-0.2154388427734375,-1.0019378662109375,-0.082916259765625
1749219790608042000,8.0790419921875,-0.3011322021484375,-1.0700531005859375,-0.09759521484375
1749219790618033200,8.089033203125,-0.298919677734375,-1.00921630859375,0.0264434814453125
1749219790628024000,8.099024169921876,-0.3486328125,-0.92327880859375,0.0721435546875
1749219790638015000,8.109014892578125,-0.3598175048828125,-0.9464111328125,-0.030364990234375
1749219790648006000,8.119005859375,-0.43798828125,-0.9442138671875,-0.0956268310546875
1749219790657996300,8.128996337890625,-0.416961669921875,-0.931396484375,-0.105743408203125
1749219790667987200,8.1389873046875,-0.39398193359375,-0.9002685546875,-0.099212646484375
1749219790677978000,8.14897802734375,-0.3521881103515625,-0.8495025634765625,-0.126251220703125
1749219790687969000,8.158968994140626,-0.3833160400390625,-0.788665771484375,-0.324005126953125
1749219790697960200,8.168960205078125,-0.388336181640625,-0.7662353515625,-0.3920745849609375
1749219790707951000,8.178951171875,-0.208709716796875,-0.9065093994140625,-0.144134521484375
1749219790717942000,8.18894189453125,-0.2070465087890625,-1.077972412109375,-0.270904541015625
1749219790727932000,8.198931884765624,-0.3432769775390625,-1.1702117919921875,-0.53619384765625
1749219790737920000,8.208919921875,-0.2707672119140625,-1.0160980224609375,-0.448944091796875
1749219790747911200,8.2189111328125,-0.2919158935546875,-0.9423980712890625,-0.227996826171875
1749219790757902000,8.228902099609375,-0.3610076904296875,-0.97430419921875,-0.1763763427734375
1749219790767893000,8.23889306640625,-0.3455047607421875,-0.882659912109375,-0.1766357421875
1749219790777884000,8.2488837890625,-0.367584228515625,-0.827789306640625,-0.099395751953125
1749219790787874300,8.258874267578125,-0.37103271484375,-0.8971099853515625,-0.0872650146484375
1749219790797865200,8.268865234375,-0.3227081298828125,-0.9796600341796875,-0.1146697998046875
1749219790807856000,8.278856201171875,-0.3312530517578125,-1.003326416015625,-0.1371917724609375
1749219790817847000,8.288846923828125,-0.33001708984375,-1.0156402587890625,-0.1481781005859375
1749219790827838200,8.298838134765624,-0.328399658203125,-0.961944580078125,-0.1245574951171875
1749219790837829000,8.3088291015625,-0.3351593017578125,-0.85198974609375,-0.0572357177734375
1749219790847819000,8.318819091796875,-0.293182373046875,-0.8415985107421875,-0.048980712890625
1749219790857810000,8.328809814453125,-0.26702880859375,-1.0083160400390625,-0.1634979248046875
1749219790867801000,8.338801025390625,-0.2725677490234375,-1.0743560791015625,-0.1895294189453125
1749219790877792000,8.3487919921875,-0.186859130859375,-1.176788330078125,-0.292388916015625
1749219790887783200,8.358783203125,-0.28759765625,-1.0810546875,-0.2855224609375
1749219790897774300,8.3687744140625,-0.2185211181640625,-0.888214111328125,-0.136474609375
1749219790907765200,8.37876513671875,-0.18572998046875,-0.820587158203125,-0.0170135498046875
1749219790917755100,8.388755126953125,-0.2198638916015625,-0.87640380859375,-0.01885986328125
1749219790927746000,8.39874609375,-0.2935943603515625,-0.9929656982421875,-0.13079833984375
1749219790937737200,8.4087373046875,-0.251251220703125,-1.055908203125,-0.214111328125
1749219790947728100,8.41872802734375,-0.1888885498046875,-0.9828033447265625,-0.2302703857421875
1749219790957719000,8.428718994140626,-0.156097412109375,-0.9391937255859375,-0.3364105224609375
1749219790967710000,8.4387099609375,-0.157135009765625,-0.9564056396484375,-0.4226531982421875
1749219790977700000,8.4487001953125,-0.1480255126953125,-0.9836273193359375,-0.3729248046875
1749219790987691300,8.458691162109375,-0.1742095947265625,-0.990997314453125,-0.2700958251953125
1749219790997682200,8.46868212890625,-0.2357025146484375,-0.9436798095703125,-0.1585693359375
1749219791007673000,8.478673095703124,-0.3022308349609375,-0.8638916015625,-0.070037841796875
1749219791017664300,8.488664306640626,-0.287506103515625,-0.84423828125,-0.0166473388671875
1749219791027655200,8.4986552734375,-0.2578125,-0.8897705078125,-0.033660888671875
1749219791037646000,8.50864599609375,-0.23175048828125,-1.006256103515625,-0.097015380859375
1749219791047636000,8.518635986328125,-0.23785400390625,-1.0568084716796875,-0.1479644775390625
1749219791057627100,8.528627197265624,-0.2588043212890625,-0.9884490966796875,-0.1175384521484375
1749219791067618000,8.5386181640625,-0.352294921875,-0.894989013671875,-0.0108489990234375
1749219791077609000,8.54860888671875,-0.3517913818359375,-0.86297607421875,0.1310577392578125
1749219791087599900,8.558599853515625,-0.3936004638671875,-0.8574981689453125,0.188934326171875
1749219791097591000,8.568591064453125,-0.317413330078125,-0.9241943359375,0.0999908447265625
1749219791107581200,8.578581298828125,-0.2693634033203125,-0.982086181640625,0.02386474609375
1749219791117572000,8.588572021484374,-0.2525787353515625,-0.93731689453125,0.0181427001953125
1749219791127563000,8.59856298828125,-0.2650146484375,-0.90899658203125,-0.021209716796875
1749219791137554200,8.60855419921875,-0.3143463134765625,-0.9463958740234375,-0.040252685546875
1749219791147545000,8.618545166015625,-0.3242034912109375,-0.945037841796875,0.0388946533203125
1749219791157536000,8.628535888671875,-0.2917327880859375,-0.9268951416015625,0.1341705322265625
1749219791167527200,8.638527099609375,-0.3314971923828125,-0.9236602783203125,0.137603759765625
1749219791177517000,8.64851708984375,-0.373565673828125,-0.926361083984375,0.1224212646484375
1749219791187508200,8.65850830078125,-0.2612762451171875,-0.97900390625,0.1733551025390625
1749219791197499100,8.6684990234375,0.01165771484375,-0.984893798828125,0.0429840087890625
1749219791207490300,8.678490234375,0.0696258544921875,-1.000030517578125,-0.3407440185546875
1749219791217481200,8.688481201171875,-0.0762939453125,-1.0119781494140625,-0.651763916015625
1749219791227472100,8.69847216796875,-0.0893707275390625,-0.95281982421875,-0.6970977783203125
1749219791237462000,8.7084619140625,-0.127410888671875,-0.843475341796875,-0.47705078125
1749219791247453200,8.718453125,-0.207366943359375,-0.8489837646484375,-0.2798309326171875
1749219791257444000,8.728444091796876,-0.2697296142578125,-0.959625244140625,-0.2122039794921875
1749219791267435000,8.73843505859375,-0.2845458984375,-1.0211029052734375,-0.1742706298828125
1749219791277426000,8.748426025390625,-0.2746734619140625,-0.98870849609375,-0.130218505859375
1749219791287417000,8.7584169921875,-0.27178955078125,-0.942718505859375,-0.1270904541015625
1749219791297407200,8.7684072265625,-0.265411376953125,-0.9274749755859375,-0.15911865234375
1749219791307398100,8.778398193359376,-0.2448272705078125,-0.9278564453125,-0.1761016845703125
1749219791317389000,8.78838916015625,-0.223175048828125,-0.928070068359375,-0.1925506591796875
1749219791327380200,8.798380126953125,-0.2330169677734375,-0.920196533203125,-0.2073974609375
1749219791337371100,8.80837109375,-0.2810211181640625,-0.9202728271484375,-0.1996917724609375
1749219791347362000,8.818362060546875,-0.3171234130859375,-0.9389801025390625,-0.175140380859375
1749219791357353200,8.828353271484374,-0.346893310546875,-0.964202880859375,-0.1516265869140625
1749219791367343000,8.838343017578126,-0.35321044921875,-0.980987548828125,-0.1302490234375
1749219791377334000,8.848333984375,-0.3401641845703125,-0.992706298828125,-0.104827880859375
1749219791387325000,8.858324951171875,-0.3236236572265625,-0.998321533203125,-0.090789794921875
1749219791397316000,8.868316162109375,-0.3071136474609375,-0.99676513671875,-0.0872955322265625
1749219791407307300,8.878307373046875,-0.2908477783203125,-0.9967193603515625,-0.0880279541015625
1749219791417298200,8.888298095703124,-0.281158447265625,-0.994232177734375,-0.090789794921875
1749219791427288000,8.8982880859375,-0.284759521484375,-0.9962005615234375,-0.0928192138671875
1749219791437279200,8.908279296875,-0.2788848876953125,-1.0037384033203125,-0.101287841796875
1749219791447270100,8.918270263671875,-0.2801055908203125,-1.009979248046875,-0.102691650390625
1749219791457261000,8.928260986328125,-0.2427520751953125,-1.0005645751953125,-0.0807647705078125
1749219791467252000,8.938251953125,-0.222076416015625,-0.99603271484375,-0.0710296630859375
1749219791477243100,8.9482431640625,-0.225799560546875,-1.001922607421875,-0.049163818359375
1749219791487233300,8.9582333984375,-0.210723876953125,-1.006317138671875,-0.0135955810546875
1749219791497224200,8.96822412109375,-0.2474822998046875,-1.01507568359375,0.0253448486328125
1749219791507215000,8.978215087890625,-0.2537841796875,-1.016448974609375,0.0482330322265625
1749219791517206300,8.988206298828125,-0.297760009765625,-1.017333984375,0.0701904296875
1749219791527197200,8.998197265625,-0.3206024169921875,-1.0184173583984375,0.108795166015625
1749219791537188000,9.00818798828125,-0.305816650390625,-1.0159759521484375,0.12847900390625
1749219791547179300,9.01817919921875,-0.321044921875,-1.0059051513671875,0.125518798828125
1749219791557169200,9.028169189453125,-0.344146728515625,-0.9839630126953125,0.1216888427734375
1749219791567160000,9.03816015625,-0.3411407470703125,-0.959197998046875,0.129913330078125
1749219791577151000,9.04815087890625,-0.3155670166015625,-0.938323974609375,0.12664794921875
1749219791587142100,9.05814208984375,-0.301849365234375,-0.926239013671875,0.1108856201171875
1749219791597133000,9.068133056640624,-0.2803497314453125,-0.9323272705078125,0.0932769775390625
1749219791607124000,9.0781240234375,-0.2484283447265625,-0.943572998046875,0.0777130126953125
1749219791617114000,9.088114013671875,-0.2247314453125,-0.9459381103515625,0.0666961669921875
1749219791627105000,9.09810498046875,-0.1986846923828125,-0.9433441162109375,0.06317138671875
1749219791637096200,9.10809619140625,-0.181640625,-0.9537506103515625,0.0609283447265625
1749219791647087000,9.118087158203124,-0.1695098876953125,-0.9693756103515625,0.054718017578125
1749219791657078000,9.128078125,-0.13720703125,-0.9788665771484375,0.0507965087890625
1749219791667069200,9.138069091796876,-0.09564208984375,-0.9806060791015625,0.0234375
1749219791677060000,9.14806005859375,-0.09881591796875,-0.9936676025390625,0.00482177734375
1749219791687050000,9.158050048828125,-0.11865234375,-1.0147705078125,0.0220794677734375
1749219791697041200,9.168041259765625,-0.0934600830078125,-1.00811767578125,0.0417633056640625
1749219791707032300,9.1780322265625,-0.110504150390625,-0.9940338134765625,0.057891845703125
1749219791717023200,9.188023193359374,-0.135284423828125,-0.9941864013671875,0.0484771728515625
1749219791727014100,9.19801416015625,-0.1478424072265625,-1.0000152587890625,0.05157470703125
1749219791737005000,9.208005126953125,-0.156463623046875,-0.9961395263671875,0.0759735107421875
1749219791747000800,9.218000732421874,-0.16400146484375,-0.986297607421875,0.0833740234375
1749219791756991700,9.22799169921875,-0.1608428955078125,-0.9810943603515625,0.078826904296875
1749219791766983000,9.23798291015625,-0.1466064453125,-0.9808197021484375,0.061492919921875
1749219791776974000,9.24797412109375,-0.1237335205078125,-0.980743408203125,0.021514892578125
1749219791786965000,9.257965087890625,-0.1075592041015625,-0.9756011962890625,-0.022979736328125
1749219791796956000,9.267955810546875,-0.080047607421875,-0.9644775390625,-0.0474853515625
1749219791806945800,9.27794580078125,-0.065765380859375,-0.9568023681640625,-0.0537261962890625
1749219791816937000,9.28793701171875,-0.048736572265625,-0.9713897705078125,-0.0735931396484375
1749219791826927900,9.297927978515625,-0.0551910400390625,-0.9893951416015625,-0.097137451171875
1749219791836918800,9.307918701171875,-0.045623779296875,-0.9828643798828125,-0.109161376953125
1749219791846909700,9.31790966796875,-0.0681610107421875,-0.985260009765625,-0.11322021484375
1749219791856900900,9.32790087890625,-0.0600738525390625,-0.98114013671875,-0.0978851318359375
1749219791866891800,9.337891845703124,-0.0323638916015625,-0.98004150390625,-0.08123779296875
1749219791876882000,9.3478818359375,-0.0509185791015625,-0.9896392822265625,-0.066436767578125
1749219791886872800,9.357872802734375,-0.023162841796875,-0.9919891357421875,-0.0820770263671875
1749219791896864000,9.367864013671875,0.004852294921875,-0.9953155517578125,-0.1359100341796875
1749219791906855000,9.37785498046875,0.00726318359375,-0.9893035888671875,-0.1667022705078125
1749219791916845800,9.387845703125,0.0965423583984375,-0.96966552734375,-0.1996612548828125
1749219791926837000,9.3978369140625,0.1387939453125,-0.966339111328125,-0.2530059814453125
1749219791936827000,9.407826904296876,0.1959991455078125,-0.9542694091796875,-0.279388427734375
1749219791946817800,9.41781787109375,0.2607879638671875,-0.9362640380859375,-0.3117828369140625
1749219791956808700,9.42780859375,0.24383544921875,-0.943695068359375,-0.336669921875
1749219791966800000,9.4377998046875,0.2786865234375,-0.931976318359375,-0.3276214599609375
1749219791976790800,9.447790771484375,0.2954559326171875,-0.9138641357421875,-0.3492279052734375
1749219791986782000,9.457781982421874,0.1269683837890625,-0.924224853515625,-0.5148468017578125
1749219791996771800,9.467771728515626,0.1336822509765625,-0.832855224609375,-0.53125
1749219792006762800,9.4777626953125,0.3635101318359375,-0.7238922119140625,-0.3501434326171875
1749219792016754000,9.48775390625,0.3228759765625,-0.7714691162109375,-0.309661865234375
1749219792026744800,9.497744873046875,0.2264251708984375,-0.879608154296875,-0.410247802734375
1749219792036735700,9.50773583984375,-0.3929290771484375,-1.130096435546875,-0.6873016357421875
1749219792046727000,9.517726806640624,-2.207489013671875,-1.8054656982421875,-1.3008575439453125
1749219792056717800,9.5277177734375,-0.7058868408203125,-1.7587127685546875,-1.260589599609375
1749219792066708000,9.5377080078125,1.4852142333984375,-1.1185760498046875,-0.599853515625
1749219792076699000,9.547698974609375,0.6396636962890625,-0.7411956787109375,-0.1624908447265625
1749219792086690000,9.55768994140625,-0.168701171875,-0.6914215087890625,-0.014739990234375
1749219792096681000,9.567680908203124,-0.45599365234375,-0.9697265625,0.03216552734375
1749219792106671900,9.577671875,-0.331634521484375,-1.05364990234375,0.1878204345703125
1749219792116663000,9.5876630859375,0.0659027099609375,-0.948089599609375,0.1025238037109375
1749219792126653000,9.59765283203125,0.0122222900390625,-0.9513702392578125,-0.2504730224609375
1749219792136643800,9.607643798828125,-0.06988525390625,-1.0005950927734375,-0.4332427978515625
1749219792146634800,9.617634765625,-0.0553436279296875,-1.018707275390625,-0.423431396484375
1749219792156625700,9.627625732421874,0.04815673828125,-0.9506378173828125,-0.3040618896484375
1749219792166616800,9.637616943359374,0.0311431884765625,-0.92999267578125,-0.1469879150390625
1749219792176607700,9.647607666015626,-0.028289794921875,-1.016510009765625,-0.0723114013671875
1749219792186598000,9.657597900390625,-0.02374267578125,-1.082855224609375,-0.073974609375
1749219792196588800,9.6675888671875,0.0299224853515625,-1.0317840576171875,-0.07672119140625
1749219792206580000,9.677580078125,0.04803466796875,-0.9766693115234375,-0.1023712158203125
1749219792216571000,9.68757080078125,0.01068115234375,-0.987091064453125,-0.1592559814453125
1749219792226561800,9.697561767578126,-0.05120849609375,-1.02325439453125,-0.211151123046875
1749219792236553000,9.707552978515626,-0.054290771484375,-1.0289459228515625,-0.2286376953125
1749219792246544000,9.7175439453125,0.0443115234375,-0.997772216796875,-0.23748779296875
1749219792256533800,9.72753369140625,0.0611572265625,-0.987396240234375,-0.252288818359375
1749219792266524700,9.737524658203125,0.0682373046875,-0.9904022216796875,-0.2540740966796875
1749219792276515800,9.747515869140624,-0.05926513671875,-1.01446533203125,-0.2451171875
1749219792286507000,9.757507080078126,-0.0549163818359375,-1.001953125,-0.2015838623046875
1749219792296498000,9.767497802734376,0.1069488525390625,-0.9741668701171875,-0.1454620361328125
1749219792306488800,9.77748876953125,0.0870513916015625,-0.998992919921875,-0.115936279296875
1749219792316479000,9.78747900390625,-0.0052032470703125,-1.013214111328125,-0.106170654296875
1749219792326470000,9.797469970703125,0.004730224609375,-0.986572265625,-0.122100830078125
1749219792336460800,9.807460693359374,0.0211181640625,-0.9709320068359375,-0.203826904296875
1749219792346451700,9.81745166015625,0.0571136474609375,-0.9632415771484375,-0.300048828125
1749219792356443000,9.82744287109375,0.096527099609375,-0.9603271484375,-0.33538818359375
1749219792366433800,9.837433837890625,0.0577239990234375,-0.958709716796875,-0.329345703125
1749219792376424700,9.8474248046875,0.0312347412109375,-0.952362060546875,-0.286590576171875
1749219792386414800,9.857414794921874,0.003448486328125,-0.9509124755859375,-0.24029541015625
1749219792396406000,9.867406005859374,-0.0364532470703125,-0.9612884521484375,-0.2161407470703125
1749219792406397000,9.87739697265625,0.00946044921875,-0.9694366455078125,-0.1942901611328125
1749219792416387800,9.887387939453125,-0.0623779296875,-0.997406005859375,-0.22198486328125
1749219792426379000,9.89737890625,-0.07794189453125,-0.9862060546875,-0.311614990234375
1749219792436370000,9.907369873046875,0.0513458251953125,-0.92633056640625,-0.3918304443359375
1749219792446359800,9.91735986328125,0.011444091796875,-0.9294891357421875,-0.43670654296875
1749219792456350700,9.927350830078124,0.0341949462890625,-0.9637908935546875,-0.4775390625
1749219792466342000,9.937341796875,0.0345611572265625,-0.9581451416015625,-0.4956817626953125
1749219792476332800,9.947332763671875,0.05230712890625,-0.9500885009765625,-0.4457244873046875
1749219792486323700,9.95732373046875,0.0340118408203125,-0.9873199462890625,-0.4360198974609375
1749219792496315000,9.96731494140625,-0.0212554931640625,-0.983612060546875,-0.4644622802734375
1749219792506304800,9.9773046875,-0.0647125244140625,-0.93682861328125,-0.51251220703125
1749219792516296000,9.9872958984375,-0.024505615234375,-0.9161834716796875,-0.4987640380859375
1749219792526286800,9.997286865234376,0.0255126953125,-0.9888916015625,-0.4497833251953125
1749219792536277800,10.00727783203125,0.0718231201171875,-1.017852783203125,-0.369873046875
1749219792546269000,10.01726904296875,0.079254150390625,-0.98468017578125,-0.258819580078125
1749219792556259800,10.027259765625,0.0971221923828125,-0.9436492919921875,-0.1736297607421875
1749219792566250800,10.037250732421874,0.08233642578125,-0.9496002197265625,-0.142974853515625
1749219792576241000,10.047240966796876,0.0501251220703125,-0.97039794921875,-0.1668853759765625
1749219792586232000,10.057232177734376,0.0402984619140625,-0.945892333984375,-0.2010040283203125
1749219792596223000,10.067222900390625,0.054229736328125,-0.949737548828125,-0.243316650390625
1749219792606214000,10.0772138671875,0.0776519775390625,-0.9591522216796875,-0.277374267578125
1749219792616205000,10.087205078125,0.1061859130859375,-0.9244537353515625,-0.2926177978515625
1749219792626196000,10.097196044921875,0.1501922607421875,-0.878509521484375,-0.2810211181640625
1749219792636185900,10.107185791015626,0.1815948486328125,-0.892120361328125,-0.278411865234375
1749219792646176800,10.1171767578125,0.160675048828125,-0.9043426513671875,-0.25250244140625
1749219792656167700,10.127167724609375,0.1187744140625,-0.9176483154296875,-0.18963623046875
1749219792666158800,10.137158935546875,0.02972412109375,-0.966522216796875,-0.13592529296875
1749219792676149800,10.147149658203125,0.2058563232421875,-0.979217529296875,-0.0811920166015625
1749219792686140700,10.157140625,0.27020263671875,-1.0344390869140625,-0.0934295654296875
1749219792696130800,10.167130859375,0.2615814208984375,-1.1326141357421875,-0.089324951171875
1749219792706122000,10.1771220703125,0.1925201416015625,-1.2667083740234375,-0.0491485595703125
1749219792716113000,10.18711279296875,0.0942840576171875,-1.3892822265625,-0.0011444091796875
1749219792726103800,10.197103759765625,-0.0342864990234375,-1.4736328125,-0.001312255859375
1749219792736095000,10.207094970703125,-0.0296173095703125,-1.4855804443359375,-0.0432586669921875
1749219792746079500,10.21707958984375,-0.117523193359375,-1.52484130859375,-0.10382080078125
1749219792756070400,10.2270703125,-0.0100250244140625,-1.5538177490234375,-0.1655120849609375
1749219792766060500,10.237060546875,0.07135009765625,-1.52703857421875,-0.199676513671875
1749219792776051500,10.247051513671876,0.2230682373046875,-1.3669281005859375,-0.2178955078125
1749219792786042400,10.25704248046875,0.3619537353515625,-1.18408203125,-0.2737884521484375
1749219792796033300,10.267033203125,0.4207916259765625,-1.117218017578125,-0.340118408203125
1749219792806024400,10.2770244140625,0.095306396484375,-1.1922454833984375,-0.302764892578125
1749219792816015400,10.287015380859375,-0.381591796875,-1.1101226806640625,0.0301361083984375
1749219792826005500,10.297005615234376,-0.46221923828125,-0.8427581787109375,0.3117828369140625
1749219792835996400,10.306996337890626,-0.343414306640625,-0.659393310546875,0.3697357177734375
1749219792845987600,10.316987548828125,-0.347412109375,-0.5436553955078125,0.423370361328125
1749219792855978500,10.326978515625,-0.207427978515625,-0.3996124267578125,0.456512451171875
1749219792865969400,10.336969482421875,-0.0370025634765625,-0.281646728515625,0.3633270263671875
1749219792875960600,10.346960693359375,0.133026123046875,-0.2397003173828125,0.1410064697265625
1749219792885951500,10.356951416015624,0.2689361572265625,-0.26715087890625,-0.1510162353515625
1749219792895941400,10.36694140625,0.3942718505859375,-0.3480682373046875,-0.3908843994140625
1749219792905932500,10.3769326171875,0.59783935546875,-0.4520111083984375,-0.5369720458984375
1749219792915923700,10.386923828125,0.7885284423828125,-0.5336456298828125,-0.541961669921875
1749219792925914600,10.39691455078125,0.9618988037109375,-0.6080322265625,-0.3705596923828125
1749219792935905500,10.406905517578124,1.4366607666015625,-0.73297119140625,-0.1806182861328125
1749219792945896400,10.416896484375,2.0390777587890625,-1.0505218505859375,-0.1896820068359375
1749219792955886600,10.426886474609375,1.970733642578125,-1.470672607421875,-0.09197998046875
1749219792965877500,10.43687744140625,2.399261474609375,-1.4238128662109375,-0.0112762451171875
1749219792975868400,10.446868408203125,2.85736083984375,-1.177886962890625,-0.17236328125
1749219792985859300,10.456859375,2.92474365234375,-0.9206695556640625,-0.24310302734375
1749219792995850500,10.4668505859375,2.483184814453125,-0.8348541259765625,-0.4194488525390625
1749219793005841400,10.47684130859375,0.3885650634765625,-1.0741729736328125,-0.5775146484375
1749219793015832300,10.486832275390626,-1.6729888916015625,-1.0734100341796875,-0.493072509765625
1749219793025822500,10.496822509765625,-1.3219146728515625,-0.7471466064453125,-0.3904571533203125
1749219793035813600,10.506813720703125,-0.147369384765625,-0.5863189697265625,-0.649169921875
1749219793045804500,10.516804443359375,0.783966064453125,-0.732574462890625,-1.0673675537109375
1749219793055795500,10.52679541015625,0.5293426513671875,-1.1406707763671875,-1.177825927734375
1749219793065786600,10.53678662109375,-0.104736328125,-1.2296142578125,-0.5257720947265625
1749219793075777500,10.546777587890626,0.3202667236328125,-0.9965667724609375,0.205291748046875
1749219793085767400,10.556767333984375,0.438323974609375,-0.909027099609375,0.53131103515625
1749219793095758300,10.56675830078125,0.20147705078125,-1.0467071533203125,0.6085052490234375
1749219793105749200,10.576749267578125,0.016845703125,-1.3946380615234375,0.5146636962890625
1749219793115740400,10.586740478515624,0.0105743408203125,-1.535491943359375,0.174346923828125
1749219793125731600,10.596731689453126,0.0246734619140625,-1.2585296630859375,-0.2008819580078125
1749219793135722500,10.606722412109375,0.068115234375,-0.9128265380859375,-0.3235015869140625
1749219793145713700,10.616713623046875,0.1168670654296875,-0.7895050048828125,-0.2857818603515625
1749219793155703600,10.62670361328125,0.1681976318359375,-0.8738555908203125,-0.26202392578125
1749219793165694500,10.636694580078125,0.15179443359375,-0.94866943359375,-0.324615478515625
1749219793175685400,10.646685302734374,0.1291656494140625,-0.93341064453125,-0.3771514892578125
1749219793185676500,10.656676513671876,0.135498046875,-0.9389190673828125,-0.3503265380859375
1749219793195667500,10.66666748046875,0.1923370361328125,-0.975555419921875,-0.25372314453125
1749219793205658400,10.676658447265625,0.18817138671875,-1.0016326904296875,-0.15142822265625
1749219793215648500,10.6866484375,0.1576080322265625,-1.009246826171875,-0.107208251953125
1749219793225639700,10.6966396484375,0.1265869140625,-0.997589111328125,-0.1170654296875
1749219793235630600,10.706630615234374,0.1021728515625,-0.97711181640625,-0.1529388427734375
1749219793245621500,10.71662158203125,0.0829620361328125,-0.956207275390625,-0.1900482177734375
1749219793255612400,10.7266123046875,0.080078125,-0.9596099853515625,-0.220947265625
1749219793265603600,10.736603515625,0.0937347412109375,-0.974639892578125,-0.2415313720703125
1749219793275594500,10.746594482421875,0.084320068359375,-0.9772796630859375,-0.23785400390625
1749219793285584400,10.75658447265625,0.0979156494140625,-0.9720611572265625,-0.210174560546875
1749219793295575300,10.7665751953125,0.074371337890625,-0.96881103515625,-0.1801910400390625
1749219793305566500,10.77656640625,0.049835205078125,-0.9697265625,-0.1756134033203125
1749219793315557400,10.786557373046875,0.0773468017578125,-0.967926025390625,-0.19366455078125
1749219793325548300,10.79654833984375,0.0857696533203125,-0.9617156982421875,-0.2140045166015625
1749219793335539500,10.80653955078125,0.0792083740234375,-0.9531402587890625,-0.22576904296875
1749219793345530600,10.816530517578125,0.0669403076171875,-0.9472808837890625,-0.2216796875
1749219793355520500,10.8265205078125,0.065643310546875,-0.9579620361328125,-0.1965179443359375
1749219793365511400,10.836511474609376,0.0743255615234375,-0.9834136962890625,-0.1668243408203125
1749219793375502600,10.846502685546875,0.06414794921875,-0.99676513671875,-0.1669158935546875
1749219793385493500,10.856493408203125,0.0917510986328125,-0.9886016845703125,-0.1925201416015625
1749219793395484400,10.866484375,0.134063720703125,-0.9749298095703125,-0.2093353271484375
1749219793405475300,10.876475341796874,0.1369171142578125,-0.97686767578125,-0.196624755859375
1749219793415465500,10.886465576171876,0.1352081298828125,-0.9839324951171875,-0.182708740234375
1749219793425456600,10.89645654296875,0.146881103515625,-0.98687744140625,-0.180328369140625
1749219793435447600,10.906447509765625,0.177520751953125,-0.9881439208984375,-0.1804046630859375
1749219793445438500,10.9164384765625,0.1816558837890625,-0.9904937744140625,-0.1792449951171875
1749219793455429600,10.9264296875,0.1636505126953125,-0.992767333984375,-0.1668243408203125
1749219793465420500,10.936420654296874,0.1456298828125,-0.99310302734375,-0.1499481201171875
1749219793475411500,10.946411376953124,0.1132659912109375,-0.9948577880859375,-0.13836669921875
1749219793485401300,10.9564013671875,0.027587890625,-1.013580322265625,-0.145843505859375
1749219793495392500,10.966392578125,0.042694091796875,-1.01397705078125,-0.1390228271484375
1749219793505383400,10.976383544921875,0.11151123046875,-0.9869232177734375,-0.126739501953125
1749219793515374300,10.986374267578125,0.1537017822265625,-0.9717254638671875,-0.1213836669921875
1749219793525365500,10.996365478515624,0.1368865966796875,-0.975738525390625,-0.1307525634765625
1749219793535356400,11.0063564453125,0.05035400390625,-0.980712890625,-0.1376800537109375
1749219793545347300,11.016347412109376,0.117431640625,-0.964111328125,-0.1386871337890625
1749219793555337500,11.02633740234375,0.1143035888671875,-0.9614410400390625,-0.1580352783203125
1749219793565328600,11.03632861328125,0.055145263671875,-0.973388671875,-0.1809539794921875
1749219793575319600,11.046319580078125,0.0999755859375,-0.9700775146484375,-0.1807861328125
1749219793585310500,11.056310546875,0.125274658203125,-0.9673309326171875,-0.1717376708984375
1749219793595301400,11.06630126953125,0.1056671142578125,-0.97149658203125,-0.16021728515625
1749219793605292500,11.07629248046875,0.09869384765625,-0.973541259765625,-0.15301513671875
1749219793615282400,11.086282470703125,0.1002349853515625,-0.979400634765625,-0.1551971435546875
1749219793625273300,11.0962734375,0.02392578125,-0.9997711181640625,-0.16290283203125
1749219793635264500,11.106264404296875,0.148468017578125,-0.9871368408203125,-0.1539306640625
1749219793645255700,11.116255615234374,0.173919677734375,-0.9877471923828125,-0.14727783203125
1749219793655246600,11.12624658203125,0.157196044921875,-0.99542236328125,-0.142730712890625
1749219793665237500,11.136237548828126,0.154510498046875,-0.9917449951171875,-0.13555908203125
1749219793675228700,11.146228759765625,0.157806396484375,-0.9848175048828125,-0.1380615234375
1749219793685218600,11.156218505859375,0.1740264892578125,-0.986236572265625,-0.134765625
1749219793695209500,11.16620947265625,0.176483154296875,-0.99114990234375,-0.1284637451171875
1749219793705200400,11.176200439453124,0.16802978515625,-0.9942474365234375,-0.1241912841796875
1749219793715191600,11.186191650390626,0.16558837890625,-0.99755859375,-0.126617431640625
1749219793725182500,11.196182373046875,0.157501220703125,-0.9986724853515625,-0.12969970703125
1749219793735173400,11.20617333984375,0.1257171630859375,-0.996185302734375,-0.1349945068359375
1749219793745163000,11.2161630859375,0.104156494140625,-0.9951934814453125,-0.144775390625
1749219793755154200,11.226154296875,0.1321563720703125,-0.9951019287109375,-0.150177001953125
1749219793765145000,11.23614501953125,0.13946533203125,-0.9930419921875,-0.143768310546875
1749219793775136000,11.246135986328126,0.1275177001953125,-0.98809814453125,-0.136962890625
1749219793785127200,11.256127197265625,0.142730712890625,-0.9892730712890625,-0.1401214599609375
1749219793795118000,11.2661181640625,0.1407623291015625,-0.986297607421875,-0.1341094970703125
1749219793805109000,11.27610888671875,0.136993408203125,-0.982208251953125,-0.12579345703125
1749219793815099000,11.286098876953124,0.137542724609375,-0.9842071533203125,-0.123626708984375
1749219793825090000,11.296090087890626,0.13458251953125,-0.9846038818359375,-0.124725341796875
1749219793835081200,11.306081298828126,0.131011962890625,-0.984375,-0.1336669921875
1749219793845072100,11.316072021484375,0.126922607421875,-0.985076904296875,-0.1448516845703125
1749219793855063000,11.32606298828125,0.135711669921875,-0.9888916015625,-0.14788818359375
1749219793865054200,11.33605419921875,0.145599365234375,-0.99151611328125,-0.140167236328125
1749219793875045000,11.346045166015625,0.1360626220703125,-0.990478515625,-0.1299285888671875
1749219793885035000,11.356034912109376,0.1397552490234375,-0.9928741455078125,-0.13427734375
1749219793895026000,11.36602587890625,0.1555633544921875,-0.9915771484375,-0.140472412109375
1749219793905017000,11.37601708984375,0.15704345703125,-0.9844970703125,-0.1346893310546875
1749219793915008000,11.386008056640625,0.148712158203125,-0.9834136962890625,-0.129730224609375
1749219793924999000,11.3959990234375,0.1423492431640625,-0.9867401123046875,-0.1333465576171875
1749219793934990000,11.405989990234374,0.143341064453125,-0.988037109375,-0.140045166015625
1749219793944981000,11.41598095703125,0.14434814453125,-0.987396240234375,-0.1463775634765625
1749219793954971100,11.42597119140625,0.1418914794921875,-0.9850006103515625,-0.1451568603515625
1749219793964962000,11.435962158203125,0.1399688720703125,-0.982574462890625,-0.1412200927734375
1749219793974953200,11.445953125,0.136077880859375,-0.9803619384765625,-0.1390380859375
1749219793984944000,11.455944091796875,0.132568359375,-0.9827117919921875,-0.1395721435546875
1749219793994935000,11.46593505859375,0.1403656005859375,-0.98760986328125,-0.14385986328125
1749219794004926000,11.475926025390624,0.151763916015625,-0.9873046875,-0.143768310546875
1749219794014916000,11.485916015625,0.1452178955078125,-0.98284912109375,-0.1394500732421875
1749219794024907000,11.495906982421875,0.1384124755859375,-0.9815521240234375,-0.1378021240234375
1749219794034898000,11.50589794921875,0.137725830078125,-0.9854278564453125,-0.143707275390625
1749219794044889000,11.51588916015625,0.1510009765625,-0.987457275390625,-0.147552490234375
1749219794054880300,11.52588037109375,0.1529998779296875,-0.98492431640625,-0.1422119140625
1749219794064871200,11.53587109375,0.1457977294921875,-0.9825592041015625,-0.135986328125
1749219794074862000,11.545862060546876,0.13787841796875,-0.9804534912109375,-0.13427734375
1749219794084852000,11.55585205078125,0.1342315673828125,-0.98504638671875,-0.1390228271484375
1749219794094843100,11.565843017578125,0.1401824951171875,-0.991943359375,-0.1453399658203125
1749219794104834000,11.575833984375,0.1467742919921875,-0.9888916015625,-0.1436614990234375
1749219794114825000,11.585824951171874,0.146240234375,-0.9820556640625,-0.136932373046875
1749219794124816100,11.595816162109376,0.14337158203125,-0.98236083984375,-0.13214111328125
1749219794134807000,11.60580712890625,0.1433868408203125,-0.9835052490234375,-0.135528564453125
1749219794144798000,11.6157978515625,0.143829345703125,-0.9845733642578125,-0.141448974609375
1749219794154788000,11.6257880859375,0.1457672119140625,-0.98394775390625,-0.1444549560546875
1749219794164779300,11.635779296875,0.143829345703125,-0.9832916259765625,-0.1443634033203125
1749219794174770200,11.645770263671874,0.1438751220703125,-0.982177734375,-0.14111328125
1749219794184761000,11.655760986328126,0.144317626953125,-0.983306884765625,-0.1374664306640625
1749219794194752000,11.665751953125,0.139068603515625,-0.9845733642578125,-0.13897705078125
1749219794204743200,11.6757431640625,0.13739013671875,-0.9875335693359375,-0.1453399658203125
1749219794214733000,11.685733154296875,0.13360595703125,-0.98974609375,-0.1467742919921875
1749219794224724000,11.695723876953124,0.14788818359375,-0.9803619384765625,-0.136383056640625
1749219794234715000,11.70571484375,0.118804931640625,-0.98089599609375,-0.142120361328125
1749219794244706000,11.7157060546875,0.1018829345703125,-0.9877471923828125,-0.1525115966796875
1749219794254697000,11.725697021484375,0.1537628173828125,-0.9772796630859375,-0.1425933837890625
1749219794264688000,11.735688232421875,0.1504669189453125,-0.9780426025390625,-0.1385955810546875
1749219794274679300,11.74567919921875,0.05517578125,-0.998809814453125,-0.14984130859375
1749219794284669200,11.755669189453124,-0.0195770263671875,-1.0098114013671875,-0.163238525390625
1749219794294660000,11.76566015625,0.204742431640625,-0.9775848388671875,-0.1548004150390625
1749219794304651000,11.775651123046876,0.12811279296875,-0.9831085205078125,-0.1529541015625
1749219794314642000,11.785641845703125,0.0452423095703125,-0.9825897216796875,-0.143402099609375
1749219794324633000,11.795633056640625,0.2190093994140625,-0.9707183837890625,-0.1293792724609375
1749219794334624000,11.8056240234375,0.2453765869140625,-0.96978759765625,-0.13336181640625
1749219794344615000,11.815614990234375,0.19122314453125,-0.985443115234375,-0.1420440673828125
1749219794354605000,11.82560498046875,0.1208953857421875,-0.9923248291015625,-0.136810302734375
1749219794364596200,11.83559619140625,0.168426513671875,-0.9891510009765625,-0.1212005615234375
1749219794374587100,11.845587158203125,0.1022796630859375,-0.999114990234375,-0.1217193603515625
1749219794384578000,11.855578125,0.109405517578125,-0.967041015625,-0.1168365478515625
1749219794394569200,11.8655693359375,0.1826019287109375,-0.9638824462890625,-0.1315765380859375
1749219794404560100,11.87556005859375,0.1626129150390625,-0.9838409423828125,-0.14703369140625
1749219794414550000,11.885550048828126,0.1531524658203125,-0.9830169677734375,-0.1420135498046875
1749219794424541000,11.895541015625,0.142974853515625,-0.9841766357421875,-0.1510162353515625
1749219794434532000,11.905531982421875,0.131439208984375,-0.9809722900390625,-0.147491455078125
1749219794444523000,11.91552294921875,0.1390380859375,-0.975555419921875,-0.1393890380859375
1749219794454514000,11.925513916015625,0.113922119140625,-0.9782257080078125,-0.15350341796875
1749219794464504800,11.9355048828125,0.0980072021484375,-0.9765777587890625,-0.15679931640625
1749219794474496000,11.94549609375,0.0957489013671875,-0.9732666015625,-0.1600799560546875
1749219794484486100,11.955486083984376,0.0898590087890625,-0.9655303955078125,-0.156768798828125
1749219794494477000,11.96547705078125,0.083740234375,-0.9590606689453125,-0.1508331298828125
1749219794504468000,11.975468017578125,0.0802764892578125,-0.962799072265625,-0.1513824462890625
1749219794514459100,11.985459228515625,0.0758514404296875,-0.961822509765625,-0.1485595703125
1749219794524450000,11.995449951171874,0.0475616455078125,-0.95428466796875,-0.1467132568359375
1749219794534441000,12.00544091796875,-0.01031494140625,-0.9517822265625,-0.1509246826171875
1749219794544432000,12.01543212890625,-0.0628204345703125,-0.9571533203125,-0.1652069091796875
1749219794554422000,12.025422119140625,-0.0937347412109375,-0.9822235107421875,-0.1844329833984375
1749219794564413200,12.0354130859375,-0.08697509765625,-1.0382843017578125,-0.1993255615234375
1749219794574404000,12.045404052734375,-0.02105712890625,-1.1282501220703125,-0.1987152099609375
1749219794584395300,12.055395263671874,0.021270751953125,-1.2528076171875,-0.1867218017578125
1749219794594386200,12.06538623046875,0.0584869384765625,-1.3815155029296875,-0.165435791015625
1749219794604377000,12.075377197265626,0.0911712646484375,-1.4798126220703125,-0.1141204833984375
1749219794614367000,12.085366943359375,0.0646820068359375,-1.54400634765625,-0.0882568359375
1749219794624358100,12.095358154296875,0.045379638671875,-1.50146484375,-0.1205596923828125
1749219794634349000,12.10534912109375,0.0426025390625,-1.325469970703125,-0.1036224365234375
1749219794644340000,12.115340087890624,0.029205322265625,-1.21624755859375,-0.1053314208984375
1749219794654331000,12.125330810546876,0.0241241455078125,-1.2004852294921875,-0.1214752197265625
1749219794664322000,12.135322021484376,-0.0113067626953125,-1.168701171875,-0.0899658203125
1749219794674313000,12.14531298828125,-0.1897735595703125,-1.1196136474609375,-0.035003662109375
1749219794684303000,12.15530322265625,-0.46014404296875,-1.0944671630859375,-0.030731201171875
1749219794694294000,12.1652939453125,-0.52593994140625,-1.0366973876953125,-0.128173828125
1749219794704285200,12.17528515625,-0.5767364501953125,-0.9861297607421875,-0.1803741455078125
1749219794714276000,12.185276123046876,-0.5828094482421875,-0.938262939453125,-0.152557373046875
1749219794724267000,12.19526708984375,-0.5369720458984375,-0.9114532470703125,-0.1139373779296875
1749219794734258200,12.205258056640625,-0.5164642333984375,-0.9383087158203125,-0.0079345703125
1749219794744248800,12.215248779296875,-0.475982666015625,-0.99139404296875,0.123016357421875
1749219794754238700,12.22523876953125,-0.42156982421875,-1.0495147705078125,0.190948486328125
1749219794764230000,12.23522998046875,-0.352935791015625,-1.09417724609375,0.19464111328125
1749219794774221000,12.245220947265626,-0.263763427734375,-1.11883544921875,0.146148681640625
1749219794784212000,12.2552119140625,-0.1790771484375,-1.111236572265625,0.06549072265625
1749219794794203000,12.265202880859375,-0.0751800537109375,-1.098480224609375,-0.0186004638671875
1749219794804194000,12.275194091796875,-0.02056884765625,-1.1051177978515625,-0.079925537109375
1749219794814184000,12.285183837890624,0.030975341796875,-1.0966339111328125,-0.0971527099609375
1749219794824174800,12.2951748046875,0.0391693115234375,-1.0938720703125,-0.095489501953125
1749219794834165800,12.305165771484376,0.0695037841796875,-1.088287353515625,-0.07208251953125
1749219794844156700,12.31515673828125,0.090789794921875,-1.0999603271484375,-0.0374755859375
1749219794854147800,12.32514794921875,0.055206298828125,-1.1094207763671875,-0.0070343017578125
1749219794864138800,12.335138671875,0.0893402099609375,-1.0936737060546875,0.0389404296875
1749219794874129700,12.345129638671875,0.07659912109375,-1.0984344482421875,0.0601654052734375
1749219794884119800,12.355119873046876,0.0649261474609375,-1.08758544921875,0.0713653564453125
1749219794894111000,12.365111083984376,0.0730133056640625,-1.0688629150390625,0.0653228759765625
1749219794904102000,12.375101806640625,0.0970306396484375,-1.0441741943359375,0.0509490966796875
1749219794914092800,12.3850927734375,0.1005706787109375,-1.029754638671875,0.0375823974609375
1749219794924084000,12.395083984375,0.0615692138671875,-1.0019683837890625,0.0292205810546875
1749219794934075000,12.405074951171875,0.0974884033203125,-0.95660400390625,0.035552978515625
1749219794944065800,12.415065673828124,0.1098785400390625,-0.946380615234375,0.0070343017578125
1749219794954055700,12.4250556640625,0.0989532470703125,-0.9462890625,-0.0361785888671875
1749219794964046800,12.435046875,0.096282958984375,-0.9410247802734375,-0.055328369140625
1749219794974037800,12.445037841796875,0.112213134765625,-0.9273681640625,-0.0683135986328125
1749219794984029000,12.45502880859375,0.194091796875,-0.9234771728515625,-0.0698089599609375
1749219794994019800,12.465019775390624,0.1536712646484375,-0.9499969482421875,-0.0418853759765625
1749219795004011000,12.475010986328124,0.1940460205078125,-0.950408935546875,-0.0263824462890625
1749219795014001000,12.4850009765625,0.268096923828125,-0.9578704833984375,-0.0272369384765625
1749219795023991800,12.49499169921875,0.234649658203125,-0.9672088623046875,-0.032470703125
1749219795033982700,12.504982666015625,0.301971435546875,-0.9423980712890625,-0.05059814453125
1749219795043974000,12.514973876953125,0.338531494140625,-0.925628662109375,-0.06103515625
1749219795053964800,12.52496484375,0.3274688720703125,-0.9132537841796875,-0.0737152099609375
1749219795063955700,12.534955810546874,0.346588134765625,-0.9064483642578125,-0.1212615966796875
1749219795073945900,12.54494580078125,0.39105224609375,-0.901763916015625,-0.1563262939453125
1749219795083937000,12.55493701171875,0.4094390869140625,-0.925567626953125,-0.14910888671875
1749219795093928000,12.564927978515625,0.430572509765625,-0.97021484375,-0.1429290771484375
1749219795103918800,12.5749189453125,0.4609375,-0.9996337890625,-0.1621551513671875
1749219795113910000,12.584909912109374,0.5152435302734375,-0.9979095458984375,-0.2057647705078125
1749219795123901000,12.59490087890625,0.5807342529296875,-1.0217437744140625,-0.292633056640625
1749219795133891800,12.604891845703126,0.6169586181640625,-1.0414886474609375,-0.368011474609375
1749219795143881700,12.6148818359375,0.684326171875,-0.9921875,-0.436248779296875
1749219795153873000,12.624872802734375,0.67791748046875,-0.9362640380859375,-0.52099609375
1749219795163863800,12.63486376953125,0.34429931640625,-0.941619873046875,-0.444305419921875
1749219795173854700,12.644854736328124,-0.8869171142578125,-1.3918609619140625,-0.217681884765625
1749219795183845600,12.654845703125,-1.1828155517578125,-2.20703125,0.0998687744140625
1749219795193836800,12.6648369140625,0.2422943115234375,-1.7759857177734375,0.0818939208984375
1749219795203828000,12.674827880859375,0.04425048828125,-0.6808929443359375,-0.29144287109375
1749219795213817900,12.68481787109375,0.20526123046875,-0.10614013671875,-0.2789154052734375
1749219795223808800,12.694808837890625,0.28240966796875,-0.40142822265625,-0.0250396728515625
1749219795233800000,12.704800048828124,-0.1023101806640625,-1.323486328125,0.3428955078125
1749219795243790800,12.714790771484376,-0.0861358642578125,-1.8331146240234375,0.65716552734375
1749219795253781800,12.72478173828125,-0.0193634033203125,-1.2983856201171875,0.6114044189453125
1749219795263773000,12.73477294921875,0.1191864013671875,-0.86468505859375,0.0767364501953125
1749219795273762800,12.7447626953125,0.3708648681640625,-0.9593963623046875,-0.4759674072265625
1749219795283754000,12.75475390625,0.3602294921875,-1.0066986083984375,-0.6543121337890625
1749219795293745000,12.764744873046874,0.37872314453125,-0.9446563720703125,-0.526336669921875
1749219795303736000,12.774736083984376,0.399200439453125,-0.9826507568359375,-0.47979736328125
1749219795313727000,12.78472705078125,0.3861236572265625,-1.0492706298828125,-0.4810028076171875
1749219795323718000,12.7947177734375,0.323089599609375,-1.0190887451171875,-0.2457275390625
1749219795333708800,12.804708740234375,0.155426025390625,-1.0389556884765625,-0.06842041015625
1749219795343699000,12.814698974609374,0.08868408203125,-1.1021881103515625,-0.0005340576171875
1749219795353689900,12.82468994140625,0.137481689453125,-1.12237548828125,0.1268768310546875
1749219795363680800,12.8346806640625,0.018890380859375,-1.1538543701171875,0.174530029296875
1749219795373671700,12.844671630859375,-0.1171875,-1.1557769775390625,0.07183837890625
1749219795383662800,12.854662841796875,-0.1080474853515625,-1.1283721923828125,-0.101898193359375
1749219795393653800,12.86465380859375,0.1507720947265625,-1.093231201171875,-0.220428466796875
1749219795403645000,12.87464501953125,0.2477569580078125,-1.1274871826171875,-0.3065185546875
1749219795413634800,12.884634765625,0.20440673828125,-1.1442718505859375,-0.370269775390625
1749219795423626000,12.8946259765625,0.0910186767578125,-1.12847900390625,-0.3628692626953125
1749219795433617000,12.904616943359375,0.047088623046875,-1.0780792236328125,-0.2805023193359375
1749219795443607800,12.91460791015625,0.0725555419921875,-1.019195556640625,-0.1814727783203125
1749219795453599000,12.924598876953125,0.113037109375,-0.96734619140625,-0.0975189208984375
1749219795463590000,12.93458984375,0.2184906005859375,-0.9232940673828125,-0.1064605712890625
1749219795473580800,12.944580810546874,0.277099609375,-0.8923187255859375,-0.1925201416015625
1749219795483570700,12.95457080078125,0.2976837158203125,-0.863372802734375,-0.2742462158203125
1749219795493561900,12.964561767578125,0.306060791015625,-0.8481292724609375,-0.3333892822265625
1749219795503553000,12.974552978515625,0.2791900634765625,-0.8584136962890625,-0.3599090576171875
1749219795513544000,12.9845439453125,0.2926025390625,-0.8484954833984375,-0.320770263671875
1749219795523534800,12.994534912109375,0.285888671875,-0.8339996337890625,-0.275238037109375
1749219795533526000,13.004526123046874,0.2514190673828125,-0.82830810546875,-0.2720184326171875
1749219795543516000,13.014515869140626,0.251983642578125,-0.81439208984375,-0.2965545654296875
1749219795553506800,13.0245068359375,0.2628936767578125,-0.7995452880859375,-0.3143310546875
1749219795563497700,13.034497802734375,0.28411865234375,-0.8058929443359375,-0.3189239501953125
1749219795573489000,13.044489013671875,0.2851409912109375,-0.8394775390625,-0.306854248046875
1749219795583479800,13.054479736328124,0.2642822265625,-0.8648834228515625,-0.2669525146484375
1749219795593470700,13.064470703125,0.24224853515625,-0.870819091796875,-0.2242889404296875
1749219795603461600,13.074461669921876,0.237274169921875,-0.8815460205078125,-0.2041778564453125
1749219795613452000,13.0844521484375,0.2382354736328125,-0.9149322509765625,-0.190521240234375
1749219795623443000,13.09444287109375,0.222503662109375,-0.971893310546875,-0.181121826171875
1749219795633433900,13.104433837890625,0.1691131591796875,-1.0269622802734375,-0.1672210693359375
1749219795643424800,13.1144248046875,0.1266632080078125,-1.04461669921875,-0.13177490234375
1749219795653416000,13.124416015625,0.1912078857421875,-1.04754638671875,-0.09423828125
1749219795663406800,13.13440673828125,0.2446441650390625,-1.11126708984375,-0.0394439697265625
1749219795673396700,13.144396728515625,0.1907958984375,-1.233551025390625,0.01373291015625
1749219795683387600,13.1543876953125,0.1662445068359375,-1.3150177001953125,0.0652313232421875
1749219795693378800,13.16437890625,0.1865386962890625,-1.3594512939453125,0.0748138427734375
1749219795703369700,13.17436962890625,0.14923095703125,-1.3979949951171875,0.03497314453125
1749219795713361000,13.18436083984375,0.086212158203125,-1.40283203125,-0.032501220703125
1749219795723352000,13.19435205078125,0.051300048828125,-1.392059326171875,-0.1209259033203125
1749219795733343000,13.204343017578125,0.0897369384765625,-1.39727783203125,-0.195953369140625
1749219795743332900,13.214332763671875,0.023040771484375,-1.451019287109375,-0.2333221435546875
1749219795753323800,13.22432373046875,-0.135040283203125,-1.4940643310546875,-0.244781494140625
1749219795763315000,13.23431494140625,-0.237640380859375,-1.480926513671875,-0.2595367431640625
1749219795773305900,13.244305908203126,-0.2622222900390625,-1.591644287109375,-0.2835235595703125
1749219795783296800,13.254296875,-0.3689422607421875,-1.9001922607421875,-0.3316650390625
1749219795793287700,13.26428759765625,-0.40765380859375,-1.89678955078125,-0.3448028564453125
1749219795803278000,13.274278076171875,-0.3451385498046875,-1.5212249755859375,-0.3340911865234375
1749219795813269000,13.28426904296875,-0.056060791015625,-1.21990966796875,-0.28857421875
1749219795823260000,13.294260009765624,0.3972930908203125,-1.171661376953125,-0.2417755126953125
1749219795833250800,13.304250732421876,0.6826629638671875,-1.37054443359375,-0.2684326171875
1749219795843242000,13.314241943359375,0.4786376953125,-1.71868896484375,-0.38934326171875
1749219795853233000,13.32423291015625,-0.3138580322265625,-1.89434814453125,-0.453094482421875
1749219795863223800,13.334223876953125,-0.5443878173828125,-1.5023345947265625,-0.34100341796875
1749219795873213700,13.344213623046874,-0.364227294921875,-0.9982757568359375,-0.351806640625
1749219795883204900,13.354204833984374,0.3090362548828125,-0.7864837646484375,-0.46539306640625
1749219795893195800,13.36419580078125,1.23974609375,-0.8825225830078125,-0.5607757568359375
1749219795903186700,13.374186767578125,0.84423828125,-1.502593994140625,-0.7061004638671875
1749219795913177900,13.384177734375,-0.3616943359375,-1.88995361328125,-0.6236724853515625
1749219795923169000,13.3941689453125,-0.6180267333984375,-1.1300811767578125,-0.0419769287109375
1749219795933159000,13.404158935546874,-0.548797607421875,-0.433929443359375,0.40283203125
1749219795943149800,13.41414990234375,-0.443634033203125,-0.3159027099609375,0.4324493408203125
1749219795953141000,13.42414111328125,-0.3538055419921875,-0.5919342041015625,0.1869354248046875
1749219795963132000,13.4341318359375,-0.1053924560546875,-0.943328857421875,-0.097442626953125
1749219795973122800,13.444122802734375,0.2855987548828125,-0.9807281494140625,-0.142364501953125
1749219795983113700,13.45411376953125,0.435333251953125,-0.8272247314453125,0.0090484619140625
1749219795993105000,13.46410498046875,0.308319091796875,-0.783599853515625,0.13555908203125
1749219796003094800,13.4740947265625,0.1695404052734375,-0.80511474609375,0.1373291015625
1749219796013086000,13.4840859375,0.1146697998046875,-0.7942352294921875,0.0665283203125
1749219796023076900,13.494076904296875,0.175994873046875,-0.7613372802734375,0.030670166015625
1749219796033068000,13.504068115234375,0.353515625,-0.76806640625,0.02032470703125
1749219796043059000,13.514058837890625,0.4258880615234375,-0.85260009765625,-0.0239715576171875
1749219796053049900,13.5240498046875,0.39691162109375,-0.912384033203125,-0.0484771728515625
1749219796063039700,13.534039794921876,0.3877105712890625,-0.8765411376953125,-0.0377960205078125
1749219796073031000,13.544031005859376,0.4305877685546875,-0.814910888671875,-0.0407867431640625
1749219796083021800,13.554021728515625,0.477996826171875,-0.824737548828125,-0.0687713623046875
1749219796093012700,13.5640126953125,0.4890594482421875,-0.9158935546875,-0.06793212890625
1749219796103004000,13.57400390625,0.4475250244140625,-1.0272064208984375,-0.046173095703125
1749219796112994800,13.583994873046874,0.411956787109375,-1.1020355224609375,-0.0449066162109375
1749219796122985700,13.59398583984375,0.4812469482421875,-1.141693115234375,-0.0536956787109375
1749219796132975900,13.603975830078125,0.539154052734375,-1.243499755859375,-0.0811920166015625
1749219796142966800,13.613966796875,0.56317138671875,-1.3936309814453125,-0.112457275390625
1749219796152958000,13.6239580078125,0.6018524169921875,-1.5384368896484375,-0.135894775390625
1749219796162948900,13.633948974609375,0.633941650390625,-1.6681060791015625,-0.1735687255859375
1749219796172939800,13.643939697265624,0.7105865478515625,-1.745147705078125,-0.2257537841796875
1749219796182931000,13.653930908203124,0.8782806396484375,-1.8158416748046875,-0.35211181640625
1749219796192920800,13.6639208984375,1.0361480712890625,-1.8316192626953125,-0.4246368408203125
1749219796202911700,13.673911865234375,1.16455078125,-1.667999267578125,-0.35479736328125
1749219796212903000,13.68390283203125,1.2963409423828125,-1.3886871337890625,-0.243408203125
1749219796222894000,13.69389404296875,1.4912567138671875,-1.067474365234375,-0.1565704345703125
1749219796232885000,13.703885009765624,1.7232818603515625,-0.8009033203125,-0.1412200927734375
1749219796242876000,13.7138759765625,1.8096923828125,-0.66619873046875,-0.1962432861328125
1749219796252866800,13.72386669921875,1.7239837646484375,-0.7122802734375,-0.3079986572265625
1749219796262857000,13.73385693359375,1.593231201171875,-0.798675537109375,-0.410552978515625
1749219796272848000,13.743847900390625,1.4002532958984375,-0.8599395751953125,-0.508636474609375
1749219796282838800,13.7538388671875,0.6221923828125,-1.0432586669921875,-0.5351715087890625
1749219796292829700,13.76382958984375,0.8972930908203125,-1.6487884521484375,-0.0544586181640625
1749219796302820900,13.77382080078125,2.251983642578125,-2.85504150390625,0.5430908203125
1749219796312811800,13.783811767578126,-0.3715362548828125,-3.0020599365234375,0.2581939697265625
1749219796322802000,13.793802001953125,0.0973052978515625,-0.929718017578125,0.00732421875
1749219796332792800,13.803792724609375,0.5693817138671875,0.110321044921875,0.076141357421875
1749219796342784000,13.813783935546875,0.36676025390625,-0.121307373046875,0.1994171142578125
1749219796352775000,13.82377490234375,0.8628997802734375,-1.09710693359375,0.03082275390625
1749219796362765800,13.833765869140626,0.6735687255859375,-2.08441162109375,-0.06805419921875
1749219796372757000,13.843757080078126,0.2213592529296875,-1.92486572265625,0.3857269287109375
1749219796382748000,13.853747802734375,0.0447235107421875,-1.0869598388671875,0.6963348388671875
1749219796392737800,13.86373779296875,-0.065338134765625,-0.8632354736328125,0.44927978515625
1749219796402728700,13.873728759765624,0.4816436767578125,-0.8662567138671875,0.1853179931640625
1749219796412719900,13.883719970703124,0.7623138427734375,-1.0792694091796875,-0.0722503662109375
1749219796422710800,13.893710693359376,0.4315948486328125,-1.2371978759765625,-0.3951568603515625
1749219796432702000,13.903701904296875,0.5474090576171875,-1.179718017578125,-0.4955596923828125
1749219796442692900,13.91369287109375,0.3441619873046875,-1.0338897705078125,-0.24151611328125
1749219796452683000,13.92368310546875,-0.077056884765625,-1.055084228515625,0.0713043212890625
1749219796462674000,13.933673828125,-0.320648193359375,-1.1394805908203125,0.2237091064453125
1749219796472664800,13.943664794921874,-0.2633209228515625,-1.0889434814453125,0.2144622802734375
1749219796482655700,13.95365576171875,0.068572998046875,-1.0203857421875,0.0181732177734375
1749219796492647000,13.96364697265625,0.1774749755859375,-1.0121002197265625,-0.3002166748046875
1749219796502637800,13.973637939453125,0.1539764404296875,-0.9862823486328125,-0.5594024658203125
1749219796512628700,13.983628662109375,0.1359710693359375,-1.0318450927734375,-0.5966796875
1749219796522619000,13.993618896484374,0.064422607421875,-1.1074066162109375,-0.3421783447265625
1749219796532610000,14.003610107421874,0.011260986328125,-1.105438232421875,-0.03411865234375
1749219796542601000,14.01360107421875,-0.0648956298828125,-1.0321502685546875,0.1064453125
1749219796552592000,14.023591796875,-0.0781707763671875,-0.9286346435546875,0.017303466796875
1749219796562583000,14.0335830078125,0.0360870361328125,-0.865875244140625,-0.1507110595703125
1749219796572574000,14.043573974609375,0.1459197998046875,-0.8740692138671875,-0.2669830322265625
1749219796582563800,14.053563720703124,0.1617279052734375,-0.896270751953125,-0.3643035888671875
1749219796592554800,14.0635546875,0.1535491943359375,-0.9320068359375,-0.4013214111328125
1749219796602546000,14.0735458984375,0.1662445068359375,-0.987396240234375,-0.355560302734375
1749219796612536800,14.083536865234375,0.1763763427734375,-1.0050048828125,-0.26849365234375
1749219796622527700,14.09352783203125,0.1404571533203125,-0.9711761474609375,-0.2031097412109375
1749219796632518700,14.1035185546875,0.15142822265625,-0.9556121826171875,-0.170166015625
1749219796642509800,14.113509765625,0.1936187744140625,-0.99188232421875,-0.1554107666015625
1749219796652500000,14.1235,0.1956634521484375,-1.0303497314453125,-0.164825439453125
1749219796662491000,14.133490966796876,0.2006988525390625,-1.0370635986328125,-0.1623077392578125
1749219796672481800,14.143481689453125,0.1880645751953125,-1.0364990234375,-0.131591796875
1749219796682473000,14.153472900390625,0.153106689453125,-1.0208892822265625,-0.0954437255859375
1749219796692463900,14.1634638671875,0.1264190673828125,-0.994720458984375,-0.066925048828125
1749219796702454800,14.173454833984374,0.112701416015625,-0.9755859375,-0.0575714111328125
1749219796712446000,14.183446044921874,0.1279296875,-0.9700469970703125,-0.1021728515625
1749219796722435800,14.193435791015625,0.1637115478515625,-0.996063232421875,-0.149200439453125
1749219796732427000,14.203427001953125,0.1842041015625,-1.076873779296875,-0.1739959716796875
1749219796742418000,14.21341796875,0.20074462890625,-1.187835693359375,-0.1758880615234375
1749219796752412700,14.22341259765625,0.1908111572265625,-1.284942626953125,-0.1643829345703125
1749219796762403600,14.233403564453125,0.145538330078125,-1.3404693603515625,-0.13580322265625
1749219796772394500,14.24339453125,0.0550079345703125,-1.3618927001953125,-0.095703125
1749219796782385400,14.253385498046875,-0.04632568359375,-1.3835296630859375,-0.08770751953125
1749219796792375300,14.263375244140626,-0.1614990234375,-1.43035888671875,-0.1326141357421875
1749219796802366500,14.273366455078126,-0.2542877197265625,-1.503662109375,-0.2157135009765625
1749219796812357400,14.283357421875,-0.359466552734375,-1.6170196533203125,-0.2923126220703125
1749219796822348300,14.293348388671875,-0.4647674560546875,-1.775482177734375,-0.35626220703125
1749219796832339500,14.30333935546875,-0.3867645263671875,-1.9464569091796875,-0.3966827392578125
1749219796842330400,14.313330322265625,-0.1620941162109375,-2.0480499267578125,-0.3460540771484375
1749219796852320500,14.323320556640626,-0.0186004638671875,-2.0396881103515625,-0.2420654296875
1749219796862311400,14.3333115234375,0.2473297119140625,-1.7939605712890625,-0.254730224609375
1749219796872302600,14.343302490234375,0.1418609619140625,-1.754791259765625,-0.584197998046875
1749219796882293500,14.35329345703125,-0.1277008056640625,-1.8117523193359375,-0.71038818359375
1749219796892284400,14.363284423828125,-0.1945343017578125,-1.5124664306640625,-0.53179931640625
1749219796902275600,14.373275634765625,-0.077178955078125,-1.1241302490234375,-0.478546142578125
1749219796912266500,14.3832666015625,0.7767181396484375,-0.8388519287109375,-0.579742431640625
1749219796922256400,14.39325634765625,0.8907012939453125,-0.859161376953125,-0.5333709716796875
1749219796932247300,14.403247314453125,0.295013427734375,-1.3062744140625,-0.3299560546875
1749219796942238200,14.41323828125,0.11358642578125,-1.4386749267578125,-0.024871826171875
1749219796952229400,14.4232294921875,-0.4239501953125,-0.8663787841796875,0.38690185546875
1749219796962220500,14.433220458984374,-0.57305908203125,-0.3203582763671875,0.5266265869140625
1749219796972211500,14.44321142578125,-0.37420654296875,-0.1891326904296875,0.298736572265625
1749219796982201300,14.453201416015625,-0.1658782958984375,-0.3051300048828125,-0.00103759765625
1749219796992192500,14.463192626953125,0.077362060546875,-0.4332733154296875,-0.155609130859375
1749219797002183400,14.473183349609375,0.23138427734375,-0.4898529052734375,-0.205108642578125
1749219797012174300,14.48317431640625,0.3321075439453125,-0.5199432373046875,-0.2072601318359375
1749219797022165500,14.49316552734375,0.2850799560546875,-0.58770751953125,-0.1844329833984375
1749219797032156400,14.503156494140624,0.1602783203125,-0.655364990234375,-0.1011505126953125
1749219797042147300,14.513147216796876,0.136810302734375,-0.719146728515625,0.0445556640625
1749219797052137500,14.523137451171875,0.1037445068359375,-0.8029937744140625,0.2017364501953125
1749219797062128600,14.533128662109375,0.116119384765625,-0.860870361328125,0.3235015869140625
1749219797072119600,14.54311962890625,0.1081695556640625,-0.9030609130859375,0.358306884765625
1749219797082110500,14.5531103515625,0.1169891357421875,-0.94256591796875,0.3213043212890625
1749219797092101400,14.563101318359376,0.23016357421875,-0.9711761474609375,0.2600555419921875
1749219797102092500,14.573092529296876,0.3591461181640625,-1.038360595703125,0.1942901611328125
1749219797112083500,14.58308349609375,0.3665924072265625,-1.1146697998046875,0.1621246337890625
1749219797122073300,14.5930732421875,0.3596649169921875,-1.1714324951171875,0.17449951171875
1749219797132064300,14.603064208984375,0.3404541015625,-1.278167724609375,0.1325225830078125
1749219797142055400,14.613055419921874,0.4143829345703125,-1.4173583984375,0.01373291015625
1749219797152046300,14.62304638671875,0.5761871337890625,-1.533843994140625,-0.1439361572265625
1749219797162037200,14.633037353515626,0.661376953125,-1.597930908203125,-0.364501953125
1749219797172028400,14.6430283203125,0.7308807373046875,-1.6024322509765625,-0.5623779296875
1749219797182019600,14.65301953125,0.8321990966796875,-1.6016693115234375,-0.61260986328125
1749219797192009500,14.663009521484375,0.89306640625,-1.660064697265625,-0.510223388671875
1749219797202000400,14.67300048828125,0.8734588623046875,-1.7354736328125,-0.3567352294921875
1749219797211991600,14.682991455078126,0.9420166015625,-1.7059326171875,-0.19024658203125
1749219797221982500,14.692982421875,1.028717041015625,-1.6476593017578125,-0.0237274169921875
1749219797231973400,14.702973388671875,0.952301025390625,-1.530487060546875,0.0806121826171875
1749219797241964300,14.71296435546875,1.1728057861328125,-1.2791290283203125,0.17633056640625
1749219797251955500,14.72295556640625,1.416412353515625,-1.0350494384765625,0.193389892578125
1749219797261945600,14.732945556640624,1.55572509765625,-0.87322998046875,0.0023040771484375
1749219797271936500,14.7429365234375,1.6973419189453125,-0.7456512451171875,-0.3029022216796875
1749219797281927400,14.752927490234375,1.6735992431640625,-0.652313232421875,-0.4911956787109375
1749219797291918600,14.762918701171875,1.6708984375,-0.6561126708984375,-0.4972381591796875
1749219797301909500,14.772909423828125,1.528533935546875,-0.7454071044921875,-0.3260955810546875
1749219797311900400,14.782900390625,1.1844024658203125,-0.8728485107421875,-0.1378021240234375
1749219797321891600,14.7928916015625,0.06829833984375,-1.123870849609375,-0.082122802734375
1749219797331881500,14.802881591796876,-0.7904815673828125,-1.924652099609375,0.0884246826171875
1749219797341872400,14.812872314453125,1.8807220458984375,-2.79632568359375,0.31597900390625
1749219797351863300,14.82286328125,0.250396728515625,-2.57293701171875,-0.1479644775390625
1749219797361854500,14.8328544921875,0.3701019287109375,-0.7805023193359375,-0.2711029052734375
1749219797371845400,14.842845458984375,0.343475341796875,-0.1824188232421875,-0.06280517578125
1749219797381836300,14.852836181640624,-0.262664794921875,-0.5630340576171875,0.27972412109375
1749219797391827500,14.862827392578126,0.6668701171875,-1.1750030517578125,0.32403564453125
1749219797401817600,14.872817626953125,0.3475494384765625,-1.6569976806640625,0.1919403076171875
1749219797411808500,14.88280859375,-0.0721435546875,-1.4221343994140625,0.2629852294921875
1749219797421799400,14.89279931640625,-0.029693603515625,-1.0302581787109375,0.3455810546875
1749219797431790300,14.902790283203124,0.2718505859375,-0.98681640625,0.283111572265625
1749219797441781500,14.912781494140624,0.578369140625,-1.0955963134765625,0.0849456787109375
1749219797451772400,14.9227724609375,0.5469818115234375,-1.1734466552734375,-0.28094482421875
1749219797461763300,14.932763427734375,0.4324798583984375,-1.14715576171875,-0.6071624755859375
1749219797471753500,14.94275341796875,0.3658905029296875,-1.0351104736328125,-0.616668701171875
1749219797481744600,14.95274462890625,0.25030517578125,-1.00115966796875,-0.347381591796875
1749219797491735600,14.962735595703125,0.0670928955078125,-1.09503173828125,-0.0691986083984375
1749219797501726500,14.9727265625,-0.096160888671875,-1.182769775390625,0.10540771484375
1749219797511717600,14.982717529296876,-0.0611114501953125,-1.164886474609375,0.1591796875
1749219797521708500,14.99270849609375,-0.0169830322265625,-1.0797576904296875,0.030914306640625
1749219797531699500,15.002699462890625,0.1209869384765625,-1.0093994140625,-0.1987152099609375
1749219797541689300,15.012689453125,0.1618804931640625,-0.97430419921875,-0.38299560546875
1749219797551680300,15.02268017578125,0.092315673828125,-0.980010986328125,-0.5026397705078125
1749219797561671400,15.03267138671875,0.10595703125,-1.01336669921875,-0.5057373046875
1749219797571662300,15.042662353515626,0.124237060546875,-1.0255126953125,-0.3594207763671875
1749219797581653200,15.0526533203125,0.01568603515625,-0.9780731201171875,-0.1880950927734375
1749219797591644400,15.06264453125,0.007568359375,-0.9104156494140625,-0.07659912109375
1749219797601635600,15.072635498046875,0.0414581298828125,-0.9231719970703125,-0.0749664306640625
1749219797611625500,15.08262548828125,0.070770263671875,-0.96881103515625,-0.1314239501953125
1749219797621616400,15.092616455078126,0.0516815185546875,-0.9421539306640625,-0.13427734375
1749219797631607600,15.102607666015626,0.154815673828125,-0.91949462890625,-0.2777099609375
1749219797641598500,15.112598388671875,0.11090087890625,-0.8860931396484375,-0.3797760009765625
1749219797651589400,15.12258935546875,0.023834228515625,-0.865753173828125,-0.389892578125
1749219797661580300,15.132580322265625,0.07623291015625,-0.93841552734375,-0.4056396484375
1749219797671571500,15.142571533203125,0.08984375,-1.00445556640625,-0.3860015869140625
1749219797681561300,15.152561279296876,0.113189697265625,-0.9644775390625,-0.33111572265625
1749219797691552500,15.162552490234376,0.1532440185546875,-0.9033660888671875,-0.287811279296875
1749219797701543400,15.17254345703125,0.1599884033203125,-0.9242401123046875,-0.235107421875
1749219797711534600,15.18253466796875,0.12945556640625,-0.9824981689453125,-0.1525421142578125
1749219797721525500,15.192525390625,0.1089019775390625,-1.023345947265625,-0.0716705322265625
1749219797731516400,15.202516357421874,0.102020263671875,-1.05078125,-0.0407257080078125
1749219797741507600,15.212507568359374,0.1170806884765625,-1.084747314453125,-0.0407562255859375
1749219797751494100,15.222494140625,0.13671875,-1.11419677734375,-0.019195556640625
1749219797761485000,15.232485107421875,0.1645965576171875,-1.134124755859375,0.0246124267578125
1749219797771476000,15.24247607421875,0.163665771484375,-1.1636810302734375,0.0539093017578125
1749219797781467100,15.252467041015626,0.1455230712890625,-1.207427978515625,0.044158935546875
1749219797791458000,15.2624580078125,0.1242218017578125,-1.2752227783203125,-0.0037384033203125
1749219797801449000,15.272448974609375,0.0578460693359375,-1.3693695068359375,-0.078643798828125
1749219797811439900,15.28243994140625,-0.02783203125,-1.4588623046875,-0.1450042724609375
1749219797821431000,15.29243115234375,-0.1284332275390625,-1.5198822021484375,-0.1947021484375
1749219797831421200,15.302421142578124,-0.2225341796875,-1.5774993896484375,-0.23699951171875
1749219797841412000,15.312412109375,-0.3821563720703125,-1.68292236328125,-0.2977752685546875
1749219797851403000,15.322403076171875,-0.569488525390625,-1.8348388671875,-0.3860626220703125
1749219797861394200,15.332394287109375,-0.6490478515625,-1.8965606689453125,-0.493621826171875
1749219797871385000,15.342385009765625,-0.590606689453125,-1.85955810546875,-0.567047119140625
1749219797881376000,15.3523759765625,-0.4155426025390625,-1.7575531005859375,-0.556488037109375
1749219797891367200,15.3623671875,0.1175689697265625,-1.5337066650390625,-0.4521636962890625
1749219797901357000,15.372357177734376,0.554931640625,-1.4531402587890625,-0.4355010986328125
1749219797911348200,15.38234814453125,0.52911376953125,-1.6647491455078125,-0.61590576171875
1749219797921339100,15.392339111328125,0.0018157958984375,-1.850372314453125,-0.790863037109375
1749219797931330300,15.402330322265625,-0.146331787109375,-1.5149078369140625,-0.659088134765625
1749219797941321200,15.4123212890625,0.0581512451171875,-1.0208892822265625,-0.5822906494140625
1749219797951312100,15.42231201171875,0.45550537109375,-0.761871337890625,-0.588836669921875
1749219797961303000,15.432302978515626,0.5856170654296875,-0.804412841796875,-0.458343505859375
1749219797971293200,15.442293212890625,0.3214874267578125,-1.150482177734375,-0.3711395263671875
1749219797981284000,15.4522841796875,-0.0450592041015625,-1.3838348388671875,-0.1559295654296875
1749219797991275000,15.46227490234375,-0.2622833251953125,-0.9952392578125,0.236785888671875
1749219798001266000,15.472265869140625,-0.393890380859375,-0.4728851318359375,0.4652252197265625
1749219798011257000,15.482257080078124,-0.4523162841796875,-0.34381103515625,0.35565185546875
1749219798021248000,15.492248046875,-0.29693603515625,-0.4603118896484375,0.0991973876953125
1749219798031239000,15.502239013671876,0.0027313232421875,-0.6025238037109375,-0.067474365234375
1749219798041230000,15.51222998046875,0.20697021484375,-0.6578521728515625,-0.1375885009765625
1749219798051220200,15.52222021484375,0.26446533203125,-0.6289520263671875,-0.1961669921875
1749219798061211100,15.532211181640625,0.237152099609375,-0.6016693115234375,-0.2376861572265625
1749219798071202000,15.5422021484375,0.1616973876953125,-0.6322479248046875,-0.1897430419921875
1749219798081193200,15.552193115234376,0.1234130859375,-0.7102813720703125,-0.0587921142578125
1749219798091184000,15.56218408203125,0.132080078125,-0.7925872802734375,0.0675201416015625
1749219798101175000,15.572175048828125,0.0849456787109375,-0.86578369140625,0.18255615234375
1749219798111166000,15.582166015625,0.135833740234375,-0.9141387939453125,0.2616729736328125
1749219798121156000,15.592156005859374,0.2446136474609375,-0.950958251953125,0.290771484375
1749219798131147300,15.602147216796874,0.277374267578125,-1.0033721923828125,0.2754974365234375
1749219798141138200,15.61213818359375,0.252410888671875,-1.05047607421875,0.2421112060546875
1749219798151129000,15.622129150390625,0.31134033203125,-1.0692596435546875,0.2363739013671875
1749219798161120300,15.632120361328125,0.3608551025390625,-1.14056396484375,0.26116943359375
1749219798171111200,15.642111083984375,0.3435821533203125,-1.293365478515625,0.270782470703125
1749219798181102000,15.65210205078125,0.3338470458984375,-1.456329345703125,0.1729888916015625
1749219798191093200,15.66209326171875,0.354949951171875,-1.5608673095703125,0.0068817138671875
1749219798201083100,15.672083251953126,0.4631805419921875,-1.62445068359375,-0.1978607177734375
1749219798211074000,15.682073974609375,0.6918182373046875,-1.6985321044921875,-0.42132568359375
1749219798221065000,15.69206494140625,0.9026031494140625,-1.7957305908203125,-0.5874786376953125
1749219798231056100,15.70205615234375,0.9816131591796875,-1.8151397705078125,-0.5995330810546875
1749219798241047000,15.712047119140625,0.9937896728515625,-1.7100372314453125,-0.40155029296875
1749219798251038000,15.722037841796874,0.931549072265625,-1.62921142578125,-0.126800537109375
1749219798261029000,15.732029052734376,1.0616607666015625,-1.5524139404296875,0.186248779296875
1749219798271020300,15.742020263671876,1.34417724609375,-1.2985076904296875,0.4658966064453125
1749219798281010200,15.75201025390625,1.48175048828125,-0.98065185546875,0.427337646484375
1749219798291001000,15.7620009765625,1.587249755859375,-0.7531890869140625,0.000244140625
1749219798300992000,15.771991943359374,1.7320556640625,-0.647369384765625,-0.4847564697265625
1749219798310983200,15.781983154296874,1.782745361328125,-0.66473388671875,-0.865509033203125
1749219798320974000,15.79197412109375,1.58050537109375,-0.8029022216796875,-1.0165863037109375
1749219798330965000,15.801965087890625,1.2740325927734375,-0.9513702392578125,-0.77020263671875
1749219798340956200,15.8119560546875,0.2615814208984375,-1.2061920166015625,-0.36444091796875
1749219798350946300,15.8219462890625,1.25732421875,-1.79913330078125,0.098419189453125
1749219798360937200,15.831937255859375,2.20379638671875,-3.1189422607421875,0.394134521484375
1749219798370928000,15.84192822265625,-0.5436553955078125,-3.2678985595703125,-0.126190185546875
1749219798380919300,15.851919189453126,0.4442596435546875,-0.83612060546875,-0.1209716796875
1749219798390910200,15.86191015625,-0.09307861328125,0.24835205078125,0.1300811767578125
1749219798400901000,15.871901123046875,0.0163116455078125,0.21826171875,0.2058563232421875
1749219798410892000,15.88189208984375,1.0375518798828125,-0.6056976318359375,-0.048187255859375
1749219798420883200,15.89188330078125,0.653778076171875,-1.8448333740234375,-0.21954345703125
1749219798430873000,15.901873046875,0.2249908447265625,-2.2741851806640625,0.1812744140625
1749219798440864000,15.911864013671876,0.19683837890625,-1.5137176513671875,0.739776611328125
1749219798450855000,15.92185498046875,-0.0136260986328125,-0.913909912109375,0.69183349609375
1749219798460846000,15.93184619140625,0.1375579833984375,-0.7631683349609375,0.377838134765625
1749219798470837000,15.9418369140625,0.5680389404296875,-0.8511505126953125,0.0951995849609375
1749219798480828200,15.951828125,0.4599609375,-1.1011505126953125,-0.242919921875
1749219798490819300,15.9618193359375,0.3561859130859375,-1.2281494140625,-0.4875640869140625
1749219798500810200,15.971810302734376,0.419189453125,-1.124542236328125,-0.51666259765625
1749219798510800100,15.981800048828125,0.39691162109375,-0.961212158203125,-0.33465576171875
1749219798520791000,15.991791015625,0.1854400634765625,-0.9838409423828125,-0.127227783203125
1749219798530782200,16.0017822265625,-0.09375,-1.116546630859375,-0.0353240966796875
1749219798540773000,16.011773193359375,-0.1081085205078125,-1.1674041748046875,-0.00823974609375
1749219798550764000,16.021763916015626,0.1065826416015625,-1.0975341796875,-0.068023681640625
1749219798560755000,16.0317548828125,0.1790008544921875,-1.030242919921875,-0.2077178955078125
1749219798570746000,16.04174609375,0.161468505859375,-1.0124664306640625,-0.3512115478515625
1749219798580737000,16.051737060546873,0.152130126953125,-1.0172576904296875,-0.4370269775390625
1749219798590727200,16.06172705078125,0.1175079345703125,-1.048919677734375,-0.4268798828125
1749219798600718000,16.071718017578124,0.0530242919921875,-1.0872802734375,-0.3326568603515625
1749219798610709200,16.081709228515624,-0.022613525390625,-1.078704833984375,-0.2521514892578125
1749219798620700200,16.0917001953125,-0.0246124267578125,-1.011260986328125,-0.142242431640625
1749219798630691000,16.101691162109375,0.0406951904296875,-0.99664306640625,-0.021331787109375
1749219798640682200,16.11168212890625,0.1056365966796875,-1.036529541015625,-0.009765625
1749219798650673200,16.121673095703127,0.128204345703125,-1.030364990234375,-0.06878662109375
1749219798660664000,16.1316640625,0.160919189453125,-0.9881439208984375,-0.1508331298828125
1749219798670654000,16.141654052734374,0.1840057373046875,-0.9562835693359375,-0.2198486328125
1749219798680645000,16.15164501953125,0.164886474609375,-0.937225341796875,-0.2385711669921875
1749219798690636000,16.161635986328125,0.1565704345703125,-0.94287109375,-0.213287353515625
1749219798700627200,16.171627197265625,0.1617584228515625,-0.98419189453125,-0.2115325927734375
1749219798710618000,16.1816181640625,0.20269775390625,-1.013458251953125,-0.212432861328125
1749219798720609300,16.191609375,0.2131500244140625,-0.989013671875,-0.181488037109375
1749219798730600200,16.20160009765625,0.222381591796875,-0.9597015380859375,-0.1229095458984375
1749219798740591000,16.211591064453124,0.223907470703125,-0.9788665771484375,-0.078094482421875
1749219798750584800,16.221584716796876,0.178985595703125,-1.0181427001953125,-0.0702667236328125
1749219798760576000,16.231575927734376,0.1508941650390625,-1.026885986328125,-0.0856781005859375
1749219798770567000,16.24156689453125,0.1389923095703125,-1.025665283203125,-0.1024627685546875
1749219798780557800,16.251557861328124,0.1254425048828125,-1.0516510009765625,-0.121185302734375
1749219798790549000,16.261549072265623,0.10113525390625,-1.099090576171875,-0.124420166015625
1749219798800540000,16.271539794921875,0.0881500244140625,-1.14971923828125,-0.1214599609375
1749219798810530800,16.28153076171875,0.0817413330078125,-1.1786041259765625,-0.1161346435546875
1749219798820521700,16.291521728515626,0.0588531494140625,-1.1744232177734375,-0.105224609375
1749219798830513000,16.301512939453126,0.039794921875,-1.2059326171875,-0.125457763671875
1749219798840503000,16.3115029296875,0.019012451171875,-1.301849365234375,-0.1923370361328125
1749219798850494000,16.321493896484377,-0.0663604736328125,-1.403656005859375,-0.272247314453125
1749219798860484900,16.33148486328125,-0.1958465576171875,-1.466156005859375,-0.3253631591796875
1749219798870476000,16.34147607421875,-0.320770263671875,-1.514923095703125,-0.3517608642578125
1749219798880467000,16.351467041015624,-0.493072509765625,-1.663970947265625,-0.3820953369140625
1749219798890457900,16.361457763671876,-0.6319580078125,-1.8870697021484375,-0.4304962158203125
1749219798900449000,16.371448974609375,-0.61297607421875,-1.8641510009765625,-0.4659881591796875
1749219798910440000,16.38143994140625,-0.35809326171875,-1.619110107421875,-0.503021240234375
1749219798920429800,16.391429931640626,0.0974884033203125,-1.589996337890625,-0.539031982421875
1749219798930421000,16.4014208984375,0.4586334228515625,-1.7372589111328125,-0.59783935546875
1749219798940412200,16.411412109375,0.291168212890625,-1.9261627197265625,-0.795623779296875
1749219798950403000,16.421403076171874,-0.051605224609375,-1.841461181640625,-0.8998870849609375
1749219798960394000,16.43139404296875,0.1799468994140625,-1.3881378173828125,-0.738922119140625
1749219798970385000,16.441385009765625,0.61309814453125,-1.099853515625,-0.5198974609375
1749219798980376000,16.4513759765625,0.499969482421875,-1.155914306640625,-0.2249908447265625
1749219798990367000,16.461366943359376,0.1362152099609375,-1.444671630859375,-0.1894989013671875
1749219799000358000,16.47135791015625,-0.1983642578125,-1.4864501953125,-0.17364501953125
1749219799010347800,16.48134765625,-0.453643798828125,-0.9579620361328125,0.13702392578125
1749219799020339000,16.4913388671875,-0.3966827392578125,-0.4887237548828125,0.384307861328125
1749219799030329900,16.501329833984375,-0.3123321533203125,-0.4159393310546875,0.290863037109375
1749219799040320800,16.51132080078125,-0.240478515625,-0.5550384521484375,0.0214996337890625
1749219799050312000,16.52131201171875,-0.0664825439453125,-0.6198272705078125,-0.1492462158203125
1749219799060302800,16.531302734375,0.170257568359375,-0.52496337890625,-0.203521728515625
1749219799070294000,16.5412939453125,0.200653076171875,-0.4225921630859375,-0.2484283447265625
1749219799080285000,16.551284912109374,0.2363739013671875,-0.4156494140625,-0.25335693359375
1749219799090275000,16.561275146484373,0.21551513671875,-0.5230255126953125,-0.2039947509765625
1749219799100266000,16.571265869140625,0.1636199951171875,-0.659027099609375,-0.0515594482421875
1749219799110257000,16.5812568359375,0.1564178466796875,-0.771087646484375,0.144866943359375
1749219799120247800,16.591247802734376,0.089019775390625,-0.8126983642578125,0.26812744140625
1749219799130239000,16.601239013671876,0.0736846923828125,-0.773162841796875,0.307342529296875
1749219799140230000,16.61122998046875,0.02001953125,-0.7402191162109375,0.278839111328125
1749219799150220800,16.621220703125,0.096893310546875,-0.795806884765625,0.1934356689453125
1749219799160212000,16.6312119140625,0.2980194091796875,-0.9084930419921875,0.141357421875
1749219799170203000,16.641202880859375,0.426177978515625,-0.9819793701171875,0.140960693359375
1749219799180193000,16.651193115234374,0.411712646484375,-1.0380401611328125,0.1504364013671875
1749219799190184000,16.661183837890626,0.35308837890625,-1.1416473388671875,0.15008544921875
1749219799200175000,16.671175048828125,0.388824462890625,-1.2944183349609375,0.107269287109375
1749219799210166000,16.681166015625,0.462310791015625,-1.4343109130859375,-0.026153564453125
1749219799220157000,16.691156982421877,0.5578460693359375,-1.560302734375,-0.2432403564453125
1749219799230147800,16.70114794921875,0.69940185546875,-1.6738433837890625,-0.49468994140625
1749219799240139000,16.711138916015624,0.8979644775390625,-1.71124267578125,-0.67547607421875
1749219799250130000,16.7211298828125,1.099151611328125,-1.694000244140625,-0.73370361328125
1749219799260119800,16.731119873046875,1.1812744140625,-1.7087860107421875,-0.66168212890625
1749219799270110700,16.74111083984375,1.16583251953125,-1.8026123046875,-0.4640045166015625
1749219799280102000,16.751101806640627,1.072296142578125,-1.8670806884765625,-0.205322265625
1749219799290093000,16.761093017578126,1.0277557373046875,-1.7579803466796875,-0.0328216552734375
1749219799300084000,16.771083984375,1.2275543212890625,-1.52728271484375,0.022003173828125
1749219799310075100,16.7810751953125,1.394195556640625,-1.345062255859375,0.094879150390625
1749219799320066000,16.791066162109374,1.751190185546875,-1.1207733154296875,0.1887664794921875
1749219799330057000,16.801056884765625,1.822540283203125,-0.877838134765625,0.0337677001953125
1749219799340048000,16.8110478515625,2.026123046875,-0.585601806640625,-0.21832275390625
1749219799350038000,16.8210380859375,1.92169189453125,-0.4430694580078125,-0.3840789794921875
1749219799360029000,16.83102880859375,1.532379150390625,-0.5800018310546875,-0.3852081298828125
1749219799370019800,16.841019775390624,1.1036376953125,-0.85198974609375,-0.176483154296875
1749219799380010800,16.8510107421875,-0.295867919921875,-1.4324951171875,0.2093353271484375
1749219799390002000,16.861001953125,1.3831024169921875,-2.7033538818359375,0.8095703125
1749219799399992800,16.870992919921875,0.8867034912109375,-3.4892120361328125,0.65496826171875
1749219799409984000,16.88098388671875,-0.483978271484375,-1.6613311767578125,-0.45257568359375
1749219799419975200,16.89097509765625,0.5994720458984375,-0.08642578125,-0.71417236328125
1749219799429965000,16.900965087890626,0.08056640625,0.020233154296875,-0.3663787841796875
1749219799439956000,16.9109560546875,0.5164642333984375,-0.5270538330078125,0.0140838623046875
1749219799449947000,16.92094677734375,0.8562469482421875,-1.4452667236328125,-0.1098175048828125
1749219799459938000,16.93093798828125,0.0626678466796875,-1.9512939453125,-0.2010650634765625
1749219799469929000,16.940928955078125,0.014801025390625,-1.4229278564453125,0.2989654541015625
1749219799479919900,16.950919921875,0.0865936279296875,-0.9896087646484375,0.6761322021484375
1749219799489910800,16.960910888671876,0.1667327880859375,-0.9719085693359375,0.5363922119140625
1749219799499902000,16.97090185546875,0.45550537109375,-1.081756591796875,0.212188720703125
1749219799509892900,16.980892822265623,0.5304107666015625,-1.1808013916015625,-0.15924072265625
1749219799519883000,16.990883056640627,0.444732666015625,-1.1325531005859375,-0.5007476806640625
1749219799529874000,17.0008740234375,0.353363037109375,-0.9960784912109375,-0.6288604736328125
1749219799539865000,17.010864990234374,0.2410888671875,-0.9488372802734375,-0.4503173828125
1749219799549856000,17.02085595703125,0.1001434326171875,-1.0051422119140625,-0.16790771484375
1749219799559847000,17.030846923828125,-0.057403564453125,-1.0788726806640625,-0.0267486572265625
1749219799569838000,17.040838134765625,-0.11090087890625,-1.1124420166015625,-0.0290069580078125
1749219799579829000,17.0508291015625,-0.0005340576171875,-1.0601043701171875,-0.1161651611328125
1749219799589820000,17.06081982421875,0.0550537109375,-0.9898681640625,-0.236083984375
1749219799599810800,17.070810791015624,0.0564422607421875,-0.9579620361328125,-0.363006591796875
1749219799609801000,17.080801025390624,0.1207427978515625,-0.9581451416015625,-0.4554443359375
1749219799619792000,17.0907919921875,0.0998077392578125,-1.00390625,-0.467926025390625
1749219799629783000,17.100782958984375,0.07562255859375,-1.0285186767578125,-0.353759765625
1749219799639774000,17.11077392578125,0.008758544921875,-1.0024261474609375,-0.2326202392578125
1749219799649765000,17.12076513671875,-0.0706634521484375,-0.9476470947265625,-0.1784820556640625
1749219799659756000,17.130756103515626,-0.029510498046875,-0.937774658203125,-0.1263427734375
1749219799669747000,17.140746826171874,0.050872802734375,-0.9916534423828125,-0.1089324951171875
1749219799679738000,17.150738037109374,0.0848388671875,-1.0010986328125,-0.13836669921875
1749219799689729000,17.16072900390625,0.0853118896484375,-0.9404449462890625,-0.2167205810546875
1749219799699719000,17.170718994140625,0.1248016357421875,-0.91021728515625,-0.2948760986328125
1749219799709709800,17.180709716796876,0.1742706298828125,-0.9672698974609375,-0.3204193115234375
1749219799719701000,17.190700927734376,0.1558837890625,-1.0547027587890625,-0.2904205322265625
1749219799729692000,17.20069189453125,0.1505279541015625,-1.084716796875,-0.2272796630859375
1749219799739682800,17.210682861328124,0.1730804443359375,-1.0188751220703125,-0.1603546142578125
1749219799749670100,17.220670166015626,0.21026611328125,-0.9582977294921875,-0.1136016845703125
1749219799759661300,17.230661376953126,0.2368011474609375,-0.982635498046875,-0.066162109375
1749219799769652200,17.24065234375,0.2124481201171875,-1.0274505615234375,-0.021209716796875
1749219799779643400,17.250643310546874,0.16278076171875,-1.0470733642578125,-0.004364013671875
1749219799789633300,17.26063330078125,0.1117401123046875,-1.0789337158203125,-0.0327301025390625
1749219799799624200,17.270624267578125,0.07220458984375,-1.1463775634765625,-0.0952606201171875
1749219799809615000,17.280614990234376,0.0506591796875,-1.195831298828125,-0.1359405517578125
1749219799819606300,17.290606201171876,0.0254058837890625,-1.2064056396484375,-0.1412200927734375
1749219799829597200,17.30059716796875,0.0095977783203125,-1.224639892578125,-0.158111572265625
1749219799839588000,17.310588134765624,-0.0072021484375,-1.2559661865234375,-0.205230712890625
1749219799849579000,17.3205791015625,0.0124969482421875,-1.2589874267578125,-0.22113037109375
1749219799859570200,17.330570068359375,0.02740478515625,-1.2902984619140625,-0.2085418701171875
1749219799869561000,17.34056103515625,-0.0596923828125,-1.4005279541015625,-0.2298583984375
1749219799879551200,17.35055126953125,-0.2130889892578125,-1.5386810302734375,-0.2778778076171875
1749219799889542100,17.360542236328126,-0.365966796875,-1.6837005615234375,-0.321258544921875
1749219799899533300,17.370533203125,-0.469696044921875,-1.87890625,-0.355743408203125
1749219799909524200,17.380524169921873,-0.468170166015625,-1.9318695068359375,-0.36480712890625
1749219799919515100,17.39051513671875,-0.563934326171875,-1.766754150390625,-0.3360748291015625
1749219799929506300,17.40050634765625,-0.2977294921875,-1.5526885986328125,-0.2797393798828125
1749219799939497200,17.410497314453124,0.1367645263671875,-1.4412078857421875,-0.245208740234375
1749219799949488000,17.420488037109376,0.3271636962890625,-1.425537109375,-0.2747039794921875
1749219799959479000,17.43047900390625,0.1077880859375,-1.6026611328125,-0.4865875244140625
1749219799969469200,17.44046923828125,-0.1529388427734375,-1.6669769287109375,-0.612335205078125
1749219799979460400,17.45046044921875,0.5031585693359375,-1.263580322265625,-0.3994140625
1749219799989451300,17.460451171875,0.605224609375,-1.0474700927734375,-0.205169677734375
1749219799999442200,17.470442138671874,0.0615997314453125,-1.18701171875,-0.129791259765625
1749219800009433300,17.480433349609374,-0.6502532958984375,-1.4674835205078125,-0.3018798828125
1749219800019424300,17.49042431640625,-0.7083587646484375,-1.2736968994140625,-0.2338104248046875
1749219800029415200,17.500415283203125,-0.7018585205078125,-0.7424774169921875,0.12255859375
1749219800039406300,17.51040625,-0.4169464111328125,-0.4815521240234375,0.15277099609375
1749219800049397200,17.520397216796876,-0.2135162353515625,-0.54449462890625,-0.1033477783203125
1749219800059387100,17.53038720703125,-0.012725830078125,-0.7333526611328125,-0.2677459716796875
1749219800069378000,17.5403779296875,0.0860443115234375,-0.8762969970703125,-0.2269744873046875
1749219800079369200,17.550369140625,0.136016845703125,-0.8947906494140625,-0.1190948486328125
1749219800089360100,17.560360107421875,0.0868072509765625,-0.8432159423828125,-0.121734619140625
1749219800099351000,17.57035107421875,0.114532470703125,-0.803680419921875,-0.1668853759765625
1749219800109342200,17.58034228515625,0.20928955078125,-0.832794189453125,-0.1521148681640625
1749219800119333400,17.59033349609375,0.2547454833984375,-0.91278076171875,-0.103973388671875
1749219800129324300,17.60032421875,0.2966461181640625,-1.0076141357421875,-0.0772857666015625
1749219800139315200,17.610315185546874,0.3245391845703125,-1.0474090576171875,-0.0646514892578125
1749219800149305000,17.62030517578125,0.2883453369140625,-1.0132904052734375,-0.0670166015625
1749219800159296300,17.630296142578125,0.319091796875,-0.969268798828125,-0.092437744140625
1749219800169287200,17.640287109375,0.402435302734375,-0.98077392578125,-0.091827392578125
1749219800179278000,17.650278076171876,0.448760986328125,-1.042938232421875,-0.06402587890625
1749219800189269200,17.660269287109376,0.4588623046875,-1.0985565185546875,-0.05517578125
1749219800199260200,17.67026025390625,0.4748992919921875,-1.128662109375,-0.08734130859375
1749219800209251000,17.6802509765625,0.4810028076171875,-1.1592864990234375,-0.1712188720703125
1749219800219242000,17.690241943359375,0.4725494384765625,-1.207366943359375,-0.281158447265625
1749219800229233200,17.700233154296875,0.523681640625,-1.2608795166015625,-0.3609466552734375
1749219800239223300,17.710223388671874,0.6080474853515625,-1.317230224609375,-0.3875885009765625
1749219800249214200,17.720214111328126,0.714263916015625,-1.4051971435546875,-0.4197845458984375
1749219800259205000,17.730205078125,0.826873779296875,-1.523681640625,-0.41986083984375
1749219800269196300,17.7401962890625,0.813629150390625,-1.6536407470703125,-0.4080657958984375
1749219800279187200,17.750187255859377,0.9111480712890625,-1.71978759765625,-0.434814453125
1749219800289178000,17.76017822265625,1.0623016357421875,-1.711700439453125,-0.408447265625
1749219800299169300,17.770169189453124,1.1079559326171875,-1.6191253662109375,-0.371063232421875
1749219800309160200,17.78016015625,1.1949920654296875,-1.4076995849609375,-0.251617431640625
1749219800319151000,17.790151123046876,1.4859619140625,-1.139923095703125,0.0280303955078125
1749219800329141200,17.800141357421875,1.6967926025390625,-1.03533935546875,0.199432373046875
1749219800339132400,17.81013232421875,1.9308319091796875,-0.9705810546875,0.19195556640625
1749219800349123300,17.820123291015626,2.0605316162109375,-0.759185791015625,0.073272705078125
1749219800359114200,17.8301142578125,2.0225067138671875,-0.5771942138671875,-0.1544647216796875
1749219800369105200,17.840105224609374,1.9385986328125,-0.5760040283203125,-0.3927001953125
1749219800379096300,17.850096435546874,1.2951202392578125,-0.8433380126953125,-0.450347900390625
1749219800389087200,17.860087158203125,-0.3640289306640625,-1.587921142578125,-0.1902313232421875
1749219800399078100,17.870078125,2.564178466796875,-2.71185302734375,0.704925537109375
1749219800409069300,17.8800693359375,0.8492279052734375,-3.449615478515625,0.974639892578125
1749219800419059200,17.89005908203125,-0.7422637939453125,-1.55218505859375,0.1982269287109375
1749219800429050000,17.900050048828124,0.7333221435546875,-0.0872039794921875,0.0198974609375
1749219800439041000,17.910041015625,0.1508026123046875,-0.2638397216796875,0.3074798583984375
1749219800449032200,17.9200322265625,0.638824462890625,-0.9355926513671875,0.3208160400390625
1749219800459023400,17.9300234375,0.525299072265625,-1.5855712890625,-0.0114288330078125
1749219800469014300,17.94001416015625,-0.014312744140625,-1.6322021484375,-0.0531005859375
1749219800479005200,17.950005126953126,0.097930908203125,-1.2048492431640625,0.2241668701171875
1749219800488996400,17.959996337890626,0.4641876220703125,-1.0577239990234375,0.3361663818359375
1749219800498987300,17.9699873046875,0.6442718505859375,-1.1494140625,0.21221923828125
1749219800508977200,17.97997705078125,0.4945526123046875,-1.169189453125,-0.13397216796875
1749219800518968000,17.989968017578125,0.3621368408203125,-1.086883544921875,-0.499908447265625
1749219800528959200,17.999959228515625,0.497528076171875,-1.0068511962890625,-0.556427001953125
1749219800538950100,18.0099501953125,0.3848724365234375,-1.0456390380859375,-0.298431396484375
1749219800548941000,18.019941162109376,0.02764892578125,-1.183502197265625,-0.0088348388671875
1749219800558932200,18.02993212890625,-0.3445587158203125,-1.2694549560546875,0.1384429931640625
1749219800568923100,18.039923095703124,-0.2877960205078125,-1.199676513671875,0.195098876953125
1749219800578914000,18.0499140625,0.0036773681640625,-1.1121673583984375,0.055877685546875
1749219800588905200,18.0599052734375,0.1365203857421875,-1.07733154296875,-0.1977691650390625
1749219800598895400,18.069895263671874,0.1556396484375,-1.026336669921875,-0.40411376953125
1749219800608886300,18.07988623046875,0.1172943115234375,-0.9938201904296875,-0.564910888671875
1749219800618877200,18.089877197265626,0.064788818359375,-0.9908294677734375,-0.5913848876953125
1749219800628868000,18.0998681640625,0.077239990234375,-0.9676055908203125,-0.3697509765625
1749219800638859300,18.109859375,0.08740234375,-0.9294891357421875,-0.131591796875
1749219800648850200,18.11985009765625,0.039093017578125,-0.8982391357421875,-0.088653564453125
1749219800658841000,18.129841064453124,0.0670318603515625,-0.8739013671875,-0.1625518798828125
1749219800668832300,18.139832275390624,0.1390228271484375,-0.8662109375,-0.229034423828125
1749219800678822400,18.149822509765624,0.1605987548828125,-0.8848724365234375,-0.2829437255859375
1749219800688813300,18.159813232421875,0.156005859375,-0.897247314453125,-0.3333892822265625
1749219800698804200,18.16980419921875,0.1522979736328125,-0.89044189453125,-0.3527984619140625
1749219800708795400,18.17979541015625,0.139556884765625,-0.87322998046875,-0.339447021484375
1749219800718786300,18.189786376953126,0.1091461181640625,-0.8753204345703125,-0.3153839111328125
1749219800728777200,18.199777099609374,0.1252593994140625,-0.901519775390625,-0.2910003662109375
1749219800738768100,18.20976806640625,0.1577301025390625,-0.929412841796875,-0.2527923583984375
1749219800748759000,18.219759033203125,0.175537109375,-0.9657440185546875,-0.2051544189453125
1749219800758750000,18.22975,0.1523895263671875,-1.00872802734375,-0.15142822265625
1749219800768740000,18.239739990234376,0.1257476806640625,-1.034393310546875,-0.101348876953125
1749219800778731000,18.24973095703125,0.0952606201171875,-1.036285400390625,-0.06817626953125
1749219800788722000,18.259721923828124,0.0741424560546875,-1.024444580078125,-0.045928955078125
1749219800798713000,18.269713134765624,0.0741424560546875,-1.035491943359375,-0.041351318359375
1749219800808704300,18.279704345703124,0.0603790283203125,-1.0780792236328125,-0.0767059326171875
1749219800818695200,18.289695068359375,0.0560760498046875,-1.1188201904296875,-0.147186279296875
1749219800828686000,18.29968603515625,0.07733154296875,-1.1757049560546875,-0.1949615478515625
1749219800838677200,18.30967724609375,0.04888916015625,-1.2249908447265625,-0.205108642578125
1749219800848668200,18.319668212890626,-0.0179290771484375,-1.2450103759765625,-0.1978302001953125
1749219800858658000,18.329657958984374,-0.072357177734375,-1.319244384765625,-0.208343505859375
1749219800868649000,18.33964892578125,-0.13641357421875,-1.4547576904296875,-0.2233123779296875
1749219800878640000,18.34964013671875,-0.2398681640625,-1.566558837890625,-0.215606689453125
1749219800888631000,18.359631103515625,-0.3543548583984375,-1.64129638671875,-0.1678314208984375
1749219800898622000,18.3696220703125,-0.360198974609375,-1.69342041015625,-0.1160888671875
1749219800908612900,18.37961279296875,-0.506591796875,-1.7535552978515625,-0.1112213134765625
1749219800918604000,18.38960400390625,-0.765594482421875,-1.892181396484375,-0.1508331298828125
1749219800928595000,18.399594970703124,-0.708465576171875,-2.0105133056640625,-0.2143402099609375
1749219800938586000,18.409586181640623,-0.486358642578125,-1.8024139404296875,-0.2763519287109375
1749219800948576000,18.419575927734375,-0.030731201171875,-1.3492889404296875,-0.2662811279296875
1749219800958567200,18.429567138671874,0.5714569091796875,-1.1286163330078125,-0.2761077880859375
1749219800968558000,18.43955810546875,0.793426513671875,-1.3207855224609375,-0.3972625732421875
1749219800978549000,18.449549072265626,0.326751708984375,-1.624481201171875,-0.5810699462890625
1749219800988540200,18.4595400390625,-0.2967681884765625,-1.4784088134765625,-0.60357666015625
1749219800998531000,18.469531005859373,0.1860504150390625,-0.8906707763671875,-0.489105224609375
1749219801008522000,18.47952197265625,0.8071136474609375,-0.64501953125,-0.4208526611328125
1749219801018513000,18.489512939453125,0.6297760009765625,-0.941192626953125,-0.4822845458984375
1749219801028504000,18.499504150390624,-0.064453125,-1.318389892578125,-0.5556640625
1749219801038494200,18.509494140625,-0.4204864501953125,-1.1902313232421875,-0.2718048095703125
1749219801048485000,18.519485107421875,-0.57806396484375,-0.6912994384765625,0.066497802734375
1749219801058476000,18.52947607421875,-0.58526611328125,-0.3866424560546875,0.1867218017578125
1749219801068467200,18.53946728515625,-0.3308258056640625,-0.393218994140625,0.117095947265625
1749219801078458000,18.5494580078125,-0.022308349609375,-0.556365966796875,-0.0267333984375
1749219801088449000,18.559448974609374,0.1271820068359375,-0.6961669921875,-0.0999755859375
1749219801098440200,18.569440185546874,0.2154541015625,-0.7632904052734375,-0.0587921142578125
1749219801108431000,18.57943115234375,0.2585296630859375,-0.8121185302734375,0.0198974609375
1749219801118421000,18.5894208984375,0.1830596923828125,-0.83172607421875,0.0571136474609375
1749219801128412000,18.599411865234377,0.1636810302734375,-0.829071044921875,0.01934814453125
1749219801138403000,18.609403076171876,0.1855926513671875,-0.8596954345703125,-0.02947998046875
1749219801148394000,18.61939404296875,0.2678375244140625,-0.901824951171875,-0.051727294921875
1749219801158385200,18.62938525390625,0.3405914306640625,-0.9566650390625,-0.074249267578125
1749219801168376000,18.6393759765625,0.3733367919921875,-1.0016632080078125,-0.088470458984375
1749219801178367200,18.6493671875,0.402313232421875,-1.0068817138671875,-0.0833892822265625
1749219801188358100,18.659358154296875,0.4074859619140625,-0.9863739013671875,-0.06304931640625
1749219801198349000,18.66934912109375,0.4195098876953125,-0.98724365234375,-0.024932861328125
1749219801208339000,18.6793388671875,0.4077606201171875,-1.050811767578125,0.03167724609375
1749219801218330000,18.689330078125,0.3805694580078125,-1.1440887451171875,0.1017303466796875
1749219801228321000,18.699321044921874,0.340179443359375,-1.2307586669921875,0.1269989013671875
1749219801238312000,18.70931201171875,0.29254150390625,-1.284210205078125,0.06732177734375
1749219801248303000,18.71930322265625,0.352813720703125,-1.30767822265625,-0.0330810546875
1749219801258294000,18.7292939453125,0.480926513671875,-1.37506103515625,-0.12347412109375
1749219801268285000,18.739284912109376,0.579742431640625,-1.486328125,-0.2124786376953125
1749219801278275800,18.74927587890625,0.684234619140625,-1.556304931640625,-0.281097412109375
1749219801288266200,18.759266357421875,0.751220703125,-1.586639404296875,-0.31903076171875
1749219801298257200,18.769257080078123,0.8148651123046875,-1.632232666015625,-0.3134002685546875
1749219801308248000,18.779248046875,0.9457244873046875,-1.64190673828125,-0.228118896484375
1749219801318239000,18.789239013671875,1.1328125,-1.5217742919921875,-0.08831787109375
1749219801328230100,18.799230224609374,1.3467254638671875,-1.291534423828125,0.027923583984375
1749219801338221000,18.809220947265626,1.57073974609375,-1.1087799072265625,0.063873291015625
1749219801348212000,18.8192119140625,1.6253662109375,-0.999359130859375,0.0011138916015625
1749219801358203100,18.829203125,1.8182220458984375,-0.832000732421875,-0.156585693359375
1749219801368194000,18.839194091796877,1.9480438232421875,-0.6089935302734375,-0.319305419921875
1749219801378184200,18.84918408203125,1.8593902587890625,-0.493316650390625,-0.4454345703125
1749219801388175000,18.859175048828124,1.5765533447265625,-0.6205902099609375,-0.484649658203125
1749219801398166300,18.869166259765624,0.928009033203125,-1.1141815185546875,-0.3785247802734375
1749219801408157200,18.8791572265625,2.0028228759765625,-2.14691162109375,-0.0292205810546875
1749219801418148000,18.889148193359375,0.1139678955078125,-3.496673583984375,0.0857391357421875
1749219801428139000,18.899138916015627,-0.6090850830078125,-2.271575927734375,-0.0052337646484375
1749219801438130200,18.909130126953126,1.1656494140625,-0.25579833984375,0.0676727294921875
1749219801448121000,18.91912109375,0.1722564697265625,0.040496826171875,0.0111846923828125
1749219801458112000,18.929112060546874,0.3106536865234375,-0.4721832275390625,-0.0655975341796875
1749219801468102000,18.939101806640625,0.759368896484375,-1.3024749755859375,-0.15289306640625
1749219801478093000,18.949093017578125,0.3343048095703125,-1.8849029541015625,0.0463104248046875
1749219801488084000,18.959083984375,0.1909942626953125,-1.5626220703125,0.4234466552734375
1749219801498075100,18.9690751953125,0.357177734375,-1.0823211669921875,0.472625732421875
1749219801508066300,18.97906640625,0.3789215087890625,-0.9871368408203125,0.2677459716796875
1749219801518057200,18.98905712890625,0.31378173828125,-1.0431365966796875,0.0172271728515625
1749219801528048000,18.999048095703124,0.3178863525390625,-1.100189208984375,-0.1891937255859375
1749219801538039000,19.0090390625,0.400543212890625,-1.1150970458984375,-0.228607177734375
1749219801548029200,19.019029296875,0.38385009765625,-1.1045989990234375,-0.2061614990234375
1749219801558020000,19.02902001953125,0.1704254150390625,-1.0890045166015625,-0.1932373046875
1749219801568011000,19.039010986328126,-0.1097412109375,-1.102386474609375,-0.1906585693359375
1749219801578002000,19.049001953125,-0.1830291748046875,-1.130340576171875,-0.1874847412109375
1749219801587993000,19.0589931640625,0.0251922607421875,-1.1151885986328125,-0.1663055419921875
1749219801597984000,19.06898388671875,0.124481201171875,-1.072174072265625,-0.1765289306640625
1749219801607975000,19.078974853515625,0.074310302734375,-1.0290679931640625,-0.2230987548828125
1749219801617966000,19.088966064453125,0.0589599609375,-1.050872802734375,-0.2536163330078125
1749219801627957000,19.09895703125,0.0706634521484375,-1.1374359130859375,-0.2597808837890625
1749219801637947100,19.108947021484376,0.0474853515625,-1.1175079345703125,-0.1927642822265625
1749219801647938000,19.11893798828125,0.057830810546875,-1.019317626953125,-0.0609130859375
1749219801657929200,19.12892919921875,0.06549072265625,-0.973236083984375,-0.0228424072265625
1749219801667920100,19.138920166015627,0.056793212890625,-0.948974609375,-0.0762176513671875
1749219801677911000,19.1489111328125,0.0747222900390625,-0.9179840087890625,-0.153778076171875
1749219801687902000,19.15890185546875,0.099151611328125,-0.917205810546875,-0.239776611328125
1749219801697893000,19.16889306640625,0.0968475341796875,-0.947113037109375,-0.3062896728515625
1749219801707884000,19.178884033203126,0.1100921630859375,-0.9875640869140625,-0.32403564453125
1749219801717874200,19.188874267578125,0.13507080078125,-1.007904052734375,-0.2823638916015625
1749219801727865000,19.198864990234377,0.150665283203125,-0.9863739013671875,-0.20135498046875
1749219801737856300,19.208856201171876,0.1658477783203125,-0.959686279296875,-0.139251708984375
1749219801747847200,19.21884716796875,0.200897216796875,-0.955322265625,-0.1047821044921875
1749219801757838800,19.2288388671875,0.2360992431640625,-0.96966552734375,-0.08111572265625
1749219801767829800,19.238829833984376,0.237060546875,-0.99993896484375,-0.0676727294921875
1749219801777820700,19.248820556640624,0.223480224609375,-1.0391693115234375,-0.063385009765625
1749219801787811800,19.258811767578123,0.1940765380859375,-1.091949462890625,-0.0657958984375
1749219801797802800,19.268802734375,0.13238525390625,-1.1240692138671875,-0.0592498779296875
1749219801807792600,19.278792724609374,0.0756683349609375,-1.0975341796875,-0.0447540283203125
1749219801817783600,19.288783447265626,0.04638671875,-1.0480499267578125,-0.0420379638671875
1749219801827774700,19.298774658203126,0.0477142333984375,-1.0217132568359375,-0.0551605224609375
1749219801837765600,19.308765625,0.098602294921875,-1.0503997802734375,-0.0787506103515625
1749219801847756500,19.318756591796873,0.1275634765625,-1.125640869140625,-0.09735107421875
1749219801857747700,19.328747802734377,0.09869384765625,-1.2076416015625,-0.104278564453125
1749219801867738600,19.338738525390625,0.025115966796875,-1.32086181640625,-0.1175079345703125
1749219801877729500,19.3487294921875,-0.1002960205078125,-1.451690673828125,-0.1537628173828125
1749219801887719700,19.3587197265625,-0.1990509033203125,-1.5407867431640625,-0.2033233642578125
1749219801897710800,19.3687109375,-0.32550048828125,-1.5901947021484375,-0.2515411376953125
1749219801907701800,19.37870166015625,-0.4886322021484375,-1.6566314697265625,-0.319549560546875
1749219801917692700,19.388692626953127,-0.6119537353515625,-1.739898681640625,-0.427032470703125
1749219801927683600,19.39868359375,-0.5676727294921875,-1.7395782470703125,-0.53656005859375
1749219801937674800,19.4086748046875,-0.1632080078125,-1.648162841796875,-0.554718017578125
1749219801947665700,19.418665771484374,0.3377838134765625,-1.5297393798828125,-0.50152587890625
1749219801957656600,19.428656494140625,0.66400146484375,-1.551971435546875,-0.521240234375
1749219801967646700,19.438646728515625,0.4012603759765625,-1.8765106201171875,-0.7945098876953125
1749219801977638000,19.448637939453125,-0.104339599609375,-1.9844970703125,-0.8857269287109375
1749219801987628800,19.45862890625,-0.121337890625,-1.5207061767578125,-0.631072998046875
1749219801997619700,19.46861962890625,-0.0872039794921875,-1.079254150390625,-0.470672607421875
1749219802007611000,19.47861083984375,0.3462677001953125,-0.86492919921875,-0.4412689208984375
1749219802017601800,19.488601806640624,0.667236328125,-0.85992431640625,-0.3674774169921875
1749219802027592700,19.4985927734375,0.44830322265625,-1.18804931640625,-0.2995452880859375
1749219802037583600,19.50858349609375,0.183685302734375,-1.391510009765625,-0.175689697265625
1749219802047573800,19.51857373046875,-0.0408172607421875,-0.9620819091796875,0.0963134765625
1749219802057564700,19.528564697265626,-0.1956787109375,-0.4467010498046875,0.3491668701171875
1749219802067555600,19.5385556640625,-0.2913055419921875,-0.3401947021484375,0.3752899169921875
1749219802077546500,19.54854638671875,-0.287445068359375,-0.4998321533203125,0.202911376953125
1749219802087537700,19.55853759765625,-0.1562652587890625,-0.652313232421875,-0.0166015625
1749219802097528600,19.568528564453125,0.035369873046875,-0.638641357421875,-0.1802825927734375
1749219802107519700,19.578519775390625,0.265594482421875,-0.5241241455078125,-0.28887939453125
1749219802117511000,19.588510986328124,0.3125762939453125,-0.45245361328125,-0.3687591552734375
1749219802127501800,19.598501708984376,0.3636932373046875,-0.4837646484375,-0.3552703857421875
1749219802137491700,19.60849169921875,0.3007965087890625,-0.627777099609375,-0.2527008056640625
1749219802147482600,19.618482666015623,0.1572113037109375,-0.775848388671875,-0.1009368896484375
1749219802157473800,19.628473876953127,0.075408935546875,-0.8290863037109375,0.0314178466796875
1749219802167464700,19.638464599609375,0.111053466796875,-0.80340576171875,0.1039886474609375
1749219802177455600,19.64845556640625,0.1536407470703125,-0.81982421875,0.102569580078125
1749219802187446500,19.658446533203126,0.167724609375,-0.901336669921875,0.0829315185546875
1749219802197437700,19.668437744140626,0.3249359130859375,-0.98663330078125,0.07720947265625
1749219802207428600,19.6784287109375,0.357635498046875,-1.060638427734375,0.0605621337890625
1749219802217418800,19.688418701171877,0.3844451904296875,-1.1163787841796875,0.075408935546875
1749219802227409700,19.69840966796875,0.29522705078125,-1.2060699462890625,0.1182098388671875
1749219802237400800,19.70840087890625,0.2533721923828125,-1.341583251953125,0.1160736083984375
1749219802247391700,19.718391845703124,0.2770843505859375,-1.4974822998046875,0.0065460205078125
1749219802257382700,19.728382568359375,0.37750244140625,-1.6388397216796875,-0.152801513671875
1749219802267373800,19.738373779296875,0.5518341064453125,-1.772369384765625,-0.327911376953125
1749219802277364700,19.74836474609375,0.69195556640625,-1.8667755126953125,-0.51153564453125
1749219802287355600,19.758355712890626,0.82257080078125,-1.868560791015625,-0.63427734375
1749219802297345500,19.768345458984374,1.0041656494140625,-1.801177978515625,-0.58441162109375
1749219802307336700,19.778336669921874,1.044281005859375,-1.7096710205078125,-0.3749847412109375
1749219802317327600,19.78832763671875,1.1762847900390625,-1.5757598876953125,-0.0104522705078125
1749219802327318800,19.79831884765625,1.4030303955078125,-1.38287353515625,0.388885498046875
1749219802337309700,19.808309814453125,1.60223388671875,-1.1490936279296875,0.5481719970703125
1749219802347300900,19.81830078125,1.9351806640625,-0.88336181640625,0.3587646484375
1749219802357291800,19.828291748046876,2.11810302734375,-0.69842529296875,-0.0666046142578125
1749219802367282700,19.83828271484375,2.018646240234375,-0.63818359375,-0.4898529052734375
1749219802377272600,19.8482724609375,1.95098876953125,-0.7336578369140625,-0.7289886474609375
1749219802387263700,19.858263671875,1.720123291015625,-0.93133544921875,-0.59515380859375
1749219802397254700,19.868254638671875,1.3516998291015625,-1.0658416748046875,-0.1603851318359375
1749219802407245600,19.87824560546875,0.031494140625,-1.3287506103515625,0.09075927734375
1749219802417236700,19.88823681640625,-1.257965087890625,-2.230621337890625,0.0483551025390625
1749219802427227600,19.8982275390625,2.17822265625,-3.0709075927734375,-0.2643280029296875
1749219802437218600,19.908218505859374,1.25140380859375,-2.40625,0.103485107421875
1749219802447209500,19.91820947265625,-0.0937042236328125,-0.5565643310546875,0.8646392822265625
1749219802457200600,19.92820068359375,0.1839752197265625,-0.1666412353515625,0.6778411865234375
1749219802467190800,19.938190673828124,-0.229583740234375,-0.6400146484375,0.3506622314453125
1749219802477181700,19.948181640625,0.2718658447265625,-1.0345458984375,0.460968017578125
1749219802487172600,19.958172607421876,0.32000732421875,-1.4048309326171875,0.4744720458984375
1749219802497163800,19.968163818359375,0.1681976318359375,-1.48846435546875,0.2337799072265625
1749219802507154700,19.97815478515625,0.1907806396484375,-1.3647918701171875,0.111968994140625
1749219802517145600,19.9881455078125,0.5677490234375,-1.1031494140625,0.120391845703125
1749219802527136800,19.99813671875,0.578887939453125,-0.9851226806640625,-0.1063690185546875
1749219802537127700,20.008127685546874,0.371063232421875,-1.0160369873046875,-0.3869171142578125
1749219802547117800,20.018117919921874,0.3944854736328125,-1.086517333984375,-0.4787750244140625
1749219802557108700,20.028108642578125,0.2996368408203125,-1.136322021484375,-0.3900146484375
1749219802567100000,20.038099853515625,0.16290283203125,-1.128692626953125,-0.225341796875
1749219802577090800,20.0480908203125,-0.02386474609375,-1.1286468505859375,-0.11444091796875
1749219802587081700,20.058081787109376,-0.11041259765625,-1.143402099609375,-0.1078643798828125
1749219802597072600,20.06807275390625,0.0005340576171875,-1.1238250732421875,-0.1782989501953125
1749219802607063800,20.078063720703124,0.08270263671875,-1.0926361083984375,-0.2478790283203125
1749219802617054700,20.0880546875,0.1143798828125,-1.064239501953125,-0.2885894775390625
1749219802627044600,20.098044677734375,0.0629730224609375,-1.0690460205078125,-0.347198486328125
1749219802637035500,20.108035400390627,0.014739990234375,-1.099853515625,-0.398773193359375
1749219802647026700,20.118026611328126,0.104278564453125,-1.0925445556640625,-0.2895965576171875
1749219802657017600,20.128017578125,0.126800537109375,-1.05584716796875,-0.1230010986328125
1749219802667008500,20.138008544921874,0.100250244140625,-0.98663330078125,-0.0623321533203125
1749219802676999700,20.147999755859374,0.08624267578125,-0.9021148681640625,-0.1137847900390625
1749219802686990800,20.157990966796874,0.1141510009765625,-0.8600616455078125,-0.2092742919921875
1749219802696981800,20.167981689453125,0.1312408447265625,-0.881317138671875,-0.3033905029296875
1749219802706971600,20.1779716796875,0.1407470703125,-0.89739990234375,-0.3545989990234375
1749219802716962600,20.187962646484376,0.135589599609375,-0.884857177734375,-0.3773345947265625
1749219802726953700,20.19795361328125,0.113250732421875,-0.891510009765625,-0.3926544189453125
1749219802736944600,20.207944580078124,0.153350830078125,-0.9219512939453125,-0.3914031982421875
1749219802746935600,20.217935546875,0.2059478759765625,-0.920501708984375,-0.3577728271484375
1749219802756925700,20.22792578125,0.2346954345703125,-0.8870849609375,-0.2788543701171875
1749219802766916900,20.237916748046874,0.2421112060546875,-0.8787841796875,-0.18475341796875
1749219802776908000,20.247907958984374,0.24346923828125,-0.9181976318359375,-0.1060028076171875
1749219802786898000,20.25789794921875,0.226409912109375,-0.9852142333984375,-0.066741943359375
1749219802796888800,20.267888916015625,0.180023193359375,-1.0477752685546875,-0.071136474609375
1749219802806879700,20.277879638671877,0.134246826171875,-1.089691162109375,-0.0909271240234375
1749219802816871000,20.287870849609376,0.1049652099609375,-1.0916290283203125,-0.107147216796875
1749219802826861800,20.29786181640625,0.1061553955078125,-1.093231201171875,-0.0894622802734375
1749219802836852700,20.307852783203124,0.0858917236328125,-1.1148681640625,-0.0553741455078125
1749219802846843600,20.31784375,0.0648956298828125,-1.118927001953125,-0.018951416015625
1749219802856834800,20.327834716796875,0.0483551025390625,-1.16400146484375,-0.0104522705078125
1749219802866825000,20.337824951171875,-0.0015716552734375,-1.244354248046875,-0.0478057861328125
1749219802876816000,20.34781591796875,-0.0747528076171875,-1.32720947265625,-0.103729248046875
1749219802886806800,20.357806884765626,-0.180389404296875,-1.4403839111328125,-0.1530914306640625
1749219802896798000,20.3677978515625,-0.31549072265625,-1.5491943359375,-0.19403076171875
1749219802906788900,20.377788818359374,-0.4710235595703125,-1.6469573974609375,-0.2078704833984375
1749219802916779800,20.38777978515625,-0.735565185546875,-1.8246002197265625,-0.210052490234375
1749219802926771000,20.39777099609375,-0.9752349853515625,-2.045623779296875,-0.2469024658203125
1749219802936761900,20.407761962890625,-0.83135986328125,-2.0563201904296875,-0.368682861328125
1749219802946751700,20.417751708984376,-0.5869598388671875,-1.91064453125,-0.532012939453125
1749219802956742700,20.42774267578125,-0.0406036376953125,-1.7169952392578125,-0.585479736328125
1749219802966733800,20.43773388671875,0.3907470703125,-1.662078857421875,-0.630462646484375
1749219802976724700,20.447724853515624,0.20257568359375,-1.867156982421875,-0.858154296875
1749219802986716000,20.4577158203125,-0.11883544921875,-1.8146820068359375,-0.93011474609375
1749219802996706800,20.467706787109375,0.1903228759765625,-1.3406829833984375,-0.5989990234375
1749219803006698000,20.477697998046875,0.4729461669921875,-1.0716705322265625,-0.3074188232421875
1749219803016689000,20.48768896484375,0.34649658203125,-1.140045166015625,-0.2057037353515625
1749219803026678800,20.4976787109375,-0.1414337158203125,-1.3907928466796875,-0.370574951171875
1749219803036669700,20.507669677734373,-0.3373565673828125,-1.380157470703125,-0.3337554931640625
1749219803046660900,20.517660888671877,-0.426361083984375,-0.9234466552734375,0.0389404296875
1749219803056651800,20.52765185546875,-0.5183563232421875,-0.5291748046875,0.3102569580078125
1749219803066642700,20.537642578125,-0.40423583984375,-0.4299163818359375,0.3279266357421875
1749219803076633900,20.5476337890625,-0.3390045166015625,-0.55206298828125,0.145782470703125
1749219803086624800,20.557624755859376,-0.1772003173828125,-0.6560516357421875,-0.04766845703125
1749219803096615700,20.56761572265625,0.1205596923828125,-0.6081695556640625,-0.1308135986328125
1749219803106605800,20.577605712890627,0.2646026611328125,-0.5542144775390625,-0.1385650634765625
1749219803116597000,20.587596923828126,0.2917633056640625,-0.599334716796875,-0.160003662109375
1749219803126588000,20.597587890625,0.2373046875,-0.6794586181640625,-0.19036865234375
1749219803136578800,20.607578857421874,0.18975830078125,-0.7371978759765625,-0.16534423828125
1749219803146569700,20.61756982421875,0.1961517333984375,-0.7598419189453125,-0.0757904052734375
1749219803156561000,20.627560791015625,0.1863555908203125,-0.7744903564453125,0.021820068359375
1749219803166551800,20.6375517578125,0.2071380615234375,-0.8246612548828125,0.057098388671875
1749219803176542700,20.647542724609377,0.31793212890625,-0.9275360107421875,0.0388336181640625
1749219803186532600,20.65753271484375,0.3769378662109375,-1.0331878662109375,-0.003692626953125
1749219803196524000,20.66752392578125,0.4498138427734375,-1.0630035400390625,-0.025238037109375
1749219803206515000,20.677514892578124,0.4803314208984375,-1.063629150390625,-0.0397186279296875
1749219803216505900,20.687505859375,0.422454833984375,-1.1235198974609375,-0.0588531494140625
1749219803226497000,20.6974970703125,0.426666259765625,-1.235809326171875,-0.089996337890625
1749219803236488000,20.707488037109375,0.4865875244140625,-1.3821258544921875,-0.1610870361328125
1749219803246478800,20.717478759765626,0.5253143310546875,-1.5333099365234375,-0.2873382568359375
1749219803256469800,20.7274697265625,0.6109466552734375,-1.635955810546875,-0.41888427734375
1749219803266459600,20.737459716796874,0.7835540771484375,-1.70355224609375,-0.53765869140625
1749219803276450800,20.747450927734373,0.9585723876953125,-1.78326416015625,-0.625732421875
1749219803286441700,20.757441650390625,1.1343231201171875,-1.8047943115234375,-0.612213134765625
1749219803296432600,20.7674326171875,1.1906890869140625,-1.7570953369140625,-0.4889068603515625
1749219803306423800,20.777423828125,1.1475830078125,-1.648651123046875,-0.2771148681640625
1749219803316414700,20.787414794921876,1.33770751953125,-1.4625244140625,0.0265350341796875
1749219803326406000,20.797406005859376,1.659820556640625,-1.3408050537109375,0.3185577392578125
1749219803336397000,20.80739697265625,1.8149261474609375,-1.1969451904296875,0.475555419921875
1749219803346387000,20.817386962890627,1.8465118408203125,-0.81121826171875,0.374359130859375
1749219803356377900,20.8273779296875,2.0230255126953125,-0.43914794921875,-0.03204345703125
1749219803366368800,20.83736865234375,1.988128662109375,-0.356903076171875,-0.42254638671875
1749219803376359700,20.847359619140626,1.8964385986328125,-0.5411376953125,-0.630767822265625
1749219803386350800,20.857350830078126,1.6112518310546875,-0.8369598388671875,-0.437713623046875
1749219803396341800,20.867341796875,1.234771728515625,-1.0114593505859375,0.0407562255859375
1749219803406332700,20.877332763671873,-1.2339935302734375,-1.405548095703125,0.2737274169921875
1749219803416323800,20.88732373046875,-2.42132568359375,-2.484588623046875,0.4766693115234375
1749219803426314000,20.89731396484375,3.0949554443359375,-3.1473846435546875,0.1879730224609375
1749219803436305000,20.907304931640624,1.76251220703125,-2.429718017578125,-0.3840179443359375
1749219803446295800,20.9172958984375,-0.0345001220703125,-0.7708587646484375,-0.2888946533203125
1749219803456287000,20.927286865234375,-0.288970947265625,-0.26763916015625,0.00262451171875
1749219803466278000,20.93727783203125,0.431182861328125,-0.29095458984375,0.3543243408203125
1749219803476268800,20.947268798828127,0.7276611328125,-0.91729736328125,0.3657073974609375
1749219803486260000,20.957260009765626,0.3280029296875,-1.6645965576171875,0.4123992919921875
1749219803496251000,20.9672509765625,0.1353912353515625,-1.8827667236328125,0.55145263671875
1749219803506240800,20.97724072265625,0.0421600341796875,-1.4424591064453125,0.519927978515625
1749219803516231700,20.987231689453125,0.295379638671875,-0.929901123046875,0.1765594482421875
1749219803526222600,20.99722265625,0.555999755859375,-0.777099609375,-0.286834716796875
1749219803536213800,21.0072138671875,0.57220458984375,-0.8913116455078125,-0.6568603515625
1749219803546205000,21.017204833984376,0.510711669921875,-1.1065216064453125,-0.69451904296875
1749219803556195800,21.02719580078125,0.3065032958984375,-1.171630859375,-0.417144775390625
1749219803566187000,21.03718701171875,0.14459228515625,-1.1127777099609375,-0.1306915283203125
1749219803576178000,21.047177978515624,-0.0603485107421875,-1.1002960205078125,0.0606689453125
1749219803586167800,21.057167724609375,-0.1994476318359375,-1.1240997314453125,0.1620635986328125
1749219803596158700,21.06715869140625,-0.0719757080078125,-1.102508544921875,0.11688232421875
1749219803606150000,21.07714990234375,0.076202392578125,-1.046875,-0.08282470703125
1749219803616140800,21.087140869140626,0.1073760986328125,-1.016082763671875,-0.267120361328125
1749219803626131700,21.097131591796874,0.0875396728515625,-1.011749267578125,-0.3813018798828125
1749219803636122600,21.10712255859375,0.1119232177734375,-1.02423095703125,-0.42596435546875
1749219803646113800,21.11711376953125,0.062255859375,-1.0395355224609375,-0.445526123046875
1749219803656104700,21.127104736328125,0.0145263671875,-0.995758056640625,-0.357177734375
1749219803666094800,21.1370947265625,0.00164794921875,-0.9579315185546875,-0.168212890625
1749219803676085800,21.147085693359376,-0.0203857421875,-0.9662017822265625,-0.044952392578125
1749219803686077000,21.157076904296876,0.005401611328125,-0.969024658203125,-0.0410919189453125
1749219803696067800,21.16706787109375,0.053009033203125,-0.9521636962890625,-0.1186065673828125
1749219803706058800,21.177058837890623,0.10552978515625,-0.9426422119140625,-0.2127227783203125
1749219803716050000,21.1870498046875,0.1413421630859375,-0.9463653564453125,-0.2867279052734375
1749219803726040800,21.197040771484374,0.1629638671875,-0.9911041259765625,-0.3146209716796875
1749219803736030700,21.20703076171875,0.1796875,-1.0411376953125,-0.2807159423828125
1749219803746021600,21.217021728515626,0.19384765625,-1.0349578857421875,-0.202056884765625
1749219803756013600,21.227013671875,0.186859130859375,-0.9880828857421875,-0.1092376708984375
1749219803766004500,21.23700439453125,0.1814727783203125,-0.9651641845703125,-0.0588226318359375
1749219803775995400,21.246995361328125,0.1796112060546875,-0.9873199462890625,-0.0720367431640625
1749219803785986600,21.256986572265625,0.161376953125,-1.0098724365234375,-0.1329498291015625
1749219803795977500,21.2669775390625,0.1439971923828125,-1.014678955078125,-0.1982421875
1749219803805968600,21.27696875,0.115234375,-1.02020263671875,-0.224822998046875
1749219803815958500,21.28695849609375,0.093505859375,-1.042816162109375,-0.206512451171875
1749219803825949700,21.29694970703125,0.0914459228515625,-1.0921783447265625,-0.156158447265625
1749219803835940600,21.306940673828127,0.0866241455078125,-1.132781982421875,-0.1018524169921875
1749219803845931500,21.316931640625,0.076934814453125,-1.1392059326171875,-0.052154541015625
1749219803855922400,21.32692236328125,0.0661773681640625,-1.1485443115234375,-0.02911376953125
1749219803865913600,21.33691357421875,0.0484161376953125,-1.1902923583984375,-0.047393798828125
1749219803875904500,21.346904541015626,0.0469818115234375,-1.2745208740234375,-0.0881805419921875
1749219803885895400,21.3568955078125,-0.0091400146484375,-1.3732452392578125,-0.143585205078125
1749219803895885600,21.366885498046877,-0.1159515380859375,-1.443634033203125,-0.1912384033203125
1749219803905876700,21.376876708984376,-0.2573394775390625,-1.5030670166015625,-0.233673095703125
1749219803915867600,21.38686767578125,-0.413177490234375,-1.5999908447265625,-0.2888946533203125
1749219803925858600,21.396858642578124,-0.5123748779296875,-1.7749176025390625,-0.3826141357421875
1749219803935849700,21.406849609375,-0.496795654296875,-1.8590240478515625,-0.48370361328125
1749219803945840600,21.416840576171875,-0.4420928955078125,-1.754180908203125,-0.517059326171875
1749219803955831600,21.42683154296875,-0.003448486328125,-1.653045654296875,-0.4719390869140625
1749219803965822500,21.436822509765626,0.531463623046875,-1.6745452880859375,-0.4666900634765625
1749219803975812600,21.4468125,0.451629638671875,-1.9150848388671875,-0.6378936767578125
1749219803985803500,21.456803466796874,-0.3838348388671875,-2.0655059814453125,-0.6962738037109375
1749219803995794400,21.46679443359375,-0.4914703369140625,-1.6030120849609375,-0.35357666015625
1749219804005785300,21.476785400390625,-0.334136962890625,-1.0730743408203125,-0.1648712158203125
1749219804015776500,21.486776611328125,0.167144775390625,-0.7840118408203125,-0.3013153076171875
1749219804025767700,21.496767578125,0.616119384765625,-0.7322998046875,-0.4693603515625
1749219804035758600,21.506758544921876,0.5058746337890625,-1.0598907470703125,-0.5264129638671875
1749219804045748500,21.51674853515625,0.2387847900390625,-1.50390625,-0.4493255615234375
1749219804055739600,21.52673974609375,-0.1027984619140625,-1.2465667724609375,-0.046142578125
1749219804065730600,21.53673046875,-0.4088897705078125,-0.5679168701171875,0.3747100830078125
1749219804075721500,21.546721435546875,-0.5290679931640625,-0.276641845703125,0.347320556640625
1749219804085712600,21.556712646484375,-0.3740692138671875,-0.354217529296875,0.0335540771484375
1749219804095703600,21.56670361328125,-0.1109466552734375,-0.5459442138671875,-0.1930084228515625
1749219804105694500,21.576694580078126,0.085479736328125,-0.6542510986328125,-0.257049560546875
1749219804115685400,21.586685302734374,0.283966064453125,-0.6347503662109375,-0.22625732421875
1749219804125675800,21.59667578125,0.3340606689453125,-0.602447509765625,-0.2251434326171875
1749219804135666700,21.606666748046877,0.193634033203125,-0.6258544921875,-0.2252349853515625
1749219804145657600,21.61665771484375,0.105224609375,-0.701324462890625,-0.1615753173828125
1749219804155648500,21.6266484375,0.1715850830078125,-0.7756500244140625,-0.027679443359375
1749219804165639700,21.6366396484375,0.1127777099609375,-0.865386962890625,0.07891845703125
1749219804175630600,21.646630615234375,0.135009765625,-0.9010009765625,0.1364898681640625
1749219804185621500,21.65662158203125,0.1728363037109375,-0.8969573974609375,0.1481170654296875
1749219804195612700,21.66661279296875,0.22857666015625,-0.9129638671875,0.1264190673828125
1749219804205602600,21.6766025390625,0.2594757080078125,-0.9835205078125,0.087432861328125
1749219804215593500,21.686593505859374,0.323577880859375,-1.052215576171875,0.07513427734375
1749219804225584400,21.69658447265625,0.351959228515625,-1.1203155517578125,0.09332275390625
1749219804235575600,21.706575439453125,0.340850830078125,-1.22186279296875,0.1197052001953125
1749219804245566700,21.716566650390625,0.3777313232421875,-1.3768768310546875,0.08514404296875
1749219804255557600,21.7265576171875,0.371612548828125,-1.569793701171875,-0.0286712646484375
1749219804265548500,21.736548583984376,0.4143218994140625,-1.710052490234375,-0.1223602294921875
1749219804275539700,21.746539794921876,0.5832061767578125,-1.8080902099609375,-0.2677001953125
1749219804285529600,21.756529541015624,0.8751068115234375,-1.938873291015625,-0.49334716796875
1749219804295520500,21.7665205078125,1.186279296875,-2.0065765380859375,-0.6427154541015625
1749219804305511400,21.776511474609375,1.2940216064453125,-1.84893798828125,-0.6108551025390625
1749219804315502600,21.786502685546875,1.3065032958984375,-1.576324462890625,-0.475494384765625
1749219804325493500,21.796493408203126,1.5163116455078125,-1.297149658203125,-0.2008819580078125
1749219804335484400,21.806484375,1.8522491455078125,-1.21075439453125,0.1482696533203125
1749219804345475600,21.8164755859375,1.9188385009765625,-1.098236083984375,0.383514404296875
1749219804355465700,21.8264658203125,2.0817718505859375,-0.671539306640625,0.334136962890625
1749219804365456600,21.83645654296875,2.0629730224609375,-0.3541412353515625,0.0399017333984375
1749219804375447600,21.846447509765625,1.793182373046875,-0.4269256591796875,-0.3613739013671875
1749219804385438700,21.856438720703125,1.754180908203125,-0.7083282470703125,-0.700653076171875
1749219804395429600,21.8664296875,0.9735870361328125,-1.0487518310546875,-0.735504150390625
1749219804405420500,21.876420654296876,-0.7421112060546875,-1.757415771484375,-0.34417724609375
1749219804415411500,21.886411376953124,2.4594573974609375,-3.28582763671875,-0.458282470703125
1749219804425402600,21.896402587890623,2.661468505859375,-3.846893310546875,-0.7975006103515625
1749219804435392500,21.906392578125,-0.3797760009765625,-1.3037261962890625,0.33038330078125
1749219804445383400,21.916383544921874,0.0843658447265625,-0.05682373046875,1.281646728515625
1749219804455374600,21.92637451171875,0.3008270263671875,-0.135528564453125,1.349517822265625
1749219804465365800,21.93636572265625,0.0777587890625,-0.4468841552734375,0.9430389404296875
1749219804475356700,21.946356689453125,-0.334625244140625,-1.0149078369140625,0.50616455078125
1749219804485347600,21.95634765625,0.29327392578125,-1.572784423828125,0.085601806640625
1749219804495338800,21.9663388671875,0.508636474609375,-1.8522186279296875,-0.1154327392578125
1749219804505328600,21.97632861328125,0.708221435546875,-1.4879913330078125,-0.1430816650390625
1749219804515319600,21.986319580078124,0.51910400390625,-1.0441741943359375,-0.349273681640625
1749219804525310500,21.996310546875,0.4301300048828125,-0.87139892578125,-0.552459716796875
1749219804535301600,22.006301513671875,0.4497833251953125,-0.9356536865234375,-0.487823486328125
1749219804545292500,22.01629248046875,0.196380615234375,-1.1297760009765625,-0.2725982666015625
1749219804555283500,22.026283447265627,0.0399169921875,-1.282501220703125,-0.0662689208984375
1749219804565274400,22.0362744140625,-0.029296875,-1.3119354248046875,0.0520782470703125
1749219804575265500,22.046265625,-0.00494384765625,-1.1879425048828125,0.0656280517578125
1749219804585255700,22.056255615234374,0.0375213623046875,-1.073516845703125,-0.04119873046875
1749219804595246600,22.06624658203125,0.0699462890625,-1.0381011962890625,-0.1984710693359375
1749219804605237500,22.076237548828125,0.137847900390625,-0.9983978271484375,-0.287811279296875
1749219804615228700,22.086228759765625,0.2216033935546875,-0.9847869873046875,-0.328369140625
1749219804625219600,22.096219482421876,0.2433013916015625,-1.03277587890625,-0.333526611328125
1749219804635210500,22.10621044921875,0.2015838623046875,-1.05767822265625,-0.2599334716796875
1749219804645201700,22.11620166015625,0.177703857421875,-1.0140380859375,-0.159576416015625
1749219804655192600,22.126192626953124,0.1685028076171875,-0.954315185546875,-0.1107330322265625
1749219804665182500,22.136182373046875,0.1451568603515625,-0.8965911865234375,-0.10736083984375
1749219804675173600,22.146173583984375,0.1339569091796875,-0.8642578125,-0.131622314453125
1749219804685164500,22.15616455078125,0.144866943359375,-0.88616943359375,-0.18157958984375
1749219804695155700,22.16615576171875,0.163299560546875,-0.923248291015625,-0.259246826171875
1749219804705146600,22.176146728515626,0.1895904541015625,-0.9143829345703125,-0.32464599609375
1749219804715137500,22.186137451171874,0.20050048828125,-0.8707122802734375,-0.3400421142578125
1749219804725128700,22.196128662109373,0.1942138671875,-0.8411102294921875,-0.31854248046875
1749219804735118600,22.20611865234375,0.1968231201171875,-0.8622283935546875,-0.2855224609375
1749219804745109500,22.216109619140624,0.2190399169921875,-0.9029693603515625,-0.22222900390625
1749219804755100000,22.226099853515624,0.2267303466796875,-0.922821044921875,-0.1424407958984375
1749219804765090800,22.2360908203125,0.2191619873046875,-0.935821533203125,-0.08941650390625
1749219804775082000,22.24608203125,0.2103424072265625,-0.9644927978515625,-0.0765228271484375
1749219804785073200,22.2560732421875,0.201690673828125,-1.002593994140625,-0.0952606201171875
1749219804795064000,22.26606396484375,0.155548095703125,-1.0251922607421875,-0.124755859375
1749219804805055000,22.276054931640626,0.126617431640625,-1.0369415283203125,-0.1470489501953125
1749219804815044900,22.286044921875,0.1292724609375,-1.0661773681640625,-0.16021728515625
1749219804825036000,22.2960361328125,0.1327667236328125,-1.095367431640625,-0.1498260498046875
1749219804835027000,22.30602685546875,0.136627197265625,-1.1014862060546875,-0.1354827880859375
1749219804845017900,22.316017822265625,0.1581878662109375,-1.1129608154296875,-0.133270263671875
1749219804855009000,22.326009033203125,0.134857177734375,-1.1809844970703125,-0.157073974609375
1749219804865000000,22.336,0.095947265625,-1.3098297119140625,-0.2149810791015625
1749219804874990800,22.345990966796876,0.0266265869140625,-1.44500732421875,-0.2784271240234375
1749219804884981800,22.355981689453124,-0.102935791015625,-1.5308074951171875,-0.3204193115234375
1749219804894972200,22.36597216796875,-0.24285888671875,-1.5605621337890625,-0.3349456787109375
1749219804904963000,22.375963134765627,-0.31341552734375,-1.5920257568359375,-0.345306396484375
1749219804914954000,22.3859541015625,-0.3256988525390625,-1.6624908447265625,-0.366180419921875
1749219804924945000,22.39594482421875,-0.1092529296875,-1.671905517578125,-0.3817291259765625
1749219804934936000,22.40593603515625,0.2826080322265625,-1.6663360595703125,-0.4227294921875
1749219804944927000,22.415927001953126,0.3597869873046875,-1.82281494140625,-0.54461669921875
1749219804954918000,22.42591796875,-0.2125091552734375,-2.091644287109375,-0.73468017578125
1749219804964909000,22.435908935546873,-0.5932159423828125,-1.9662933349609375,-0.739471435546875
1749219804974899000,22.44589892578125,-0.507537841796875,-1.4183349609375,-0.5305633544921875
1749219804984890000,22.45589013671875,-0.0477142333984375,-1.1222991943359375,-0.3747406005859375
1749219804994881000,22.465881103515624,0.2342529296875,-1.183837890625,-0.4063720703125
1749219805004872200,22.4758720703125,0.1620941162109375,-1.288482666015625,-0.3601837158203125
1749219805014863000,22.485863037109375,0.18060302734375,-1.2688751220703125,-0.1830902099609375
1749219805024854000,22.49585400390625,0.097808837890625,-1.245758056640625,-0.1108856201171875
1749219805034845000,22.505844970703127,-0.3061370849609375,-1.09783935546875,0.0374755859375
1749219805044835000,22.5158349609375,-0.5215301513671875,-0.8099365234375,0.22393798828125
1749219805054826000,22.525825927734374,-0.41314697265625,-0.5780487060546875,0.3006439208984375
1749219805064817000,22.53581689453125,-0.2379150390625,-0.55926513671875,0.1635589599609375
1749219805074807800,22.545807861328125,0.010467529296875,-0.6342315673828125,-0.0176239013671875
1749219805084799000,22.555799072265625,0.1380157470703125,-0.684326171875,-0.1414947509765625
1749219805094790000,22.565789794921876,0.1376800537109375,-0.6963653564453125,-0.26416015625
1749219805104780800,22.57578076171875,0.1819305419921875,-0.6664581298828125,-0.2883758544921875
1749219805114772000,22.58577197265625,0.1929779052734375,-0.653472900390625,-0.1875457763671875
1749219805124762000,22.59576220703125,0.1111602783203125,-0.7204132080078125,-0.06640625
1749219805134753000,22.6057529296875,0.1338043212890625,-0.794769287109375,0.085784912109375
1749219805144744000,22.615743896484375,0.12847900390625,-0.849395751953125,0.224853515625
1749219805154735000,22.625735107421875,0.101531982421875,-0.882720947265625,0.2983245849609375
1749219805164726000,22.63572607421875,0.1192474365234375,-0.8786773681640625,0.3228302001953125
1749219805174717000,22.645717041015626,0.2133026123046875,-0.8640594482421875,0.3054351806640625
1749219805184707800,22.655707763671874,0.245208740234375,-0.904998779296875,0.27130126953125
1749219805194698000,22.665697998046873,0.2445831298828125,-0.9757080078125,0.2499847412109375
1749219805204689200,22.675689208984377,0.291046142578125,-1.0575714111328125,0.2734375
1749219805214680000,22.68568017578125,0.2674102783203125,-1.1826629638671875,0.2985076904296875
1749219805224671000,22.6956708984375,0.2690887451171875,-1.3059539794921875,0.2493743896484375
1749219805234662100,22.705662109375,0.298553466796875,-1.40350341796875,0.0977935791015625
1749219805244653000,22.715653076171876,0.3333282470703125,-1.4787139892578125,-0.0750579833984375
1749219805254644000,22.72564404296875,0.4864959716796875,-1.55596923828125,-0.2052764892578125
1749219805264635100,22.73563525390625,0.6922760009765625,-1.6877899169921875,-0.3349456787109375
1749219805274625000,22.745625,0.872406005859375,-1.8302001953125,-0.4375762939453125
1749219805284616000,22.755615966796874,0.9973907470703125,-1.8288421630859375,-0.40643310546875
1749219805294606800,22.76560693359375,1.01971435546875,-1.6387176513671875,-0.3136749267578125
1749219805304598000,22.775597900390625,1.2131500244140625,-1.4576873779296875,-0.30242919921875
1749219805314589000,22.7855888671875,1.467926025390625,-1.32843017578125,-0.22930908203125
1749219805324579800,22.795579833984377,1.5410003662109375,-1.0661163330078125,0.00994873046875
1749219805334571000,22.805571044921876,1.7144775390625,-0.8878631591796875,0.008026123046875
1749219805344562200,22.815562255859376,1.9506072998046875,-0.780487060546875,-0.26617431640625
1749219805354552000,22.825552001953124,1.9177398681640625,-0.611358642578125,-0.57696533203125
1749219805364543000,22.83554296875,1.6648406982421875,-0.5219879150390625,-0.818511962890625
1749219805374534000,22.845533935546875,1.4451141357421875,-0.779144287109375,-0.9193267822265625
1749219805384525000,22.855525146484375,3.5602874755859375,-1.459320068359375,-0.629180908203125
1749219805394516000,22.865515869140626,4.3008575439453125,-2.8784637451171875,-0.096923828125
1749219805404507000,22.8755068359375,-2.5518035888671875,-3.9828948974609375,0.5691986083984375
1749219805414498000,22.885498046875,-0.3973236083984375,-1.0811614990234375,0.5562591552734375
1749219805424488200,22.89548828125,0.4086456298828125,0.396636962890625,0.3478546142578125
1749219805434479000,22.90547900390625,1.2990264892578125,0.4511566162109375,0.4344635009765625
1749219805444470000,22.915469970703125,1.1183013916015625,-0.4657135009765625,0.3418121337890625
1749219805454461200,22.925461181640625,0.2404937744140625,-1.9893646240234375,-0.434051513671875
1749219805464452000,22.9354521484375,0.2992706298828125,-2.406097412109375,-0.5895233154296875
1749219805474443000,22.945443115234376,0.70294189453125,-1.256622314453125,0.078369140625
1749219805484434000,22.955433837890624,0.665435791015625,-0.6274871826171875,0.216888427734375
1749219805494425000,22.965425048828124,0.46875,-0.822265625,0.1415863037109375
1749219805504415000,22.9754150390625,0.3170013427734375,-1.2099456787109375,0.096527099609375
1749219805514406000,22.985406005859375,0.322052001953125,-1.294189453125,0.036590576171875
1749219805524396800,22.995396728515626,0.44439697265625,-1.14031982421875,-0.0388336181640625
1749219805534388000,23.005387939453126,0.3795166015625,-1.025482177734375,-0.1307373046875
1749219805544379000,23.01537890625,0.31317138671875,-1.0283966064453125,-0.0977325439453125
1749219805554370000,23.0253701171875,0.206146240234375,-1.15863037109375,-0.0456390380859375
1749219805564361200,23.035361328125,0.1502838134765625,-1.2346954345703125,-0.0251312255859375
1749219805574351000,23.04535107421875,0.1933441162109375,-1.2113800048828125,-0.0324859619140625
1749219805584342000,23.055342041015624,0.2775421142578125,-1.1805877685546875,-0.0547332763671875
1749219805594333000,23.0653330078125,0.25164794921875,-1.159881591796875,-0.0904693603515625
1749219805604324000,23.075323974609375,0.186248779296875,-1.117034912109375,-0.1348419189453125
1749219805614315000,23.08531494140625,0.1871795654296875,-1.0866851806640625,-0.1819610595703125
1749219805624306000,23.095305908203127,0.20843505859375,-1.068359375,-0.17596435546875
1749219805634296800,23.105296875,0.2424774169921875,-1.0218505859375,-0.12628173828125
1749219805644288000,23.1152880859375,0.2132568359375,-0.962371826171875,-0.1222381591796875
1749219805654278100,23.125278076171874,0.177001953125,-0.9165802001953125,-0.17034912109375
1749219805664269000,23.13526904296875,0.195037841796875,-0.90130615234375,-0.22265625
1749219805674260000,23.145260009765625,0.2332916259765625,-0.9087677001953125,-0.2377777099609375
1749219805684251100,23.155251220703125,0.2426910400390625,-0.915496826171875,-0.212921142578125
1749219805694242000,23.165241943359376,0.249481201171875,-0.9086151123046875,-0.173736572265625
1749219805704233000,23.17523291015625,0.2541046142578125,-0.8983001708984375,-0.1421051025390625
1749219805714224000,23.18522412109375,0.244720458984375,-0.901458740234375,-0.12969970703125
1749219805724214000,23.195214111328124,0.23291015625,-0.9119873046875,-0.1147003173828125
1749219805734205000,23.205204833984375,0.227508544921875,-0.907440185546875,-0.107391357421875
1749219805744195800,23.21519580078125,0.22979736328125,-0.9067535400390625,-0.12060546875
1749219805754186800,23.225186767578126,0.2335357666015625,-0.9317474365234375,-0.144622802734375
1749219805764178000,23.235177978515626,0.2259521484375,-0.9904022216796875,-0.163055419921875
1749219805774168800,23.2451689453125,0.2276458740234375,-1.049224853515625,-0.1669769287109375
1749219805784159700,23.25515966796875,0.222686767578125,-1.0671844482421875,-0.157379150390625
1749219805794150700,23.265150634765625,0.19024658203125,-1.0523834228515625,-0.15704345703125
1749219805804140800,23.275140869140625,0.1480255126953125,-1.03070068359375,-0.163970947265625
1749219805814131700,23.285131591796876,0.12322998046875,-1.0369110107421875,-0.1699371337890625
1749219805824122600,23.29512255859375,0.1112823486328125,-1.0863494873046875,-0.162811279296875
1749219805834113500,23.305113525390624,0.0468902587890625,-1.130584716796875,-0.138092041015625
1749219805844104700,23.315104736328124,-0.0546112060546875,-1.154266357421875,-0.1251373291015625
1749219805854095600,23.325095703125,-0.1500701904296875,-1.2333221435546875,-0.1450653076171875
1749219805864086500,23.33508642578125,-0.2498779296875,-1.4008026123046875,-0.2067413330078125
1749219805874077700,23.34507763671875,-0.43231201171875,-1.664459228515625,-0.2833251953125
1749219805884067800,23.35506787109375,-0.576446533203125,-1.9906005859375,-0.379180908203125
1749219805894058800,23.365058837890626,-0.54754638671875,-2.0863189697265625,-0.4221649169921875
1749219805904049700,23.375049560546874,-0.4742584228515625,-1.91729736328125,-0.4058685302734375
1749219805914040800,23.385040771484373,-0.0083465576171875,-1.67919921875,-0.380889892578125
1749219805924031700,23.39503173828125,0.8678741455078125,-1.4626312255859375,-0.295684814453125
1749219805934022700,23.405022705078125,0.87725830078125,-1.5840301513671875,-0.49078369140625
1749219805944013600,23.415013671875,0.59832763671875,-1.819488525390625,-0.8801116943359375
1749219805954003700,23.425003662109376,0.4914093017578125,-1.6636810302734375,-0.8118438720703125
1749219805963994600,23.43499462890625,0.1288299560546875,-1.32269287109375,-0.415802001953125
1749219805973985800,23.44498583984375,-0.200592041015625,-1.0895843505859375,-0.1396026611328125
1749219805983976700,23.454976806640627,-0.2231903076171875,-1.0303192138671875,-0.0703582763671875
1749219805993967900,23.4649677734375,-0.3498382568359375,-0.9217376708984375,0.0384674072265625
1749219806003958800,23.474958740234374,-0.263824462890625,-0.678863525390625,0.20843505859375
1749219806013949700,23.48494970703125,-0.0504150390625,-0.56768798828125,0.2209320068359375
1749219806023939600,23.494939697265625,0.076263427734375,-0.62994384765625,0.0330810546875
1749219806033930800,23.5049306640625,0.1728057861328125,-0.6721038818359375,-0.129486083984375
1749219806043921700,23.514921630859376,0.232086181640625,-0.6094512939453125,-0.201934814453125
1749219806053912600,23.52491259765625,0.305145263671875,-0.5095977783203125,-0.26605224609375
1749219806063903700,23.53490380859375,0.227264404296875,-0.5069427490234375,-0.3109283447265625
1749219806073894700,23.544894775390624,0.1506805419921875,-0.5708160400390625,-0.248504638671875
1749219806083885600,23.554885498046875,0.20123291015625,-0.65631103515625,-0.1267547607421875
1749219806093876500,23.56487646484375,0.2104034423828125,-0.742340087890625,-0.0108184814453125
1749219806103866600,23.57486669921875,0.1876068115234375,-0.808380126953125,0.1225128173828125
1749219806113857800,23.58485791015625,0.1707000732421875,-0.8775634765625,0.258697509765625
1749219806123848700,23.5948486328125,0.234100341796875,-0.9391937255859375,0.371246337890625
1749219806133839600,23.604839599609374,0.3031005859375,-0.9591827392578125,0.4312744140625
1749219806143830800,23.614830810546874,0.3097991943359375,-0.9553680419921875,0.4753265380859375
1749219806153821700,23.62482177734375,0.260528564453125,-0.9918212890625,0.5456695556640625
1749219806163812600,23.6348125,0.2975616455078125,-1.0946197509765625,0.6028900146484375
1749219806173803800,23.6448037109375,0.375274658203125,-1.213836669921875,0.5523681640625
1749219806183793700,23.654793701171876,0.38006591796875,-1.2824554443359375,0.3805389404296875
1749219806193784800,23.664784912109376,0.490234375,-1.3159027099609375,0.1954803466796875
1749219806203775700,23.674775634765624,0.74053955078125,-1.355804443359375,-0.0079193115234375
1749219806213766700,23.6847666015625,0.996826171875,-1.4080352783203125,-0.2281341552734375
1749219806223757800,23.6947578125,1.332183837890625,-1.418243408203125,-0.4156341552734375
1749219806233748700,23.704748779296875,1.593658447265625,-1.4232635498046875,-0.444427490234375
1749219806243739600,23.71473974609375,1.4558868408203125,-1.4289703369140625,-0.2445068359375
1749219806253729500,23.7247294921875,1.4246063232421875,-1.409759521484375,0.004058837890625
1749219806263720700,23.734720703125,1.499114990234375,-1.346954345703125,0.140045166015625
1749219806273711600,23.744711669921877,1.5163421630859375,-1.219879150390625,0.18536376953125
1749219806283702500,23.75470263671875,1.5245513916015625,-1.118560791015625,0.1356201171875
1749219806293693700,23.764693603515624,1.6035614013671875,-1.0930328369140625,-0.016204833984375
1749219806303684600,23.7746845703125,1.5596160888671875,-1.0887908935546875,-0.1452178955078125
1749219806313675500,23.784675537109376,1.4718475341796875,-1.0271759033203125,-0.237396240234375
1749219806323665700,23.794665771484375,1.4227294921875,-0.972076416015625,-0.378173828125
1749219806333656800,23.80465673828125,1.2613372802734375,-0.9434661865234375,-0.4754486083984375
1749219806343647700,23.814647705078126,1.0226593017578125,-0.883087158203125,-0.4061431884765625
1749219806353638700,23.824638671875,0.7562255859375,-0.8346405029296875,-0.2466583251953125
1749219806363629600,23.834629638671874,0.3860626220703125,-0.857421875,-0.1850433349609375
1749219806373620700,23.844620849609374,0.0270233154296875,-0.9517059326171875,-0.258026123046875
1749219806383611600,23.854611572265625,-0.402130126953125,-1.07421875,-0.45550537109375
1749219806393602600,23.8646025390625,-0.4804534912109375,-1.57318115234375,-0.7716827392578125
1749219806403592700,23.8745927734375,0.660797119140625,-2.19708251953125,-0.550079345703125
1749219806413584000,23.884583984375,1.28948974609375,-1.93939208984375,0.026397705078125
1749219806423574800,23.89457470703125,0.413238525390625,-0.9414825439453125,0.4147796630859375
1749219806433565700,23.904565673828124,0.0499420166015625,-0.47406005859375,0.396820068359375
1749219806443556900,23.914556884765624,-0.0366973876953125,-0.6487579345703125,0.3550567626953125
1749219806453547800,23.9245478515625,-0.0390167236328125,-1.079132080078125,0.2009735107421875
1749219806463538700,23.93453857421875,0.142059326171875,-1.3038330078125,0.069854736328125
1749219806473528600,23.944528564453126,0.1434478759765625,-1.1983795166015625,-0.0712890625
1749219806483519700,23.954519775390626,-0.11663818359375,-1.02301025390625,-0.2179107666015625
1749219806493510700,23.9645107421875,-0.0229339599609375,-0.9143829345703125,-0.2930450439453125
1749219806503501600,23.97450146484375,0.1525421142578125,-0.9184722900390625,-0.358612060546875
1749219806513492500,23.984492431640625,0.2216033935546875,-1.0111236572265625,-0.3591461181640625
1749219806523483600,23.994483642578125,0.1692047119140625,-1.0665130615234375,-0.2247161865234375
1749219806533474600,24.004474609375,0.0578155517578125,-1.0480804443359375,-0.0585784912109375
1749219806543465700,24.0144658203125,0.0998382568359375,-1.017303466796875,-0.012786865234375
1749219806553455600,24.02445556640625,0.1727142333984375,-1.0409088134765625,-0.084197998046875
1749219806563446800,24.03444677734375,0.1614532470703125,-1.076568603515625,-0.1131591796875
1749219806573437700,24.044437744140627,0.1236572265625,-1.065521240234375,-0.0511474609375
1749219806583428600,24.0544287109375,0.081390380859375,-1.0442047119140625,-0.0075531005859375
1749219806593419800,24.064419677734374,0.09173583984375,-1.0289459228515625,-0.0286102294921875
1749219806603410700,24.07441064453125,0.1431121826171875,-1.0015716552734375,-0.072296142578125
1749219806613401600,24.084401611328126,0.1536865234375,-0.97320556640625,-0.1070098876953125
1749219806623391700,24.094391845703125,0.1698455810546875,-0.95794677734375,-0.1150054931640625
1749219806633383000,24.1043828125,0.183135986328125,-0.9589691162109375,-0.0984649658203125
1749219806643373800,24.114373779296876,0.161956787109375,-0.962158203125,-0.07232666015625
1749219806653364700,24.12436474609375,0.1583251953125,-0.952301025390625,-0.06427001953125
1749219806663355600,24.134355712890624,0.1746368408203125,-0.9266204833984375,-0.088287353515625
1749219806673346800,24.144346923828124,0.1630096435546875,-0.9046630859375,-0.129486083984375
1749219806683337700,24.154337646484375,0.1790618896484375,-0.889984130859375,-0.1615447998046875
1749219806693327600,24.16432763671875,0.194732666015625,-0.8834991455078125,-0.1886138916015625
1749219806703318500,24.174318603515626,0.1936798095703125,-0.890289306640625,-0.2052001953125
1749219806713309700,24.184309814453126,0.1905975341796875,-0.905242919921875,-0.1999359130859375
1749219806723300600,24.194300537109374,0.154937744140625,-0.9295196533203125,-0.18450927734375
1749219806733291500,24.20429150390625,0.1093902587890625,-0.98541259765625,-0.1702117919921875
1749219806743282700,24.21428271484375,0.0938873291015625,-1.0709991455078125,-0.1468048095703125
1749219806753273600,24.224273681640625,0.042633056640625,-1.1422271728515625,-0.1015472412109375
1749219806763264800,24.2342646484375,0.007843017578125,-1.15838623046875,-0.019256591796875
1749219806773255000,24.2442548828125,-0.0033721923828125,-1.120147705078125,0.04290771484375
1749219806783245800,24.254245849609376,-0.011016845703125,-1.0438079833984375,0.0227203369140625
1749219806793236700,24.26423681640625,-0.002716064453125,-0.9673309326171875,-0.0680694580078125
1749219806803228000,24.274227783203123,-0.0000762939453125,-0.9278106689453125,-0.17926025390625
1749219806813218800,24.28421875,-0.0098419189453125,-0.926513671875,-0.2631378173828125
1749219806823209700,24.294209716796875,-0.0318603515625,-0.9387664794921875,-0.291778564453125
1749219806833201000,24.304200927734374,-0.0552978515625,-0.9411468505859375,-0.2796173095703125
1749219806843190800,24.314190673828126,-0.064117431640625,-0.9381256103515625,-0.2595367431640625
1749219806853182000,24.324181884765625,-0.020660400390625,-0.962982177734375,-0.2317962646484375
1749219806863172900,24.3341728515625,0.0380096435546875,-0.998291015625,-0.176025390625
1749219806873163800,24.344163818359377,0.055511474609375,-1.0087738037109375,-0.1072845458984375
1749219806883155000,24.354155029296876,0.045745849609375,-0.997650146484375,-0.0751800537109375
1749219806893145900,24.364145751953124,0.0490264892578125,-0.968780517578125,-0.0799407958984375
1749219806903136800,24.37413671875,0.05487060546875,-0.9402008056640625,-0.1081390380859375
1749219806913126700,24.384126708984375,0.0367584228515625,-0.944366455078125,-0.1470794677734375
1749219806923117800,24.394117919921875,0.0005645751953125,-0.9871978759765625,-0.17559814453125
1749219806933108700,24.404108642578127,0.01617431640625,-1.041595458984375,-0.17474365234375
1749219806943099600,24.414099609375,-0.01397705078125,-1.123046875,-0.139129638671875
1749219806953090800,24.4240908203125,-0.079010009765625,-1.2834930419921875,-0.117584228515625
1749219806963081700,24.434081787109374,-0.068328857421875,-1.5014190673828125,-0.135498046875
1749219806973072600,24.44407275390625,-0.1597900390625,-1.6562347412109375,-0.169342041015625
1749219806983062800,24.454062744140625,-0.2260284423828125,-1.6135711669921875,-0.1461181640625
1749219806993054000,24.464053955078125,-0.083526611328125,-1.458526611328125,-0.0635528564453125
1749219807003044900,24.474044921875,0.0594482421875,-1.38311767578125,-0.0098419189453125
1749219807013035800,24.484035888671876,0.0517120361328125,-1.38653564453125,-0.006744384765625
1749219807023026700,24.494026611328124,0.1904296875,-1.32598876953125,-0.0210418701171875
1749219807033017900,24.504017822265624,0.3135528564453125,-1.2238922119140625,-0.027099609375
1749219807043008800,24.5140087890625,0.3863677978515625,-1.1056365966796875,-0.0462646484375
1749219807052999700,24.523999755859375,0.40203857421875,-0.9906768798828125,-0.1053009033203125
1749219807062989800,24.53398974609375,0.50616455078125,-0.899017333984375,-0.127593994140625
1749219807072981000,24.54398095703125,0.3348388671875,-0.9364471435546875,-0.04364013671875
1749219807082972000,24.553971923828126,-0.03179931640625,-0.970123291015625,0.1215362548828125
1749219807092962800,24.563962890625,-0.2057647705078125,-0.84918212890625,0.2100067138671875
1749219807102954000,24.5739541015625,-0.336578369140625,-0.689483642578125,0.2215423583984375
1749219807112945000,24.58394482421875,-0.3454437255859375,-0.5483856201171875,0.1832733154296875
1749219807122935800,24.593935791015625,-0.3074951171875,-0.496063232421875,0.1402740478515625
1749219807132925700,24.60392578125,-0.2783203125,-0.521392822265625,0.096923828125
1749219807142916900,24.613916748046876,-0.22967529296875,-0.569976806640625,0.094970703125
1749219807152907800,24.62390771484375,-0.1656951904296875,-0.6273651123046875,0.0956878662109375
1749219807162898700,24.633898681640623,-0.0959320068359375,-0.7155303955078125,0.0419158935546875
1749219807172889600,24.6438896484375,-0.0111083984375,-0.80938720703125,-0.04425048828125
1749219807182880800,24.653880859375,0.0895233154296875,-0.892242431640625,-0.1410675048828125
1749219807192872000,24.663871826171874,0.1670074462890625,-0.9681396484375,-0.2328338623046875
1749219807202861800,24.67386181640625,0.2449188232421875,-1.00927734375,-0.295257568359375
1749219807212852700,24.683852783203125,0.321624755859375,-1.045989990234375,-0.3567962646484375
1749219807222844000,24.693843994140625,0.368316650390625,-1.101104736328125,-0.411224365234375
1749219807232834800,24.703834716796877,0.4063568115234375,-1.1496124267578125,-0.4505157470703125
1749219807242825700,24.71382568359375,0.460357666015625,-1.207122802734375,-0.4966888427734375
1749219807252817000,24.72381689453125,0.4948272705078125,-1.2589263916015625,-0.5309906005859375
1749219807262807800,24.733807861328124,0.495697021484375,-1.27679443359375,-0.55853271484375
1749219807272797700,24.743797607421875,0.47186279296875,-1.27972412109375,-0.58978271484375
1749219807282788900,24.753788818359375,0.4124603271484375,-1.298583984375,-0.607940673828125
1749219807292780000,24.763780029296875,0.3542633056640625,-1.34515380859375,-0.610931396484375
1749219807302771000,24.77377099609375,0.251678466796875,-1.4149017333984375,-0.5938873291015625
1749219807312761900,24.783761962890626,0.117095947265625,-1.4351959228515625,-0.484222412109375
1749219807322752800,24.793752685546874,0.038238525390625,-1.3428802490234375,-0.26837158203125
1749219807332744000,24.803743896484374,-0.1735076904296875,-1.2060546875,-0.0142364501953125
1749219807342734800,24.81373486328125,-0.287689208984375,-1.057281494140625,0.2584381103515625
1749219807352724700,24.823724853515625,-0.157501220703125,-1.025482177734375,0.42657470703125
1749219807362715600,24.833715576171876,0.042449951171875,-1.039825439453125,0.444122314453125
1749219807372706800,24.843706787109376,0.3024749755859375,-0.957305908203125,0.267730712890625
1749219807382697700,24.85369775390625,0.558349609375,-0.83831787109375,-0.1876983642578125
1749219807392688600,24.863688720703124,0.4834442138671875,-0.7754669189453125,-0.654510498046875
1749219807402679800,24.8736796875,0.4881591796875,-0.6500701904296875,-0.760406494140625
1749219807412671000,24.8836708984375,0.6869659423828125,-0.5932769775390625,-0.6014556884765625
1749219807422660900,24.893660888671874,0.519775390625,-0.6714630126953125,-0.3631134033203125
1749219807432651800,24.90365185546875,0.379974365234375,-0.751434326171875,-0.172119140625
1749219807442643000,24.913642822265626,0.257598876953125,-0.808929443359375,-0.134857177734375
1749219807452633900,24.9236337890625,0.2827606201171875,-0.7974090576171875,-0.2095184326171875
1749219807462624800,24.933624755859373,0.399383544921875,-0.72406005859375,-0.333160400390625
1749219807472615700,24.94361572265625,0.469024658203125,-0.676361083984375,-0.4069976806640625
1749219807482606800,24.95360693359375,0.3426361083984375,-0.73809814453125,-0.4229278564453125
1749219807492597000,24.963596923828124,-1.069976806640625,-1.290557861328125,-0.5418701171875
1749219807502588000,24.973587890625,-1.020111083984375,-2.1500244140625,-0.402557373046875
1749219807512578800,24.983578857421875,0.355255126953125,-2.4414215087890625,-0.2474212646484375
1749219807522570000,24.993570068359375,0.1180267333984375,-1.349578857421875,-0.075225830078125
1749219807532561000,25.003560791015627,0.1109161376953125,-0.23492431640625,0.04254150390625
1749219807542551800,25.0135517578125,-0.6351470947265625,-0.286376953125,0.1326904296875
1749219807552543000,25.02354296875,-0.1653900146484375,-0.9621429443359375,0.247650146484375
1749219807562532900,25.033532958984374,0.135406494140625,-1.4331207275390625,0.2863006591796875
1749219807572523800,25.043523681640625,-0.1101531982421875,-1.2852783203125,0.2892913818359375
1749219807582514700,25.0535146484375,-0.1379852294921875,-1.044342041015625,0.1280364990234375
1749219807592505900,25.063505859375,-0.0619049072265625,-1.02813720703125,-0.0472564697265625
1749219807602496800,25.073496826171876,0.030609130859375,-1.014007568359375,-0.1581573486328125
1749219807612487700,25.08348779296875,-0.0323028564453125,-0.9467926025390625,-0.300994873046875
1749219807622478800,25.093478759765624,-0.1187744140625,-0.935394287109375,-0.3651275634765625
1749219807632468700,25.10346875,-0.1754608154296875,-0.9900970458984375,-0.272430419921875
1749219807642460000,25.1134599609375,-0.1487884521484375,-0.995025634765625,-0.2062835693359375
1749219807652450800,25.123450927734375,-0.14752197265625,-0.9372711181640625,-0.20745849609375
1749219807662441700,25.133441650390626,-0.2324371337890625,-0.9003143310546875,-0.2665557861328125
1749219807672433000,25.143432861328126,-0.2294464111328125,-0.895355224609375,-0.3182525634765625
1749219807682423800,25.153423828125,-0.1496124267578125,-0.93084716796875,-0.31072998046875
1749219807692414700,25.163414794921874,-0.1390838623046875,-0.9697113037109375,-0.29229736328125
1749219807702406000,25.173406005859373,-0.1528472900390625,-0.9504241943359375,-0.27197265625
1749219807712396000,25.18339599609375,-0.1733856201171875,-0.911956787109375,-0.2386627197265625
1749219807722387000,25.193386962890624,-0.1941680908203125,-0.91033935546875,-0.202606201171875
1749219807732377900,25.2033779296875,-0.218841552734375,-0.9430389404296875,-0.1740264892578125
1749219807742369000,25.213369140625,-0.2946319580078125,-0.9830169677734375,-0.1394500732421875
1749219807752360000,25.22335986328125,-0.17864990234375,-1.024932861328125,-0.0322723388671875
1749219807762350800,25.233350830078123,-0.1760101318359375,-1.0338592529296875,0.0370330810546875
1749219807772341800,25.243341796875,-0.2664337158203125,-0.979888916015625,0.01849365234375
1749219807782331600,25.25333154296875,-0.260009765625,-0.943603515625,-0.0446014404296875
1749219807792322800,25.26332275390625,-0.2000579833984375,-0.96624755859375,-0.124053955078125
1749219807802313700,25.273313720703126,-0.17254638671875,-0.987518310546875,-0.19097900390625
1749219807812304600,25.2833046875,-0.1778564453125,-0.96466064453125,-0.220794677734375
1749219807822295800,25.2932958984375,-0.1877593994140625,-0.9338226318359375,-0.2295074462890625
1749219807832286700,25.30328662109375,-0.1797637939453125,-0.9327392578125,-0.225341796875
1749219807842278000,25.31327783203125,-0.179931640625,-0.948974609375,-0.2208709716796875
1749219807852267800,25.323267822265624,-0.226715087890625,-0.96551513671875,-0.2140960693359375
1749219807862259000,25.333259033203124,-0.236968994140625,-0.97955322265625,-0.170196533203125
1749219807872249900,25.343249755859375,-0.20843505859375,-0.985198974609375,-0.107818603515625
1749219807882240800,25.35324072265625,-0.190460205078125,-0.9830780029296875,-0.0615081787109375
1749219807892231700,25.363231689453126,-0.1913299560546875,-0.9843597412109375,-0.0595855712890625
1749219807902222800,25.373222900390626,-0.186737060546875,-0.983978271484375,-0.0923309326171875
1749219807912213800,25.3832138671875,-0.170745849609375,-0.9767303466796875,-0.1240081787109375
1749219807922204000,25.393203857421874,-0.1636199951171875,-0.977020263671875,-0.139923095703125
1749219807932194800,25.40319482421875,-0.1691436767578125,-0.979278564453125,-0.1505889892578125
1749219807942186000,25.41318603515625,-0.1744537353515625,-0.9712066650390625,-0.15570068359375
1749219807952177000,25.423177001953125,-0.1841583251953125,-0.961029052734375,-0.1551055908203125
1749219807962167800,25.433167724609376,-0.216156005859375,-0.957427978515625,-0.159332275390625
1749219807972159000,25.443158935546876,-0.2814178466796875,-0.9468841552734375,-0.1753692626953125
1749219807982150000,25.45314990234375,-0.2599639892578125,-0.9351806640625,-0.189849853515625
1749219807992139800,25.463139892578123,-0.2527618408203125,-0.93609619140625,-0.194671630859375
1749219808002130700,25.473130615234375,-0.2786865234375,-0.9318695068359375,-0.2036590576171875
1749219808012121900,25.483121826171875,-0.279266357421875,-0.9307403564453125,-0.2013702392578125
1749219808022112800,25.49311279296875,-0.28607177734375,-0.9379730224609375,-0.1885833740234375
1749219808032103700,25.503103759765626,-0.30126953125,-0.954254150390625,-0.16363525390625
1749219808042094600,25.513094482421874,-0.302276611328125,-0.97027587890625,-0.1306915283203125
1749219808052085800,25.523085693359373,-0.2088775634765625,-0.9546051025390625,-0.1270599365234375
1749219808062076000,25.533075927734377,-0.1842041015625,-0.950042724609375,-0.12322998046875
1749219808072066800,25.54306689453125,-0.173797607421875,-0.9794769287109375,-0.11444091796875
1749219808082057700,25.5530576171875,-0.1466217041015625,-1.03204345703125,-0.0738983154296875
1749219808092049000,25.563048828125,-0.1598968505859375,-1.0601043701171875,0.0110931396484375
1749219808102039800,25.573039794921876,-0.194488525390625,-1.030517578125,0.0303192138671875
1749219808112030700,25.58303076171875,-0.24359130859375,-0.9638671875,-0.0185546875
1749219808122022000,25.59302197265625,-0.2532196044921875,-0.92694091796875,-0.042327880859375
1749219808132011800,25.60301171875,-0.266693115234375,-0.9402313232421875,-0.0370635986328125
1749219808142003000,25.6130029296875,-0.218994140625,-0.9613037109375,-0.0350799560546875
1749219808151993900,25.622993896484374,-0.2328948974609375,-0.990997314453125,-0.0303192138671875
1749219808161985000,25.632985107421874,-0.267486572265625,-0.9785003662109375,-0.02978515625
1749219808171976000,25.642975830078125,-0.244964599609375,-0.9452667236328125,-0.0352783203125
1749219808181966800,25.652966796875,-0.2418670654296875,-0.9391021728515625,-0.0436248779296875
1749219808191957800,25.662957763671876,-0.2320098876953125,-0.953948974609375,-0.061004638671875
1749219808201948000,25.672947998046876,-0.254486083984375,-0.9796600341796875,-0.0782928466796875
1749219808211938800,25.682938720703124,-0.2637176513671875,-0.981689453125,-0.091583251953125
1749219808221929700,25.6929296875,-0.2505645751953125,-0.972015380859375,-0.1040191650390625
1749219808231920600,25.702920654296875,-0.2430877685546875,-0.95892333984375,-0.125274658203125
1749219808241911800,25.712911865234375,-0.2084503173828125,-0.9450531005859375,-0.143402099609375
1749219808251902700,25.72290283203125,-0.1936492919921875,-0.9505157470703125,-0.143341064453125
1749219808261893600,25.7328935546875,-0.1949462890625,-0.9533233642578125,-0.121246337890625
1749219808271883800,25.7428837890625,-0.1806793212890625,-0.93682861328125,-0.0890960693359375
1749219808281875000,25.752875,-0.1813507080078125,-0.9377899169921875,-0.04376220703125
1749219808291865900,25.762865966796873,-0.2154388427734375,-0.9629974365234375,0.021209716796875
1749219808301856800,25.772856689453125,-0.2249908447265625,-0.9665985107421875,0.091461181640625
1749219808311848000,25.782847900390625,-0.2358856201171875,-0.95135498046875,0.1380157470703125
1749219808321838800,25.7928388671875,-0.2647247314453125,-0.9532470703125,0.1523590087890625
1749219808331829800,25.802829833984376,-0.2675018310546875,-0.947052001953125,0.136627197265625
1749219808341819600,25.812819580078123,-0.2500457763671875,-0.953094482421875,0.11175537109375
1749219808351810800,25.822810791015623,-0.245513916015625,-0.9630279541015625,0.09393310546875
1749219808361802000,25.832802001953127,-0.238922119140625,-0.9491729736328125,0.0601654052734375
1749219808371793000,25.84279296875,-0.25048828125,-0.9302825927734375,0.0182647705078125
1749219808381783800,25.85278369140625,-0.2637786865234375,-0.9217987060546875,-0.0100250244140625
1749219808391775000,25.86277490234375,-0.228912353515625,-0.9362030029296875,-0.013641357421875
1749219808401766000,25.872765869140625,-0.2056427001953125,-0.9876556396484375,-0.003936767578125
1749219808411755800,25.882755859375,-0.2918243408203125,-1.05023193359375,0.02618408203125
1749219808421746700,25.89274658203125,-0.19342041015625,-1.0525665283203125,0.0823822021484375
1749219808431737900,25.90273779296875,-0.083526611328125,-1.0360870361328125,0.0863037109375
1749219808441728800,25.912728759765624,-0.2185211181640625,-1.02203369140625,0.0336151123046875
1749219808451719700,25.9227197265625,-0.240631103515625,-1.007080078125,-0.0164794921875
1749219808461710800,25.9327109375,-0.214019775390625,-0.995758056640625,-0.058197021484375
1749219808471701800,25.94270166015625,-0.2421875,-0.9807891845703125,-0.0803070068359375
1749219808481692000,25.95269189453125,-0.2346954345703125,-0.9611053466796875,-0.0754852294921875
1749219808491682800,25.962682861328126,-0.2338409423828125,-0.953125,-0.0536956787109375
1749219808501674000,25.972674072265626,-0.2415313720703125,-0.9599151611328125,-0.031951904296875
1749219808511665000,25.982664794921874,-0.2319488525390625,-0.9691314697265625,-0.0145111083984375
1749219808521655800,25.99265576171875,-0.2186737060546875,-0.972076416015625,0.0021209716796875
1749219808531646700,26.002646728515625,-0.21197509765625,-0.973052978515625,0.01171875
1749219808541638000,26.012637939453125,-0.20953369140625,-0.9747772216796875,0.0171966552734375
1749219808551627800,26.022627685546876,-0.2064056396484375,-0.978302001953125,0.01727294921875
1749219808561618700,26.03261865234375,-0.202056884765625,-0.98394775390625,0.014678955078125
1749219808571609900,26.04260986328125,-0.1954803466796875,-0.9857940673828125,0.0093994140625
1749219808581601000,26.05260107421875,-0.197509765625,-0.979461669921875,-0.0004425048828125
1749219808591592000,26.062592041015623,-0.2069244384765625,-0.9794464111328125,-0.009765625
1749219808601582800,26.072582763671875,-0.2185211181640625,-0.99151611328125,-0.011474609375
1749219808611574000,26.082573974609375,-0.2190399169921875,-0.9749908447265625,-0.007415771484375
1749219808621564000,26.09256396484375,-0.214141845703125,-0.97607421875,-0.01458740234375
1749219808631554800,26.102554931640626,-0.2070770263671875,-0.98712158203125,-0.01544189453125
1749219808641545700,26.112545654296873,-0.2057342529296875,-0.9779205322265625,-0.00115966796875
1749219808651536600,26.12253662109375,-0.21337890625,-0.971282958984375,0.0085906982421875
1749219808661527800,26.13252783203125,-0.2176666259765625,-0.972320556640625,0.0111083984375
1749219808671518700,26.142518798828124,-0.2198028564453125,-0.9769134521484375,0.00946044921875
1749219808681509600,26.152509521484376,-0.2221832275390625,-0.979156494140625,0.003631591796875
1749219808691499800,26.162499755859375,-0.2227783203125,-0.976318359375,-0.001129150390625
1749219808701491000,26.172490966796875,-0.2167205810546875,-0.9764251708984375,-0.0084381103515625
1749219808711481900,26.18248193359375,-0.21270751953125,-0.9768829345703125,-0.0126190185546875
1749219808721472800,26.19247265625,-0.2122344970703125,-0.973602294921875,-0.0140380859375
1749219808731464000,26.2024638671875,-0.2169036865234375,-0.968719482421875,-0.0159454345703125
1749219808741454800,26.212454833984374,-0.2235260009765625,-0.969085693359375,-0.0194244384765625
1749219808751445800,26.22244580078125,-0.2285308837890625,-0.974090576171875,-0.02301025390625
1749219808761437400,26.2324375,-0.228363037109375,-0.977386474609375,-0.0211639404296875
1749219808771428400,26.242428466796873,-0.22894287109375,-0.9736175537109375,-0.0122833251953125
1749219808781419300,26.252419189453125,-0.221954345703125,-0.9695281982421875,0.0001373291015625
1749219808791410400,26.262410400390625,-0.216888427734375,-0.9705963134765625,0.0030517578125
1749219808801401300,26.2724013671875,-0.2183685302734375,-0.9770050048828125,-0.0017242431640625
1749219808811392300,26.282392333984376,-0.2193450927734375,-0.9732208251953125,0.0000762939453125
1749219808821383400,26.292383544921876,-0.2205047607421875,-0.9656829833984375,0.0064697265625
1749219808831373600,26.30237353515625,-0.2175445556640625,-0.972503662109375,0.0072021484375
1749219808841364500,26.312364501953127,-0.207122802734375,-0.981536865234375,0.0098114013671875
1749219808851355400,26.32235546875,-0.199798583984375,-0.977691650390625,0.0138702392578125
1749219808861346300,26.33234619140625,-0.202545166015625,-0.9706268310546875,0.01617431640625
1749219808871337500,26.34233740234375,-0.2103729248046875,-0.969970703125,0.011688232421875
1749219808881328400,26.352328369140626,-0.2136993408203125,-0.971466064453125,0.0018463134765625
1749219808891318300,26.362318359375,-0.2150115966796875,-0.9688262939453125,-0.0054168701171875
1749219808901309200,26.37230908203125,-0.2204742431640625,-0.9617462158203125,-0.0057220458984375
1749219808911300400,26.38230029296875,-0.2213897705078125,-0.958984375,-0.00128173828125
1749219808921291300,26.392291259765624,-0.2151947021484375,-0.9772796630859375,-0.0019683837890625
1749219808931282200,26.4022822265625,-0.216217041015625,-0.9818878173828125,-0.0017852783203125
1749219808941273300,26.4122734375,-0.2237091064453125,-0.967803955078125,-0.0021514892578125
1749219808951264300,26.42226416015625,-0.2321319580078125,-0.9610748291015625,-0.0089569091796875
1749219808961254400,26.43225439453125,-0.235687255859375,-0.9683380126953125,-0.0201416015625
1749219808971245300,26.442245361328126,-0.239532470703125,-0.9205169677734375,-0.081695556640625
1749219808981236500,26.452236572265626,-0.208343505859375,-0.9854736328125,-0.047943115234375
1749219808991227400,26.462227294921874,-0.221588134765625,-1.0118255615234375,0.0321502685546875
1749219809001218300,26.47221826171875,-0.2597503662109375,-0.9626007080078125,-0.02117919921875
1749219809011209200,26.482209228515625,-0.229461669921875,-0.984649658203125,-0.0084381103515625
1749219809021200400,26.492200439453125,-0.2247467041015625,-0.97772216796875,0.0146026611328125
1749219809031190300,26.502190185546876,-0.236907958984375,-0.9848175048828125,-0.007659912109375
1749219809041181400,26.512181396484376,-0.22454833984375,-0.9847869873046875,-0.019775390625
1749219809051172400,26.52217236328125,-0.222747802734375,-0.994140625,-0.0001220703125
1749219809061163500,26.53216357421875,-0.2221832275390625,-1.003448486328125,0.032989501953125
1749219809071154400,26.542154541015623,-0.229217529296875,-1.004547119140625,0.0448455810546875
1749219809081145300,26.552145263671875,-0.2487030029296875,-0.9481201171875,0.0445098876953125
1749219809091136500,26.562136474609375,-0.235687255859375,-0.8882904052734375,0.07623291015625
1749219809101126400,26.57212646484375,-0.2184600830078125,-0.9775238037109375,0.024200439453125
1749219809111117300,26.582117431640626,-0.1942901611328125,-1.07366943359375,-0.0471343994140625
1749219809121108200,26.592108154296874,-0.204132080078125,-0.969482421875,-0.023284912109375
1749219809131099400,26.602099365234373,-0.2046966552734375,-0.9229583740234375,-0.03924560546875
1749219809141090300,26.61209033203125,-0.2118988037109375,-0.9834136962890625,-0.0956268310546875
1749219809151081200,26.622081298828125,-0.2048492431640625,-0.9793548583984375,-0.082427978515625
1749219809161072000,26.632072021484376,-0.2145233154296875,-1.002044677734375,-0.0667266845703125
1749219809171062500,26.6420625,-0.2371826171875,-0.980224609375,-0.0184326171875
1749219809181053400,26.652053466796875,-0.2359466552734375,-0.9771881103515625,0.0216522216796875
1749219809191044400,26.66204443359375,-0.2232513427734375,-0.989105224609375,0.0298614501953125
1749219809201035300,26.67203515625,-0.213714599609375,-0.9935760498046875,0.0183258056640625
1749219809211026400,26.6820263671875,-0.2098846435546875,-0.9837493896484375,-0.004669189453125
1749219809221017300,26.692017333984374,-0.2090301513671875,-0.9456634521484375,-0.0016021728515625
1749219809231008300,26.70200830078125,-0.2142333984375,-0.920562744140625,0.0099639892578125
1749219809240998100,26.711998046875,-0.2136993408203125,-0.9340972900390625,-0.02642822265625
1749219809250989300,26.7219892578125,-0.197235107421875,-0.9652099609375,-0.0667724609375
1749219809260980500,26.73198046875,-0.2153778076171875,-0.95904541015625,-0.061981201171875
1749219809270971400,26.741971435546876,-0.2158355712890625,-0.963165283203125,-0.0482330322265625
1749219809280962600,26.751962646484376,-0.21563720703125,-0.96466064453125,-0.0235443115234375
1749219809290953500,26.761953369140624,-0.2196807861328125,-0.9509124755859375,0.007843017578125
1749219809300943400,26.771943359375,-0.201385498046875,-0.969573974609375,-0.0089111328125
1749219809310934300,26.781934326171875,-0.1909942626953125,-1.01776123046875,-0.068206787109375
1749219809320925400,26.791925537109375,-0.2158660888671875,-0.98004150390625,-0.0340423583984375
1749219809330916400,26.801916259765626,-0.192840576171875,-0.931671142578125,0.0419158935546875
1749219809340907300,26.8119072265625,-0.2002410888671875,-0.9331817626953125,0.051910400390625
1749219809350898200,26.821898193359374,-0.19073486328125,-0.97296142578125,0.01287841796875
1749219809360889300,26.831889404296874,-0.1800689697265625,-0.995574951171875,-0.040985107421875
1749219809370879500,26.84187939453125,-0.1700286865234375,-1.0779266357421875,-0.1190948486328125
1749219809380870400,26.851870361328125,-0.146728515625,-1.1850128173828125,-0.15655517578125
1749219809390861300,26.861861328125,-0.183502197265625,-1.0684356689453125,-0.036712646484375
1749219809400852500,26.8718525390625,-0.3550872802734375,-0.799163818359375,0.131988525390625
1749219809410843400,26.881843505859376,-0.24505615234375,-0.7834625244140625,0.1329803466796875
1749219809420834300,26.891834228515624,-0.250030517578125,-0.91729736328125,0.01104736328125
1749219809430825500,26.901825439453123,-0.2099151611328125,-0.99810791015625,0.009033203125
1749219809440815400,26.9118154296875,-0.1642913818359375,-0.963165283203125,0.018096923828125
1749219809450806300,26.92180615234375,-0.1753997802734375,-0.9730987548828125,0.0144195556640625
1749219809460797200,26.931797119140626,-0.1674346923828125,-1.003997802734375,-0.033172607421875
1749219809470788400,26.941788330078126,-0.197601318359375,-0.8862457275390625,-0.0016326904296875
1749219809480779500,26.951779541015625,-0.184478759765625,-0.9026336669921875,0.04364013671875
1749219809490770400,26.9617705078125,-0.2083740234375,-1.030487060546875,0.04925537109375
1749219809500760300,26.97176025390625,-0.089935302734375,-1.04803466796875,0.304107666015625
1749219809510751200,26.981751220703124,-0.1579132080078125,-1.0818634033203125,0.19659423828125
1749219809520742400,26.991742431640624,-0.23883056640625,-0.9501190185546875,0.0871734619140625
1749219809530733300,27.0017333984375,-0.165740966796875,-0.9553375244140625,-0.0246734619140625
1749219809540724200,27.01172412109375,-0.141998291015625,-1.0746307373046875,-0.2027587890625
1749219809550715400,27.02171533203125,-0.1570587158203125,-1.0975341796875,-0.33837890625
1749219809560706300,27.031706298828126,-0.1738739013671875,-1.038360595703125,-0.29315185546875
1749219809570696400,27.041696533203126,-0.1779022216796875,-0.9564666748046875,0.0291748046875
1749219809580687400,27.051687255859374,-0.1912078857421875,-0.9654541015625,0.1197357177734375
1749219809590678500,27.061678466796874,-0.188018798828125,-0.9744720458984375,0.0511474609375
1749219809600669400,27.07166943359375,-0.172882080078125,-0.95538330078125,0.01654052734375
1749219809610660400,27.081660400390625,-0.1737823486328125,-1.0005950927734375,0.0329437255859375
1749219809620651300,27.0916513671875,-0.171234130859375,-0.9908599853515625,0.051025390625
1749219809630642400,27.101642333984376,-0.145050048828125,-0.9931793212890625,0.0693511962890625
1749219809640632300,27.11163232421875,-0.1757354736328125,-0.964813232421875,0.008544921875
1749219809650623200,27.121623291015624,-0.1851348876953125,-0.971771240234375,0.0291748046875
1749219809660614100,27.1316142578125,-0.18182373046875,-0.9752044677734375,0.046722412109375
1749219809670605300,27.141605224609375,-0.1643524169921875,-1.07952880859375,0.014556884765625
1749219809680596200,27.15159619140625,-0.187042236328125,-1.0751495361328125,-0.021087646484375
1749219809690587400,27.16158740234375,-0.139251708984375,-1.1666259765625,-0.15155029296875
1749219809700578600,27.17157861328125,-0.14996337890625,-1.2073211669921875,-0.190185546875
1749219809710568400,27.181568359375,-0.15069580078125,-1.1839447021484375,-0.1944427490234375
1749219809720559400,27.191559326171873,-0.1865997314453125,-1.0720672607421875,-0.1185302734375
1749219809730550300,27.20155029296875,-0.25469970703125,-1.0720977783203125,-0.006561279296875
1749219809740541400,27.21154150390625,-0.1861419677734375,-1.3209381103515625,-0.173919677734375
1749219809750532400,27.221532470703124,-0.2097320556640625,-1.494537353515625,-0.3702850341796875
1749219809760523000,27.23152294921875,-0.28619384765625,-1.8443145751953125,-0.4897918701171875
1749219809770513200,27.24151318359375,-0.01873779296875,-1.72735595703125,-0.2261199951171875
1749219809780504000,27.251504150390623,-0.0969085693359375,-1.4912109375,0.069610595703125
1749219809790495200,27.2614951171875,-0.3131866455078125,-1.424346923828125,0.1134033203125
1749219809800486100,27.271486083984374,-0.59234619140625,-1.4422607421875,0.3507537841796875
1749219809810477000,27.28147705078125,-0.62530517578125,-1.236724853515625,0.48504638671875
1749219809820468200,27.29146826171875,0.1905517578125,-0.7189178466796875,0.36163330078125
1749219809830459100,27.301459228515625,0.4013519287109375,-0.50103759765625,0.2068939208984375
1749219809840449000,27.311448974609377,0.250335693359375,-0.529693603515625,0.1024932861328125
1749219809850440000,27.32143994140625,0.297698974609375,-0.600799560546875,0.015594482421875
1749219809860430800,27.331430908203124,0.199066162109375,-0.6568450927734375,-0.114227294921875
1749219809870422000,27.341422119140624,0.1961669921875,-0.7591705322265625,-0.22833251953125
1749219809880413000,27.351412841796876,-0.0204010009765625,-0.8982391357421875,-0.20928955078125
1749219809890404000,27.361404052734375,-0.6704559326171875,-1.005584716796875,-0.0535888671875
1749219809900394000,27.37139404296875,-0.859832763671875,-1.1019744873046875,-0.1111602783203125
1749219809910385200,27.38138525390625,-0.291595458984375,-1.1925201416015625,-0.316375732421875
1749219809920376000,27.3913759765625,0.0545196533203125,-1.177001953125,-0.361053466796875
1749219809930367000,27.401366943359374,0.04595947265625,-1.1402587890625,-0.3351287841796875
1749219809940358100,27.411358154296874,0.034149169921875,-1.121612548828125,-0.3033447265625
1749219809950349000,27.42134912109375,0.0306396484375,-1.0664215087890625,-0.2952880859375
1749219809960340000,27.431340087890625,0.0420989990234375,-1.0101165771484375,-0.2963714599609375
1749219809970330000,27.441330078125,0.0287933349609375,-1.0028533935546875,-0.2826080322265625
1749219809980321300,27.4513212890625,-0.0031585693359375,-0.9726715087890625,-0.2771759033203125
1749219809990312200,27.461312255859376,0.00994873046875,-0.9268646240234375,-0.28570556640625
1749219810000303000,27.47130322265625,0.045013427734375,-0.896270751953125,-0.294677734375
1749219810010294000,27.4812939453125,0.03887939453125,-0.8975372314453125,-0.2610626220703125
1749219810020285200,27.49128515625,-0.0565032958984375,-0.9407958984375,-0.1276397705078125
1749219810030275000,27.501275146484375,0.08148193359375,-0.8381500244140625,-0.2478485107421875
1749219810040266000,27.511265869140626,0.05047607421875,-0.820526123046875,-0.29638671875
1749219810050257000,27.5212568359375,-0.06500244140625,-0.8268585205078125,-0.3480072021484375
1749219810060248000,27.531248046875,-0.1854705810546875,-0.869171142578125,-0.3734893798828125
1749219810070239000,27.541239013671873,-0.0307159423828125,-0.84832763671875,-0.3779296875
1749219810080230000,27.55122998046875,-1.053009033203125,-0.939208984375,0.0579986572265625
1749219810090221000,27.561220947265625,-0.68603515625,-0.8358612060546875,-0.041473388671875
1749219810100211200,27.571211181640624,0.097381591796875,-0.76220703125,-0.60198974609375
1749219810110202000,27.5812021484375,-0.0076904296875,-0.740081787109375,-0.4839935302734375
1749219810120193000,27.591193115234375,-0.0414276123046875,-0.787506103515625,-0.4914703369140625
1749219810130184200,27.60118408203125,0.114776611328125,-0.87725830078125,-0.5233917236328125
1749219810140175000,27.611175048828127,0.1773834228515625,-0.8981170654296875,-0.5660400390625
1749219810150166000,27.621166015625,0.1861572265625,-0.8682403564453125,-0.6164093017578125
1749219810160157000,27.631156982421874,0.001983642578125,-0.8854827880859375,-0.520111083984375
1749219810170147000,27.64114697265625,-0.1356353759765625,-0.6984405517578125,-0.3193359375
1749219810180138000,27.651137939453125,-0.26129150390625,-0.6190032958984375,-0.1331329345703125
1749219810190129200,27.661129150390625,-0.360382080078125,-0.633575439453125,-0.0454864501953125
1749219810200120000,27.6711201171875,-0.406280517578125,-0.7423248291015625,-0.1266326904296875
1749219810210111200,27.681111328125,-0.5590362548828125,-0.8725738525390625,-0.184539794921875
1749219810220102100,27.69110205078125,-0.7494354248046875,-0.949371337890625,-0.2808380126953125
1749219810230093000,27.701093017578124,-0.7967681884765625,-0.9791259765625,-0.424957275390625
1749219810240083000,27.7110830078125,-0.697479248046875,-0.9633941650390625,-0.5841827392578125
1749219810250074000,27.72107421875,-0.5926055908203125,-0.815216064453125,-0.513427734375
1749219810260065000,27.73106494140625,-0.516845703125,-0.682891845703125,-0.454132080078125
1749219810270056000,27.741055908203126,-0.36041259765625,-0.4505767822265625,-0.3042755126953125
1749219810280047000,27.751047119140626,-0.309173583984375,-0.3874053955078125,-0.2860870361328125
1749219810290038000,27.7610380859375,-0.4920501708984375,-0.572174072265625,-0.3405914306640625
1749219810300029000,27.77102880859375,-0.635711669921875,-0.762054443359375,-0.3161468505859375
1749219810310019000,27.78101904296875,-0.7750396728515625,-0.81427001953125,-0.1995849609375
1749219810320010200,27.79101025390625,-0.932647705078125,-0.8122100830078125,-0.08648681640625
1749219810330001200,27.801001220703125,-0.9573516845703125,-0.7242889404296875,-0.0011749267578125
1749219810339992000,27.810991943359376,-0.8801422119140625,-0.62884521484375,0.0621795654296875
1749219810349983000,27.82098291015625,-0.8675537109375,-0.5763702392578125,0.086273193359375
1749219810359974100,27.83097412109375,-0.8198699951171875,-0.508087158203125,0.1343994140625
1749219810369964000,27.840964111328127,-0.800933837890625,-0.4860687255859375,0.05316162109375
1749219810379955000,27.850954833984375,-0.8535919189453125,-0.47259521484375,-0.0513458251953125
1749219810389945900,27.86094580078125,-0.84039306640625,-0.4683837890625,-0.042022705078125
1749219810399937300,27.870937255859374,-0.795379638671875,-0.4312744140625,0.0992431640625
1749219810409928200,27.88092822265625,-0.7440948486328125,-0.430877685546875,0.1457977294921875
1749219810419919000,27.890919189453125,-0.7427825927734375,-0.4617156982421875,0.1413726806640625
1749219810429909000,27.900908935546877,-0.7841339111328125,-0.485504150390625,0.1085662841796875
1749219810439900200,27.910900146484376,-0.8459625244140625,-0.485931396484375,0.0929718017578125
1749219810449891000,27.92089111328125,-0.89111328125,-0.471099853515625,0.08612060546875
1749219810459882000,27.930882080078124,-0.888214111328125,-0.4351654052734375,0.084228515625
1749219810469873000,27.940872802734376,-0.88433837890625,-0.3918304443359375,0.0466766357421875
1749219810479864000,27.950864013671875,-0.8570556640625,-0.37176513671875,0.001312255859375
1749219810489855000,27.96085498046875,-0.8359375,-0.364715576171875,0.0119171142578125
1749219810499845000,27.97084521484375,-0.830474853515625,-0.386962890625,0.0158233642578125
1749219810509836000,27.9808359375,-0.841888427734375,-0.414031982421875,0.0079193115234375
1749219810519827200,27.9908271484375,-0.8411407470703125,-0.4293212890625,0.024383544921875
1749219810529818000,28.000818115234374,-0.8555755615234375,-0.4184722900390625,0.0491180419921875
1749219810539809000,28.01080908203125,-0.852294921875,-0.4200286865234375,0.0724334716796875
1749219810549800200,28.02080029296875,-0.848968505859375,-0.423980712890625,0.1018218994140625
1749219810559791000,28.030791015625,-0.8479156494140625,-0.416961669921875,0.1299591064453125
1749219810569781000,28.040781005859376,-0.8440704345703125,-0.38824462890625,0.1462554931640625
1749219810579772000,28.05077197265625,-0.855712890625,-0.33935546875,0.1475982666015625
1749219810589763000,28.06076318359375,-0.8648834228515625,-0.30499267578125,0.1323394775390625
1749219810599754000,28.07075390625,-0.868865966796875,-0.2901611328125,0.109344482421875
1749219810609745200,28.0807451171875,-0.8777923583984375,-0.2837371826171875,0.09228515625
1749219810619736000,28.090736083984375,-0.8663787841796875,-0.299591064453125,0.090667724609375
1749219810629726200,28.100726318359374,-0.8530426025390625,-0.3302764892578125,0.091796875
1749219810639717000,28.110717041015626,-0.8650970458984375,-0.3598480224609375,0.09783935546875
1749219810649708000,28.1207080078125,-0.8568572998046875,-0.3650054931640625,0.098358154296875
1749219810659699000,28.130698974609373,-0.8801116943359375,-0.3796234130859375,0.0942840576171875
1749219810669690000,28.140690185546877,-0.9010467529296875,-0.379058837890625,0.0924072265625
1749219810679681000,28.150680908203125,-0.7876739501953125,-0.3491058349609375,0.134368896484375
1749219810689672000,28.160671875,-0.83465576171875,-0.318634033203125,0.197662353515625
1749219810699662000,28.170662109375,-0.935516357421875,-0.3213958740234375,0.2154541015625
1749219810709653200,28.1806533203125,-0.97198486328125,-0.3401947021484375,0.1861724853515625
1749219810719644200,28.19064404296875,-0.9995269775390625,-0.3477783203125,0.1673583984375
1749219810729635000,28.200635009765627,-1.0138397216796875,-0.356475830078125,0.1790008544921875
1749219810739626200,28.210626220703126,-0.9906005859375,-0.3654327392578125,0.186370849609375
1749219810749617200,28.2206171875,-0.9310302734375,-0.3750762939453125,0.185699462890625
