time,seconds_elapsed,z,y,x
1749219782545452000,0.0164521484375,-0.25478169322013855,-1.3865386247634888,1.8957653045654297
1749219782555443000,0.02644287109375,-0.5700576305389404,-1.3566228151321411,2.1734554767608643
1749219782565433000,0.03643310546875,-1.010236382484436,-1.1071383953094482,2.403857946395874
1749219782575424000,0.046424072265625,-1.6269927024841309,-0.7753380537033081,2.5122530460357666
1749219782585415200,0.056415283203125,-2.1889522075653076,-0.8186314702033997,2.4912590980529785
1749219782595406000,0.066406005859375,-2.6427829265594482,-1.315549373626709,2.27011775970459
1749219782605396000,0.07639599609375,-2.9314262866973877,-1.824910044670105,1.8509395122528076
1749219782615387000,0.086386962890625,-2.9736955165863037,-2.197355031967163,1.4819412231445312
1749219782625378000,0.0963779296875,-3.010066032409668,-2.1408286094665527,1.2592602968215942
1749219782635369000,0.106368896484375,-3.116607189178467,-1.4857295751571655,1.0856781005859375
1749219782645359900,0.11635986328125,-3.1887471675872803,-0.8294305801391602,0.9860180616378784
1749219782655350000,0.12635009765625,-3.2475969791412354,-0.21203050017356873,0.9601494669914246
1749219782665341200,0.136341064453125,-3.2213289737701416,0.24859650433063507,0.9283044338226318
1749219782675332000,0.14633203125,-3.1037721633911133,0.5121408104896545,0.8770284652709961
1749219782685323000,0.156322998046875,-2.9689316749572754,0.7091625332832336,0.8006218671798706
1749219782695313000,0.16631298828125,-2.8422226905822754,0.9345484972000122,0.6952546834945679
1749219782705304000,0.176303955078125,-2.6266345977783203,1.033037781715393,0.54648357629776
1749219782715295000,0.186294921875,-2.2427384853363037,0.9686417579650879,0.4156329035758972
1749219782725286000,0.196285888671875,-1.8429380655288696,0.9099925756454468,0.3579280376434326
1749219782735276800,0.20627685546875,-1.5360215902328491,0.8797392845153809,0.33968061208724976
1749219782745266700,0.2162666015625,-1.3514764308929443,0.8890465497970581,0.35361266136169434
1749219782755257600,0.226257568359375,-1.292155385017395,0.9264330267906189,0.4306837320327759
1749219782765248500,0.23624853515625,-1.3445624113082886,0.9119910001754761,0.6472160220146179
1749219782775239700,0.24623974609375,-1.4485361576080322,0.8573223948478699,0.9531147480010986
1749219782785229600,0.2562294921875,-1.5788071155548096,0.7483162879943848,1.2608352899551392
1749219782795220700,0.266220703125,-1.62340247631073,0.6823737621307373,1.5901694297790527
1749219782805211600,0.276211669921875,-1.5567052364349365,0.6341724395751953,1.950189232826233
1749219782815202800,0.286202880859375,-1.3876036405563354,0.6027069091796875,2.358219623565674
1749219782825193700,0.29619384765625,-1.1715368032455444,0.6642147302627563,2.7329633235931396
1749219782835183600,0.30618359375,-0.9131585359573364,0.913119375705719,2.801650047302246
1749219782845174500,0.316174560546875,-0.8297379016876221,0.7893564105033875,2.610229730606079
1749219782855165700,0.326165771484375,-0.9613462686538696,0.26970764994621277,2.440406322479248
1749219782865156600,0.336156494140625,-1.1489596366882324,-0.05696981027722359,2.2632219791412354
1749219782875146800,0.346146728515625,-1.3052773475646973,-0.18969111144542694,2.134207248687744
1749219782885137700,0.3561376953125,-1.410292148590088,-0.22208073735237122,2.106518268585205
1749219782895128800,0.36612890625,-1.506972074508667,-0.12860511243343353,2.1809134483337402
1749219782905119700,0.37611962890625,-1.5674077272415161,-0.010876882821321487,2.3835134506225586
1749219782915109600,0.386109619140625,-1.4499577283859253,0.26885277032852173,2.6242153644561768
1749219782925100500,0.3961005859375,-1.2378658056259155,0.48146888613700867,2.8456943035125732
1749219782935091500,0.406091552734375,-0.9968693852424622,0.661239743232727,3.0295400619506836
1749219782945082600,0.41608251953125,-0.5198721885681152,1.3496825695037842,2.929516077041626
1749219782955073500,0.426073486328125,0.2853715717792511,3.1381847858428955,2.1417887210845947
1749219782965063700,0.436063720703125,0.38713759183883667,3.445202112197876,2.203991174697876
1749219782975054600,0.4460546875,0.09520987421274185,3.8277359008789062,2.4586875438690186
1749219782985045800,0.456045654296875,-0.0349007248878479,3.310129165649414,2.499356985092163
1749219782995036700,0.46603662109375,0.05904494225978851,2.226834297180176,2.245037317276001
1749219783005026600,0.476026611328125,0.20166227221488953,1.037894368171692,1.8187943696975708
1749219783015017500,0.486017578125,0.22779561579227448,0.5458495020866394,1.418293833732605
1749219783025008600,0.496008544921875,0.1278008371591568,0.48675981163978577,1.1446421146392822
1749219783034999600,0.50599951171875,0.005991579964756966,0.4616062343120575,0.9983498454093933
1749219783044990500,0.515990478515625,-0.04098418354988098,0.6977242231369019,0.8633009195327759
1749219783054980600,0.525980712890625,0.11193984746932983,0.5552110075950623,0.696072518825531
1749219783064971800,0.5359716796875,0.3351180851459503,0.16695863008499146,0.5189552903175354
1749219783074962700,0.545962646484375,0.5264393091201782,-0.613511323928833,0.4871102571487427
1749219783084953600,0.55595361328125,0.5879148840904236,-0.7941780686378479,0.49561774730682373
1749219783094943500,0.565943603515625,0.5844951272010803,-0.7397209405899048,0.5358530282974243
1749219783104934700,0.5759345703125,0.6513466238975525,-0.4747936725616455,0.55642169713974
1749219783114925600,0.585925537109375,0.8544169068336487,-0.07739119231700897,0.5554184913635254
1749219783124916500,0.59591650390625,1.0027326345443726,0.2285628765821457,0.5134052634239197
1749219783134907600,0.60590771484375,0.903715193271637,-0.013998906128108501,0.5144438743591309
1749219783144897800,0.615897705078125,0.4698071777820587,-0.06157388165593147,0.32288509607315063
1749219783154888700,0.625888671875,-0.07171279937028885,-0.1738455593585968,-0.03015337511897087
1749219783164879600,0.635879638671875,-0.46653467416763306,-0.275073379278183,-0.2706056535243988
1749219783174870500,0.64587060546875,-0.9609420299530029,-0.20281223952770233,-0.33893120288848877
1749219783184860700,0.655860595703125,-1.2746517658233643,-0.6412013173103333,-0.38804998993873596
1749219783194851600,0.6658515625,-1.0487717390060425,0.04928818717598915,-0.022672023624181747
1749219783204842500,0.675842529296875,-1.1000967025756836,0.3667204678058624,0.2349395453929901
1749219783214833400,0.68583349609375,-1.0309096574783325,0.4512454867362976,0.4498006999492645
1749219783224824600,0.695824462890625,-0.976044774055481,0.026368755847215652,0.5692474842071533
1749219783234814700,0.705814697265625,-0.81151282787323,-0.00014753911818843335,0.5341933369636536
1749219783244805600,0.7158056640625,-0.3224952220916748,0.36255156993865967,0.26423725485801697
1749219783254796500,0.725796630859375,0.10180386155843735,0.499630868434906,-0.1639156937599182
1749219783264787700,0.73578759765625,0.3803441524505615,0.5625549554824829,-0.2835795283317566
1749219783274777600,0.745777587890625,0.5361222624778748,0.43240493535995483,-0.13736265897750854
1749219783284768500,0.7557685546875,0.5783898234367371,0.20526979863643646,0.08488240092992783
1749219783294759400,0.765759521484375,0.6924764513969421,0.25447890162467957,0.36013421416282654
1749219783304750600,0.77575048828125,0.8829811811447144,0.3823247253894806,0.5939940810203552
1749219783314740700,0.78574072265625,1.0103108882904053,0.27776315808296204,0.6900692582130432
1749219783324731600,0.795731689453125,1.1285959482192993,0.2719114124774933,0.7959330677986145
1749219783334722600,0.80572265625,1.3138729333877563,0.3213668465614319,0.8623206615447998
1749219783344713700,0.815713623046875,1.5548040866851807,0.45011284947395325,0.8706459403038025
1749219783354704600,0.82570458984375,1.7046712636947632,0.5535582900047302,0.8534589409828186
1749219783364694500,0.835694580078125,1.7337050437927246,0.5608705282211304,0.8482428789138794
1749219783374685400,0.845685546875,1.6700022220611572,0.44012144207954407,0.8713402152061462
1749219783384676600,0.855676513671875,1.6239393949508667,0.24061846733093262,0.8962964415550232
1749219783394667500,0.86566748046875,1.6100773811340332,0.15058071911334991,0.8929387331008911
1749219783404657700,0.87565771484375,1.5145710706710815,0.09965335577726364,0.8013827204704285
1749219783414648600,0.885648681640625,1.3672360181808472,0.0141754737123847,0.6426066756248474
1749219783424639700,0.8956396484375,1.3700333833694458,-0.11356810480356216,0.43409284949302673
1749219783434630700,0.905630615234375,1.21602201461792,-0.16723665595054626,0.23990367352962494
1749219783444621600,0.91562158203125,0.9492102861404419,-0.2265963852405548,0.03286074474453926
1749219783454611500,0.925611572265625,0.7903087735176086,-0.3461456894874573,-0.08502195030450821
1749219783464602600,0.9356025390625,0.7736110091209412,-0.5042463541030884,-0.08937914669513702
1749219783474593500,0.945593505859375,0.8418140411376953,-0.6423291563987732,-0.04687057062983513
1749219783484584400,0.95558447265625,0.7937812805175781,-0.7474284172058105,-0.06565064936876297
1749219783494574600,0.96557470703125,0.6262481808662415,-0.9181005358695984,-0.13174498081207275
1749219783504565800,0.975565673828125,0.43256446719169617,-1.1840523481369019,-0.2370636761188507
1749219783514556700,0.985556640625,0.2767365276813507,-1.4715880155563354,-0.3446687161922455
1749219783524547600,0.995547607421875,0.1839005947113037,-1.7652941942214966,-0.40598586201667786
1749219783534538500,1.00553857421875,0.14149267971515656,-2.0443003177642822,-0.42399415373802185
1749219783544528600,1.015528564453125,0.018371550366282463,-2.184373617172241,-0.503444492816925
1749219783554519600,1.02551953125,-0.08648642152547836,-2.271143674850464,-0.6436665654182434
1749219783564510500,1.035510498046875,-0.20097438991069794,-2.3395564556121826,-0.8318410515785217
1749219783574501600,1.045501708984375,-0.3303603231906891,-2.1933817863464355,-0.9426639676094055
1749219783584491500,1.055491455078125,-0.3855319917201996,-1.047101616859436,-0.6383868455886841
1749219783594482700,1.065482666015625,-0.38227519392967224,0.8813475966453552,-0.7057424783706665
1749219783604473600,1.0754736328125,-0.6491804122924805,2.4425787925720215,-0.6816813349723816
1749219783614464500,1.085464599609375,-0.8197697401046753,2.4221787452697754,-0.3692837655544281
1749219783624455700,1.09545556640625,-0.6639702916145325,1.6653777360916138,-0.17415182292461395
1749219783634445600,1.105445556640625,-0.24210238456726074,0.5799725651741028,-0.05879487469792366
1749219783644436500,1.1154365234375,0.1327143758535385,-0.41547709703445435,-0.18366357684135437
1749219783654427600,1.125427734375,0.22601954638957977,-0.37679147720336914,-0.4370814561843872
1749219783664418800,1.135418701171875,0.0405503548681736,0.5437045693397522,-0.5143725275993347
1749219783674408700,1.14540869140625,-0.013580789789557457,1.114025592803955,-0.3132287561893463
1749219783684399600,1.155399658203125,-0.12304656207561493,1.376136302947998,-0.19507655501365662
1749219783694390500,1.165390625,0.005883188918232918,1.2216817140579224,-0.1497277021408081
1749219783704381700,1.175381591796875,0.319191038608551,0.7170150876045227,-0.043536823242902756
1749219783714372600,1.18537255859375,0.5087305903434753,0.24138279259204865,0.038538072258234024
1749219783724362500,1.195362548828125,0.4100314676761627,0.04128964990377426,0.062371499836444855
1749219783734357500,1.205357421875,0.07855340093374252,0.05518895387649536,0.02779195085167885
1749219783744348700,1.2153486328125,-0.2911708652973175,0.10041742026805878,-0.06024602800607681
1749219783754339600,1.225339599609375,-0.24451999366283417,-0.01438426598906517,-0.09680324047803879
1749219783764329700,1.235329833984375,-0.07097750157117844,-0.19421368837356567,-0.1876830756664276
1749219783774320600,1.245320556640625,-0.08313776552677155,0.12219861149787903,-0.21885991096496582
1749219783784311800,1.255311767578125,-0.3119158148765564,0.8522115349769592,-0.049851711839437485
1749219783794302700,1.265302734375,-0.48798510432243347,1.2530393600463867,0.04489770159125328
1749219783804293600,1.275293701171875,-0.6293459534645081,1.397438645362854,-0.016637831926345825
1749219783814283500,1.285283447265625,-0.808139979839325,1.5619112253189087,-0.03326154872775078
1749219783824274700,1.295274658203125,-0.9538564085960388,1.7129851579666138,0.030344590544700623
1749219783834265600,1.305265625,-0.9265656471252441,1.7111060619354248,0.164284810423851
1749219783844256500,1.315256591796875,-0.44150522351264954,1.5017019510269165,0.3766074478626251
1749219783854246700,1.32524658203125,0.25197046995162964,1.3737738132476807,0.5371047258377075
1749219783864237800,1.33523779296875,0.5421192049980164,1.5716307163238525,0.5632891654968262
1749219783874228700,1.345228759765625,0.6415935754776001,1.5849158763885498,0.4364790618419647
1749219783884219600,1.3552197265625,0.7801613211631775,1.3821723461151123,0.412436842918396
1749219783894210600,1.36521044921875,0.6404902338981628,1.080466866493225,0.4907715916633606
1749219783904200700,1.37520068359375,0.19243203103542328,1.077957272529602,0.6541940569877625
1749219783914191600,1.385191650390625,0.3026469647884369,1.2324798107147217,0.6765028238296509
1749219783924182500,1.3951826171875,0.4973791539669037,1.1914244890213013,0.40756669640541077
1749219783934173700,1.405173583984375,0.3651556074619293,0.9983357191085815,0.10628090053796768
1749219783944163800,1.415163818359375,0.17103566229343414,0.8707410097122192,0.2093561589717865
1749219783954154800,1.42515478515625,-0.0382792130112648,0.7712548971176147,0.17874310910701752
1749219783964145700,1.435145751953125,-0.2957451045513153,0.254373162984848,0.157466322183609
1749219783974136600,1.445136474609375,-0.4270746409893036,-0.07856724411249161,0.21250879764556885
1749219783984127700,1.455127685546875,-0.39157015085220337,0.05795224756002426,0.006462692748755217
1749219783994117600,1.46511767578125,-0.22364188730716705,-0.08746673166751862,-0.20680883526802063
1749219784004108500,1.475108642578125,-0.13997282087802887,-0.4470975995063782,-0.2924156188964844
1749219784014099700,1.485099609375,-0.3749384582042694,-0.5805960297584534,-0.39432066679000854
1749219784024091000,1.4950908203125,-0.33919429779052734,-1.0366405248641968,-0.4108455777168274
1749219784034080800,1.505080810546875,-0.09011764079332352,-1.7871971130371094,-0.3919656574726105
1749219784044071700,1.51507177734375,-0.46377992630004883,-1.7855504751205444,-0.4422951340675354
1749219784054062600,1.5250625,-1.1349300146102905,-1.346563696861267,-0.5334303379058838
1749219784064053800,1.5350537109375,-1.8814053535461426,-0.8071388602256775,-0.41613835096359253
1749219784074044700,1.545044677734375,-2.5394062995910645,-0.39738836884498596,-0.11630050837993622
1749219784084034600,1.55503466796875,-2.2875776290893555,-0.3018653094768524,0.1993035227060318
1749219784094025700,1.565025634765625,-0.9481511116027832,0.008019843138754368,0.2798130214214325
1749219784104017000,1.575016845703125,-0.08383551239967346,-0.028260400518774986,0.3859836459159851
1749219784114007800,1.5850078125,0.04723915085196495,-0.37150803208351135,0.6240734457969666
1749219784123998700,1.594998779296875,0.07099214941263199,-0.3487590551376343,0.41459664702415466
1749219784133988600,1.604988525390625,0.008531702682375908,0.11637534201145172,0.09250383079051971
1749219784143979800,1.614979736328125,-0.10846894979476929,0.13688381016254425,0.0629613921046257
1749219784153970700,1.624970703125,-0.07933104038238525,0.02695305459201336,0.04334587603807449
1749219784163961600,1.634961669921875,-0.033899642527103424,0.1228119358420372,-0.02269386127591133
1749219784173951700,1.64495166015625,0.1706518977880478,0.3949257433414459,-0.056841976940631866
1749219784183943000,1.65494287109375,0.28043004870414734,0.43616533279418945,-0.053639791905879974
1749219784193933800,1.664933837890625,0.45683759450912476,0.28868693113327026,0.04676404222846031
1749219784203924700,1.6749248046875,0.6004709005355835,0.24671976268291473,0.09181993454694748
1749219784213915600,1.68491552734375,0.695166289806366,0.26564979553222656,0.09773694723844528
1749219784223905800,1.69490576171875,0.7410528063774109,0.42242181301116943,0.08869178593158722
1749219784233896700,1.704896728515625,0.7165013551712036,0.4616382122039795,0.08103173226118088
1749219784243887600,1.7148876953125,0.737978458404541,0.4730069637298584,0.056342899799346924
1749219784253878500,1.72487841796875,0.7412237524986267,0.5390147566795349,0.0322016105055809
1749219784263869700,1.73486962890625,0.7528023719787598,0.5031230449676514,-0.014547783881425858
1749219784273859800,1.74485986328125,0.8542251586914062,0.43538981676101685,-0.0582910031080246
1749219784283850800,1.754850830078125,0.9357066750526428,0.3640674352645874,-0.08659108728170395
1749219784293841700,1.764841552734375,0.8905194997787476,0.3492032587528229,-0.13984498381614685
1749219784303832800,1.774832763671875,0.9392537474632263,0.3037897050380707,-0.11782463639974594
1749219784313822700,1.78482275390625,0.7626145482063293,0.1696295142173767,-0.08691944926977158
1749219784323813600,1.794813720703125,0.5779877305030823,0.26563727855682373,-0.04966289550065994
1749219784333804500,1.804804443359375,0.7129652500152588,0.34328120946884155,-0.035286884754896164
1749219784343795700,1.814795654296875,0.8272619843482971,0.32658183574676514,-0.0015030881622806191
1749219784353786600,1.82478662109375,0.7927215695381165,0.26127395033836365,0.04315199702978134
1749219784363776800,1.83477685546875,0.6814917325973511,0.15580424666404724,-0.06996151059865952
1749219784373767700,1.844767578125,0.6171880960464478,0.13296177983283997,-0.18152159452438354
1749219784383758800,1.8547587890625,0.6331774592399597,0.08265706151723862,-0.2049480825662613
1749219784393749800,1.864749755859375,0.3239825963973999,0.22085168957710266,-0.33818817138671875
1749219784403739600,1.87473974609375,0.5100733637809753,0.3260630667209625,-0.3026789128780365
1749219784413730600,1.88473046875,1.0687295198440552,0.330997109413147,-0.11829681694507599
1749219784423721700,1.8947216796875,1.0108232498168945,0.5947089195251465,-0.20715823769569397
1749219784433712600,1.904712646484375,0.7563414573669434,0.472287654876709,-0.281910240650177
1749219784443703600,1.91470361328125,1.0042718648910522,0.43746522068977356,-0.297821044921875
1749219784453693700,1.924693603515625,0.9533495903015137,0.28697797656059265,-0.24872459471225739
1749219784463684900,1.934684814453125,0.6774858236312866,0.11294998973608017,-0.2546226978302002
1749219784473675800,1.94467578125,0.5039518475532532,-0.0457879938185215,-0.17684002220630646
1749219784483666700,1.954666748046875,0.39677000045776367,0.006833937484771013,-0.15324866771697998
1749219784493657600,1.96465771484375,0.3619363605976105,0.11145515739917755,-0.13567553460597992
1749219784503647700,1.974647705078125,0.3589688241481781,0.15449796617031097,-0.09507591277360916
1749219784513638700,1.984638671875,0.3969196677207947,0.25692394375801086,-0.0943257063627243
1749219784523629600,1.994629638671875,0.30144640803337097,0.2926238775253296,-0.16914720833301544
1749219784533620500,2.004620361328125,0.07169682532548904,0.2243438959121704,-0.22165223956108093
1749219784543611000,2.01461083984375,0.0035547874867916107,0.16151273250579834,-0.2753583490848541
1749219784553601800,2.024601806640625,-0.03623656556010246,0.2261122316122055,-0.2976098358631134
1749219784563592700,2.0345927734375,0.058997273445129395,0.3170786201953888,-0.26431021094322205
1749219784573583600,2.04458349609375,0.24996323883533478,0.26679548621177673,-0.1712614893913269
1749219784583574800,2.05457470703125,0.43495145440101624,0.04775926470756531,-0.059124041348695755
1749219784593564700,2.064564697265625,0.5469536185264587,0.04098524898290634,-0.05307866260409355
1749219784603555600,2.0745556640625,0.6703317761421204,0.06942620873451233,-0.021213674917817116
1749219784613546500,2.08454638671875,0.8035718202590942,-0.004671184346079826,0.05254470184445381
1749219784623537700,2.09453759765625,0.905717670917511,0.02797304466366768,0.11095315217971802
1749219784633528800,2.10452880859375,0.9812968373298645,0.0659760907292366,0.14681313931941986
1749219784643518700,2.114518798828125,1.026537537574768,0.07504921406507492,0.17960119247436523
1749219784653509600,2.124509521484375,1.039555549621582,0.1377735733985901,0.20484556257724762
1749219784663500800,2.134500732421875,1.078559160232544,0.06510869413614273,0.22629225254058838
1749219784673491700,2.14449169921875,1.0380852222442627,0.30282723903656006,0.16957145929336548
1749219784683481600,2.154481689453125,1.02256441116333,0.2739383280277252,0.16983617842197418
1749219784693472500,2.164472412109375,0.9997320175170898,0.23497124016284943,0.1833258867263794
1749219784703463700,2.174463623046875,0.8675811886787415,0.1446208357810974,0.1647665798664093
1749219784713454800,2.184454833984375,0.697334349155426,0.06042233109474182,0.1377916932106018
1749219784723445800,2.19444580078125,0.43002408742904663,-0.01956464722752571,0.09497391432523727
1749219784733436400,2.2044365234375,0.04313948005437851,-0.05513116344809532,0.035417113453149796
1749219784743427600,2.214427490234375,-0.3821399211883545,0.09012137353420258,-0.07714005559682846
1749219784753418500,2.22441845703125,-0.5531463027000427,0.003459712490439415,-0.06279760599136353
1749219784763409400,2.234409423828125,-0.6232166886329651,-0.17085562646389008,-0.007063235621899366
1749219784773400600,2.244400634765625,-0.8318995833396912,-0.26295360922813416,-0.006669886875897646
1749219784783390500,2.254390380859375,-1.09273099899292,-0.4123060703277588,-0.049437858164310455
1749219784793381400,2.26438134765625,-1.268397331237793,-0.5594606399536133,-0.08207090198993683
1749219784803372300,2.274372314453125,-1.4391634464263916,-0.6584159731864929,-0.15394775569438934
1749219784813363500,2.284363525390625,-1.6139509677886963,-0.807390034198761,-0.21432481706142426
1749219784823353600,2.294353515625,-1.7060425281524658,-0.8435421586036682,-0.2995198667049408
1749219784833344500,2.304344482421875,-1.515353798866272,-1.2283926010131836,-0.24671684205532074
1749219784843335400,2.31433544921875,-1.3715910911560059,-1.1358996629714966,-0.3783228099346161
1749219784853326600,2.32432666015625,-1.5469127893447876,-1.0708022117614746,-0.4587007462978363
1749219784863317500,2.3343173828125,-1.6812796592712402,-0.9669820666313171,-0.46030154824256897
1749219784873307400,2.344307373046875,-1.2577595710754395,-0.7699971199035645,-0.07929828763008118
1749219784883298300,2.35429833984375,-0.6051071882247925,-0.740069568157196,0.3487183153629303
1749219784893289200,2.364289306640625,-0.35345685482025146,-0.8258233666419983,0.654598593711853
1749219784903280400,2.3742802734375,-0.3103030025959015,-0.5282782316207886,0.6623055338859558
1749219784913271600,2.384271484375,-0.07774139940738678,-0.5421072244644165,0.6526457071304321
1749219784923261400,2.394261474609375,0.10165738314390182,-0.5557897090911865,0.5403106212615967
1749219784933252400,2.40425244140625,0.19574926793575287,-0.5269692540168762,0.4337434470653534
1749219784943243500,2.414243408203125,0.3823798596858978,-0.5352485179901123,0.41812267899513245
1749219784953234400,2.424234375,0.5883399248123169,-0.2299538403749466,0.33709627389907837
1749219784963224300,2.434224365234375,0.569949746131897,-0.247202068567276,0.2799767851829529
1749219784973215200,2.44421533203125,0.4921433627605438,-0.6071453094482422,0.41424059867858887
1749219784983206400,2.454206298828125,0.5056551694869995,-0.1853240579366684,0.3092886209487915
1749219784993197600,2.464197509765625,0.48205506801605225,0.07670995593070984,0.24312131106853485
1749219785003188500,2.4741884765625,0.511150062084198,0.3342362940311432,0.11137019842863083
1749219785013178400,2.484178466796875,0.7463162541389465,0.5822077393531799,-0.024926921352744102
1749219785023169500,2.49416943359375,1.005402684211731,0.96871018409729,-0.1784275323152542
1749219785033160400,2.504160400390625,1.2085611820220947,1.2168850898742676,-0.32411015033721924
1749219785043151400,2.5141513671875,1.2927830219268799,1.202964186668396,-0.3654562830924988
1749219785053142500,2.524142578125,1.2638957500457764,1.2220170497894287,-0.3207918703556061
1749219785063132400,2.53413232421875,1.1305444240570068,1.0778419971466064,-0.23436562716960907
1749219785073123300,2.544123291015625,1.0596355199813843,0.9667229652404785,-0.11830826848745346
1749219785083114500,2.554114501953125,1.1152660846710205,0.9578026533126831,-0.0633201152086258
1749219785093105700,2.564105712890625,1.0999650955200195,0.9218798279762268,-0.09946933388710022
1749219785103095600,2.574095458984375,1.043565273284912,0.8580380082130432,-0.10802154242992401
1749219785113086500,2.58408642578125,1.1626522541046143,0.7180063128471375,-0.10246112942695618
1749219785123077400,2.594077392578125,1.3437501192092896,0.5567351579666138,-0.1823282688856125
1749219785133068500,2.604068603515625,1.5221326351165771,0.764658510684967,-0.3774586021900177
1749219785143059500,2.6140595703125,1.6217087507247925,1.0697283744812012,-0.5314550995826721
1749219785153049300,2.62404931640625,1.5698610544204712,1.0886331796646118,-0.6576399207115173
1749219785163040500,2.63404052734375,1.7005056142807007,1.1124948263168335,-0.8493422269821167
1749219785173031400,2.644031494140625,1.5602318048477173,0.6987825632095337,-0.6108599305152893
1749219785183022600,2.654022705078125,1.0532658100128174,0.6130777597427368,-0.4046867787837982
1749219785193013500,2.664013427734375,0.7522713541984558,0.6902532577514648,-0.32162198424339294
1749219785203003400,2.67400341796875,0.6346305012702942,-0.11942679435014725,-0.1754107028245926
1749219785212994300,2.683994384765625,0.584884524345398,-0.43155965209007263,-0.16605395078659058
1749219785222985500,2.6939853515625,0.6232792735099792,0.08202669024467468,-0.15784822404384613
1749219785232976400,2.703976318359375,0.6753294467926025,0.02316337637603283,-0.15752331912517548
1749219785242967300,2.71396728515625,1.0025485754013062,0.4107001721858978,-0.3526073098182678
1749219785252957400,2.72395751953125,0.5715708136558533,-0.20287828147411346,-0.22459076344966888
1749219785262948600,2.733948486328125,0.4606882631778717,0.02960849180817604,-0.256059467792511
1749219785272939500,2.743939453125,0.22579717636108398,0.41587895154953003,-0.26255863904953003
1749219785282930400,2.753930419921875,0.18707667291164398,-0.6132284998893738,-0.1521538496017456
1749219785292920300,2.76392041015625,0.08436255156993866,-1.2941508293151855,-0.4326576888561249
1749219785302911500,2.773911376953125,-0.23188649117946625,-1.2400106191635132,-0.5801824331283569
1749219785312902400,2.78390234375,-0.6947808861732483,-1.0544579029083252,-0.38268640637397766
1749219785322893300,2.793893310546875,-0.7533997297286987,-0.621200442314148,-0.16790032386779785
1749219785332884500,2.803884521484375,-0.5168732404708862,-0.2764776647090912,0.046073753386735916
1749219785342874600,2.81387451171875,-0.2216961681842804,-1.0865566730499268,0.3499673306941986
1749219785352865500,2.823865478515625,0.04218766838312149,-2.1414992809295654,0.5046157836914062
1749219785362856400,2.8338564453125,-0.042573027312755585,-1.7022989988327026,0.1970028132200241
1749219785372847600,2.84384765625,0.0032653016969561577,-0.3455853760242462,0.3263096809387207
1749219785382838500,2.853838623046875,0.17510710656642914,0.4224412739276886,0.14227911829948425
1749219785392828400,2.863828369140625,0.3165537118911743,0.46138760447502136,0.23235414922237396
1749219785402819300,2.8738193359375,0.38843774795532227,0.04113838076591492,0.23522795736789703
1749219785412810200,2.883810302734375,0.2004888951778412,0.7531784176826477,-0.07101931422948837
1749219785422801400,2.893801513671875,0.049981940537691116,0.6045817732810974,-0.05796103924512863
1749219785432791600,2.90379150390625,-0.052442699670791626,0.5428414344787598,-0.134041428565979
1749219785442782500,2.913782470703125,-0.07393015176057816,0.7028611898422241,-0.16380278766155243
1749219785452773400,2.9237734375,-0.03923741728067398,0.7173269391059875,-0.16562704741954803
1749219785462764500,2.9337646484375,-0.07330350577831268,0.6289504766464233,-0.10402919352054596
1749219785472755500,2.94375537109375,0.13856133818626404,0.5476609468460083,-0.1362193524837494
1749219785482745300,2.953745361328125,0.025644376873970032,0.549702525138855,-0.12015676498413086
1749219785492736300,2.963736328125,-0.4076988101005554,0.42830395698547363,-0.33875197172164917
1749219785502727400,2.9737275390625,0.16815651953220367,-0.7336534857749939,-0.3033604025840759
1749219785512718300,2.98371826171875,0.26850417256355286,-0.9852033853530884,-0.4536263346672058
1749219785522709200,2.993709228515625,0.6231067180633545,-0.9456839561462402,-0.7078847289085388
1749219785532699400,3.003699462890625,0.646973729133606,-1.4371341466903687,-0.24827958643436432
1749219785542690600,3.013690673828125,0.5707140564918518,-0.9711480736732483,0.09519895166158676
1749219785552681500,3.023681396484375,0.5192722082138062,-0.35153087973594666,0.04399488866329193
1749219785562672400,3.03367236328125,0.5658016204833984,-0.6012227535247803,0.3210435211658478
1749219785572662300,3.043662353515625,0.4639069437980652,-2.675971508026123,0.70637446641922
1749219785582653400,3.0536533203125,0.2928664982318878,-3.19876766204834,0.7726597189903259
1749219785592644400,3.063644287109375,0.6402497291564941,-2.990893602371216,0.6794461607933044
1749219785602635300,3.07363525390625,0.3602740168571472,-2.518036365509033,0.13552427291870117
1749219785612626400,3.08362646484375,0.10353518277406693,-1.659239649772644,-0.255534827709198
1749219785622616600,3.093616455078125,0.23456217348575592,-1.4514174461364746,-0.12091416865587234
1749219785632607500,3.103607421875,0.1794768124818802,-2.165050506591797,0.07302707433700562
1749219785642598400,3.113598388671875,0.0790277048945427,-2.600452184677124,0.28910529613494873
1749219785652589600,3.123589599609375,0.1502411663532257,-2.295996904373169,0.35024455189704895
1749219785662580500,3.13358056640625,0.2739971876144409,-1.3491952419281006,0.18398794531822205
1749219785672570400,3.1435703125,0.395698606967926,0.11991681903600693,-0.12429851293563843
1749219785682561300,3.153561279296875,0.4862905442714691,0.4495477080345154,-0.09549695998430252
1749219785692552400,3.163552490234375,0.5020537972450256,0.48263615369796753,0.043539222329854965
1749219785702543600,3.173543701171875,0.6226819157600403,0.7636579871177673,0.1574239730834961
1749219785712534500,3.183534423828125,0.7843112945556641,1.1433459520339966,0.10471336543560028
1749219785722524400,3.1935244140625,0.8878358602523804,1.1526832580566406,-0.04151894897222519
1749219785732511000,3.203510986328125,0.9050667881965637,0.7628135085105896,-0.21736693382263184
1749219785742502100,3.213502197265625,1.0028764009475708,0.40399008989334106,-0.2828359603881836
1749219785752493000,3.2234931640625,0.627554178237915,-0.9050936698913574,-0.13378523290157318
1749219785762484000,3.23348388671875,0.21996724605560303,-0.4600216746330261,-0.27018406987190247
1749219785772474000,3.24347412109375,-0.009304818697273731,0.266855388879776,-0.2974199652671814
1749219785782465300,3.25346533203125,-0.039383359253406525,0.24204139411449432,-0.1977892369031906
1749219785792456200,3.263456298828125,-0.1883789598941803,0.10399537533521652,-0.16326987743377686
1749219785802447000,3.273447021484375,-0.13501028716564178,-0.006728210020810366,-0.1718476563692093
1749219785812438000,3.28343798828125,0.09764853119850159,0.022881880402565002,-0.044801026582717896
1749219785822428200,3.29342822265625,0.2095971703529358,-0.09877291321754456,0.03363838791847229
1749219785832419000,3.303419189453125,0.1705150157213211,-0.20211687684059143,0.1145247146487236
1749219785842410000,3.313409912109375,0.06653028726577759,-0.2887026369571686,0.16443927586078644
1749219785852401000,3.32340087890625,-0.06695586442947388,-0.40307608246803284,0.11769494414329529
1749219785862391000,3.33339111328125,-0.1916397362947464,-0.30842095613479614,0.16132204234600067
1749219785872382200,3.34338232421875,-0.32446837425231934,-0.19107435643672943,0.1289294809103012
1749219785882373000,3.353373046875,-0.4743500053882599,-0.10185019671916962,0.03683071956038475
1749219785892364000,3.363364013671875,-0.35943514108657837,0.02941993996500969,0.03007747419178486
1749219785902355200,3.373355224609375,-0.14517822861671448,0.08767978101968765,0.10790222883224487
1749219785912345000,3.383344970703125,0.10412560403347015,0.14413586258888245,0.1470797210931778
1749219785922336000,3.3933359375,0.3150266408920288,0.1992127001285553,0.2673872411251068
1749219785932327000,3.403326904296875,0.25029826164245605,0.050636813044548035,0.3315883278846741
1749219785942318000,3.413318115234375,0.3271957039833069,-0.03230813890695572,0.4068974554538727
1749219785952309200,3.423309326171875,0.25958070158958435,-0.08387918770313263,0.5667148232460022
1749219785962299100,3.433299072265625,0.3190666735172272,-0.21817894279956818,0.9307998418807983
1749219785972290000,3.4432900390625,0.11872292309999466,-0.31851381063461304,0.9352177381515503
1749219785982281200,3.45328125,-0.2872703969478607,-0.4305758774280548,0.45333898067474365
1749219785992272100,3.463272216796875,-0.3347098231315613,-0.1364569067955017,-0.07595708221197128
1749219786002263000,3.473262939453125,-0.610748291015625,0.12011122703552246,-0.7053254246711731
1749219786012253000,3.4832529296875,-1.0105162858963013,0.08677830547094345,-0.6297451853752136
1749219786022244000,3.493244140625,-1.2471503019332886,0.249930739402771,-0.37682104110717773
1749219786032235300,3.5032353515625,-1.4017481803894043,0.35012632608413696,-0.1693730503320694
1749219786042226200,3.51322607421875,-1.4178869724273682,0.3870997726917267,-0.1128101721405983
1749219786052217000,3.523217041015625,-1.2405235767364502,0.24996189773082733,0.0010346380295231938
1749219786062207200,3.533207275390625,-0.7633024454116821,0.10784417390823364,0.29919230937957764
1749219786072198100,3.5431982421875,-0.10447447746992111,0.2974308729171753,0.4248005449771881
1749219786082189000,3.55318896484375,0.2687486410140991,0.26053333282470703,0.3935864567756653
1749219786092180000,3.563179931640625,0.5086581707000732,0.21108907461166382,-0.04993107542395592
1749219786102171100,3.573171142578125,0.3988288640975952,0.04664047062397003,-0.583536684513092
1749219786112161300,3.583161376953125,0.1315564215183258,0.14862382411956787,-0.8288944959640503
1749219786122152200,3.593152099609375,-0.203080952167511,0.12270541489124298,-0.716920018196106
1749219786132143000,3.60314306640625,-0.16141286492347717,-0.011002050712704659,-0.4154890775680542
1749219786142134300,3.61313427734375,-0.10457248240709305,0.010055030696094036,0.10244035720825195
1749219786152125200,3.623125244140625,-0.2888334095478058,-0.10208189487457275,0.08722545206546783
1749219786162116000,3.6331162109375,-0.37486016750335693,-0.122060127556324,0.08477906882762909
1749219786172106000,3.64310595703125,-0.20968292653560638,-0.10394930094480515,0.16923083364963531
1749219786182097200,3.65309716796875,0.09799926728010178,-0.14393746852874756,0.26476746797561646
1749219786192088000,3.663088134765625,0.1585579514503479,-0.13481692969799042,0.272756427526474
1749219786202079000,3.673078857421875,0.05751282721757889,-0.0919613465666771,0.17402932047843933
1749219786212070100,3.683070068359375,0.047080691903829575,-0.015724368393421173,0.09103137254714966
1749219786222060300,3.693060302734375,0.15829962491989136,0.04162760451436043,0.07189948856830597
1749219786232051200,3.70305126953125,0.2512924075126648,0.07775232195854187,0.0940796285867691
1749219786242042000,3.7130419921875,0.3386339843273163,0.0787627249956131,0.1637524515390396
1749219786252033000,3.723032958984375,0.36733752489089966,0.0731932520866394,0.16316868364810944
1749219786262024200,3.733024169921875,0.2971544563770294,0.055802810937166214,0.12248969823122025
1749219786272014000,3.74301416015625,0.19456815719604492,0.025831330567598343,0.0453224740922451
1749219786282005000,3.7530048828125,0.13678714632987976,-0.0036844832357019186,-0.05585793778300285
1749219786291996000,3.762995849609375,0.11215449869632721,0.01805916242301464,-0.15782105922698975
1749219786301987000,3.772987060546875,0.08521236479282379,0.05229676142334938,-0.1638384610414505
1749219786311978000,3.78297802734375,0.02857811562716961,0.04680905118584633,-0.10108187794685364
1749219786321968000,3.792968017578125,-0.01847940869629383,0.03514573723077774,-0.015929166227579117
1749219786331959000,3.802958984375,-0.02804148755967617,0.049379002302885056,0.05717593804001808
1749219786341950200,3.8129501953125,-0.009767942130565643,0.06091448292136192,0.0876571461558342
1749219786351941000,3.822941162109375,0.015192268416285515,0.05946412682533264,0.09975029528141022
1749219786361932000,3.83293212890625,0.04849269986152649,0.04922879859805107,0.08775009214878082
1749219786371922000,3.842921875,0.05397908017039299,0.027460120618343353,0.07578424364328384
1749219786381913000,3.8529130859375,0.047687094658613205,-0.0015720640076324344,0.05248717591166496
1749219786391904000,3.862904052734375,0.04114184528589249,-0.013532852753996849,0.020957212895154953
1749219786401895200,3.872895263671875,0.01920378766953945,-0.03394358605146408,0.016750218346714973
1749219786411886300,3.88288623046875,-0.054853394627571106,-0.040651023387908936,0.04495815187692642
1749219786421876200,3.892876220703125,-0.028381839394569397,0.016859406605362892,0.008293350227177143
1749219786431867100,3.9028671875,0.05699644237756729,0.07822103798389435,-0.055145010352134705
1749219786441858000,3.912858154296875,0.12166517972946167,0.09896919131278992,-0.07570807635784149
1749219786451849200,3.92284912109375,0.1551523059606552,0.10974354296922684,-0.03500165790319443
1749219786461840100,3.932840087890625,0.1069304421544075,0.059607669711112976,0.06532121449708939
1749219786471830000,3.942830078125,0.01004863902926445,0.02647421695291996,0.1386130005121231
1749219786481821200,3.9528212890625,-0.04308222234249115,0.040343429893255234,0.15350061655044556
1749219786491812400,3.962812255859375,-0.043902743607759476,0.06242210045456886,0.10796348750591278
1749219786501803300,3.97280322265625,0.06753510236740112,0.09401944279670715,0.0807851254940033
1749219786511794200,3.982794189453125,0.1404588371515274,0.11080347746610641,0.08839218318462372
1749219786521785000,3.99278515625,0.11515428870916367,0.11478836834430695,0.042879823595285416
1749219786531775000,4.00277490234375,0.04959764704108238,0.09639391303062439,-0.049345713108778
1749219786541766100,4.01276611328125,-0.008206796832382679,0.09491000324487686,-0.10724150389432907
1749219786551757000,4.022757080078125,-0.045880138874053955,0.10984554141759872,-0.0732121616601944
1749219786561748000,4.032748046875,-0.04670385643839836,0.08595352619886398,-0.0002162486780434847
1749219786571739100,4.0427392578125,-0.014419686049222946,0.049439720809459686,0.060146428644657135
1749219786581729300,4.052729248046875,0.017072193324565887,0.025138109922409058,0.10016787797212601
1749219786591720200,4.06272021484375,0.03610846772789955,0.04649053514003754,0.14601659774780273
1749219786601711000,4.072711181640625,0.06951089948415756,0.08097900450229645,0.1700151413679123
1749219786611702300,4.082702392578125,0.08715380728244781,0.09647993743419647,0.17416514456272125
1749219786621693200,4.092693115234375,0.0647726058959961,0.11570369452238083,0.14899933338165283
1749219786631683000,4.10268310546875,0.05578869581222534,0.11255637556314468,0.10016654431819916
1749219786641674000,4.112674072265625,0.18940694630146027,0.18317247927188873,-0.020871194079518318
1749219786651665200,4.1226650390625,0.22648853063583374,0.22184397280216217,-0.09653186798095703
1749219786661656000,4.132656005859375,0.2474939525127411,0.187001571059227,-0.06398510932922363
1749219786671647000,4.14264697265625,0.2827398180961609,0.13387949764728546,0.007199589628726244
1749219786681638000,4.152637939453125,0.314147025346756,0.08026660978794098,0.06613641232252121
1749219786691628300,4.162628173828125,0.27119049429893494,0.05253830924630165,0.09696489572525024
1749219786701619200,4.172619140625,0.14701634645462036,0.007680822629481554,0.12123961001634598
1749219786711610000,4.182610107421875,-0.041126929223537445,-0.0455658882856369,0.14612337946891785
1749219786721601000,4.19260107421875,-0.21962477266788483,-0.07216101139783859,0.15689054131507874
1749219786731592200,4.20259228515625,-0.3079458475112915,-0.018915368244051933,0.14852581918239594
1749219786741582600,4.21258251953125,-0.2384684979915619,0.09791085124015808,0.0799931064248085
1749219786751573800,4.22257373046875,-0.12169793993234634,0.18134714663028717,-0.020203538239002228
1749219786761564700,4.232564697265625,-0.06939318776130676,0.23212137818336487,-0.10208269208669662
1749219786771555600,4.2425556640625,-0.021737519651651382,0.2535100281238556,-0.13373862206935883
1749219786781546800,4.252546630859375,0.04632169380784035,0.270627498626709,-0.151693657040596
1749219786791537000,4.262536865234375,0.11682595312595367,0.2547270953655243,-0.15644100308418274
1749219786801527800,4.27252783203125,0.19744862616062164,0.22706963121891022,-0.130791574716568
1749219786811518700,4.282518798828125,0.28518274426460266,0.20854175090789795,-0.0664575845003128
1749219786821510000,4.292510009765625,0.3156583607196808,0.2163192480802536,0.0183478482067585
1749219786831500800,4.302500732421875,0.3658970296382904,0.24189013242721558,0.08283576369285583
1749219786841491700,4.31249169921875,0.4415062963962555,0.26523566246032715,0.15719041228294373
1749219786851481600,4.322481689453125,0.4448893070220947,0.28766852617263794,0.2037443369626999
1749219786861472800,4.33247265625,0.42780086398124695,0.3069876432418823,0.1623106151819229
1749219786871463700,4.342463623046875,0.4092240035533905,0.21073061227798462,0.11059468984603882
1749219786881454600,4.35245458984375,0.3189745247364044,0.1376633197069168,0.03839745745062828
1749219786891445800,4.36244580078125,0.20666289329528809,0.06439150869846344,-0.0372440405189991
1749219786901436000,4.372435791015625,0.1561903953552246,0.10850756615400314,-0.10479885339736938
1749219786911426800,4.3824267578125,0.14399844408035278,0.07829932868480682,-0.020383568480610847
1749219786921417700,4.392417724609375,0.0853511169552803,0.12419118732213974,-0.14578036963939667
1749219786931408600,4.40240869140625,0.04289180785417557,0.16432395577430725,-0.20857371389865875
1749219786941399800,4.41239990234375,0.015482553280889988,0.6634847521781921,-0.00042024682625196874
1749219786951390700,4.422390625,0.019540145993232727,0.32378658652305603,-0.10614800453186035
1749219786961380600,4.432380615234375,0.10018359124660492,0.20785146951675415,-0.013381319120526314
1749219786971371800,4.442371826171875,0.13474662601947784,0.3635055124759674,0.19557055830955505
1749219786981363000,4.452363037109375,0.086204394698143,0.9579121470451355,0.28494811058044434
1749219786991353900,4.462353759765625,0.15414908528327942,0.4165689945220947,0.09477631002664566
1749219787001344800,4.4723447265625,0.16715383529663086,-0.1273457109928131,0.03730316460132599
1749219787011336000,4.4823359375,0.08393511176109314,-0.2651600241661072,0.044679321348667145
1749219787021325800,4.492325927734375,-0.04651796817779541,0.2375936508178711,0.15200337767601013
1749219787031316700,4.502316650390625,-0.06417286396026611,0.7433255314826965,0.2922214865684509
1749219787041307600,4.5123076171875,-0.05031163990497589,-0.1379421502351761,0.17814922332763672
1749219787051298600,4.522298583984375,-0.1320515125989914,-0.04221909120678902,-0.009751164354383945
1749219787061289700,4.532289794921875,-0.2770310640335083,0.7601721882820129,0.05705849081277847
1749219787071279900,4.54227978515625,-0.44695165753364563,0.5000258088111877,-0.3755786716938019
1749219787081270800,4.552270751953125,-0.575176477432251,1.2041981220245361,-0.4274543821811676
1749219787091261700,4.56226171875,-0.635316789150238,1.4756841659545898,-0.37551742792129517
1749219787101252900,4.5722529296875,-0.697711169719696,2.7372231483459473,-0.10593016445636749
1749219787111243800,4.582243896484375,-0.5497792363166809,3.191634178161621,0.05541425570845604
1749219787121234700,4.592234619140625,-0.3108138144016266,2.639202117919922,-0.07801570743322372
1749219787131224600,4.602224609375,-0.21263504028320312,1.7777513265609741,-0.11534576863050461
1749219787141215700,4.6122158203125,-0.2018313854932785,1.0164721012115479,-0.1360742151737213
1749219787151206700,4.62220654296875,-0.05730083957314491,0.24485182762145996,-0.15686658024787903
1749219787161197600,4.632197509765625,0.07912784069776535,0.16418014466762543,-0.14983797073364258
1749219787171188700,4.642188720703125,0.20129449665546417,0.19912348687648773,-0.14163276553153992
1749219787181179600,4.6521796875,0.32534027099609375,-0.004131894558668137,-0.08987262845039368
1749219787191169800,4.662169677734375,0.4025533199310303,0.26226118206977844,0.03545892611145973
1749219787201160700,4.67216064453125,0.37098366022109985,0.016989901661872864,-0.10547635704278946
1749219787211152000,4.68215185546875,0.2284131944179535,-0.11474016308784485,-0.14909254014492035
1749219787221142800,4.692142822265625,0.2581996023654938,0.031556062400341034,-0.11159976571798325
1749219787231133700,4.7021337890625,0.20740379393100739,0.34334617853164673,-0.0991087406873703
1749219787241124600,4.71212451171875,0.24770008027553558,0.4769265949726105,-0.23408547043800354
1749219787251114800,4.72211474609375,0.260536253452301,0.6006307005882263,-0.09662720561027527
1749219787261105700,4.732105712890625,0.3097677230834961,0.3457086682319641,0.002653839997947216
1749219787271096800,4.742096923828125,0.5877301096916199,0.8974519968032837,-0.7601524591445923
1749219787281087700,4.752087646484375,0.3665977120399475,1.8478654623031616,-0.6338216662406921
1749219787291079000,4.762078857421875,1.0944457054138184,0.22372044622898102,-0.39767253398895264
1749219787301069800,4.77206982421875,1.211924433708191,-2.1277847290039062,-1.5745047330856323
1749219787311059700,4.782059814453125,0.6795862317085266,-1.847238540649414,-1.6981908082962036
1749219787321050600,4.792050537109375,-0.1719033122062683,-0.8935837745666504,-1.8308029174804688
1749219787331041800,4.802041748046875,-0.7074354290962219,-0.1893286406993866,-1.7343043088912964
1749219787341032700,4.81203271484375,-0.7048479318618774,-0.07771556824445724,-0.6648685336112976
1749219787351023600,4.822023681640625,-0.190901517868042,-0.5210943222045898,-0.2819041311740875
1749219787361013800,4.832013671875,0.13390827178955078,-0.06365007907152176,-0.0031305458396673203
1749219787371005000,4.8420048828125,0.037884000688791275,0.16928249597549438,0.14193609356880188
1749219787380995800,4.851995849609375,-0.19362272322177887,-0.0881410464644432,0.15375067293643951
1749219787390986800,4.86198681640625,-0.24751019477844238,-0.25165167450904846,0.14919134974479675
1749219787400978000,4.87197802734375,-0.19637110829353333,-0.18501326441764832,0.1542028784751892
1749219787410968800,4.88196875,-0.2403460294008255,-0.2226003110408783,0.11913730949163437
1749219787420958700,4.891958740234375,-0.28101596236228943,-0.24829129874706268,0.09578511863946915
1749219787430949600,4.90194970703125,-0.2531193494796753,-0.3408457338809967,0.05959701910614967
1749219787440940500,4.9119404296875,0.4688798785209656,-0.5020588636398315,-0.03852715343236923
1749219787450931700,4.921931640625,0.41730162501335144,-0.6407666802406311,-0.1347213238477707
1749219787460922600,4.931922607421875,-0.12798087298870087,-0.7186223268508911,-0.05413833633065224
1749219787470913500,4.94191357421875,-0.255312979221344,-0.6133784651756287,-0.031913723796606064
1749219787480903700,4.951903564453125,-0.11089642345905304,-0.13986389338970184,-0.024157533422112465
1749219787490894800,4.961894775390625,0.15593154728412628,0.004280498716980219,-0.041310686618089676
1749219787500885800,4.9718857421875,0.24311810731887817,-0.5536602735519409,-0.10057427734136581
1749219787510876700,4.981876708984375,0.10894858837127686,-0.7764177322387695,-0.13218466937541962
1749219787520867800,4.991867919921875,0.061787199229002,-0.8690032958984375,-0.11968085914850235
1749219787530858800,5.001858642578125,0.048276450484991074,-0.7168750166893005,-0.09953058511018753
1749219787540848600,5.0118486328125,0.07542072236537933,-0.3673255443572998,-0.07324918359518051
1749219787550839600,5.021839599609375,0.07259244471788406,-0.21378232538700104,-0.07600928097963333
1749219787560830700,5.031830810546875,0.0637454241514206,-0.13902845978736877,-0.09140661358833313
1749219787570822000,5.04182177734375,0.08356573432683945,-0.1374497413635254,-0.09605222940444946
1749219787580812800,5.051812744140625,0.09723707288503647,-0.20352409780025482,-0.13926361501216888
1749219787590803700,5.0618037109375,0.11962360143661499,-0.860289990901947,-0.19436122477054596
1749219787600793900,5.0717939453125,0.1013316810131073,-0.5772364139556885,-0.12955959141254425
1749219787610784800,5.08178466796875,0.09235043823719025,-0.5937237739562988,-0.10050822794437408
1749219787620775700,5.091775634765625,0.09257733821868896,-0.6746317148208618,-0.0903346911072731
1749219787630766600,5.1017666015625,0.07266834378242493,-0.7036058306694031,-0.12459812313318253
1749219787640757800,5.1117578125,0.002787264296784997,-0.998593807220459,-0.20577579736709595
1749219787650748700,5.121748779296875,-0.031142206862568855,-0.7616251707077026,-0.09455074369907379
1749219787660738800,5.13173876953125,0.04410674050450325,-0.1729011982679367,-0.04355892911553383
1749219787670729700,5.141729736328125,0.051180098205804825,-0.07292027771472931,-0.057188186794519424
1749219787680721000,5.151720947265625,-0.003976631909608841,-0.07364732027053833,-0.06294833868741989
1749219787690711800,5.1617119140625,-0.01275467686355114,-0.05524860695004463,-0.06160717085003853
1749219787700702700,5.17170263671875,0.014871357940137386,-0.06543999165296555,-0.05387601628899574
1749219787710694000,5.18169384765625,0.01041402481496334,-0.10036628693342209,-0.05333299562335014
1749219787720683800,5.191683837890625,-0.0016202671686187387,-0.11229564994573593,-0.05339105427265167
1749219787730674700,5.2016748046875,0.0011339739430695772,-0.10771580785512924,-0.047568850219249725
1749219787740664800,5.211664794921875,0.0022509037517011166,-0.08716153353452682,-0.033309221267700195
1749219787750655700,5.22165576171875,-0.006046440917998552,-0.07078175991773605,-0.02221103012561798
1749219787760646700,5.231646728515625,-0.011531753465533257,-0.06035175547003746,-0.011743741109967232
1749219787770637800,5.241637939453125,-0.006674946751445532,-0.04157593846321106,0.0012098740553483367
1749219787780627700,5.251627685546875,-0.011148524470627308,-0.03352466970682144,0.003816842334344983
1749219787790618600,5.26161865234375,-0.009974603541195393,-0.041601505130529404,0.0049433596432209015
1749219787800609500,5.271609619140625,-0.010844391770660877,-0.042565569281578064,-0.0002479403046891093
1749219787810600700,5.2816005859375,-0.008057394064962864,-0.04044675827026367,-0.0014333132421597838
1749219787820591600,5.291591552734375,-0.008329568430781364,-0.038112763315439224,0.0031012510880827904
1749219787830582500,5.30158251953125,-0.013481720350682735,-0.029867883771657944,0.006922887172549963
1749219787840572700,5.31157275390625,-0.012381035834550858,-0.008175904862582684,0.010404171422123909
1749219787850563800,5.321563720703125,0.0003371562052052468,0.03039013035595417,0.016587233170866966
1749219787860554800,5.3315546875,-0.003991279285401106,0.054724764078855515,0.015854330733418465
1749219787870545700,5.341545654296875,-0.017283381894230843,0.06780941039323807,0.015894277021288872
1749219787880536800,5.351536865234375,-0.018147844821214676,0.06451720744371414,0.01560985203832388
1749219787890527700,5.36152783203125,-0.011990083381533623,0.0369524247944355,0.00740358792245388
1749219787900517600,5.371517578125,0.00418515782803297,-0.07625642418861389,-0.00007376955909421667
1749219787910508500,5.381508544921875,0.0054693338461220264,-0.12376055866479874,-0.005002748221158981
1749219787920499700,5.391499755859375,0.01697365753352642,-0.1642501950263977,0.0028069717809557915
1749219787930490600,5.40149072265625,0.011691543273627758,-0.2104850709438324,0.0016993631143122911
1749219787940481500,5.4114814453125,-0.0012860405258834362,-0.1469644159078598,0.0022090920247137547
1749219787950472700,5.42147265625,-0.03570020571351051,-0.18672886490821838,-0.004977447912096977
1749219787960464000,5.4314638671875,0.032951824367046356,-0.16330264508724213,-0.008852614089846611
1749219787970453800,5.441453857421875,0.06505197286605835,-0.05911152437329292,0.010639062151312828
1749219787980444700,5.451444580078125,0.008469917811453342,-0.08364775776863098,0.009640909731388092
1749219787990435600,5.461435546875,-0.033060215413570404,-0.2318556010723114,-0.015022358857095242
1749219788000426800,5.4714267578125,0.009969810023903847,-0.19931577146053314,-0.009505354799330235
1749219788010417700,5.481417724609375,0.06882726401090622,-0.10990732908248901,0.016977384686470032
1749219788020408600,5.49140869140625,0.038369759917259216,0.026326945051550865,0.03191186115145683
1749219788030398700,5.501398681640625,0.012177570722997189,-0.012918994762003422,0.029525401070713997
1749219788040390000,5.511389892578125,-0.01110378373414278,0.17169345915317535,0.04464976117014885
1749219788050380800,5.521380859375,0.011826565489172935,0.3360174298286438,0.05578203871846199
1749219788060371700,5.531371826171875,0.014826349914073944,0.5474202036857605,0.05939355120062828
1749219788070363000,5.54136279296875,0.024145549163222313,0.7099635601043701,0.054480552673339844
1749219788080353800,5.551353759765625,0.08740361779928207,0.7203866839408875,0.05735063925385475
1749219788090343700,5.56134375,0.13631363213062286,0.4939146339893341,0.052136704325675964
1749219788100334600,5.57133447265625,0.13019661605358124,0.22389274835586548,0.02245470881462097
1749219788110325500,5.581325439453125,0.0957624763250351,0.12276693433523178,0.022888803854584694
1749219788120316700,5.591316650390625,0.13161848485469818,-0.010002566501498222,0.04863091930747032
1749219788130307600,5.6013076171875,0.07700743526220322,-0.1861347258090973,0.018270084634423256
1749219788140298500,5.611298583984375,0.04650731384754181,0.23849032819271088,0.06771140545606613
1749219788150288600,5.62128857421875,-0.1145433560013771,0.11142852157354355,0.07332241535186768
1749219788160279800,5.63127978515625,0.09275417029857635,0.2886464595794678,0.07692380994558334
1749219788170270700,5.641270751953125,-0.2267332822084427,0.16211460530757904,0.10282837599515915
1749219788180261600,5.65126171875,-0.1504659354686737,-0.11742623150348663,0.0821758285164833
1749219788190252800,5.661252685546875,0.064949169754982,-0.09083003550767899,0.06154884770512581
1749219788200243700,5.67124365234375,0.003941211849451065,-0.06765920668840408,0.04409582167863846
1749219788210234600,5.681234619140625,-0.046178147196769714,-0.444303959608078,-0.022481340914964676
1749219788220224500,5.691224609375,-0.02707502618432045,-0.35700419545173645,-0.0012562130577862263
1749219788230215700,5.701215576171875,0.021525532007217407,-0.3729035258293152,-0.00905474741011858
1749219788240206600,5.71120654296875,0.008763131685554981,-0.4710996150970459,-0.020543890073895454
1749219788250197800,5.72119775390625,0.01830364018678665,-0.4327127933502197,-0.02340305969119072
1749219788260188700,5.731188720703125,0.07630329579114914,-0.25950106978416443,-0.038666967302560806
1749219788270179800,5.741179931640625,0.12431635707616806,-0.12445244938135147,0.01335761696100235
1749219788280169700,5.751169677734375,-0.0015446334145963192,-0.004887433256953955,0.0943177118897438
1749219788290160600,5.76116064453125,0.03585280478000641,0.1530076563358307,0.133651003241539
1749219788300151600,5.771151611328125,0.06117840111255646,0.44897326827049255,0.1749260127544403
1749219788310142700,5.781142822265625,-0.03707759454846382,0.4892660975456238,0.18314425647258759
1749219788320133600,5.791133544921875,-0.06719634681940079,0.2763271927833557,0.12743784487247467
1749219788330124500,5.80112451171875,-0.026683276519179344,0.09678779542446136,0.08745341747999191
1749219788340114700,5.81111474609375,-0.05185654014348984,-0.04632116109132767,0.047078561037778854
1749219788350105900,5.82110595703125,-0.07918243855237961,-0.16961432993412018,0.011095793917775154
1749219788360096800,5.8310966796875,-0.10277644544839859,-0.2518620789051056,-0.021994514390826225
1749219788370087700,5.841087646484375,-0.14227858185768127,-0.2993465065956116,-0.051170509308576584
1749219788380078800,5.851078857421875,-0.3156719505786896,-0.2657158374786377,-0.06085163354873657
1749219788390069800,5.86106982421875,-0.5439884662628174,-0.19398199021816254,-0.017242370173335075
1749219788400060700,5.871060791015625,-0.14905819296836853,-0.07243318855762482,0.014112357050180435
1749219788410050600,5.881050537109375,0.23060044646263123,0.0475480780005455,0.019837353378534317
1749219788420041700,5.891041748046875,0.28514012694358826,0.21598555147647858,0.03020370937883854
1749219788430032600,5.90103271484375,0.23890259861946106,0.3002581000328064,0.04338981956243515
1749219788440023600,5.9110234375,0.26245957612991333,0.22371645271778107,0.04903651773929596
1749219788450014500,5.921014404296875,0.20966507494449615,0.11632794141769409,0.06167881190776825
1749219788460006000,5.931005859375,0.2499358057975769,0.03795137628912926,0.0917205959558487
1749219788469996800,5.940996826171875,0.27162298560142517,0.036310870200395584,0.11353375017642975
1749219788479986700,5.950986572265625,0.19831761717796326,0.07520101219415665,0.14743685722351074
1749219788489977600,5.9609775390625,0.15616802871227264,0.10306753218173981,0.15735234320163727
1749219788499968800,5.97096875,0.12515871226787567,0.10265234112739563,0.13805906474590302
1749219788509959700,5.980959716796875,0.06702110916376114,0.23913748562335968,0.1386638730764389
1749219788519950600,5.99095068359375,0.019834425300359726,0.27919143438339233,0.13619458675384521
1749219788529941800,6.000941650390625,-0.022705046460032463,0.26628682017326355,0.14349058270454407
1749219788539931600,6.010931640625,-0.11283360421657562,0.29618266224861145,0.1562199592590332
1749219788549922800,6.0209228515625,-0.20694465935230255,0.251912921667099,0.18689557909965515
1749219788559913700,6.030913818359375,-0.22468504309654236,0.06023857370018959,0.17586131393909454
1749219788569905000,6.04090478515625,-0.20255577564239502,0.0035595810040831566,0.1162981167435646
1749219788579895800,6.050895751953125,-0.2080828994512558,-0.09094748646020889,0.018257834017276764
1749219788589886700,6.06088671875,-0.20351743698120117,-0.06734335422515869,-0.021314609795808792
1749219788599877600,6.070877685546875,-0.18133756518363953,0.11441259831190109,0.0039009982720017433
1749219788609867800,6.08086767578125,-0.1129598394036293,0.17191876471042633,0.019171297550201416
1749219788619858700,6.090858642578125,-0.03586505725979805,0.16032841801643372,0.01398985181003809
1749219788629849600,6.100849609375,-0.03906884044408798,0.14279790222644806,0.0031518512405455112
1749219788639840500,6.110840576171875,-0.021692512556910515,0.03181412070989609,-0.03233423829078674
1749219788649831700,6.120831787109375,0.06960543990135193,-0.3406286835670471,-0.13175590336322784
1749219788659822600,6.130822509765625,0.01840457320213318,-0.499371737241745,-0.14060930907726288
1749219788669812700,6.140812744140625,-0.0356631875038147,-0.535880446434021,-0.14038240909576416
1749219788679803600,6.1508037109375,-0.014997591264545918,-0.6508347392082214,-0.1417800337076187
1749219788689794800,6.160794921875,-0.006223274860531092,-0.6738346219062805,-0.1454368233680725
1749219788699785700,6.17078564453125,-0.02894882671535015,-0.6604647636413574,-0.1506427675485611
1749219788709776600,6.180776611328125,-0.045105960220098495,-0.6787452101707458,-0.17153286933898926
1749219788719767800,6.190767822265625,-0.014868694357573986,-0.6147646307945251,-0.15704447031021118
1749219788729758700,6.2007587890625,0.0015752597246319056,-0.500011146068573,-0.16203205287456512
1749219788739748900,6.210748779296875,0.0296055618673563,-0.17279361188411713,-0.08218914270401001
1749219788749739800,6.22073974609375,0.06355154514312744,-0.06565970182418823,-0.039142075926065445
1749219788759731000,6.23073095703125,0.05193643271923065,0.02395193837583065,0.004199272487312555
1749219788769722000,6.24072216796875,0.04115729033946991,0.08523260802030563,0.022608906030654907
1749219788779713000,6.250713134765625,0.05699297785758972,0.09928930550813675,0.023865651339292526
1749219788789704000,6.260703857421875,0.05489680543541908,0.0846155509352684,0.019727099686861038
1749219788799695000,6.270695068359375,0.042864907532930374,0.07178577035665512,0.029201295226812363
1749219788809685000,6.28068505859375,0.042929623275995255,0.04360580071806908,0.02997760660946369
1749219788819676000,6.290676025390625,0.047560594975948334,0.026255305856466293,0.050574492663145065
1749219788829666800,6.300666748046875,0.0014588796766474843,0.008493353612720966,0.056656088680028915
1749219788839658000,6.310657958984375,-0.03508315235376358,-0.011805793270468712,0.07264544069766998
1749219788849649000,6.32064892578125,-0.07109707593917847,-0.029880400747060776,0.07427263259887695
1749219788859639800,6.330639892578125,-0.07277514040470123,-0.048478852957487106,0.06721153110265732
1749219788869630000,6.3406298828125,-0.026736006140708923,-0.051950547844171524,0.06959053128957748
1749219788879621000,6.35062109375,-0.030529413372278214,-0.10573628544807434,0.07599223405122757
1749219788889612000,6.360612060546875,-0.018278339877724648,-0.07419832795858383,0.10183901339769363
1749219788899603000,6.37060302734375,0.007950334809720516,0.022531408816576004,0.12017408013343811
1749219788909594000,6.380593994140625,-0.060149356722831726,0.21729077398777008,0.1536894291639328
1749219788919585000,6.3905849609375,-0.04587002098560333,0.20309320092201233,0.13093724846839905
1749219788929576000,6.400575927734375,-0.02839755266904831,0.25080159306526184,0.13341185450553894
1749219788939565800,6.41056591796875,-0.08411327749490738,0.23750948905944824,0.12258583307266235
1749219788949556700,6.420556640625,-0.10631045699119568,0.0712110623717308,0.12342126667499542
1749219788959548000,6.4305478515625,-0.14150653779506683,-0.1331372857093811,0.018452243879437447
1749219788969538800,6.440538818359375,-0.1991778165102005,-0.5465840101242065,-0.18788255751132965
1749219788979530000,6.450530029296875,-0.15130749344825745,-0.6431462168693542,-0.11656948924064636
1749219788989521200,6.460521240234375,-0.15763649344444275,-1.123067855834961,-0.21410642564296722
1749219788999512000,6.470511962890625,-0.10157589614391327,-1.1072171926498413,-0.1598045825958252
1749219789009502000,6.480501953125,0.13623107969760895,-0.7005959153175354,-0.05619509518146515
1749219789019492900,6.490492919921875,0.12473687529563904,-0.16750723123550415,0.0007635282818228006
1749219789029484000,6.500484130859375,0.06938466429710388,0.21050743758678436,0.024566063657402992
1749219789039475000,6.510474853515625,0.03628131002187729,0.4214990437030792,0.02353568561375141
1749219789049465900,6.5204658203125,0.04580077901482582,0.4387643039226532,-0.011285943910479546
1749219789059456800,6.530456787109375,0.05211646482348442,0.5201765894889832,-0.008886968716979027
1749219789069447200,6.540447265625,0.06952794641256332,0.445015013217926,-0.03876657038927078
1749219789079438000,6.55043798828125,0.07916352897882462,0.17772339284420013,-0.09267187863588333
1749219789089429000,6.560428955078125,0.12594594061374664,0.18483829498291016,-0.0465664379298687
1749219789099420000,6.570419921875,0.003313771216198802,0.0654786080121994,-0.08016940206289291
1749219789109411000,6.5804111328125,0.015570437535643578,-0.0600135363638401,-0.11053929477930069
1749219789119402000,6.590402099609375,0.05266188085079193,0.012552277185022831,-0.10747718811035156
1749219789129393000,6.600392822265625,0.054005444049835205,0.08686725050210953,-0.09524556249380112
1749219789139382800,6.6103828125,0.031423170119524,0.03061782941222191,-0.09272993355989456
1749219789149374000,6.6203740234375,-0.023386815562844276,-0.11530901491641998,-0.1006922572851181
1749219789159364900,6.63036474609375,-0.12526445090770721,-0.31746798753738403,-0.1033674031496048
1749219789169355800,6.640355712890625,-0.08691279590129852,-0.5479081273078918,-0.0776042491197586
1749219789179347000,6.650346923828125,0.11810346692800522,-0.36711275577545166,-0.0866858959197998
1749219789189337900,6.660337890625,0.2395622581243515,-0.08118406683206558,-0.07764499634504318
1749219789199329000,6.6703291015625,0.1551099568605423,0.033408023416996,-0.03731674700975418
1749219789209319000,6.68031884765625,0.015272962860763073,0.08732771128416061,-0.03425117954611778
1749219789219310000,6.69031005859375,-0.025946378707885742,0.38282087445259094,0.020493557676672935
1749219789229301000,6.700301025390625,0.05350929871201515,-0.13991662859916687,-0.1046968474984169
1749219789239292000,6.7102919921875,0.0214749313890934,-0.3579632043838501,-0.08893120288848877
1749219789249282800,6.72028271484375,0.010129333473742008,-0.47358620166778564,-0.10332425683736801
1749219789259274000,6.73027392578125,0.008069111965596676,-0.5117117762565613,-0.19597908854484558
1749219789269265000,6.740264892578125,0.09036850929260254,-0.604834794998169,-0.1845775693655014
1749219789279255000,6.750255126953125,0.11463763564825058,-0.7032681107521057,-0.21716028451919556
1749219789289246000,6.760245849609375,0.02455647476017475,-0.4492044448852539,-0.2398964911699295
1749219789299237000,6.770237060546875,-0.09727408736944199,-0.19414789974689484,-0.09901872277259827
1749219789309228000,6.78022802734375,-0.16281794011592865,-0.15527400374412537,-0.06539205461740494
1749219789319219000,6.790218994140625,-0.12199967354536057,-0.27919328212738037,-0.04921335354447365
1749219789329210000,6.800210205078125,-0.13564836978912354,-0.3867112398147583,-0.005337241105735302
1749219789339200000,6.810199951171875,-0.28115764260292053,-0.5288259983062744,-0.09674598276615143
1749219789349191000,6.82019091796875,-0.32057294249534607,-0.7606885433197021,-0.05657379701733589
1749219789359181800,6.830181884765625,-0.38141632080078125,-0.7156859040260315,-0.1093166396021843
1749219789369173000,6.840173095703125,-0.4355831742286682,-0.382364958524704,-0.0821009948849678
1749219789379164000,6.850163818359375,-0.5333251953125,-0.06693802028894424,-0.0407831147313118
1749219789389154800,6.86015478515625,-0.6179425716400146,0.3206760287284851,0.01384231261909008
1749219789399145700,6.870145751953125,-0.6448407769203186,0.43961384892463684,0.14537717401981354
1749219789409136000,6.88013623046875,-0.6884700059890747,0.2741551101207733,0.21634641289710999
1749219789419127000,6.890126953125,-0.4440421462059021,-0.012524314224720001,0.22634285688400269
1749219789429118000,6.900117919921875,-0.3213503360748291,-0.1421331763267517,0.18387369811534882
1749219789439108900,6.91010888671875,0.046369895339012146,0.042342398315668106,-0.043291814625263214
1749219789449100000,6.92010009765625,0.529899537563324,0.43675947189331055,0.08869551122188568
1749219789459091000,6.930091064453125,0.3269712030887604,0.4443601369857788,0.023512782528996468
1749219789469081900,6.940081787109375,0.19857753813266754,0.4858101010322571,-0.03941904380917549
1749219789479071700,6.95007177734375,0.0954439640045166,0.4508039355278015,0.06612442433834076
1749219789489063000,6.96006298828125,0.12831749022006989,0.37023264169692993,0.08365228772163391
1749219789499054000,6.97005419921875,0.3239937722682953,0.8367375135421753,0.16954828798770905
1749219789509045000,6.980044921875,0.2199169099330902,0.716315746307373,0.1120237410068512
1749219789519036200,6.9900361328125,0.006102633662521839,0.2936776876449585,0.06805814802646637
1749219789529027000,7.000027099609375,0.11595802754163742,0.2111487239599228,0.035055987536907196
1749219789539018000,7.01001806640625,0.21655920147895813,0.25602564215660095,0.0376773364841938
1749219789549008000,7.0200078125,0.22492392361164093,0.22952772676944733,0.01932496204972267
1749219789558999000,7.0299990234375,0.16423209011554718,0.31338241696357727,0.002615224104374647
1749219789568990000,7.039989990234375,0.11573618650436401,0.37219780683517456,-0.013819941319525242
1749219789578980900,7.04998095703125,0.10515544563531876,0.3855748474597931,-0.010146643966436386
1749219789588971800,7.0599716796875,0.12993988394737244,0.3666142225265503,-0.010312292724847794
1749219789598963000,7.069962890625,0.05535620078444481,0.23592278361320496,0.01110671367496252
1749219789608953000,7.079953125,0.021313278004527092,0.13241955637931824,0.02623613178730011
1749219789618944000,7.089944091796875,0.035406991839408875,0.1732354313135147,0.06659873574972153
1749219789628935000,7.099934814453125,0.0817478597164154,0.37161484360694885,0.14109374582767487
1749219789638926000,7.109926025390625,-0.07040492445230484,0.42882832884788513,0.22419315576553345
1749219789648917000,7.1199169921875,-0.10382413119077682,0.044667601585388184,0.2378905862569809
1749219789658908000,7.129907958984375,0.011550928466022015,-0.3616998791694641,0.18720823526382446
1749219789668899000,7.139899169921875,0.1979122757911682,-0.4279254972934723,0.03148069605231285
1749219789678889000,7.149888916015625,0.32472190260887146,-0.23241247236728668,-0.04139005020260811
1749219789688879900,7.1598798828125,0.3660493493080139,0.00512951472774148,-0.06850448995828629
1749219789698870800,7.169870849609375,0.16872377693653107,-0.08101362735033035,-0.11876686662435532
1749219789708862000,7.179862060546875,-0.173735573887825,-0.32209283113479614,-0.17572654783725739
1749219789718853000,7.18985302734375,-0.3274974524974823,-0.38433247804641724,-0.065152108669281
1749219789728844000,7.199843994140625,-0.40821385383605957,-0.3243306875228882,-0.015110775828361511
1749219789738839000,7.209839111328125,-0.5742001533508301,0.22432711720466614,0.13297057151794434
1749219789748829200,7.2198291015625,-0.7746541500091553,0.658866286277771,0.17547887563705444
1749219789758820000,7.229820068359375,-0.6465798020362854,0.22377876937389374,-0.07088003307580948
1749219789768811000,7.23981103515625,-0.379232257604599,0.17433159053325653,-0.04854835942387581
1749219789778802200,7.24980224609375,-0.0853138342499733,0.5462449789047241,0.06131475791335106
1749219789788793000,7.25979296875,0.07760903984308243,0.6320093870162964,0.10838639736175537
1749219789798784000,7.269783935546875,0.10965193063020706,0.4582762122154236,0.12365083396434784
1749219789808774000,7.27977392578125,0.19103893637657166,0.44133904576301575,0.15503644943237305
1749219789818765000,7.28976513671875,0.20148278772830963,0.43900132179260254,0.1499362289905548
1749219789828756000,7.299755859375,0.0948420912027359,0.41637858748435974,0.1468839794397354
1749219789838747100,7.3097470703125,-0.047865793108940125,0.23386308550834656,0.10084565728902817
1749219789848738000,7.319738037109375,-0.19674208760261536,-0.09121619910001755,0.011639611795544624
1749219789858729200,7.329729248046875,-0.27079686522483826,-0.1941540241241455,-0.0479145273566246
1749219789868720000,7.33972021484375,-0.2596435546875,-0.1352640837430954,-0.08035795390605927
1749219789878710000,7.3497099609375,-0.25323864817619324,0.1340360939502716,-0.0948607325553894
1749219789888701000,7.359700927734375,-0.28467273712158203,0.41148874163627625,-0.07706096023321152
1749219789898692000,7.369692138671875,-0.215072363615036,0.41709843277931213,-0.12295974791049957
1749219789908683000,7.37968310546875,-0.21982397139072418,0.2592097222805023,-0.1304032802581787
1749219789918674000,7.389673828125,-0.27235376834869385,0.4725901782512665,-0.054367367178201675
1749219789928665000,7.3996650390625,-0.3718015253543854,0.6491811871528625,-0.022530609741806984
1749219789938656000,7.409656005859375,-0.535353422164917,0.4372178018093109,-0.026675552129745483
1749219789948646100,7.419646240234375,-0.5923842191696167,0.38508617877960205,0.022371884435415268
1749219789958637000,7.429636962890625,-0.5324782729148865,0.17961476743221283,0.08834424614906311
1749219789968628200,7.439628173828125,-0.37909138202667236,0.024207601323723793,0.1344534158706665
1749219789978619100,7.449619140625,-0.10650806874036789,-0.1163652241230011,0.1442202925682068
1749219789988610000,7.459610107421875,0.011612714268267155,-0.03730636090040207,0.11832477897405624
1749219789998601000,7.46960107421875,-0.00777722941711545,0.10747905820608139,0.10225047171115875
1749219790008591000,7.479591064453125,-0.04906048625707626,0.09987306594848633,0.1706865131855011
1749219790018582000,7.48958203125,0.018936406821012497,0.014487862586975098,0.07520021498203278
1749219790028573000,7.499572998046875,-0.03127802908420563,0.03825311362743378,0.030709976330399513
1749219790038563800,7.509563720703125,-0.028675053268671036,-0.21585266292095184,-0.180947944521904
1749219790048555000,7.519554931640625,-0.08377532660961151,-1.0523337125778198,-0.46727558970451355
1749219790058546200,7.529546142578125,-0.07374319434165955,-1.8902353048324585,-0.7466284036636353
1749219790068537000,7.539537109375,-0.009998039342463017,-1.7588770389556885,-0.5818762183189392
1749219790078527000,7.54952685546875,0.04518318921327591,-0.6931795477867126,-0.20448896288871765
1749219790088518100,7.55951806640625,0.12267478555440903,0.030064158141613007,-0.010576744563877583
1749219790098509000,7.569509033203125,0.36873194575309753,0.30725181102752686,0.03765230253338814
1749219790108500000,7.5795,0.46286192536354065,0.2446443736553192,0.056173257529735565
1749219790118491100,7.5894912109375,0.5615482926368713,0.16656553745269775,-0.01655048131942749
1749219790128482000,7.59948193359375,0.5759360194206238,0.13015960156917572,-0.08949712663888931
1749219790138472200,7.60947216796875,0.3516616225242615,0.4755689203739166,0.27824094891548157
1749219790148463000,7.619463134765625,0.19582462310791016,1.077889084815979,0.4010702073574066
1749219790158454300,7.629454345703125,0.0353768989443779,0.526543140411377,0.10868334025144577
1749219790168445200,7.639445068359375,-0.030413832515478134,-0.3553825914859772,-0.058708321303129196
1749219790178436000,7.64943603515625,-0.055689096450805664,-0.8153499364852905,-0.05315616354346275
1749219790188427000,7.659427001953125,-0.1763465404510498,-0.9195330739021301,-0.3317486345767975
1749219790198418200,7.669418212890625,-0.2645035684108734,-1.272273302078247,-0.4701842963695526
1749219790208408000,7.679407958984375,-0.20860354602336884,-1.0371299982070923,-0.49287575483322144
1749219790218399000,7.68939892578125,-0.19655753672122955,-0.791629433631897,-0.29681888222694397
1749219790228390000,7.699389892578125,-0.11983346194028854,-0.8161004185676575,0.05620095506310463
1749219790238381000,7.709381103515625,0.09906692802906036,-0.1390708088874817,-0.036432310938835144
1749219790248372000,7.7193720703125,0.2004699856042862,0.29854488372802734,-0.020532172173261642
1749219790258363100,7.729363037109375,0.043769050389528275,0.2668687105178833,0.20907892286777496
1749219790268353000,7.73935302734375,0.11488211154937744,0.20044681429862976,0.09575262665748596
1749219790278344200,7.74934423828125,0.41397160291671753,-0.10152289271354675,-0.129767045378685
1749219790288335000,7.759335205078125,0.33788856863975525,-0.6683285236358643,-0.1413201093673706
1749219790298326000,7.769325927734375,0.11662781238555908,-0.8339635729789734,-0.03388659283518791
1749219790308317200,7.779317138671875,0.02497885376214981,-0.0881226658821106,0.08724888414144516
1749219790318308000,7.78930810546875,-0.14717747271060944,0.48096901178359985,0.052731387317180634
1749219790328299000,7.799299072265625,-0.2468515932559967,1.3009589910507202,-0.19202908873558044
1749219790338289000,7.809288818359375,-0.11027510464191437,1.1143542528152466,0.09076771885156631
1749219790348280000,7.819280029296875,0.31435447931289673,0.8241602182388306,0.2518117427825928
1749219790358271200,7.829271240234375,0.6533418297767639,0.4960411787033081,0.1851208508014679
1749219790368262100,7.83926220703125,0.7764979004859924,0.5243460536003113,0.21667718887329102
1749219790378253000,7.849253173828125,0.7770720720291138,0.6895506978034973,0.37501755356788635
1749219790388244200,7.859244140625,0.9450413584709167,0.8124058246612549,0.5637829303741455
1749219790398234000,7.869234130859375,1.0974469184875488,0.7688751220703125,0.844599187374115
1749219790408225000,7.87922509765625,1.2235068082809448,0.5447626709938049,1.1152743101119995
1749219790418216000,7.8892158203125,1.150566577911377,0.37081509828567505,0.8636122941970825
1749219790428207000,7.89920703125,0.9504377245903015,-0.1778738647699356,0.5749676823616028
1749219790438198000,7.909197998046875,0.4640885591506958,-0.25819799304008484,0.5913447737693787
1749219790448189000,7.91918896484375,0.21489553153514862,-0.075726717710495,0.3985516428947449
1749219790458179800,7.929179931640625,0.14698146283626556,-0.2205323725938797,0.27409812808036804
1749219790468170200,7.939170166015625,0.029464147984981537,-0.23886370658874512,0.15239566564559937
1749219790478161200,7.9491611328125,-0.02508564479649067,-0.18996594846248627,0.12017008662223816
1749219790488152000,7.959152099609375,0.01587776653468609,-0.15054823458194733,0.11487066000699997
1749219790498143000,7.96914306640625,0.012239089235663414,-0.057006027549505234,0.06413344293832779
1749219790508134100,7.979134033203125,-0.008287757635116577,0.028688369318842888,0.05908649042248726
1749219790518125000,7.989125,-0.11791917681694031,0.09509775042533875,0.062316637486219406
1749219790528115000,7.999114990234375,-0.18265369534492493,0.02965456433594227,0.03748905286192894
1749219790538105900,8.00910595703125,-0.2761833965778351,0.10200226306915283,0.02822018601000309
1749219790548097000,8.019096923828124,-0.37621065974235535,0.1456378996372223,-0.010294981300830841
1749219790558088200,8.029088134765624,-0.3685828149318695,0.31226974725723267,-0.03272705525159836
1749219790568079000,8.0390791015625,-0.27459853887557983,0.37549903988838196,-0.0766923800110817
1749219790578070300,8.0490703125,-0.27079927921295166,0.34755024313926697,-0.11711650341749191
1749219790588061200,8.059061279296875,-0.23058846592903137,0.48458239436149597,-0.13609951734542847
1749219790598051000,8.069051025390625,-0.042256910353899,0.5023790001869202,-0.17808957397937775
1749219790608042000,8.0790419921875,0.042283542454242706,0.3563583791255951,-0.22700731456279755
1749219790618033200,8.089033203125,-0.029561620205640793,0.25979694724082947,-0.25673964619636536
1749219790628024000,8.099024169921876,-0.07803807407617569,0.14460192620754242,-0.29216447472572327
1749219790638015000,8.109014892578125,-0.08282031118869781,-0.011414574459195137,-0.35356074571609497
1749219790648006000,8.119005859375,-0.0993146002292633,-0.3092595934867859,-0.4032382667064667
1749219790657996300,8.128996337890625,-0.11055687069892883,-0.6382643580436707,-0.4252873957157135
1749219790667987200,8.1389873046875,-0.14062581956386566,-0.9493295550346375,-0.41634422540664673
1749219790677978000,8.14897802734375,-0.02219904586672783,-1.3964040279388428,-0.39089104533195496
1749219790687969000,8.158968994140626,0.4742743670940399,-1.7318419218063354,-0.44199419021606445
1749219790697960200,8.168960205078125,0.42294007539749146,-1.187768816947937,-0.4092857837677002
1749219790707951000,8.178951171875,0.010723484680056572,-0.5251529812812805,-0.21457062661647797
1749219790717942000,8.18894189453125,-0.04481993615627289,-0.39292386174201965,-0.11041732132434845
1749219790727932000,8.198931884765624,0.1936885118484497,-0.12076663225889206,-0.022732475772500038
1749219790737920000,8.208919921875,0.19680334627628326,0.19705606997013092,0.07224144041538239
1749219790747911200,8.2189111328125,-0.03864459693431854,0.12582078576087952,0.11564058065414429
1749219790757902000,8.228902099609375,0.010465424507856369,0.014943529851734638,0.12981311976909637
1749219790767893000,8.23889306640625,0.11746671050786972,-0.15379755198955536,0.1252679079771042
1749219790777884000,8.2488837890625,0.06320133805274963,-0.31653374433517456,0.08820309489965439
1749219790787874300,8.258874267578125,-0.04764794558286667,-0.34516191482543945,0.09814094752073288
1749219790797865200,8.268865234375,-0.11082451790571213,-0.34424206614494324,0.10480337589979172
1749219790807856000,8.278856201171875,-0.14002208411693573,-0.39713749289512634,0.10828865319490433
1749219790817847000,8.288846923828125,-0.15013010799884796,-0.444234162569046,0.1041833907365799
1749219790827838200,8.298838134765624,-0.21190080046653748,-0.4475564658641815,0.09775345772504807
1749219790837829000,8.3088291015625,-0.33978500962257385,-0.4089861810207367,0.07307261228561401
1749219790847819000,8.318819091796875,-0.26504525542259216,-0.28672152757644653,0.08282031118869781
1749219790857810000,8.328809814453125,-0.17922808229923248,-0.31030991673469543,0.07305210828781128
1749219790867801000,8.338801025390625,-0.14563310146331787,-0.2332654744386673,0.14507542550563812
1749219790877792000,8.3487919921875,-0.08081841468811035,-0.36855432391166687,0.16527444124221802
1749219790887783200,8.358783203125,-0.039566319435834885,-0.4467199742794037,0.1616877019405365
1749219790897774300,8.3687744140625,-0.05597671493887901,-0.06172168627381325,0.14373160898685455
1749219790907765200,8.37876513671875,-0.11074355989694595,0.0922982394695282,0.1303846389055252
1749219790917755100,8.388755126953125,-0.19799377024173737,-0.0010285128373652697,0.11193852126598358
1749219790927746000,8.39874609375,-0.16416071355342865,-0.17717984318733215,0.09628073126077652
1749219790937737200,8.4087373046875,-0.14402827620506287,-0.1692872941493988,0.0881626158952713
1749219790947728100,8.41872802734375,-0.2677432894706726,0.21865856647491455,0.12366042286157608
1749219790957719000,8.428718994140626,-0.4914797246456146,0.7496854066848755,0.16353006660938263
1749219790967710000,8.4387099609375,-0.5881530046463013,1.3160617351531982,0.20296455919742584
1749219790977700000,8.4487001953125,-0.5235268473625183,1.9010884761810303,0.23674170672893524
1749219790987691300,8.458691162109375,-0.29283079504966736,2.1480395793914795,0.21513521671295166
1749219790997682200,8.46868212890625,-0.14178110659122467,2.03012752532959,0.18018494546413422
1749219791007673000,8.478673095703124,-0.16362620890140533,1.7703315019607544,0.15100789070129395
1749219791017664300,8.488664306640626,-0.17787572741508484,1.6348190307617188,0.14010676741600037
1749219791027655200,8.4986552734375,-0.2951248586177826,1.7387616634368896,0.157226100564003
1749219791037646000,8.50864599609375,-0.3149811029434204,1.8710442781448364,0.18211600184440613
1749219791047636000,8.518635986328125,-0.13392743468284607,1.9849077463150024,0.18877443671226501
1749219791057627100,8.528627197265624,0.05103788524866104,1.7068310976028442,0.1395818591117859
1749219791067618000,8.5386181640625,0.12944453954696655,1.2210042476654053,0.09538803994655609
1749219791077609000,8.54860888671875,0.09700830280780792,0.38185814023017883,0.046898532658815384
1749219791087599900,8.558599853515625,-0.05628218129277229,-0.29566681385040283,0.0311651099473238
1749219791097591000,8.568591064453125,-0.037640586495399475,-0.7121183276176453,0.030974427238106728
1749219791107581200,8.578581298828125,0.07325823605060577,-0.8112622499465942,0.014272945001721382
1749219791117572000,8.588572021484374,0.08952508866786957,-0.761077344417572,0.002229065867140889
1749219791127563000,8.59856298828125,0.1248394027352333,-0.7906408309936523,-0.02593705803155899
1749219791137554200,8.60855419921875,0.25539928674697876,-1.2087159156799316,-0.0727841928601265
1749219791147545000,8.618545166015625,0.3280892074108124,-1.5430402755737305,-0.12497203052043915
1749219791157536000,8.628535888671875,0.38595327734947205,-1.9846704006195068,-0.18032635748386383
1749219791167527200,8.638527099609375,0.5128792524337769,-2.8863744735717773,-0.2612587511539459
1749219791177517000,8.64851708984375,0.6862497329711914,-3.6804323196411133,-0.32136818766593933
1749219791187508200,8.65850830078125,0.5516533255577087,-3.381779432296753,-0.23748871684074402
1749219791197499100,8.6684990234375,0.016456471756100655,-2.109705924987793,-0.1200702115893364
1749219791207490300,8.678490234375,-0.2304944545030594,-1.285134196281433,-0.042040660977363586
1749219791217481200,8.688481201171875,-0.09331263601779938,-0.638167679309845,0.005912750028073788
1749219791227472100,8.69847216796875,0.07680609822273254,0.08934345841407776,0.04694779962301254
1749219791237462000,8.7084619140625,0.05784891918301582,0.5613765120506287,0.05330822989344597
1749219791247453200,8.718453125,-0.00986461527645588,0.6354355812072754,0.044742971658706665
1749219791257444000,8.728444091796876,-0.020296482369303703,0.5105197429656982,0.033424001187086105
1749219791267435000,8.73843505859375,-0.029635390266776085,0.36722034215927124,0.027752801775932312
1749219791277426000,8.748426025390625,-0.044379714876413345,0.23171073198318481,0.028813272714614868
1749219791287417000,8.7584169921875,-0.02997654117643833,0.06431081146001816,0.028265725821256638
1749219791297407200,8.7684072265625,-0.012987970374524593,-0.09698566794395447,0.042385540902614594
1749219791307398100,8.778398193359376,-0.0027590349782258272,-0.17769277095794678,0.07327315211296082
1749219791317389000,8.78838916015625,0.012921923771500587,-0.18838535249233246,0.11532019823789597
1749219791327380200,8.798380126953125,0.03599448502063751,-0.18034766614437103,0.1429757922887802
1749219791337371100,8.80837109375,0.05260009318590164,-0.1518012434244156,0.15355759859085083
1749219791347362000,8.818362060546875,0.061536066234111786,-0.10509925335645676,0.15738828480243683
1749219791357353200,8.828353271484374,0.05816956236958504,-0.0697239562869072,0.1625838577747345
1749219791367343000,8.838343017578126,0.03995673730969429,-0.04513046145439148,0.18342255055904388
1749219791377334000,8.848333984375,0.021577997133135796,-0.021993448957800865,0.21745136380195618
1749219791387325000,8.858324951171875,0.007298126816749573,-0.005094626918435097,0.2669307589530945
1749219791397316000,8.868316162109375,-0.011125355027616024,0.02690884657204151,0.33205971121788025
1749219791407307300,8.878307373046875,-0.0341944545507431,0.09268919378519058,0.40054580569267273
1749219791417298200,8.888298095703124,-0.059962403029203415,0.19530025124549866,0.4739063084125519
1749219791427288000,8.8982880859375,-0.07738187164068222,0.3379250466823578,0.5451549291610718
1749219791437279200,8.908279296875,-0.07072237133979797,0.459511399269104,0.6244036555290222
1749219791447270100,8.918270263671875,-0.07136499136686325,0.5707337856292725,0.7024508118629456
1749219791457261000,8.928260986328125,-0.07449980080127716,0.625089704990387,0.8057015538215637
1749219791467252000,8.938251953125,-0.06970158219337463,0.6211868524551392,0.8787853717803955
1749219791477243100,8.9482431640625,-0.07263877987861633,0.5564243793487549,0.9486203789710999
1749219791487233300,8.9582333984375,-0.08168767392635345,0.42857879400253296,0.9751686453819275
1749219791497224200,8.96822412109375,-0.0842704027891159,0.27197185158729553,0.9747425317764282
1749219791507215000,8.978215087890625,-0.07972013205289841,0.0140183474868536,0.9418157339096069
1749219791517206300,8.988206298828125,-0.08393644541501999,-0.2611865997314453,0.8437099456787109
1749219791527197200,8.998197265625,-0.0900510624051094,-0.509198784828186,0.7406285405158997
1749219791537188000,9.00818798828125,-0.0944410189986229,-0.792455792427063,0.6152123212814331
1749219791547179300,9.01817919921875,-0.11184051632881165,-1.076004147529602,0.46375221014022827
1749219791557169200,9.028169189453125,-0.15468145906925201,-1.295833706855774,0.29875874519348145
1749219791567160000,9.03816015625,-0.19475670158863068,-1.404310703277588,0.14679449796676636
1749219791577151000,9.04815087890625,-0.22451673448085785,-1.4337407350540161,-0.006843524985015392
1749219791587142100,9.05814208984375,-0.24253807961940765,-1.3991563320159912,-0.1501341015100479
1749219791597133000,9.068133056640624,-0.2506367564201355,-1.3031808137893677,-0.2640646696090698
1749219791607124000,9.0781240234375,-0.24881966412067413,-1.1850850582122803,-0.35797998309135437
1749219791617114000,9.088114013671875,-0.2521086633205414,-1.0707987546920776,-0.4287723898887634
1749219791627105000,9.09810498046875,-0.24002724885940552,-0.97438645362854,-0.4797269105911255
1749219791637096200,9.10809619140625,-0.23165453970432281,-0.9051501154899597,-0.5129836797714233
1749219791647087000,9.118087158203124,-0.23089100420475006,-0.8187736868858337,-0.5311570763587952
1749219791657078000,9.128078125,-0.23509107530117035,-0.7401829957962036,-0.519957423210144
1749219791667069200,9.138069091796876,-0.24511735141277313,-0.7242999076843262,-0.4990321695804596
1749219791677060000,9.14806005859375,-0.2612401247024536,-0.7367904186248779,-0.47765472531318665
1749219791687050000,9.158050048828125,-0.2853880822658539,-0.7373302578926086,-0.4445476233959198
1749219791697041200,9.168041259765625,-0.3298282325267792,-0.801278829574585,-0.4128677248954773
1749219791707032300,9.1780322265625,-0.37293124198913574,-0.9669263958930969,-0.38547658920288086
1749219791717023200,9.188023193359374,-0.40922585129737854,-1.185245156288147,-0.3719506561756134
1749219791727014100,9.19801416015625,-0.4391997456550598,-1.437735676765442,-0.3469467759132385
1749219791737005000,9.208005126953125,-0.46269574761390686,-1.7124892473220825,-0.3259461522102356
1749219791747000800,9.218000732421874,-0.49615463614463806,-2.0116209983825684,-0.3176501393318176
1749219791756991700,9.22799169921875,-0.5258608460426331,-2.2627062797546387,-0.2990458309650421
1749219791766983000,9.23798291015625,-0.5333528518676758,-2.4179599285125732,-0.28207457065582275
1749219791776974000,9.24797412109375,-0.4987189769744873,-2.4890873432159424,-0.2793426811695099
1749219791786965000,9.257965087890625,-0.4621950685977936,-2.4621331691741943,-0.30136382579803467
1749219791796956000,9.267955810546875,-0.4590488076210022,-2.3010921478271484,-0.31954631209373474
1749219791806945800,9.27794580078125,-0.4796616733074188,-2.0913450717926025,-0.3363681733608246
1749219791816937000,9.28793701171875,-0.5021776556968689,-1.8212053775787354,-0.36204156279563904
1749219791826927900,9.297927978515625,-0.5073132514953613,-1.5691286325454712,-0.34398481249809265
1749219791836918800,9.307918701171875,-0.5037531852722168,-1.3804633617401123,-0.3768998682498932
1749219791846909700,9.31790966796875,-0.4982449412345886,-1.281251311302185,-0.3627334535121918
1749219791856900900,9.32790087890625,-0.49621668457984924,-1.2676092386245728,-0.3455025255680084
1749219791866891800,9.337891845703124,-0.5039872527122498,-1.348271369934082,-0.34296533465385437
1749219791876882000,9.3478818359375,-0.5262142419815063,-1.4736801385879517,-0.278697669506073
1749219791886872800,9.357872802734375,-0.520851194858551,-1.6487432718276978,-0.26493364572525024
1749219791896864000,9.367864013671875,-0.49939170479774475,-1.7955639362335205,-0.23536618053913116
1749219791906855000,9.37785498046875,-0.49269306659698486,-1.8584773540496826,-0.14761289954185486
1749219791916845800,9.387845703125,-0.47137072682380676,-1.9344937801361084,-0.09064015746116638
1749219791926837000,9.3978369140625,-0.4363749325275421,-1.9895504713058472,0.009755691513419151
1749219791936827000,9.407826904296876,-0.40709346532821655,-2.0105133056640625,0.13604971766471863
1749219791946817800,9.41781787109375,-0.35852912068367004,-2.1104092597961426,0.21245793998241425
1749219791956808700,9.42780859375,-0.32069119811058044,-2.1888017654418945,0.31229159235954285
1749219791966800000,9.4377998046875,-0.2890169024467468,-2.245335102081299,0.41825318336486816
1749219791976790800,9.447790771484375,-0.1276000291109085,-2.47208309173584,0.44344615936279297
1749219791986782000,9.457781982421874,0.05417375639081001,-2.848911762237549,0.44693222641944885
1749219791996771800,9.467771728515626,-0.040650755167007446,-2.879891872406006,0.5189177393913269
1749219792006762800,9.4777626953125,-0.08792772144079208,-2.6394829750061035,0.5899404883384705
1749219792016754000,9.48775390625,0.03398939222097397,-2.514277935028076,0.6269672513008118
1749219792026744800,9.497744873046875,0.2372993677854538,-2.689157724380493,0.439561128616333
1749219792036735700,9.50773583984375,0.7882352471351624,-3.3128793239593506,-0.2702394723892212
1749219792046727000,9.517726806640624,1.2799512147903442,-3.3892931938171387,0.28018611669540405
1749219792056717800,9.5277177734375,0.60125333070755,-0.7886908650398254,0.6998220086097717
1749219792066708000,9.5377080078125,-0.1797601729631424,2.1929256916046143,0.8170138597488403
1749219792076699000,9.547698974609375,-0.5699495077133179,2.7313320636749268,0.9220476150512695
1749219792086690000,9.55768994140625,-0.22096939384937286,1.6425466537475586,0.7092037796974182
1749219792096681000,9.567680908203124,0.5687190890312195,0.5065920948982239,0.6649516224861145
1749219792106671900,9.577671875,0.8112033605575562,0.23334963619709015,0.5825648903846741
1749219792116663000,9.5876630859375,0.5552381873130798,0.05104347690939903,0.5671494603157043
1749219792126653000,9.59765283203125,0.273690402507782,-0.14945712685585022,0.6074374914169312
1749219792136643800,9.607643798828125,0.23991645872592926,-0.06854709982872009,0.5957099795341492
1749219792146634800,9.617634765625,0.398617684841156,0.19322538375854492,0.5732062458992004
1749219792156625700,9.627625732421874,0.41553008556365967,0.21847960352897644,0.5288515686988831
1749219792166616800,9.637616943359374,0.31964191794395447,0.10217057913541794,0.5302572250366211
1749219792176607700,9.647607666015626,0.32015883922576904,0.0409676730632782,0.5713154077529907
1749219792186598000,9.657597900390625,0.39292117953300476,0.08794982731342316,0.6020600199699402
1749219792196588800,9.6675888671875,0.4171343743801117,0.07248245924711227,0.5792138576507568
1749219792206580000,9.677580078125,0.41966357827186584,-0.05704331398010254,0.5513774156570435
1749219792216571000,9.68757080078125,0.4216516315937042,-0.27779966592788696,0.44911015033721924
1749219792226561800,9.697561767578126,0.4143202304840088,-0.4397968053817749,0.34029844403266907
1749219792236553000,9.707552978515626,0.3903086185455322,-0.5036333203315735,0.26420527696609497
1749219792246544000,9.7175439453125,0.3634602427482605,-0.5056517124176025,0.19352446496486664
1749219792256533800,9.72753369140625,0.3364208936691284,-0.44645923376083374,0.1636459231376648
1749219792266524700,9.737524658203125,0.32228830456733704,-0.3651004731655121,0.07810439169406891
1749219792276515800,9.747515869140624,0.3121911883354187,-0.35379350185394287,0.05342860519886017
1749219792286507000,9.757507080078126,0.2767445147037506,-0.3631097674369812,0.12368811666965485
1749219792296498000,9.767497802734376,0.26266971230506897,-0.47877830266952515,0.11447411775588989
1749219792306488800,9.77748876953125,0.31089556217193604,-0.7833296656608582,0.12438426911830902
1749219792316479000,9.78747900390625,0.3597608506679535,-1.0838426351547241,0.11779454350471497
1749219792326470000,9.797469970703125,0.36635029315948486,-1.2133452892303467,0.10895657539367676
1749219792336460800,9.807460693359374,0.34510093927383423,-1.2178717851638794,0.1560138314962387
1749219792346451700,9.81745166015625,0.29898056387901306,-1.0638002157211304,0.14718972146511078
1749219792356443000,9.82744287109375,0.2570190131664276,-0.8977521061897278,0.1584642082452774
1749219792366433800,9.837433837890625,0.2457519769668579,-0.8317614197731018,0.1753084361553192
1749219792376424700,9.8474248046875,0.2387198954820633,-0.8848997354507446,0.18137139081954956
1749219792386414800,9.857414794921874,0.2496335357427597,-1.0499662160873413,0.1928892880678177
1749219792396406000,9.867406005859374,0.244548499584198,-1.2338494062423706,0.24173486232757568
1749219792406397000,9.87739697265625,0.2223137617111206,-1.366274356842041,0.25591859221458435
1749219792416387800,9.887387939453125,0.24721431732177734,-1.4784682989120483,0.2727854549884796
1749219792426379000,9.89737890625,0.25961852073669434,-1.4151811599731445,0.30342885851860046
1749219792436370000,9.907369873046875,0.21456342935562134,-1.3502519130706787,0.30276572704315186
1749219792446359800,9.91735986328125,0.17514145374298096,-1.248679518699646,0.3029018044471741
1749219792456350700,9.927350830078124,0.17051288485527039,-1.2317945957183838,0.27580228447914124
1749219792466342000,9.937341796875,0.13336098194122314,-1.3497811555862427,0.26837819814682007
1749219792476332800,9.947332763671875,0.15594272315502167,-1.4774171113967896,0.22140029072761536
1749219792486323700,9.95732373046875,0.2390671819448471,-1.7866010665893555,0.17726293206214905
1749219792496315000,9.96731494140625,0.2800622880458832,-2.1284615993499756,0.12802614271640778
1749219792506304800,9.9773046875,0.22010786831378937,-2.361948013305664,0.07582099735736847
1749219792516296000,9.9872958984375,0.14761927723884583,-2.369511127471924,0.053092245012521744
1749219792526286800,9.997286865234376,0.13369335234165192,-2.305290460586548,0.10581058263778687
1749219792536277800,10.00727783203125,0.10628782212734222,-2.1967740058898926,0.15450222790241241
1749219792546269000,10.01726904296875,0.09245802462100983,-2.0753941535949707,0.2611200213432312
1749219792556259800,10.027259765625,0.08424084633588791,-1.9961196184158325,0.3782096207141876
1749219792566250800,10.037250732421874,0.09210808575153351,-1.993985652923584,0.505096971988678
1749219792576241000,10.047240966796876,0.1129651665687561,-1.991134762763977,0.6409429907798767
1749219792586232000,10.057232177734376,0.11790000647306442,-1.9719256162643433,0.7411393523216248
1749219792596223000,10.067222900390625,0.1292828917503357,-1.9865847826004028,0.8497207164764404
1749219792606214000,10.0772138671875,0.14951252937316895,-2.0208146572113037,0.945327639579773
1749219792616205000,10.087205078125,0.13645291328430176,-2.007288932800293,1.0372735261917114
1749219792626196000,10.097196044921875,0.10773498564958572,-1.9813768863677979,1.1495764255523682
1749219792636185900,10.107185791015626,0.10965964943170547,-1.975244164466858,1.2577598094940186
1749219792646176800,10.1171767578125,0.09338560700416565,-1.9924721717834473,1.4042779207229614
1749219792656167700,10.127167724609375,0.09021618217229843,-2.0356228351593018,1.4890801906585693
1749219792666158800,10.137158935546875,0.053406234830617905,-1.8706022500991821,1.5446065664291382
1749219792676149800,10.147149658203125,-0.009160208515822887,-1.6847633123397827,1.676271915435791
1749219792686140700,10.157140625,-0.07506545633077621,-1.4750967025756836,1.7960633039474487
1749219792696130800,10.167130859375,-0.14476704597473145,-1.197803258895874,1.9264042377471924
1749219792706122000,10.1771220703125,-0.2159557342529297,-0.9615383148193359,2.042958974838257
1749219792716113000,10.18711279296875,-0.24633467197418213,-0.8363627791404724,2.1676995754241943
1749219792726103800,10.197103759765625,-0.24660418927669525,-0.8256731629371643,2.4504032135009766
1749219792736095000,10.207094970703125,-0.3025257885456085,-0.9333271384239197,2.6519899368286133
1749219792746079500,10.21707958984375,-0.43766042590141296,-1.057037115097046,2.8662688732147217
1749219792756070400,10.2270703125,-0.5991382598876953,-1.0798466205596924,2.916734457015991
1749219792766060500,10.237060546875,-0.730656087398529,-0.9143534898757935,2.8463644981384277
1749219792776051500,10.247051513671876,-0.7567987442016602,-0.6489300727844238,2.677760601043701
1749219792786042400,10.25704248046875,-0.6931601166725159,-0.39511722326278687,2.331230640411377
1749219792796033300,10.267033203125,-0.628821074962616,-0.31382477283477783,1.7310594320297241
1749219792806024400,10.2770244140625,-0.801567018032074,-0.3724510669708252,0.9607710242271423
1749219792816015400,10.287015380859375,-1.2066318988800049,-0.6113699078559875,0.3110572099685669
1749219792826005500,10.297005615234376,-1.4710966348648071,-1.0930532217025757,-0.38683614134788513
1749219792835996400,10.306996337890626,-1.464296817779541,-1.7175319194793701,-1.0534253120422363
1749219792845987600,10.316987548828125,-1.2132147550582886,-2.08345890045166,-1.716052532196045
1749219792855978500,10.326978515625,-0.7919354438781738,-2.0827949047088623,-2.3983466625213623
1749219792865969400,10.336969482421875,-0.37735339999198914,-1.6827130317687988,-3.0335569381713867
1749219792875960600,10.346960693359375,-0.09796784073114395,-1.0289242267608643,-3.570004940032959
1749219792885951500,10.356951416015624,0.013940582983195782,-0.16270290315151215,-3.990964889526367
1749219792895941400,10.36694140625,-0.03670581802725792,1.0715638399124146,-4.274413585662842
1749219792905932500,10.3769326171875,-0.1635037064552307,2.6114346981048584,-4.456745147705078
1749219792915923700,10.386923828125,-0.2973323464393616,4.192937850952148,-4.548422813415527
1749219792925914600,10.39691455078125,-0.3795052468776703,5.5673980712890625,-4.467986583709717
1749219792935905500,10.406905517578124,-0.2846599519252777,6.504766464233398,-4.145869731903076
1749219792945896400,10.416896484375,-0.0789206475019455,6.436333656311035,-3.486464023590088
1749219792955886600,10.426886474609375,-0.22062931954860687,5.641554355621338,-2.4355859756469727
1749219792965877500,10.43687744140625,-0.4074023962020874,4.106334209442139,-1.3680453300476074
1749219792975868400,10.446868408203125,-0.5004020929336548,2.5620498657226562,0.07458075881004333
1749219792985859300,10.456859375,-0.4157138466835022,1.8286789655685425,1.1956043243408203
1749219792995850500,10.4668505859375,-0.15090695023536682,1.3147722482681274,1.5634363889694214
1749219793005841400,10.47684130859375,0.11571594327688217,0.4511168599128723,0.8503028750419617
1749219793015832300,10.486832275390626,0.24696265161037445,0.09626635164022446,-0.14097149670124054
1749219793025822500,10.496822509765625,0.3120740056037903,0.4767604172229767,-0.5298212766647339
1749219793035813600,10.506813720703125,0.36764058470726013,0.6062217354774475,-0.46550777554512024
1749219793045804500,10.516804443359375,0.4524385631084442,0.12328039109706879,-0.3680480718612671
1749219793055795500,10.52679541015625,0.5630699992179871,-0.4279731810092926,-0.653032124042511
1749219793065786600,10.53678662109375,0.5702632069587708,-0.403991162776947,-0.7042758464813232
1749219793075777500,10.546777587890626,0.6248968839645386,-0.21898934245109558,-0.7090125679969788
1749219793085767400,10.556767333984375,0.4875755310058594,-0.2947522699832916,-0.6554470658302307
1749219793095758300,10.56675830078125,0.24197562038898468,-0.1879885494709015,-0.5108592510223389
1749219793105749200,10.576749267578125,0.24018970131874084,0.22607627511024475,-0.3729216456413269
1749219793115740400,10.586740478515624,0.3988800048828125,0.564872682094574,-0.2546927332878113
1749219793125731600,10.596731689453126,0.42645785212516785,0.6601566076278687,-0.20106945931911469
1749219793135722500,10.606722412109375,0.3466082811355591,0.47048017382621765,-0.21999149024486542
1749219793145713700,10.616713623046875,0.3122420608997345,0.08869525045156479,-0.2799115478992462
1749219793155703600,10.62670361328125,0.326547235250473,-0.28308549523353577,-0.33628320693969727
1749219793165694500,10.636694580078125,0.28563520312309265,-0.5194050669670105,-0.4019181430339813
1749219793175685400,10.646685302734374,0.19639082252979279,-0.5748156309127808,-0.44036006927490234
1749219793185676500,10.656676513671876,0.15021294355392456,-0.3541647493839264,-0.4172323942184448
1749219793195667500,10.66666748046875,0.13747955858707428,-0.004063717555254698,-0.3812517523765564
1749219793205658400,10.676658447265625,0.11222533881664276,0.19369596242904663,-0.3524949252605438
1749219793215648500,10.6866484375,0.08059870451688766,0.20589138567447662,-0.30319875478744507
1749219793225639700,10.6966396484375,0.07315756380558014,0.15157701075077057,-0.26965969800949097
1749219793235630600,10.706630615234374,0.07594935595989227,0.058512311428785324,-0.2469504028558731
1749219793245621500,10.71662158203125,0.053169477730989456,-0.05024692416191101,-0.23356588184833527
1749219793255612400,10.7266123046875,0.016583504155278206,-0.06076161935925484,-0.204297736287117
1749219793265603600,10.736603515625,0.0054573495872318745,-0.003922303672879934,-0.1759398728609085
1749219793275594500,10.746594482421875,-0.0009323726990260184,0.06416486948728561,-0.15325799584388733
1749219793285584400,10.75658447265625,-0.011542672291398048,0.09556140750646591,-0.11959191411733627
1749219793295575300,10.7665751953125,-0.02484995685517788,0.06839903444051743,-0.0925712138414383
1749219793305566500,10.77656640625,-0.02821406163275242,0.03689436987042427,-0.06831248104572296
1749219793315557400,10.786557373046875,-0.0340767428278923,0.007892544381320477,-0.04514430835843086
1749219793325548300,10.79654833984375,-0.04878991097211838,-0.031195202842354774,-0.022304506972432137
1749219793335539500,10.80653955078125,-0.048104677349328995,-0.05192951112985611,0.016377907246351242
1749219793345530600,10.816530517578125,-0.054253119975328445,-0.06251983344554901,0.04800986871123314
1749219793355520500,10.8265205078125,-0.07085073739290237,-0.04194292426109314,0.08564992249011993
1749219793365511400,10.836511474609376,-0.08917514979839325,-0.0226840078830719,0.12361568212509155
1749219793375502600,10.846502685546875,-0.09774333983659744,0.02028236910700798,0.14510579407215118
1749219793385493500,10.856493408203125,-0.1108120009303093,0.09168704599142075,0.15377357602119446
1749219793395484400,10.866484375,-0.1416948139667511,0.13053910434246063,0.15362711250782013
1749219793405475300,10.876475341796874,-0.16461797058582306,0.14751462638378143,0.1427249312400818
1749219793415465500,10.886465576171876,-0.16894374787807465,0.15006433427333832,0.11658813059329987
1749219793425456600,10.89645654296875,-0.1770557314157486,0.18392083048820496,0.08777539432048798
1749219793435447600,10.906447509765625,-0.18946632742881775,0.23607458174228668,0.0599227212369442
1749219793445438500,10.9164384765625,-0.19156970083713531,0.2703617215156555,0.028593027964234352
1749219793455429600,10.9264296875,-0.18425266444683075,0.28128013014793396,0.009126919321715832
1749219793465420500,10.936420654296874,-0.17215871810913086,0.25646907091140747,-0.011230284348130226
1749219793475411500,10.946411376953124,-0.14328791201114655,0.17190012335777283,-0.04928126186132431
1749219793485401300,10.9564013671875,-0.09922672063112259,0.129354789853096,-0.10306859761476517
1749219793495392500,10.966392578125,-0.0802956372499466,0.1402796059846878,-0.12469799071550369
1749219793505383400,10.976383544921875,-0.10024377703666687,0.15291018784046173,-0.110927052795887
1749219793515374300,10.986374267578125,-0.11490873992443085,0.1312837153673172,-0.06964592635631561
1749219793525365500,10.996365478515624,-0.09273552894592285,0.05698339268565178,-0.06101861223578453
1749219793535356400,11.0063564453125,-0.07168430835008621,-0.008208128623664379,-0.03623097389936447
1749219793545347300,11.016347412109376,-0.06807305663824081,-0.04265158995985985,0.01830443926155567
1749219793555337500,11.02633740234375,-0.06432412564754486,-0.10904419422149658,0.030616765841841698
1749219793565328600,11.03632861328125,-0.06484690308570862,-0.14674043655395508,0.0533849261701107
1749219793575319600,11.046319580078125,-0.07162225246429443,-0.13381452858448029,0.0982288345694542
1749219793585310500,11.056310546875,-0.07641647756099701,-0.1375245749950409,0.13461028039455414
1749219793595301400,11.06630126953125,-0.08373191207647324,-0.1448698341846466,0.1675029844045639
1749219793605292500,11.07629248046875,-0.08137581497430801,-0.13915522396564484,0.18731077015399933
1749219793615282400,11.086282470703125,-0.06899531185626984,-0.14973808825016022,0.1460631936788559
1749219793625273300,11.0962734375,-0.06622642278671265,-0.12377680093050003,0.13405287265777588
1749219793635264500,11.106264404296875,-0.07760584354400635,-0.060201022773981094,0.1427166759967804
1749219793645255700,11.116255615234374,-0.07959602773189545,-0.027036411687731743,0.14174355566501617
1749219793655246600,11.12624658203125,-0.0893876701593399,-0.010524545796215534,0.14778466522693634
1749219793665237500,11.136237548828126,-0.08218462020158768,-0.005289836786687374,0.14924541115760803
1749219793675228700,11.146228759765625,-0.07589156925678253,-0.0024378576781600714,0.15089204907417297
1749219793685218600,11.156218505859375,-0.07552618533372879,-0.0008966863388195634,0.15298262238502502
1749219793695209500,11.16620947265625,-0.0759725272655487,-0.012428706511855125,0.1597640961408615
1749219793705200400,11.176200439453124,-0.06879530847072601,-0.01818219944834709,0.16757914423942566
1749219793715191600,11.186191650390626,-0.061825551092624664,-0.0091130705550313,0.16510160267353058
1749219793725182500,11.196182373046875,-0.064079649746418,-0.020007796585559845,0.15531635284423828
1749219793735173400,11.20617333984375,-0.05706275254487991,-0.04986689239740372,0.12570253014564514
1749219793745163000,11.2161630859375,-0.04956728592514992,-0.0379047729074955,0.09856226295232773
1749219793755154200,11.226154296875,-0.044202614575624466,-0.006106095854192972,0.08973627537488937
1749219793765145000,11.23614501953125,-0.046488672494888306,0.002939863596111536,0.07112371176481247
1749219793775136000,11.246135986328126,-0.04641330614686012,0.015794675797224045,0.05668405070900917
1749219793785127200,11.256127197265625,-0.03412681072950363,0.012923255562782288,0.04701438173651695
1749219793795118000,11.2661181640625,-0.030174413695931435,0.015504923649132252,0.03809838369488716
1749219793805109000,11.27610888671875,-0.02443530224263668,0.0015246596885845065,0.03493987396359444
1749219793815099000,11.286098876953124,-0.01805836334824562,-0.011121893301606178,0.035467978566884995
1749219793825090000,11.296090087890626,-0.014034059830009937,-0.011877432465553284,0.03887469321489334
1749219793835081200,11.306081298828126,-0.0083660539239645,-0.001458080718293786,0.041377000510692596
1749219793845072100,11.316072021484375,-0.007172957994043827,0.010804977267980576,0.03904886543750763
1749219793855063000,11.32606298828125,-0.0030365362763404846,0.022277342155575752,0.0448785237967968
1749219793865054200,11.33605419921875,-0.0026820695493370295,0.02214524894952774,0.03791569173336029
1749219793875045000,11.346045166015625,-0.0035896748304367065,0.011085674166679382,0.028379444032907486
1749219793885035000,11.356034912109376,0.0049409628845751286,0.009192699566483498,0.023332752287387848
1749219793895026000,11.36602587890625,0.00708720413967967,0.009165002964437008,0.0177592895925045
1749219793905017000,11.37601708984375,0.004218979738652706,-0.00740145705640316,0.009379919618368149
1749219793915008000,11.386008056640625,0.009819340892136097,-0.025676334276795387,0.005738579668104649
1749219793924999000,11.3959990234375,0.015023157931864262,-0.022281603887677193,0.0008000136003829539
1749219793934990000,11.405989990234374,0.011742942035198212,-0.008202802389860153,-0.0005438174703158438
1749219793944981000,11.41598095703125,0.006643787957727909,0.004298874642699957,0.008329303003847599
1749219793954971100,11.42597119140625,0.004792091902345419,0.019686885178089142,0.008194812573492527
1749219793964962000,11.435962158203125,0.005708485841751099,0.012665728107094765,0.014268151484429836
1749219793974953200,11.445953125,0.007005178835242987,0.0016442356863990426,0.01835610345005989
1749219793984944000,11.455944091796875,0.004590490832924843,-0.0013041499769315124,0.018786471337080002
1749219793994935000,11.46593505859375,0.005820604972541332,0.016080966219305992,0.019032280892133713
1749219794004926000,11.475926025390624,0.0011808456620201468,0.008853412233293056,0.017727332189679146
1749219794014916000,11.485916015625,-0.003049319377169013,-0.003129746997728944,0.017198428511619568
1749219794024907000,11.495906982421875,0.004206462763249874,-0.005781989078968763,0.0169741902500391
1749219794034898000,11.50589794921875,0.003227218519896269,0.003328951308503747,0.014149907045066357
1749219794044889000,11.51588916015625,-0.003935885615646839,0.010480604134500027,0.013497166335582733
1749219794054880300,11.52588037109375,-0.00634844321757555,0.0010599381057545543,0.014153902418911457
1749219794064871200,11.53587109375,-0.0032471923623234034,-0.00640729907900095,0.013426059857010841
1749219794074862000,11.545862060546876,-0.002531600883230567,-0.007954595610499382,0.015447399578988552
1749219794084852000,11.55585205078125,-0.0006583334179595113,-0.0016130766598507762,0.01937928982079029
1749219794094843100,11.565843017578125,-0.0030746194534003735,0.01852867752313614,0.0216006338596344
1749219794104834000,11.575833984375,-0.00740358792245388,0.025783393532037735,0.022582007572054863
1749219794114825000,11.585824951171874,-0.006570817437022924,0.01842401549220085,0.021702099591493607
1749219794124816100,11.595816162109376,-0.0038956720381975174,0.005726861767470837,0.02171275205910206
1749219794134807000,11.60580712890625,-0.0022309301421046257,-0.000215716048842296,0.022228339686989784
1749219794144798000,11.6157978515625,-0.0023094932548701763,0.002585130510851741,0.024331705644726753
1749219794154788000,11.6257880859375,-0.006172941066324711,0.003197923768311739,0.023908793926239014
1749219794164779300,11.635779296875,-0.005106877535581589,0.002156894188374281,0.022006232291460037
1749219794174770200,11.645770263671874,-0.007271495182067156,0.0030091057997196913,0.023441409692168236
1749219794184761000,11.655760986328126,-0.008665925823152065,0.004634965676814318,0.026004968211054802
1749219794194752000,11.665751953125,-0.0049614692106842995,0.004504736978560686,0.022160962224006653
1749219794204743200,11.6757431640625,0.005017661955207586,-0.0022330605424940586,0.017352892085909843
1749219794214733000,11.685733154296875,0.002041046740487218,0.013467871583998203,0.01696247234940529
1749219794224724000,11.695723876953124,0.002620816696435213,0.014871357940137386,0.013732856139540672
1749219794234715000,11.70571484375,0.018568890169262886,-0.007404652889817953,-0.009761017747223377
1749219794244706000,11.7157060546875,0.02563026174902916,0.007331149652600288,-0.01612011343240738
1749219794254697000,11.725697021484375,0.016451144590973854,0.024404941126704216,-0.015135543420910835
1749219794264688000,11.735688232421875,0.008567921817302704,-0.006600378546863794,-0.0511326938867569
1749219794274679300,11.74567919921875,0.03772713989019394,-0.08639880269765854,-0.17037439346313477
1749219794284669200,11.755669189453124,0.050083406269550323,-0.02532932534813881,-0.20103004574775696
1749219794294660000,11.76566015625,0.030413033440709114,0.06369109451770782,-0.15241271257400513
1749219794304651000,11.775651123046876,0.01732679270207882,-0.023865118622779846,-0.18488702178001404
1749219794314642000,11.785641845703125,-0.006774283014237881,0.048890311270952225,-0.13111861050128937
1749219794324633000,11.795633056640625,-0.01449771597981453,0.15527373552322388,-0.04478185251355171
1749219794334624000,11.8056240234375,-0.04074902832508087,0.20012643933296204,-0.001977929612621665
1749219794344615000,11.815614990234375,-0.04309234395623207,0.1321423202753067,0.026215093210339546
1749219794354605000,11.82560498046875,-0.045086782425642014,0.0792868360877037,0.047502804547548294
1749219794364596200,11.83559619140625,-0.025059014558792114,0.044681183993816376,0.01733637973666191
1749219794374587100,11.845587158203125,-0.03490179032087326,-0.02382011152803898,0.09205828607082367
1749219794384578000,11.855578125,-0.07686442136764526,-0.016048740595579147,0.10250773280858994
1749219794394569200,11.8655693359375,-0.07081984728574753,0.04104090854525566,0.10852514207363129
1749219794404560100,11.87556005859375,-0.0717916339635849,0.11518597602844238,0.13136973977088928
1749219794414550000,11.885550048828126,-0.08110097795724869,0.16385124623775482,0.12553103268146515
1749219794424541000,11.895541015625,-0.08130843937397003,0.1568221002817154,0.1537802368402481
1749219794434532000,11.905531982421875,-0.08982443064451218,0.14164873957633972,0.16330556571483612
1749219794444523000,11.91552294921875,-0.08302857726812363,0.10678556561470032,0.18277859687805176
1749219794454514000,11.925513916015625,-0.08315480500459671,0.06938626617193222,0.20271262526512146
1749219794464504800,11.9355048828125,-0.0903589278459549,0.03765257075428963,0.2282925546169281
1749219794474496000,11.94549609375,-0.09401411563158035,0.002802444389089942,0.26699522137641907
1749219794484486100,11.955486083984376,-0.10728144645690918,-0.026263294741511345,0.31832337379455566
1749219794494477000,11.96547705078125,-0.11652234941720963,-0.043540820479393005,0.37332457304000854
1749219794504468000,11.975468017578125,-0.14139467477798462,-0.057910170406103134,0.45501625537872314
1749219794514459100,11.985459228515625,-0.1798483282327652,-0.08495163917541504,0.5664205551147461
1749219794524450000,11.995449951171874,-0.2304888665676117,-0.14474307000637054,0.7106546759605408
1749219794534441000,12.00544091796875,-0.274661123752594,-0.22473058104515076,0.8830637335777283
1749219794544432000,12.01543212890625,-0.3189643919467926,-0.2922249436378479,1.054024577140808
1749219794554422000,12.025422119140625,-0.3668224811553955,-0.3265778422355652,1.2083754539489746
1749219794564413200,12.0354130859375,-0.4376274049282074,-0.3251890242099762,1.3392109870910645
1749219794574404000,12.045404052734375,-0.4906189739704132,-0.2897476553916931,1.4393876791000366
1749219794584395300,12.055395263671874,-0.5162074565887451,-0.29197993874549866,1.5320992469787598
1749219794594386200,12.06538623046875,-0.5383228659629822,-0.31805893778800964,1.635413408279419
1749219794604377000,12.075377197265626,-0.5636167526245117,-0.42622482776641846,1.7397536039352417
1749219794614367000,12.085366943359375,-0.499002069234848,-0.5616785287857056,1.8560773134231567
1749219794624358100,12.095358154296875,-0.4561459720134735,-0.6446508765220642,1.9249378442764282
1749219794634349000,12.10534912109375,-0.46375328302383423,-0.6305832862854004,1.9182112216949463
1749219794644340000,12.115340087890624,-0.42399415373802185,-0.5227143168449402,1.8512217998504639
1749219794654331000,12.125330810546876,-0.3550417125225067,-0.32652831077575684,1.7072523832321167
1749219794664322000,12.135322021484376,-0.2905884087085724,-0.14179627597332,1.459908366203308
1749219794674313000,12.14531298828125,-0.18153943121433258,-0.026605777442455292,1.0592060089111328
1749219794684303000,12.15530322265625,0.03682912141084671,0.10341853648424149,0.6394843459129333
1749219794694294000,12.1652939453125,0.21045736968517303,0.3047870695590973,0.1496904194355011
1749219794704285200,12.17528515625,0.1700470894575119,0.5930145978927612,-0.29035860300064087
1749219794714276000,12.185276123046876,0.02366032265126705,0.8178088068962097,-0.6823902726173401
1749219794724267000,12.19526708984375,-0.08008977770805359,0.8263953924179077,-1.0668338537216187
1749219794734258200,12.205258056640625,-0.13852858543395996,0.6701405644416809,-1.3979384899139404
1749219794744248800,12.215248779296875,-0.12942509353160858,0.3635084331035614,-1.6739168167114258
1749219794754238700,12.22523876953125,-0.07182412594556808,-0.03976605460047722,-1.9069644212722778
1749219794764230000,12.23522998046875,0.001422128058038652,-0.3617033362388611,-2.1119625568389893
1749219794774221000,12.245220947265626,0.06433611363172531,-0.5286084413528442,-2.248924970626831
1749219794784212000,12.2552119140625,0.08171190321445465,-0.5202751755714417,-2.348104238510132
1749219794794203000,12.265202880859375,0.09394647181034088,-0.35238227248191833,-2.426513671875
1749219794804194000,12.275194091796875,0.09123403578996658,-0.04482552781701088,-2.4672093391418457
1749219794814184000,12.285183837890624,0.09788235276937485,0.3115094304084778,-2.507478713989258
1749219794824174800,12.2951748046875,0.12319383770227432,0.6120955944061279,-2.4962034225463867
1749219794834165800,12.305165771484376,0.13641749322414398,0.8146343231201172,-2.5025954246520996
1749219794844156700,12.31515673828125,0.1619659960269928,0.8652152419090271,-2.5092642307281494
1749219794854147800,12.32514794921875,0.1760929971933365,0.7704468965530396,-2.473629951477051
1749219794864138800,12.335138671875,0.17635585367679596,0.6576495170593262,-2.492689847946167
1749219794874129700,12.345129638671875,0.16836397349834442,0.5123655796051025,-2.4700748920440674
1749219794884119800,12.355119873046876,0.14204847812652588,0.3496190011501312,-2.4337334632873535
1749219794894111000,12.365111083984376,0.10339962691068649,0.14798147976398468,-2.375220775604248
1749219794904102000,12.375101806640625,0.05101870745420456,-0.02558125928044319,-2.3321797847747803
1749219794914092800,12.3850927734375,0.009034241549670696,-0.16474367678165436,-2.3035988807678223
1749219794924084000,12.395083984375,-0.0368320494890213,-0.22474709153175354,-2.268014430999756
1749219794934075000,12.405074951171875,-0.06824829429388046,-0.21619142591953278,-2.245745897293091
1749219794944065800,12.415065673828124,-0.04013729840517044,-0.18738560378551483,-2.234083652496338
1749219794954055700,12.4250556640625,-0.00247594085521996,-0.13263766467571259,-2.235605001449585
1749219794964046800,12.435046875,0.025665149092674255,-0.08819989860057831,-2.171811103820801
1749219794974037800,12.445037841796875,0.035651471465826035,-0.07426943629980087,-2.1124765872955322
1749219794984029000,12.45502880859375,0.03880491852760315,-0.046183474361896515,-2.078587293624878
1749219794994019800,12.465019775390624,0.04369847849011421,-0.03759078308939934,-1.931159257888794
1749219795004011000,12.475010986328124,0.017909491434693336,-0.03917057067155838,-1.7933963537216187
1749219795014001000,12.4850009765625,-0.022800387814641,-0.07178657501935959,-1.6084089279174805
1749219795023991800,12.49499169921875,-0.07178497314453125,-0.12204202264547348,-1.335417628288269
1749219795033982700,12.504982666015625,-0.11976954340934753,-0.16569256782531738,-1.1011278629302979
1749219795043974000,12.514973876953125,-0.16212019324302673,-0.16765211522579193,-0.8246616721153259
1749219795053964800,12.52496484375,-0.17681285738945007,-0.1739044189453125,-0.5329363346099854
1749219795063955700,12.534955810546874,-0.16410717368125916,-0.21080011129379272,-0.25277793407440186
1749219795073945900,12.54494580078125,-0.15499117970466614,-0.2295333296060562,0.022434202954173088
1749219795083937000,12.55493701171875,-0.1472427099943161,-0.26882559061050415,0.31414780020713806
1749219795093928000,12.564927978515625,-0.12880218029022217,-0.41258570551872253,0.6158397793769836
1749219795103918800,12.5749189453125,-0.11926354467868805,-0.652352511882782,0.9279776811599731
1749219795113910000,12.584909912109374,-0.10021767765283585,-0.9580173492431641,1.2354021072387695
1749219795123901000,12.59490087890625,-0.05476950481534004,-1.2898623943328857,1.531800389289856
1749219795133891800,12.604891845703126,-0.011116300709545612,-1.577818512916565,1.8137918710708618
1749219795143881700,12.6148818359375,0.06273368746042252,-1.7753856182098389,1.985176682472229
1749219795153873000,12.624872802734375,0.11783342808485031,-1.7812131643295288,2.056659698486328
1749219795163863800,12.63486376953125,0.11245597153902054,-1.510039210319519,1.7819870710372925
1749219795173854700,12.644854736328124,0.11841905117034912,-0.6993897557258606,1.6286367177963257
1749219795183845600,12.654845703125,0.13469229638576508,1.136989712715149,2.020667552947998
1749219795193836800,12.6648369140625,0.22796791791915894,1.7469111680984497,1.8433088064193726
1749219795203828000,12.674827880859375,0.23738431930541992,1.914026141166687,2.085409641265869
1749219795213817900,12.68481787109375,0.2238168567419052,2.4408509731292725,1.7690939903259277
1749219795223808800,12.694808837890625,0.3820056915283203,2.52781081199646,1.6156138181686401
1749219795233800000,12.704800048828124,0.8078163862228394,2.0467591285705566,1.5188993215560913
1749219795243790800,12.714790771484376,1.0575522184371948,0.40609318017959595,1.5242940187454224
1749219795253781800,12.72478173828125,0.8630013465881348,-1.7573693990707397,1.6133142709732056
1749219795263773000,12.73477294921875,0.8178687691688538,-3.2673628330230713,1.6383596658706665
1749219795273762800,12.7447626953125,0.8282934427261353,-3.184016227722168,1.6177589893341064
1749219795283754000,12.75475390625,0.563305675983429,-1.950856328010559,1.5548216104507446
1749219795293745000,12.764744873046874,0.21334609389305115,-0.7475021481513977,1.4637547731399536
1749219795303736000,12.774736083984376,0.22793570160865784,0.13799569010734558,1.3783451318740845
1749219795313727000,12.78472705078125,0.2252240628004074,0.9064859747886658,1.2465095520019531
1749219795323718000,12.7947177734375,0.08790029585361481,1.1066118478775024,1.1293323040008545
1749219795333708800,12.804708740234375,0.12578429281711578,0.7648561596870422,1.0333245992660522
1749219795343699000,12.814698974609374,0.27841857075691223,0.3625622093677521,0.9442101716995239
1749219795353689900,12.82468994140625,0.4044566750526428,-0.035965193063020706,0.8132809400558472
1749219795363680800,12.8346806640625,0.5017206072807312,-0.6578721404075623,0.6875187158584595
1749219795373671700,12.844671630859375,0.515695333480835,-1.4442434310913086,0.5886983871459961
1749219795383662800,12.854662841796875,0.516136884689331,-1.7688606977462769,0.6700955629348755
1749219795393653800,12.86465380859375,0.4218047559261322,-1.4120668172836304,0.6300663352012634
1749219795403645000,12.87464501953125,0.3146546185016632,-0.8412326574325562,0.6352320909500122
1749219795413634800,12.884634765625,0.2543039321899414,-0.59003746509552,0.5991180539131165
1749219795423626000,12.8946259765625,0.22596149146556854,-0.6850686073303223,0.5849763751029968
1749219795433617000,12.904616943359375,0.2122611254453659,-0.9682678580284119,0.5505204200744629
1749219795443607800,12.91460791015625,0.2038620561361313,-1.2891970872879028,0.5625866651535034
1749219795453599000,12.924598876953125,0.20726875960826874,-1.4375733137130737,0.5553900003433228
1749219795463590000,12.93458984375,0.20769646763801575,-1.4174472093582153,0.5411183834075928
1749219795473580800,12.944580810546874,0.15781386196613312,-1.2430490255355835,0.5311818718910217
1749219795483570700,12.95457080078125,0.07469794154167175,-0.9921447038650513,0.5349392890930176
1749219795493561900,12.964561767578125,0.035292211920022964,-0.7549779415130615,0.5347888469696045
1749219795503553000,12.974552978515625,0.036796897649765015,-0.5885642170906067,0.5539289712905884
1749219795513544000,12.9845439453125,0.02853124402463436,-0.5393409729003906,0.5513105392456055
1749219795523534800,12.994534912109375,0.031735025346279144,-0.5927820801734924,0.5543755888938904
1749219795533526000,13.004526123046874,0.06683788448572159,-0.6634349822998047,0.5779525637626648
1749219795543516000,13.014515869140626,0.0877024233341217,-0.6905946731567383,0.5873857140541077
1749219795553506800,13.0245068359375,0.06506209075450897,-0.6611433029174805,0.6214699149131775
1749219795563497700,13.034497802734375,0.0393466055393219,-0.6345852017402649,0.6584729552268982
1749219795573489000,13.044489013671875,0.036019787192344666,-0.6527075171470642,0.7077600955963135
1749219795583479800,13.054479736328124,0.05421050637960434,-0.7186121940612793,0.7699790000915527
1749219795593470700,13.064470703125,0.08663635700941086,-0.802758514881134,0.8436257839202881
1749219795603461600,13.074461669921876,0.07569555938243866,-0.8590814471244812,0.9528840780258179
1749219795613452000,13.0844521484375,0.0017353157745674253,-0.8359928727149963,1.1087822914123535
1749219795623443000,13.09444287109375,-0.06691591441631317,-0.7823395133018494,1.2939794063568115
1749219795633433900,13.104433837890625,-0.09945974498987198,-0.7741391062736511,1.4816291332244873
1749219795643424800,13.1144248046875,-0.11192174255847931,-0.7354095578193665,1.649151086807251
1749219795653416000,13.124416015625,-0.18358127772808075,-0.5153126120567322,1.738442301750183
1749219795663406800,13.13440673828125,-0.267604798078537,-0.3075309097766876,1.8106032609939575
1749219795673396700,13.144396728515625,-0.3073689937591553,-0.22688348591327667,1.9024282693862915
1749219795683387600,13.1543876953125,-0.35522332787513733,-0.275297611951828,2.003937244415283
1749219795693378800,13.16437890625,-0.4294957220554352,-0.3304540812969208,2.07975697517395
1749219795703369700,13.17436962890625,-0.5222792029380798,-0.3729320466518402,2.2222940921783447
1749219795713361000,13.18436083984375,-0.6060646176338196,-0.3899152874946594,2.383464813232422
1749219795723352000,13.19435205078125,-0.6527511477470398,-0.41544461250305176,2.5088822841644287
1749219795733343000,13.204343017578125,-0.6427448987960815,-0.5813089609146118,2.6193156242370605
1749219795743332900,13.214332763671875,-0.5952386260032654,-0.9420138597488403,2.7628283500671387
1749219795753323800,13.22432373046875,-0.5636976957321167,-1.5029674768447876,2.866837739944458
1749219795763315000,13.23431494140625,-0.6010823845863342,-2.122317314147949,2.8298635482788086
1749219795773305900,13.244305908203126,-0.77317875623703,-2.7307322025299072,2.7879302501678467
1749219795783296800,13.254296875,-0.9632762670516968,-2.9437711238861084,2.789271831512451
1749219795793287700,13.26428759765625,-1.0791722536087036,-2.8236119747161865,2.6891908645629883
1749219795803278000,13.274278076171875,-1.1311172246932983,-2.3707642555236816,2.517641067504883
1749219795813269000,13.28426904296875,-1.1875202655792236,-1.7381073236465454,2.452763319015503
1749219795823260000,13.294260009765624,-1.2748613357543945,-1.029461145401001,2.5644145011901855
1749219795833250800,13.304250732421876,-1.3117767572402954,-0.44329142570495605,2.6811180114746094
1749219795843242000,13.314241943359375,-1.162361741065979,-0.20971594750881195,2.3415157794952393
1749219795853233000,13.32423291015625,-0.9428572654724121,0.24172981083393097,1.8279879093170166
1749219795863223800,13.334223876953125,-0.8545942902565002,1.037609577178955,1.7869666814804077
1749219795873213700,13.344213623046874,-1.0123450756072998,1.6219990253448486,2.0022878646850586
1749219795883204900,13.354204833984374,-1.3238093852996826,2.024940013885498,1.5657296180725098
1749219795893195800,13.36419580078125,-1.1989428997039795,1.87907874584198,0.30619001388549805
1749219795903186700,13.374186767578125,-0.1945905238389969,1.0366979837417603,-0.42471641302108765
1749219795913177900,13.384177734375,0.9645082354545593,0.6841618418693542,-0.7321708798408508
1749219795923169000,13.3941689453125,1.078174352645874,0.809563934803009,-1.011957049369812
1749219795933159000,13.404158935546874,0.4454709589481354,0.9226620197296143,-1.5898141860961914
1749219795943149800,13.41414990234375,-0.16043227910995483,0.5705116987228394,-2.0545732975006104
1749219795953141000,13.42414111328125,-0.13895654678344727,-0.5084166526794434,-2.4616470336914062
1749219795963132000,13.4341318359375,0.2957001030445099,-1.4537533521652222,-2.7056374549865723
1749219795973122800,13.444122802734375,0.576368510723114,-1.599035620689392,-2.989356756210327
1749219795983113700,13.45411376953125,0.5480892062187195,-1.317548394203186,-3.349504232406616
1749219795993105000,13.46410498046875,0.459438681602478,-1.1012905836105347,-3.622826337814331
1749219796003094800,13.4740947265625,0.5184985399246216,-1.2016736268997192,-3.8301877975463867
1749219796013086000,13.4840859375,0.6587731242179871,-1.4160592555999756,-4.043964385986328
1749219796023076900,13.494076904296875,0.7500143051147461,-1.3919594287872314,-4.203238010406494
1749219796033068000,13.504068115234375,0.8306785821914673,-1.039860486984253,-4.4293084144592285
1749219796043059000,13.514058837890625,0.9420236945152283,-0.5438382625579834,-4.60294771194458
1749219796053049900,13.5240498046875,1.0224136114120483,-0.015778163447976112,-4.720702171325684
1749219796063039700,13.534039794921876,1.0354678630828857,0.5215393304824829,-4.8336262702941895
1749219796073031000,13.544031005859376,1.0250056982040405,1.0611333847045898,-4.96348237991333
1749219796083021800,13.554021728515625,1.0282827615737915,1.6116180419921875,-5.110490322113037
1749219796093012700,13.5640126953125,1.0320841073989868,2.096466064453125,-5.23520040512085
1749219796103004000,13.57400390625,1.0191608667373657,2.3978753089904785,-5.345821857452393
1749219796112994800,13.583994873046874,0.9578447341918945,2.5467724800109863,-5.397129058837891
1749219796122985700,13.59398583984375,0.8657428026199341,2.6997077465057373,-5.519841194152832
1749219796132975900,13.603975830078125,0.7826002240180969,2.843487501144409,-5.618266582489014
1749219796142966800,13.613966796875,0.6954041123390198,2.942298173904419,-5.68063497543335
1749219796152958000,13.6239580078125,0.5959160923957825,2.8999106884002686,-5.721840858459473
1749219796162948900,13.633948974609375,0.49115028977394104,2.722332000732422,-5.562704086303711
1749219796172939800,13.643939697265624,0.44441312551498413,2.4439964294433594,-5.3352885246276855
1749219796182931000,13.653930908203124,0.4983046054840088,2.0767414569854736,-4.990511894226074
1749219796192920800,13.6639208984375,0.5952678918838501,1.684415340423584,-4.4515156745910645
1749219796202911700,13.673911865234375,0.6626908779144287,1.077565312385559,-3.7189905643463135
1749219796212903000,13.68390283203125,0.6876643896102905,0.13463610410690308,-2.7094380855560303
1749219796222894000,13.69389404296875,0.6458234786987305,-0.8182168006896973,-1.583776831626892
1749219796232885000,13.703885009765624,0.522055983543396,-1.350291132926941,-0.33213934302330017
1749219796242876000,13.7138759765625,0.3422473669052124,-1.4583117961883545,0.8070200681686401
1749219796252866800,13.72386669921875,0.22999991476535797,-1.3910952806472778,1.7429227828979492
1749219796262857000,13.73385693359375,0.22983452677726746,-1.1902774572372437,2.394559144973755
1749219796272848000,13.743847900390625,0.27395325899124146,-0.7879909873008728,2.8390493392944336
1749219796282838800,13.7538388671875,-0.10665347427129745,0.014690263196825981,4.160080909729004
1749219796292829700,13.76382958984375,-0.9988848567008972,3.078268527984619,4.438905715942383
1749219796302820900,13.77382080078125,-0.5964791178703308,6.025339603424072,3.5379648208618164
1749219796312811800,13.783811767578126,0.3001033663749695,5.56928014755249,4.35255241394043
1749219796322802000,13.793802001953125,0.13440574705600739,3.879687786102295,3.560317277908325
1749219796332792800,13.803792724609375,-0.29644790291786194,2.548116683959961,3.1800384521484375
1749219796342784000,13.813783935546875,-0.07186780124902725,2.661172866821289,2.8745625019073486
1749219796352775000,13.82377490234375,0.6704638600349426,2.2555246353149414,2.3457911014556885
1749219796362765800,13.833765869140626,0.8763051629066467,0.7794819474220276,2.288418769836426
1749219796372757000,13.843757080078126,0.21253596246242523,-1.0505869388580322,1.9742484092712402
1749219796382748000,13.853747802734375,0.027032682672142982,-2.6556460857391357,1.877956509590149
1749219796392737800,13.86373779296875,0.4583457410335541,-2.984039783477783,1.6343121528625488
1749219796402728700,13.873728759765624,0.7327224016189575,-1.5486646890640259,1.1774485111236572
1749219796412719900,13.883719970703124,0.7028161883354187,0.08655592799186707,1.1160799264907837
1749219796422710800,13.893710693359376,0.37388330698013306,1.5157554149627686,0.9992209672927856
1749219796432702000,13.903701904296875,0.23284603655338287,2.438187599182129,0.9340723156929016
1749219796442692900,13.91369287109375,0.3220198452472687,2.25373911857605,0.727898359298706
1749219796452683000,13.92368310546875,0.49854373931884766,0.9295201897621155,0.46679699420928955
1749219796462674000,13.933673828125,0.6369607448577881,-1.063209056854248,0.36860331892967224
1749219796472664800,13.943664794921874,0.5804966688156128,-2.15553617477417,0.32416874170303345
1749219796482655700,13.95365576171875,0.46162888407707214,-1.9933419227600098,0.32799333333969116
1749219796492647000,13.96364697265625,0.3749014437198639,-1.1571460962295532,0.3700433075428009
1749219796502637800,13.973637939453125,0.3155348002910614,-0.12811589241027832,0.4238806962966919
1749219796512628700,13.983628662109375,0.3242345452308655,0.42855507135391235,0.48081323504447937
1749219796522619000,13.993618896484374,0.3440859913825989,0.3932245075702667,0.5376842021942139
1749219796532610000,14.003610107421874,0.3346672058105469,-0.0867021381855011,0.6018914580345154
1749219796542601000,14.01360107421875,0.3439736068248749,-0.7752584218978882,0.6745153069496155
1749219796552592000,14.023591796875,0.3914729654788971,-1.302396535873413,0.7317394614219666
1749219796562583000,14.0335830078125,0.3613661825656891,-1.3797073364257812,0.8064770698547363
1749219796572574000,14.043573974609375,0.30704808235168457,-1.1758273839950562,0.8894239068031311
1749219796582563800,14.053563720703124,0.26510703563690186,-0.9189420938491821,0.9350555539131165
1749219796592554800,14.0635546875,0.2203880250453949,-0.7692822813987732,0.9838835597038269
1749219796602546000,14.0735458984375,0.1981264054775238,-0.7516716122627258,1.0114845037460327
1749219796612536800,14.083536865234375,0.20699340105056763,-0.911400556564331,1.024656057357788
1749219796622527700,14.09352783203125,0.21528887748718262,-1.1413016319274902,1.0256531238555908
1749219796632518700,14.1035185546875,0.19624140858650208,-1.2905857563018799,1.0157408714294434
1749219796642509800,14.113509765625,0.17808344960212708,-1.3624683618545532,1.0579711198806763
1749219796652500000,14.1235,0.16926385462284088,-1.3381189107894897,1.0923775434494019
1749219796662491000,14.133490966796876,0.12679682672023773,-1.2621210813522339,1.1583880186080933
1749219796672481800,14.143481689453125,0.07395891100168228,-1.2223405838012695,1.2773252725601196
1749219796682473000,14.153472900390625,0.02780952677130699,-1.2063109874725342,1.4157435894012451
1749219796692463900,14.1634638671875,-0.038838475942611694,-1.1644418239593506,1.587010145187378
1749219796702454800,14.173454833984374,-0.10726600140333176,-1.0834308862686157,1.7838693857192993
1749219796712446000,14.183446044921874,-0.19561636447906494,-0.896693766117096,1.9464317560195923
1749219796722435800,14.193435791015625,-0.3086731433868408,-0.6494680047035217,2.1031267642974854
1749219796732427000,14.203427001953125,-0.41398945450782776,-0.42933112382888794,2.2356178760528564
1749219796742418000,14.21341796875,-0.46246910095214844,-0.32461297512054443,2.3422067165374756
1749219796752412700,14.22341259765625,-0.46072712540626526,-0.40129682421684265,2.425595760345459
1749219796762403600,14.233403564453125,-0.439151793718338,-0.6757107973098755,2.5044350624084473
1749219796772394500,14.24339453125,-0.4229304790496826,-1.1011990308761597,2.615882396697998
1749219796782385400,14.253385498046875,-0.40750652551651,-1.6286710500717163,2.74605655670166
1749219796792375300,14.263375244140626,-0.3937201201915741,-2.1865599155426025,2.8959882259368896
1749219796802366500,14.273366455078126,-0.38990914821624756,-2.7043471336364746,3.0524001121520996
1749219796812357400,14.283357421875,-0.46925297379493713,-3.143653154373169,3.191359758377075
1749219796822348300,14.293348388671875,-0.6448538303375244,-3.350022315979004,3.3630735874176025
1749219796832339500,14.30333935546875,-0.7930624485015869,-3.384521484375,3.5054051876068115
1749219796842330400,14.313330322265625,-0.8911043405532837,-3.4378693103790283,3.5103039741516113
1749219796852320500,14.323320556640626,-1.0222448110580444,-3.449532985687256,3.60249662399292
1749219796862311400,14.3333115234375,-1.1940793991088867,-3.462447166442871,3.6535799503326416
1749219796872302600,14.343302490234375,-1.316449522972107,-3.218991279602051,3.2264277935028076
1749219796882293500,14.35329345703125,-1.4662563800811768,-2.1466000080108643,2.6008594036102295
1749219796892284400,14.363284423828125,-1.3940974473953247,-0.5614793300628662,2.2585220336914062
1749219796902275600,14.373275634765625,-1.1267365217208862,0.4044414758682251,2.4646098613739014
1749219796912266500,14.3832666015625,-0.9037186503410339,0.6529341340065002,2.329183340072632
1749219796922256400,14.39325634765625,-0.6391794085502625,0.8711484670639038,0.8344141840934753
1749219796932247300,14.403247314453125,0.04374641552567482,0.9095084071159363,0.10004297643899918
1749219796942238200,14.41323828125,0.7749354243278503,0.9103893637657166,-0.3516906499862671
1749219796952229400,14.4232294921875,0.8500061631202698,0.5455957055091858,-0.9125640988349915
1749219796962220500,14.433220458984374,0.5178804397583008,-0.25781288743019104,-1.3909263610839844
1749219796972211500,14.44321142578125,0.4379512369632721,-0.8902420401573181,-1.813319444656372
1749219796982201300,14.453201416015625,0.6833298206329346,-0.8702890872955322,-2.203197717666626
1749219796992192500,14.463192626953125,0.9714484810829163,-0.147285595536232,-2.4996402263641357
1749219797002183400,14.473183349609375,1.0377042293548584,0.9038968682289124,-2.820915460586548
1749219797012174300,14.48317431640625,0.959070086479187,1.8878443241119385,-3.240478038787842
1749219797022165500,14.49316552734375,0.9324262142181396,2.5363004207611084,-3.6270735263824463
1749219797032156400,14.503156494140624,0.938898503780365,2.8015012741088867,-4.000399112701416
1749219797042147300,14.513147216796876,0.9284413456916809,2.8184683322906494,-4.3615546226501465
1749219797052137500,14.523137451171875,0.8719303607940674,2.639446973800659,-4.606053352355957
1749219797062128600,14.533128662109375,0.7498433589935303,2.277515411376953,-4.881479263305664
1749219797072119600,14.54311962890625,0.5991190671920776,1.6232547760009766,-5.137431621551514
1749219797082110500,14.5531103515625,0.5086155533790588,0.9422319531440735,-5.27839994430542
1749219797092101400,14.563101318359376,0.5021592378616333,0.5964410305023193,-5.427592754364014
1749219797102092500,14.573092529296876,0.5306987762451172,0.38599270582199097,-5.536528587341309
1749219797112083500,14.58308349609375,0.5013118386268616,0.10958508402109146,-5.623239517211914
1749219797122073300,14.5930732421875,0.4579063057899475,-0.2544946074485779,-5.736229419708252
1749219797132064300,14.603064208984375,0.520634651184082,-0.5705862641334534,-5.813668727874756
1749219797142055400,14.613055419921874,0.6681221127510071,-0.5397295355796814,-5.879940986633301
1749219797152046300,14.62304638671875,0.8338705897331238,-0.05523768812417984,-5.931878089904785
1749219797162037200,14.633037353515626,0.9791678786277771,0.731477677822113,-5.925809383392334
1749219797172028400,14.6430283203125,1.0346261262893677,1.7180718183517456,-5.84647274017334
1749219797182019600,14.65301953125,1.021988868713379,2.6902103424072266,-5.6555495262146
1749219797192009500,14.663009521484375,1.0681324005126953,3.225184440612793,-5.350578784942627
1749219797202000400,14.67300048828125,1.1786829233169556,2.995635509490967,-4.872048854827881
1749219797211991600,14.682991455078126,1.2201488018035889,2.3818166255950928,-4.4424943923950195
1749219797221982500,14.692982421875,1.2111140489578247,1.6187238693237305,-3.961737871170044
1749219797231973400,14.702973388671875,1.139725923538208,0.9263291954994202,-3.3830654621124268
1749219797241964300,14.71296435546875,0.8586210012435913,-0.09218878298997879,-2.6874594688415527
1749219797251955500,14.72295556640625,0.5357321500778198,-0.9785681366920471,-1.6868430376052856
1749219797261945600,14.732945556640624,0.34758487343788147,-1.207287311553955,-0.7176443934440613
1749219797271936500,14.7429365234375,0.1365852802991867,-0.9430652856826782,0.3077799379825592
1749219797281927400,14.752927490234375,0.0482729896903038,-0.6321178078651428,1.1876217126846313
1749219797291918600,14.762918701171875,0.15993107855319977,-0.4727398455142975,1.7749552726745605
1749219797301909500,14.772909423828125,0.2982594072818756,-0.38708779215812683,2.1189041137695312
1749219797311900400,14.782900390625,0.38568243384361267,-0.36521393060684204,2.35469126701355
1749219797321891600,14.7928916015625,0.2649930417537689,-0.46643587946891785,2.8502228260040283
1749219797331881500,14.802881591796876,-0.534083902835846,1.4717354774475098,3.818098545074463
1749219797341872400,14.812872314453125,-0.6533951163291931,4.4408135414123535,2.958817481994629
1749219797351863300,14.82286328125,0.007933290675282478,4.705316543579102,4.100655555725098
1749219797361854500,14.8328544921875,0.17354968190193176,3.6743013858795166,3.264982223510742
1749219797371845400,14.842845458984375,0.23723092675209045,2.728315830230713,3.052389621734619
1749219797381836300,14.852836181640624,0.40300923585891724,2.4935810565948486,2.802288293838501
1749219797391827500,14.862827392578126,0.6527032256126404,1.0485965013504028,2.3501131534576416
1749219797401817600,14.872817626953125,0.7122419476509094,-1.0984716415405273,2.175475835800171
1749219797411808500,14.88280859375,0.44222667813301086,-3.0463695526123047,1.8977686166763306
1749219797421799400,14.89279931640625,0.27675357460975647,-4.232064247131348,1.7117747068405151
1749219797431790300,14.902790283203124,0.34896039962768555,-3.7983829975128174,1.5029836893081665
1749219797441781500,14.912781494140624,0.4840710759162903,-2.199495315551758,1.2600780725479126
1749219797451772400,14.9227724609375,0.45764318108558655,-0.6940243244171143,1.113222360610962
1749219797461763300,14.932763427734375,0.24282783269882202,0.6526163816452026,0.9986065626144409
1749219797471753500,14.94275341796875,0.08275080472230911,1.743898868560791,0.9021636843681335
1749219797481744600,14.95274462890625,0.11846299469470978,1.9817721843719482,0.7661123275756836
1749219797491735600,14.962735595703125,0.2503882646560669,1.1890316009521484,0.5829329490661621
1749219797501726500,14.9727265625,0.3237311840057373,-0.2799067497253418,0.4980739653110504
1749219797511717600,14.982717529296876,0.31098610162734985,-1.5799874067306519,0.3919754922389984
1749219797521708500,14.99270849609375,0.3172064423561096,-2.150589942932129,0.3461286425590515
1749219797531699500,15.002699462890625,0.31403541564941406,-1.9887824058532715,0.3322890102863312
1749219797541689300,15.012689453125,0.24076546728610992,-1.421354055404663,0.31598564982414246
1749219797551680300,15.02268017578125,0.12535765767097473,-0.8491629958152771,0.3244161605834961
1749219797561671400,15.03267138671875,0.04800480976700783,-0.45903921127319336,0.3719746172428131
1749219797571662300,15.042662353515626,0.061957377940416336,-0.47689998149871826,0.4002677798271179
1749219797581653200,15.0526533203125,0.05077875778079033,-0.7827759981155396,0.45214056968688965
1749219797591644400,15.06264453125,0.03843900188803673,-1.1037085056304932,0.5050144195556641
1749219797601635600,15.072635498046875,0.0729953795671463,-1.3055726289749146,0.582038402557373
1749219797611625500,15.08262548828125,0.04948686063289642,-1.349313735961914,0.7033402919769287
1749219797621616400,15.092616455078126,-0.033058881759643555,-1.2667146921157837,0.8415599465370178
1749219797631607600,15.102607666015626,-0.001740109408274293,-0.9500132203102112,0.9393629431724548
1749219797641598500,15.112598388671875,-0.05236893147230148,-0.7671746611595154,1.013688564300537
1749219797651589400,15.12258935546875,-0.09725651144981384,-0.5741948485374451,1.0663131475448608
1749219797661580300,15.132580322265625,-0.04995211213827133,-0.4601316452026367,1.1320959329605103
1749219797671571500,15.142571533203125,-0.00848483107984066,-0.41417932510375977,1.2206484079360962
1749219797681561300,15.152561279296876,-0.015591742470860481,-0.3829186260700226,1.2891840934753418
1749219797691552500,15.162552490234376,-0.040710676461458206,-0.4187852740287781,1.3468830585479736
1749219797701543400,15.17254345703125,-0.050087668001651764,-0.5341760516166687,1.4272791147232056
1749219797711534600,15.18253466796875,-0.062368303537368774,-0.6704201698303223,1.5248072147369385
1749219797721525500,15.192525390625,-0.10657943785190582,-0.7399928569793701,1.6464005708694458
1749219797731516400,15.202516357421874,-0.17400455474853516,-0.7167602181434631,1.7882298231124878
1749219797741507600,15.212507568359374,-0.23922429978847504,-0.5353773832321167,1.9443763494491577
1749219797751494100,15.222494140625,-0.3145049512386322,-0.27809473872184753,2.1025922298431396
1749219797761485000,15.232485107421875,-0.4148879945278168,-0.009387110359966755,2.268430471420288
1749219797771476000,15.24247607421875,-0.5224682688713074,0.17305487394332886,2.4066779613494873
1749219797781467100,15.252467041015626,-0.6215450167655945,0.221573144197464,2.5194993019104004
1749219797791458000,15.2624580078125,-0.6821298003196716,0.0823417454957962,2.605633497238159
1749219797801449000,15.272448974609375,-0.6948887705802917,-0.23742453753948212,2.675234079360962
1749219797811439900,15.28243994140625,-0.6637715697288513,-0.7717052698135376,2.7543153762817383
1749219797821431000,15.29243115234375,-0.6106321811676025,-1.4613311290740967,2.8594913482666016
1749219797831421200,15.302421142578124,-0.5713047981262207,-2.278125524520874,2.934954881668091
1749219797841412000,15.312412109375,-0.597748875617981,-3.2233726978302,3.004592180252075
1749219797851403000,15.322403076171875,-0.7439471483230591,-3.9581382274627686,3.127516269683838
1749219797861394200,15.332394287109375,-0.8840251564979553,-4.238484859466553,3.147897481918335
1749219797871385000,15.342385009765625,-0.9177719354629517,-4.283356189727783,3.189049243927002
1749219797881376000,15.3523759765625,-1.0268512964248657,-3.9398858547210693,3.227421760559082
1749219797891367200,15.3623671875,-1.2802475690841675,-3.4226367473602295,3.2975378036499023
1749219797901357000,15.372357177734376,-1.5024484395980835,-2.819413900375366,3.427485704421997
1749219797911348200,15.38234814453125,-1.4961402416229248,-2.324120044708252,3.156499147415161
1749219797921339100,15.392339111328125,-1.3751362562179565,-1.3728059530258179,2.5885307788848877
1749219797931330300,15.402330322265625,-1.192049264907837,0.03568395972251892,2.4043993949890137
1749219797941321200,15.4123212890625,-1.090202808380127,0.8051795959472656,2.4173312187194824
1749219797951312100,15.42231201171875,-1.2463830709457397,1.0386844873428345,1.8710919618606567
1749219797961303000,15.432302978515626,-1.2822699546813965,0.8831148743629456,0.9029085636138916
1749219797971293200,15.442293212890625,-0.7480872869491577,0.5212876796722412,0.019352925941348076
1749219797981284000,15.4522841796875,0.11834128946065903,0.5266808271408081,-0.5032873749732971
1749219797991275000,15.46227490234375,0.46298548579216003,0.7338590621948242,-1.0398272275924683
1749219798001266000,15.472265869140625,0.24585025012493134,0.43435943126678467,-1.5821912288665771
1749219798011257000,15.482257080078124,0.0015081481542438269,-0.22378835082054138,-1.9767158031463623
1749219798021248000,15.492248046875,0.08620865643024445,-0.5659952163696289,-2.3310964107513428
1749219798031239000,15.502239013671876,0.42159757018089294,-0.18136446177959442,-2.735877275466919
1749219798041230000,15.51222998046875,0.7199293971061707,0.6790757179260254,-3.1230056285858154
1749219798051220200,15.52222021484375,0.8508355021476746,1.4994713068008423,-3.471759080886841
1749219798061211100,15.532211181640625,0.8513877987861633,2.0890955924987793,-3.866642713546753
1749219798071202000,15.5422021484375,0.8344975113868713,2.5181517601013184,-4.2574615478515625
1749219798081193200,15.552193115234376,0.8764481544494629,2.7149384021759033,-4.595931053161621
1749219798091184000,15.56218408203125,0.9491982460021973,2.685727834701538,-4.953381538391113
1749219798101175000,15.572175048828125,0.9631194472312927,2.519754409790039,-5.252839088439941
1749219798111166000,15.582166015625,0.8973153829574585,2.260599136352539,-5.470472812652588
1749219798121156000,15.592156005859374,0.8016258478164673,2.00870680809021,-5.660187721252441
1749219798131147300,15.602147216796874,0.7252988815307617,1.739127278327942,-5.819953441619873
1749219798141138200,15.61213818359375,0.6795191168785095,1.5264885425567627,-5.912315368652344
1749219798151129000,15.622129150390625,0.5982381105422974,1.3303155899047852,-6.016263008117676
1749219798161120300,15.632120361328125,0.4685453772544861,0.9829927086830139,-6.07980489730835
1749219798171111200,15.642111083984375,0.37498000264167786,0.5524056553840637,-6.120922088623047
1749219798181102000,15.65210205078125,0.40435919165611267,0.08304109424352646,-6.1600022315979
1749219798191093200,15.66209326171875,0.4998748004436493,-0.10707052797079086,-6.16761589050293
1749219798201083100,15.672083251953126,0.6293385028839111,0.20902378857135773,-6.067750930786133
1749219798211074000,15.682073974609375,0.7696412801742554,0.9873640537261963,-5.908623218536377
1749219798221065000,15.69206494140625,0.9437363743782043,1.8849992752075195,-5.667102336883545
1749219798231056100,15.70205615234375,1.1015971899032593,2.4319097995758057,-5.245220184326172
1749219798241047000,15.712047119140625,1.1676273345947266,2.3889803886413574,-4.713151454925537
1749219798251038000,15.722037841796874,1.2404322624206543,1.8996304273605347,-4.228061199188232
1749219798261029000,15.732029052734376,1.058957576751709,1.0040247440338135,-3.413831949234009
1749219798271020300,15.742020263671876,0.5309610962867737,-0.5240440368652344,-2.360893726348877
1749219798281010200,15.75201025390625,0.1414458155632019,-1.9935169219970703,-1.0733420848846436
1749219798291001000,15.7620009765625,-0.008472314104437828,-2.22756028175354,0.23838940262794495
1749219798300992000,15.771991943359374,-0.12367533892393112,-1.4799444675445557,1.2233855724334717
1749219798310983200,15.781983154296874,-0.10145764797925949,-0.5310825109481812,1.8456140756607056
1749219798320974000,15.79197412109375,0.1063046008348465,0.13194924592971802,2.168443441390991
1749219798330965000,15.801965087890625,0.31606873869895935,0.4299039840698242,2.3561689853668213
1749219798340956200,15.8119560546875,0.14764618873596191,0.6726641654968262,4.226366996765137
1749219798350946300,15.8219462890625,-0.6313172578811646,2.5906295776367188,4.01289701461792
1749219798360937200,15.831937255859375,-0.17994792759418488,3.9448723793029785,3.8415253162384033
1749219798370928000,15.84192822265625,0.5100717544555664,3.834697961807251,4.491218090057373
1749219798380919300,15.851919189453126,0.16881005465984344,2.6094467639923096,3.6346793174743652
1749219798390910200,15.86191015625,-0.1947750747203827,2.2291009426116943,3.35914945602417
1749219798400901000,15.871901123046875,0.028439098969101906,2.616013288497925,2.8657987117767334
1749219798410892000,15.88189208984375,0.5172854661941528,1.876594066619873,2.374328136444092
1749219798420883200,15.89188330078125,0.7356426119804382,0.5915442705154419,2.3100128173828125
1749219798430873000,15.901873046875,0.33215078711509705,-0.7350873351097107,2.142871856689453
1749219798440864000,15.911864013671876,0.0388275571167469,-2.1799278259277344,1.9641824960708618
1749219798450855000,15.92185498046875,0.3757592439651489,-3.2818727493286133,1.7627265453338623
1749219798460846000,15.93184619140625,0.6827471256256104,-2.9482691287994385,1.5672916173934937
1749219798470837000,15.9418369140625,0.7525550127029419,-1.8737043142318726,1.3751394748687744
1749219798480828200,15.951828125,0.5850732922554016,-0.8406323790550232,1.262210726737976
1749219798490819300,15.9618193359375,0.38247811794281006,0.26777124404907227,1.1983609199523926
1749219798500810200,15.971810302734376,0.34182044863700867,1.2554585933685303,1.0765995979309082
1749219798510800100,15.981800048828125,0.33979883790016174,1.5018662214279175,0.9069115519523621
1749219798520791000,15.991791015625,0.34450864791870117,0.7372556328773499,0.7073091864585876
1749219798530782200,16.0017822265625,0.35516607761383057,-0.6610701084136963,0.5048551559448242
1749219798540773000,16.011773193359375,0.3565210998058319,-1.6668602228164673,0.35769927501678467
1749219798550764000,16.021763916015626,0.3474634289741516,-1.9901314973831177,0.26754382252693176
1749219798560755000,16.0317548828125,0.30220964550971985,-1.7790228128433228,0.22653166949748993
1749219798570746000,16.04174609375,0.2091098129749298,-1.2603808641433716,0.23589003086090088
1749219798580737000,16.051737060546873,0.12572090327739716,-0.6951862573623657,0.2694256007671356
1749219798590727200,16.06172705078125,0.1151963621377945,-0.3831218183040619,0.3173806369304657
1749219798600718000,16.071718017578124,0.16766463220119476,-0.48567935824394226,0.3495854437351227
1749219798610709200,16.081709228515624,0.18945381045341492,-0.9818465113639832,0.38116997480392456
1749219798620700200,16.0917001953125,0.13291729986667633,-1.4120484590530396,0.4233539402484894
1749219798630691000,16.101691162109375,0.12693451344966888,-1.572658658027649,0.4956371784210205
1749219798640682200,16.11168212890625,0.14814844727516174,-1.589772343635559,0.5673145651817322
1749219798650673200,16.121673095703127,0.09538803994655609,-1.4812853336334229,0.6579523086547852
1749219798660664000,16.1316640625,0.02707049995660782,-1.164931058883667,0.7773359417915344
1749219798670654000,16.141654052734374,0.0021222729701548815,-0.8290069103240967,0.8691092729568481
1749219798680645000,16.15164501953125,-0.01011042483150959,-0.6090412139892578,0.961685299873352
1749219798690636000,16.161635986328125,-0.031017303466796875,-0.4881100058555603,1.0339338779449463
1749219798700627200,16.171627197265625,-0.07344438880681992,-0.4553810954093933,1.0753694772720337
1749219798710618000,16.1816181640625,-0.10705188661813736,-0.43634456396102905,1.124401569366455
1749219798720609300,16.191609375,-0.1374867558479309,-0.3939579427242279,1.163051724433899
1749219798730600200,16.20160009765625,-0.18259857594966888,-0.3385133445262909,1.1988872289657593
1749219798740591000,16.211591064453124,-0.22713887691497803,-0.3193393647670746,1.2724250555038452
1749219798750584800,16.221584716796876,-0.2608957886695862,-0.26839524507522583,1.381766438484192
1749219798760576000,16.231575927734376,-0.3113573491573334,-0.13139423727989197,1.525283694267273
1749219798770567000,16.24156689453125,-0.36604297161102295,0.041550371795892715,1.6820580959320068
1749219798780557800,16.251557861328124,-0.41818660497665405,0.20383648574352264,1.8447765111923218
1749219798790549000,16.261549072265623,-0.47238805890083313,0.3083799481391907,1.9920282363891602
1749219798800540000,16.271539794921875,-0.5128784775733948,0.27846038341522217,2.1324374675750732
1749219798810530800,16.28153076171875,-0.5287181735038757,0.09171580523252487,2.2484424114227295
1749219798820521700,16.291521728515626,-0.5680871605873108,-0.18254637718200684,2.337923288345337
1749219798830513000,16.301512939453126,-0.6066699624061584,-0.5567814707756042,2.422675132751465
1749219798840503000,16.3115029296875,-0.5903493165969849,-1.0719034671783447,2.488264560699463
1749219798850494000,16.321493896484377,-0.5306612253189087,-1.7355709075927734,2.569910764694214
1749219798860484900,16.33148486328125,-0.4861675202846527,-2.46478271484375,2.6736388206481934
1749219798870476000,16.34147607421875,-0.47243064641952515,-3.207127094268799,2.718041181564331
1749219798880467000,16.351467041015624,-0.5483962893486023,-3.9450931549072266,2.7912797927856445
1749219798890457900,16.361457763671876,-0.7175391912460327,-4.433055877685547,3.0267410278320312
1749219798900449000,16.371448974609375,-0.9236982464790344,-4.399587631225586,3.2790966033935547
1749219798910440000,16.38143994140625,-1.17470383644104,-3.8775875568389893,3.384321928024292
1749219798920429800,16.391429931640626,-1.4343721866607666,-3.1805055141448975,3.5546517372131348
1749219798930421000,16.4014208984375,-1.5713592767715454,-2.3673043251037598,3.6332032680511475
1749219798940412200,16.411412109375,-1.5084083080291748,-1.6145824193954468,3.3976242542266846
1749219798950403000,16.421403076171874,-1.4007657766342163,-0.6588652729988098,3.18993878364563
1749219798960394000,16.43139404296875,-1.314288854598999,0.41869792342185974,3.1718430519104004
1749219798970385000,16.441385009765625,-1.4359135627746582,1.2149473428726196,2.7937827110290527
1749219798980376000,16.4513759765625,-1.3828434944152832,1.2844880819320679,1.919702410697937
1749219798990367000,16.461366943359376,-0.74859619140625,0.5685478448867798,1.1909643411636353
1749219799000358000,16.47135791015625,-0.04543858766555786,-0.017834924161434174,0.6521713733673096
1749219799010347800,16.48134765625,0.0689079612493515,-0.07073062658309937,0.1604733020067215
1749219799020339000,16.4913388671875,-0.19808219373226166,-0.1703789234161377,-0.3368073105812073
1749219799030329900,16.501329833984375,-0.24377724528312683,-0.32630300521850586,-0.8721644878387451
1749219799040320800,16.51132080078125,0.07501166313886642,-0.13811978697776794,-1.3941744565963745
1749219799050312000,16.52131201171875,0.3804679811000824,0.49789607524871826,-1.750925898551941
1749219799060302800,16.531302734375,0.4498355984687805,1.298874020576477,-2.029752254486084
1749219799070294000,16.5412939453125,0.334992915391922,1.990688681602478,-2.424421548843384
1749219799080285000,16.551284912109374,0.26322123408317566,2.5217394828796387,-2.893923282623291
1749219799090275000,16.561275146484373,0.3179793059825897,2.787195920944214,-3.3623828887939453
1749219799100266000,16.571265869140625,0.3659699857234955,2.876274824142456,-3.8749287128448486
1749219799110257000,16.5812568359375,0.4175998866558075,2.7398502826690674,-4.341421127319336
1749219799120247800,16.591247802734376,0.40489450097084045,2.3256571292877197,-4.706744194030762
1749219799130239000,16.601239013671876,0.30945825576782227,1.7509149312973022,-4.970365047454834
1749219799140230000,16.61122998046875,0.229905903339386,1.1799870729446411,-5.25441312789917
1749219799150220800,16.621220703125,0.2656433880329132,0.8704424500465393,-5.505809307098389
1749219799160212000,16.6312119140625,0.35999491810798645,0.8446511030197144,-5.667489051818848
1749219799170203000,16.641202880859375,0.38038888573646545,0.7890046238899231,-5.810878276824951
1749219799180193000,16.651193115234374,0.3569543957710266,0.45054587721824646,-5.9397292137146
1749219799190184000,16.661183837890626,0.3967326879501343,-0.01684742234647274,-6.071181774139404
1749219799200175000,16.671175048828125,0.5370831489562988,-0.3963260352611542,-6.161945343017578
1749219799210166000,16.681166015625,0.7458525896072388,-0.4171207845211029,-6.26467752456665
1749219799220157000,16.691156982421877,0.9570125341415405,0.05164534971117973,-6.332212448120117
1749219799230147800,16.70114794921875,1.1012003421783447,1.0119599103927612,-6.2868733406066895
1749219799240139000,16.711138916015624,1.1934378147125244,2.3976712226867676,-6.1733078956604
1749219799250130000,16.7211298828125,1.3035414218902588,3.6893444061279297,-5.9445719718933105
1749219799260119800,16.731119873046875,1.407837986946106,4.290038108825684,-5.676283359527588
1749219799270110700,16.74111083984375,1.4802608489990234,4.0031890869140625,-5.314784049987793
1749219799280102000,16.751101806640627,1.5403201580047607,3.0805578231811523,-4.764523983001709
1749219799290093000,16.761093017578126,1.5293819904327393,2.0364701747894287,-4.13761043548584
1749219799300084000,16.771083984375,1.4551376104354858,1.000535488128662,-3.589348554611206
1749219799310075100,16.7810751953125,1.1499487161636353,-0.018451444804668427,-2.742979049682617
1749219799320066000,16.791066162109374,0.6525082588195801,-1.207218885421753,-1.5363731384277344
1749219799330057000,16.801056884765625,0.2966737449169159,-1.6228514909744263,-0.2648867964744568
1749219799340048000,16.8110478515625,-0.005303418729454279,-1.5481525659561157,0.8600167632102966
1749219799350038000,16.8210380859375,-0.020852018147706985,-1.4528249502182007,1.6350197792053223
1749219799360029000,16.83102880859375,0.24032525718212128,-1.6580263376235962,2.127626895904541
1749219799370019800,16.841019775390624,0.4371586740016937,-1.8926374912261963,2.3708090782165527
1749219799380010800,16.8510107421875,-0.11350206285715103,-0.767864465713501,4.1738080978393555
1749219799390002000,16.861001953125,-0.6431752443313599,2.3096446990966797,3.0751678943634033
1749219799399992800,16.870992919921875,-0.23167237639427185,2.9185714721679688,4.178181171417236
1749219799409984000,16.88098388671875,0.06545570492744446,1.7698737382888794,3.9714386463165283
1749219799419975200,16.89097509765625,0.22853223979473114,1.4360872507095337,3.269686222076416
1749219799429965000,16.900965087890626,0.2757255733013153,2.9203941822052,3.06870436668396
1749219799439956000,16.9109560546875,0.30309009552001953,3.332479476928711,2.5649757385253906
1749219799449947000,16.92094677734375,0.5086848139762878,1.5503875017166138,2.307086229324341
1749219799459938000,16.93093798828125,0.46794748306274414,-0.5952796339988708,2.0745134353637695
1749219799469929000,16.940928955078125,0.13624945282936096,-2.252662181854248,1.7816952466964722
1749219799479919900,16.950919921875,0.19567468762397766,-3.551206350326538,1.5121263265609741
1749219799489910800,16.960910888671876,0.5697460174560547,-3.586050033569336,1.2281265258789062
1749219799499902000,16.97090185546875,0.7458467483520508,-2.5411078929901123,1.0148329734802246
1749219799509892900,16.980892822265623,0.5697643756866455,-1.3031595945358276,0.9000158309936523
1749219799519883000,16.990883056640627,0.25215500593185425,0.05553090199828148,0.8472316861152649
1749219799529874000,17.0008740234375,0.12202630937099457,1.1811143159866333,0.7818081974983215
1749219799539865000,17.010864990234374,0.14882010221481323,1.6161895990371704,0.6884313821792603
1749219799549856000,17.02085595703125,0.18646228313446045,1.0208357572555542,0.5834791660308838
1749219799559847000,17.030846923828125,0.21058227121829987,-0.3107038140296936,0.5223162174224854
1749219799569838000,17.040838134765625,0.23448920249938965,-1.5419635772705078,0.4824334979057312
1749219799579829000,17.0508291015625,0.24710193276405334,-2.107830762863159,0.44984546303749084
1749219799589820000,17.06081982421875,0.22081279754638672,-2.0486044883728027,0.42748793959617615
1749219799599810800,17.070810791015624,0.12119992822408676,-1.48045814037323,0.4456278085708618
1749219799609801000,17.080801025390624,0.032431710511446,-0.8252566456794739,0.49181047081947327
1749219799619792000,17.0907919921875,0.0051598744466900826,-0.34921684861183167,0.5433279871940613
1749219799629783000,17.100782958984375,0.014792794361710548,-0.27206772565841675,0.589734673500061
1749219799639774000,17.11077392578125,0.056591108441352844,-0.6416950225830078,0.6285118460655212
1749219799649765000,17.12076513671875,0.04031733050942421,-1.2026811838150024,0.6855852603912354
1749219799659756000,17.130756103515626,0.030706247314810753,-1.5500599145889282,0.7606397867202759
1749219799669747000,17.140746826171874,0.037407293915748596,-1.657226800918579,0.8643837571144104
1749219799679738000,17.150738037109374,0.01326919998973608,-1.5335993766784668,0.9753734469413757
1749219799689729000,17.16072900390625,-0.04043557494878769,-1.261838436126709,1.0521107912063599
1749219799699719000,17.170718994140625,-0.08767499029636383,-0.8673058152198792,1.137877106666565
1749219799709709800,17.180709716796876,-0.11586614698171616,-0.5091862678527832,1.2257462739944458
1749219799719701000,17.190700927734376,-0.09795532375574112,-0.35218095779418945,1.2938991785049438
1749219799729692000,17.20069189453125,-0.08998315036296844,-0.3447941243648529,1.3593618869781494
1749219799739682800,17.210682861328124,-0.13036386668682098,-0.36125513911247253,1.3834214210510254
1749219799749670100,17.220670166015626,-0.18059854209423065,-0.3459598124027252,1.4084763526916504
1749219799759661300,17.230661376953126,-0.22471965849399567,-0.27743053436279297,1.4859954118728638
1749219799769652200,17.24065234375,-0.2726714611053467,-0.18816430866718292,1.57871413230896
1749219799779643400,17.250643310546874,-0.33794528245925903,-0.08434763550758362,1.7055453062057495
1749219799789633300,17.26063330078125,-0.411918580532074,-0.028563201427459717,1.8649616241455078
1749219799799624200,17.270624267578125,-0.4478028118610382,-0.04463085159659386,2.030397653579712
1749219799809615000,17.280614990234376,-0.46398016810417175,-0.19360755383968353,2.183799982070923
1749219799819606300,17.290606201171876,-0.5232248902320862,-0.4131276607513428,2.331359624862671
1749219799829597200,17.30059716796875,-0.5793624520301819,-0.6864145994186401,2.4902288913726807
1749219799839588000,17.310588134765624,-0.5992264151573181,-0.9448674321174622,2.6392900943756104
1749219799849579000,17.3205791015625,-0.6331207156181335,-1.183433175086975,2.766969680786133
1749219799859570200,17.330570068359375,-0.6619784832000732,-1.4847288131713867,2.8678417205810547
1749219799869561000,17.34056103515625,-0.6660454273223877,-1.9476327896118164,2.9712166786193848
1749219799879551200,17.35055126953125,-0.6552262902259827,-2.5698282718658447,3.069157361984253
1749219799889542100,17.360542236328126,-0.7226426601409912,-3.25188946723938,3.0875017642974854
1749219799899533300,17.370533203125,-0.9110426306724548,-3.6231775283813477,3.1488001346588135
1749219799909524200,17.380524169921873,-1.083715558052063,-3.7109787464141846,3.2264490127563477
1749219799919515100,17.39051513671875,-1.2484593391418457,-3.385711669921875,3.3306407928466797
1749219799929506300,17.40050634765625,-1.5103044509887695,-2.7273330688476562,3.2710208892822266
1749219799939497200,17.410497314453124,-1.7677749395370483,-2.029184341430664,3.25724720954895
1749219799949488000,17.420488037109376,-1.779390573501587,-1.0947933197021484,3.0562024116516113
1749219799959479000,17.43047900390625,-1.4246324300765991,-0.5240059494972229,2.6290247440338135
1749219799969469200,17.44046923828125,-1.1612859964370728,0.020913004875183105,2.6865394115448
1749219799979460400,17.45046044921875,-1.120818018913269,0.8668389320373535,2.3627607822418213
1749219799989451300,17.460451171875,-1.1337952613830566,1.7914642095565796,1.4902386665344238
1749219799999442200,17.470442138671874,-0.8922271132469177,1.1726853847503662,0.4919918477535248
1749219800009433300,17.480433349609374,-0.18410378694534302,-0.15883411467075348,-0.10394211113452911
1749219800019424300,17.49042431640625,0.2632151246070862,-0.6711829304695129,-0.5731325149536133
1749219800029415200,17.500415283203125,0.1750549077987671,-0.739100456237793,-0.9906858205795288
1749219800039406300,17.51040625,0.049621615558862686,-0.9593427777290344,-1.386397123336792
1749219800049397200,17.520397216796876,0.19543340802192688,-0.9713930487632751,-1.8231194019317627
1749219800059387100,17.53038720703125,0.4761628210544586,-0.4904940724372864,-2.193652868270874
1749219800069378000,17.5403779296875,0.6402393579483032,0.2630651891231537,-2.5513038635253906
1749219800079369200,17.550369140625,0.7133654952049255,0.8929371237754822,-2.8852882385253906
1749219800089360100,17.560360107421875,0.7959333658218384,1.0950382947921753,-3.1684420108795166
1749219800099351000,17.57035107421875,0.8694278001785278,0.9871746897697449,-3.449037551879883
1749219800109342200,17.58034228515625,0.9424412846565247,0.8562899231910706,-3.713472366333008
1749219800119333400,17.59033349609375,1.0597213506698608,0.9204555749893188,-3.997077226638794
1749219800129324300,17.60032421875,1.1518312692642212,1.1019457578659058,-4.255012035369873
1749219800139315200,17.610315185546874,1.1193766593933105,1.1794804334640503,-4.453514099121094
1749219800149305000,17.62030517578125,0.9927172660827637,1.066875696182251,-4.602312088012695
1749219800159296300,17.630296142578125,0.8995566964149475,0.8997303247451782,-4.718033790588379
1749219800169287200,17.640287109375,0.9076745510101318,0.8427735567092896,-4.842337131500244
1749219800179278000,17.650278076171876,0.9732460975646973,0.8628604412078857,-4.945165157318115
1749219800189269200,17.660269287109376,1.0099979639053345,0.924481987953186,-5.0267839431762695
1749219800199260200,17.67026025390625,0.99515300989151,1.0934739112854004,-5.121360778808594
1749219800209251000,17.6802509765625,0.9829248189926147,1.3595330715179443,-5.22621488571167
1749219800219242000,17.690241943359375,0.9754533171653748,1.681079387664795,-5.3197102546691895
1749219800229233200,17.700233154296875,0.9554718732833862,2.029334545135498,-5.364603519439697
1749219800239223300,17.710223388671874,0.9804720282554626,2.3250155448913574,-5.376920223236084
1749219800249214200,17.720214111328126,1.0644683837890625,2.5510618686676025,-5.376543045043945
1749219800259205000,17.730205078125,1.1672041416168213,2.736732006072998,-5.361608028411865
1749219800269196300,17.7401962890625,1.3286880254745483,2.7236697673797607,-5.2200798988342285
1749219800279187200,17.750187255859377,1.4749901294708252,2.582625150680542,-5.040002346038818
1749219800289178000,17.76017822265625,1.5899934768676758,2.2093546390533447,-4.741573810577393
1749219800299169300,17.770169189453124,1.6801358461380005,1.6304892301559448,-4.220617294311523
1749219800309160200,17.78016015625,1.6073484420776367,1.0362412929534912,-3.6742007732391357
1749219800319151000,17.790151123046876,1.301189661026001,0.1210997924208641,-2.910933256149292
1749219800329141200,17.800141357421875,1.067251443862915,-0.7342995405197144,-1.823989987373352
1749219800339132400,17.81013232421875,0.8840368390083313,-1.2033692598342896,-0.6438793540000916
1749219800349123300,17.820123291015626,0.5789456367492676,-1.2293591499328613,0.6038073301315308
1749219800359114200,17.8301142578125,0.35042113065719604,-0.8475741744041443,1.6319457292556763
1749219800369105200,17.840105224609374,0.36682647466659546,-0.22027431428432465,2.2965664863586426
1749219800379096300,17.850096435546874,0.5007776021957397,0.0748918205499649,2.7230231761932373
1749219800389087200,17.860087158203125,-0.23436003923416138,1.9577243328094482,5.286619663238525
1749219800399078100,17.870078125,-0.9763627648353577,6.291647911071777,3.1353278160095215
1749219800409069300,17.8800693359375,-0.23292753100395203,6.644857406616211,4.576576232910156
1749219800419059200,17.89005908203125,0.18292240798473358,4.12867546081543,4.088347911834717
1749219800429050000,17.900050048828124,0.21686306595802307,2.002714157104492,3.419156074523926
1749219800439041000,17.910041015625,0.4747833013534546,2.347242832183838,3.1704022884368896
1749219800449032200,17.9200322265625,0.8164250254631042,1.3955466747283936,2.5845696926116943
1749219800459023400,17.9300234375,0.8035401701927185,-0.8883522152900696,2.3531999588012695
1749219800469014300,17.94001416015625,0.4007796347141266,-2.7209689617156982,2.127204418182373
1749219800479005200,17.950005126953126,0.10659009218215942,-3.612565517425537,1.8474979400634766
1749219800488996400,17.959996337890626,0.23675262928009033,-3.016418933868408,1.563624382019043
1749219800498987300,17.9699873046875,0.513457715511322,-1.5406216382980347,1.2716224193572998
1749219800508977200,17.97997705078125,0.47377556562423706,-0.5622859597206116,1.1372493505477905
1749219800518968000,17.989968017578125,0.16572211682796478,0.5948969125747681,1.075246810913086
1749219800528959200,17.999959228515625,0.08483659476041794,1.865322232246399,0.9884790778160095
1749219800538950100,18.0099501953125,0.24700899422168732,2.214862108230591,0.8704944252967834
1749219800548941000,18.019941162109376,0.4966241419315338,1.1027833223342896,0.686648964881897
1749219800558932200,18.02993212890625,0.5925962328910828,-0.8857817649841309,0.4584956765174866
1749219800568923100,18.039923095703124,0.5084099769592285,-2.1851141452789307,0.2919277250766754
1749219800578914000,18.0499140625,0.4767780005931854,-2.571622848510742,0.25353214144706726
1749219800588905200,18.0599052734375,0.4569811224937439,-2.250478982925415,0.257286936044693
1749219800598895400,18.069895263671874,0.3690592646598816,-1.5896451473236084,0.25714391469955444
1749219800608886300,18.07988623046875,0.2958207428455353,-1.0629054307937622,0.27234843373298645
1749219800618877200,18.089877197265626,0.26833584904670715,-0.890192985534668,0.3103986084461212
1749219800628868000,18.0998681640625,0.22708694636821747,-0.8317286372184753,0.35534024238586426
1749219800638859300,18.109859375,0.20353102684020996,-0.9853245615959167,0.3745853304862976
1749219800648850200,18.11985009765625,0.2129564732313156,-1.2931913137435913,0.3802586495876312
1749219800658841000,18.129841064453124,0.21092714369297028,-1.469684362411499,0.418458491563797
1749219800668832300,18.139832275390624,0.18737202882766724,-1.4141877889633179,0.4755888879299164
1749219800678822400,18.149822509765624,0.1604253649711609,-1.287527084350586,0.5462204813957214
1749219800688813300,18.159813232421875,0.1275121569633484,-1.1845625638961792,0.615601122379303
1749219800698804200,18.16980419921875,0.09622373431921005,-1.1380382776260376,0.6950712203979492
1749219800708795400,18.17979541015625,0.08391860127449036,-1.1363109350204468,0.7605093121528625
1749219800718786300,18.189786376953126,0.09413502365350723,-1.1147888898849487,0.8182293176651001
1749219800728777200,18.199777099609374,0.08039337396621704,-1.0644646883010864,0.8780815005302429
1749219800738768100,18.20976806640625,0.04057538881897926,-1.003846287727356,0.9528363943099976
1749219800748759000,18.219759033203125,-0.000937166390940547,-0.9454829096794128,1.0386232137680054
1749219800758750000,18.22975,-0.04206915572285652,-0.8998062014579773,1.1470117568969727
1749219800768740000,18.239739990234376,-0.07324092090129852,-0.8546459674835205,1.274898648262024
1749219800778731000,18.24973095703125,-0.11300750821828842,-0.7801584005355835,1.4275128841400146
1749219800788722000,18.259721923828124,-0.16710270941257477,-0.6486901044845581,1.603366494178772
1749219800798713000,18.269713134765624,-0.21906337141990662,-0.45953962206840515,1.809881329536438
1749219800808704300,18.279704345703124,-0.2507331669330597,-0.24671630561351776,2.006000280380249
1749219800818695200,18.289695068359375,-0.3153560757637024,-0.11806565523147583,2.1739470958709717
1749219800828686000,18.29968603515625,-0.3843863010406494,-0.12684716284275055,2.341749429702759
1749219800838677200,18.30967724609375,-0.43125712871551514,-0.18879228830337524,2.5045742988586426
1749219800848668200,18.319668212890626,-0.4607742726802826,-0.3463462293148041,2.637026071548462
1749219800858658000,18.329657958984374,-0.49530187249183655,-0.6274950504302979,2.768805742263794
1749219800868649000,18.33964892578125,-0.49765080213546753,-1.0534839630126953,2.9123096466064453
1749219800878640000,18.34964013671875,-0.475506067276001,-1.6391545534133911,3.0624773502349854
1749219800888631000,18.359631103515625,-0.4515618681907654,-2.3024497032165527,3.2645583152770996
1749219800898622000,18.3696220703125,-0.414490669965744,-3.1094298362731934,3.35772705078125
1749219800908612900,18.37961279296875,-0.42028942704200745,-4.118793964385986,3.3757543563842773
1749219800918604000,18.38960400390625,-0.5404440760612488,-4.867645740509033,3.306731939315796
1749219800928595000,18.399594970703124,-0.7209329009056091,-5.1103291511535645,3.1385998725891113
1749219800938586000,18.409586181640623,-0.9423230886459351,-4.729446887969971,2.9742448329925537
1749219800948576000,18.419575927734375,-1.1744577884674072,-3.4694936275482178,2.7954471111297607
1749219800958567200,18.429567138671874,-1.3474979400634766,-2.1141016483306885,2.712977170944214
1749219800968558000,18.43955810546875,-1.3713902235031128,-1.2882325649261475,2.6241631507873535
1749219800978549000,18.449549072265626,-1.1935704946517944,-0.8427829146385193,2.25708270072937
1749219800988540200,18.4595400390625,-1.0989731550216675,-0.05445019155740738,2.364799976348877
1749219800998531000,18.469531005859373,-1.3441094160079956,0.910734236240387,1.955277919769287
1749219801008522000,18.47952197265625,-1.5279569625854492,1.6074347496032715,1.0014539957046509
1749219801018513000,18.489512939453125,-1.1572750806808472,1.3360933065414429,0.1492379605770111
1749219801028504000,18.499504150390624,-0.348296195268631,0.6919656991958618,-0.41246238350868225
1749219801038494200,18.509494140625,0.26638615131378174,0.47449299693107605,-0.8160969614982605
1749219801048485000,18.519485107421875,0.2789251208305359,0.40028294920921326,-1.3595727682113647
1749219801058476000,18.52947607421875,-0.0588366836309433,0.20693160593509674,-1.756302833557129
1749219801068467200,18.53946728515625,-0.25910240411758423,-0.042700592428445816,-1.996235728263855
1749219801078458000,18.5494580078125,-0.08690693229436874,-0.1414511352777481,-2.272505521774292
1749219801088449000,18.559448974609374,0.23031549155712128,0.16094814240932465,-2.5950307846069336
1749219801098440200,18.569440185546874,0.39232009649276733,0.6783382892608643,-2.8632867336273193
1749219801108431000,18.57943115234375,0.39180558919906616,1.127996802330017,-3.1062936782836914
1749219801118421000,18.5894208984375,0.3944096267223358,1.3460241556167603,-3.378124713897705
1749219801128412000,18.599411865234377,0.49717727303504944,1.3594039678573608,-3.600562334060669
1749219801138403000,18.609403076171876,0.6297025680541992,1.3131648302078247,-3.8487842082977295
1749219801148394000,18.61939404296875,0.740825355052948,1.3966729640960693,-4.102014541625977
1749219801158385200,18.62938525390625,0.8009155988693237,1.655056357383728,-4.282937526702881
1749219801168376000,18.6393759765625,0.7599764466285706,1.9999428987503052,-4.453024864196777
1749219801178367200,18.6493671875,0.6238606572151184,2.222658157348633,-4.613089084625244
1749219801188358100,18.659358154296875,0.4813985824584961,2.2417068481445312,-4.728448867797852
1749219801198349000,18.66934912109375,0.3761832118034363,2.084467887878418,-4.894295692443848
1749219801208339000,18.6793388671875,0.31767916679382324,1.8079127073287964,-5.050009727478027
1749219801218330000,18.689330078125,0.283406138420105,1.4422273635864258,-5.194411277770996
1749219801228321000,18.699321044921874,0.2829419672489166,0.9814600944519043,-5.325024604797363
1749219801238312000,18.70931201171875,0.3245447874069214,0.5134395956993103,-5.40528678894043
1749219801248303000,18.71930322265625,0.37110191583633423,0.25052011013031006,-5.482481479644775
1749219801258294000,18.7292939453125,0.45241034030914307,0.22585603594779968,-5.527684688568115
1749219801268285000,18.739284912109376,0.5803547501564026,0.3699474334716797,-5.490560531616211
1749219801278275800,18.74927587890625,0.7301594018936157,0.5566555261611938,-5.361842632293701
1749219801288266200,18.759266357421875,0.8853577971458435,0.7165394425392151,-5.186969757080078
1749219801298257200,18.769257080078123,1.0205718278884888,0.8925256729125977,-4.875316143035889
1749219801308248000,18.779248046875,1.060461401939392,1.080344557762146,-4.39372444152832
1749219801318239000,18.789239013671875,0.9201285243034363,1.1336616277694702,-3.800297498703003
1749219801328230100,18.799230224609374,0.6709977984428406,0.8668040633201599,-3.15472149848938
1749219801338221000,18.809220947265626,0.45000311732292175,0.22466880083084106,-2.2283706665039062
1749219801348212000,18.8192119140625,0.374115526676178,-0.25038641691207886,-1.0712146759033203
1749219801358203100,18.829203125,0.2919756770133972,-0.4089784622192383,0.13893765211105347
1749219801368194000,18.839194091796877,0.1842968761920929,-0.22032278776168823,1.1954536437988281
1749219801378184200,18.84918408203125,0.13741005957126617,0.10948654264211655,1.9663056135177612
1749219801388175000,18.859175048828124,0.17481708526611328,0.38439133763313293,2.6244561672210693
1749219801398166300,18.869166259765624,-0.25788241624832153,1.19667649269104,4.841192722320557
1749219801408157200,18.8791572265625,-0.6762658357620239,2.712462902069092,2.95807147026062
1749219801418148000,18.889148193359375,0.3338527977466583,3.276585340499878,4.034456253051758
1749219801428139000,18.899138916015627,0.6600562334060669,3.023369550704956,3.913499116897583
1749219801438130200,18.909130126953126,0.21725615859031677,1.1633909940719604,3.3631279468536377
1749219801448121000,18.91912109375,0.007530886679887772,0.6412431001663208,3.084442615509033
1749219801458112000,18.929112060546874,0.2910824418067932,0.9655413031578064,2.5685582160949707
1749219801468102000,18.939101806640625,0.5426547527313232,0.4692108929157257,2.306302309036255
1749219801478093000,18.949093017578125,0.41968995332717896,-0.6733525991439819,2.128894567489624
1749219801488084000,18.959083984375,0.11180110275745392,-1.575435757637024,1.9127041101455688
1749219801498075100,18.9690751953125,0.14576253294944763,-1.6913323402404785,1.6394031047821045
1749219801508066300,18.97906640625,0.3965771794319153,-1.1949055194854736,1.3723276853561401
1749219801518057200,18.98905712890625,0.5383199453353882,-0.7160755395889282,1.267961859703064
1749219801528048000,18.999048095703124,0.45671799778938293,0.09815958887338638,1.1773954629898071
1749219801538039000,19.0090390625,0.2781224250793457,1.0297969579696655,1.0971227884292603
1749219801548029200,19.019029296875,0.20777130126953125,1.2812033891677856,1.0507432222366333
1749219801558020000,19.02902001953125,0.1844092607498169,0.7533861398696899,0.9157489538192749
1749219801568011000,19.039010986328126,0.17513799667358398,-0.24646197259426117,0.7430118322372437
1749219801578002000,19.049001953125,0.19294334948062897,-1.0068674087524414,0.6091235280036926
1749219801587993000,19.0589931640625,0.22869336605072021,-1.178459644317627,0.5052195191383362
1749219801597984000,19.06898388671875,0.2376418560743332,-1.0554487705230713,0.45903095602989197
1749219801607975000,19.078974853515625,0.19217316806316376,-0.8237442374229431,0.46315887570381165
1749219801617966000,19.088966064453125,0.17181037366390228,-0.5713556408882141,0.47919002175331116
1749219801627957000,19.09895703125,0.20838622748851776,-0.49725210666656494,0.5246360898017883
1749219801637947100,19.108947021484376,0.1687980741262436,-0.6186382174491882,0.584733784198761
1749219801647938000,19.11893798828125,0.12114959210157394,-0.7344809174537659,0.652876079082489
1749219801657929200,19.12892919921875,0.13343901932239532,-0.8842376470565796,0.7109851837158203
1749219801667920100,19.138920166015627,0.12821336090564728,-0.9798771142959595,0.7956824898719788
1749219801677911000,19.1489111328125,0.07784126698970795,-0.9227171540260315,0.9074692130088806
1749219801687902000,19.15890185546875,0.03660887852311134,-0.8068978786468506,1.0036388635635376
1749219801697893000,19.16889306640625,0.03238856419920921,-0.6831175684928894,1.0847313404083252
1749219801707884000,19.178884033203126,0.02780366875231266,-0.6324616074562073,1.1361169815063477
1749219801717874200,19.188874267578125,0.0059657469391822815,-0.6751168966293335,1.194048523902893
1749219801727865000,19.198864990234377,-0.01444285549223423,-0.7748826742172241,1.2296000719070435
1749219801737856300,19.208856201171876,-0.014899853616952896,-0.8810448050498962,1.241960048675537
1749219801747847200,19.21884716796875,-0.030783478170633316,-0.9475050568580627,1.261469841003418
1749219801757838800,19.2288388671875,-0.06727704405784607,-0.9659053683280945,1.2754775285720825
1749219801767829800,19.238829833984376,-0.10281533002853394,-0.9337157011032104,1.3029805421829224
1749219801777820700,19.248820556640624,-0.13554584980010986,-0.8799616694450378,1.3588060140609741
1749219801787811800,19.258811767578123,-0.15717896819114685,-0.8528368473052979,1.4525480270385742
1749219801797802800,19.268802734375,-0.18064434826374054,-0.8703340888023376,1.5984623432159424
1749219801807792600,19.278792724609374,-0.21499699354171753,-0.9248250126838684,1.7685840129852295
1749219801817783600,19.288783447265626,-0.26735180616378784,-0.9777010083198547,1.9377844333648682
1749219801827774700,19.298774658203126,-0.350462943315506,-0.961395263671875,2.09543514251709
1749219801837765600,19.308765625,-0.43350642919540405,-0.9115105271339417,2.216202974319458
1749219801847756500,19.318756591796873,-0.4938110411167145,-0.869179368019104,2.299527645111084
1749219801857747700,19.328747802734377,-0.5634058117866516,-0.9582562446594238,2.365361452102661
1749219801867738600,19.338738525390625,-0.6109978556632996,-1.2535773515701294,2.432121515274048
1749219801877729500,19.3487294921875,-0.626571774482727,-1.770506739616394,2.5174665451049805
1749219801887719700,19.3587197265625,-0.631373941898346,-2.442814588546753,2.588167428970337
1749219801897710800,19.3687109375,-0.7122786641120911,-3.0811009407043457,2.677502155303955
1749219801907701800,19.37870166015625,-0.8666056394577026,-3.552565097808838,2.8255434036254883
1749219801917692700,19.388692626953127,-1.0425671339035034,-3.7335875034332275,2.9755547046661377
1749219801927683600,19.39868359375,-1.2519906759262085,-3.465136766433716,3.067129611968994
1749219801937674800,19.4086748046875,-1.4988325834274292,-2.8378303050994873,3.1976852416992188
1749219801947665700,19.418665771484374,-1.7153873443603516,-2.0509088039398193,3.422649621963501
1749219801957656600,19.428656494140625,-1.8122142553329468,-1.4807268381118774,3.5356733798980713
1749219801967646700,19.438646728515625,-1.6755272150039673,-1.3259907960891724,3.0903375148773193
1749219801977638000,19.448637939453125,-1.511330008506775,-0.6016371250152588,2.5568065643310547
1749219801987628800,19.45862890625,-1.3247066736221313,0.7144773602485657,2.3173911571502686
1749219801997619700,19.46861962890625,-1.2330241203308105,1.5548535585403442,2.274162769317627
1749219802007611000,19.47861083984375,-1.3134465217590332,1.6709977388381958,1.9548518657684326
1749219802017601800,19.488601806640624,-1.3080048561096191,1.4321105480194092,1.0176993608474731
1749219802027592700,19.4985927734375,-0.7870472073554993,1.0753644704818726,0.12848180532455444
1749219802037583600,19.50858349609375,0.048105210065841675,0.8244824409484863,-0.331523597240448
1749219802047573800,19.51857373046875,0.4084239900112152,0.7050601840019226,-0.6984280943870544
1749219802057564700,19.528564697265626,0.23455311357975006,0.45404285192489624,-1.2183767557144165
1749219802067555600,19.5385556640625,0.013821805827319622,0.07155807316303253,-1.7311034202575684
1749219802077546500,19.54854638671875,0.100580133497715,-0.3138985335826874,-2.177199602127075
1749219802087537700,19.55853759765625,0.43859946727752686,-0.42610177397727966,-2.5678069591522217
1749219802097528600,19.568528564453125,0.7855126857757568,-0.06927281618118286,-2.8546409606933594
1749219802107519700,19.578519775390625,1.0215026140213013,0.5377699732780457,-3.09592604637146
1749219802117511000,19.588510986328124,1.1338967084884644,1.1109498739242554,-3.4415640830993652
1749219802127501800,19.598501708984376,1.2261962890625,1.73897123336792,-3.868015766143799
1749219802137491700,19.60849169921875,1.3435077667236328,2.189225912094116,-4.263315200805664
1749219802147482600,19.618482666015623,1.453258991241455,2.3669025897979736,-4.574822425842285
1749219802157473800,19.628473876953127,1.4726377725601196,2.328387975692749,-4.817134380340576
1749219802167464700,19.638464599609375,1.3937634229660034,2.187610149383545,-5.040496349334717
1749219802177455600,19.64845556640625,1.296127438545227,2.034173011779785,-5.263526439666748
1749219802187446500,19.658446533203126,1.223504662513733,2.050508499145508,-5.374794960021973
1749219802197437700,19.668437744140626,1.1859663724899292,2.1164908409118652,-5.515120029449463
1749219802207428600,19.6784287109375,1.124062180519104,2.0953283309936523,-5.629807949066162
1749219802217418800,19.688418701171877,0.9725065231323242,1.9141299724578857,-5.7418060302734375
1749219802227409700,19.69840966796875,0.7556887269020081,1.4739131927490234,-5.829272747039795
1749219802237400800,19.70840087890625,0.6064369082450867,0.8428660035133362,-5.885180950164795
1749219802247391700,19.718391845703124,0.5876448750495911,0.22889789938926697,-5.966203212738037
1749219802257382700,19.728382568359375,0.6520214676856995,-0.029036978259682655,-6.061802864074707
1749219802267373800,19.738373779296875,0.7868841886520386,0.19504138827323914,-6.086155891418457
1749219802277364700,19.74836474609375,0.9920828938484192,0.5972332954406738,-5.9314398765563965
1749219802287355600,19.758355712890626,1.1986017227172852,0.8468130230903625,-5.598455429077148
1749219802297345500,19.768345458984374,1.3806763887405396,0.8351417183876038,-5.125995635986328
1749219802307336700,19.778336669921874,1.5525081157684326,0.5618268251419067,-4.573604583740234
1749219802317327600,19.78832763671875,1.5173267126083374,-0.010275274515151978,-3.899587392807007
1749219802327318800,19.79831884765625,1.1871395111083984,-1.1665369272232056,-2.9120450019836426
1749219802337309700,19.808309814453125,0.7268301844596863,-2.1729228496551514,-1.5768496990203857
1749219802347300900,19.81830078125,0.3700622022151947,-2.1807029247283936,-0.10623855143785477
1749219802357291800,19.828291748046876,0.13390080630779266,-1.243085503578186,1.1466972827911377
1749219802367282700,19.83828271484375,0.02985004149377346,0.06899158656597137,2.0272295475006104
1749219802377272600,19.8482724609375,0.08435189723968506,1.2943079471588135,2.52372407913208
1749219802387263700,19.858263671875,0.17009396851062775,2.290649175643921,2.8118679523468018
1749219802397254700,19.868254638671875,0.2617889940738678,2.7087981700897217,2.872122049331665
1749219802407245600,19.87824560546875,0.3693985641002655,2.1600587368011475,2.9977293014526367
1749219802417236700,19.88823681640625,0.04117539897561073,3.07826566696167,4.2328009605407715
1749219802427227600,19.8982275390625,-0.3285757601261139,5.360523700714111,3.135615110397339
1749219802437218600,19.908218505859374,-0.7837755084037781,5.383777141571045,4.220505237579346
1749219802447209500,19.91820947265625,-0.8340503573417664,4.727968215942383,3.3786802291870117
1749219802457200600,19.92820068359375,0.2928004562854767,3.1590614318847656,2.8860838413238525
1749219802467190800,19.938190673828124,1.0932875871658325,0.7877590656280518,2.7676496505737305
1749219802477181700,19.948181640625,0.7437894344329834,-1.0335477590560913,2.230374336242676
1749219802487172600,19.958172607421876,0.2367030829191208,-2.399169445037842,2.100619316101074
1749219802497163800,19.968163818359375,0.2963419258594513,-3.507068157196045,1.9329379796981812
1749219802507154700,19.97815478515625,0.47412896156311035,-3.3428099155426025,1.8201390504837036
1749219802517145600,19.9881455078125,0.5001145005226135,-2.0112087726593018,1.558298110961914
1749219802527136800,19.99813671875,0.4760320484638214,-0.8115003108978271,1.281315803527832
1749219802537127700,20.008127685546874,0.38488084077835083,0.04802504926919937,1.179631233215332
1749219802547117800,20.018117919921874,0.3120305836200714,0.8631036281585693,1.0663951635360718
1749219802557108700,20.028108642578125,0.2889937162399292,1.2439897060394287,0.9767316579818726
1749219802567100000,20.038099853515625,0.2842956483364105,0.7881558537483215,0.8696057200431824
1749219802577090800,20.0480908203125,0.294575959444046,-0.24210664629936218,0.6952831745147705
1749219802587081700,20.058081787109376,0.321318119764328,-1.2182880640029907,0.5164287686347961
1749219802597072600,20.06807275390625,0.3615962862968445,-1.7371035814285278,0.3960738480091095
1749219802607063800,20.078063720703124,0.36400723457336426,-1.7475050687789917,0.3341047465801239
1749219802617054700,20.0880546875,0.3314458429813385,-1.41036057472229,0.2997872531414032
1749219802627044600,20.098044677734375,0.3150181472301483,-1.173153042793274,0.27516260743141174
1749219802637035500,20.108035400390627,0.2773570418357849,-1.1029529571533203,0.3176328241825104
1749219802647026700,20.118026611328126,0.2187643051147461,-1.0640350580215454,0.38467657566070557
1749219802657017600,20.128017578125,0.19770482182502747,-1.1605784893035889,0.4285079538822174
1749219802667008500,20.138008544921874,0.18861837685108185,-1.4339863061904907,0.46824389696121216
1749219802676999700,20.147999755859374,0.16861112415790558,-1.6558669805526733,0.5030474066734314
1749219802686990800,20.157990966796874,0.14330390095710754,-1.6961300373077393,0.5576510429382324
1749219802696981800,20.167981689453125,0.12304656207561493,-1.6345475912094116,0.6277360916137695
1749219802706971600,20.1779716796875,0.08699588477611542,-1.5178660154342651,0.7201432585716248
1749219802716962600,20.187962646484376,0.03635028377175331,-1.4140136241912842,0.7881659865379333
1749219802726953700,20.19795361328125,-0.0005107942852191627,-1.2748967409133911,0.8471299409866333
1749219802736944600,20.207944580078124,-0.018124409019947052,-1.1229910850524902,0.9047098755836487
1749219802746935600,20.217935546875,-0.04097886011004448,-1.0144087076187134,0.9491918683052063
1749219802756925700,20.22792578125,-0.08506748825311661,-0.955929696559906,0.9868806600570679
1749219802766916900,20.237916748046874,-0.13826359808444977,-0.914093017578125,1.0307165384292603
1749219802776908000,20.247907958984374,-0.19005756080150604,-0.8304612636566162,1.0983717441558838
1749219802786898000,20.25789794921875,-0.23235175013542175,-0.6977748274803162,1.198299765586853
1749219802796888800,20.267888916015625,-0.25142237544059753,-0.5381444096565247,1.3229798078536987
1749219802806879700,20.277879638671877,-0.24261556565761566,-0.3206943869590759,1.4923020601272583
1749219802816871000,20.287870849609376,-0.26855048537254333,-0.08823239058256149,1.6494817733764648
1749219802826861800,20.29786181640625,-0.3258369565010071,0.08952029794454575,1.8415859937667847
1749219802836852700,20.307852783203124,-0.3810506761074066,0.21921251714229584,2.023777961730957
1749219802846843600,20.31784375,-0.46693283319473267,0.25853195786476135,2.181252956390381
1749219802856834800,20.327834716796875,-0.5721005201339722,0.2597900331020355,2.3440821170806885
1749219802866825000,20.337824951171875,-0.6347364783287048,0.1335974782705307,2.4751546382904053
1749219802876816000,20.34781591796875,-0.678735077381134,-0.15193574130535126,2.6276445388793945
1749219802886806800,20.357806884765626,-0.6828954815864563,-0.6151822209358215,2.784276008605957
1749219802896798000,20.3677978515625,-0.6251581311225891,-1.2465399503707886,2.9469099044799805
1749219802906788900,20.377788818359374,-0.5396224856376648,-2.1462104320526123,3.0931825637817383
1749219802916779800,20.38777978515625,-0.5370490550994873,-3.319922924041748,3.2469353675842285
1749219802926771000,20.39777099609375,-0.7364716529846191,-4.10012149810791,3.4101743698120117
1749219802936761900,20.407761962890625,-0.9193239808082581,-4.377429485321045,3.4131205081939697
1749219802946751700,20.417751708984376,-1.098664402961731,-4.17952299118042,3.4743587970733643
1749219802956742700,20.42774267578125,-1.3207532167434692,-3.4655568599700928,3.4912281036376953
1749219802966733800,20.43773388671875,-1.372331142425537,-2.774616003036499,3.502166271209717
1749219802976724700,20.447724853515624,-1.1343861818313599,-2.2372164726257324,3.437135934829712
1749219802986716000,20.4577158203125,-0.9938978552818298,-1.1185647249221802,3.2782785892486572
1749219802996706800,20.467706787109375,-1.099771499633789,0.3407413363456726,2.7001163959503174
1749219803006698000,20.477697998046875,-1.2329474687576294,1.4911928176879883,1.9147350788116455
1749219803016689000,20.48768896484375,-1.1103613376617432,1.1079940795898438,1.0063281059265137
1749219803026678800,20.4976787109375,-0.49527978897094727,-0.20254644751548767,0.2191733568906784
1749219803036669700,20.507669677734373,0.17236670851707458,-0.7033067345619202,-0.2836572825908661
1749219803046660900,20.517660888671877,0.40280789136886597,-0.501944363117218,-0.914013147354126
1749219803056651800,20.52765185546875,0.19116543233394623,-0.4027213454246521,-1.490594744682312
1749219803066642700,20.537642578125,-0.048712410032749176,-0.6854603886604309,-1.958862066268921
1749219803076633900,20.5476337890625,0.014445518143475056,-1.0688780546188354,-2.3570849895477295
1749219803086624800,20.557624755859376,0.29000091552734375,-1.0682189464569092,-2.632086753845215
1749219803096615700,20.56761572265625,0.49224403500556946,-0.5329827070236206,-2.9433186054229736
1749219803106605800,20.577605712890627,0.5256267786026001,0.3004349172115326,-3.341151237487793
1749219803116597000,20.587596923828126,0.539150595664978,0.9940134286880493,-3.6793673038482666
1749219803126588000,20.597587890625,0.6121323704719543,1.4895703792572021,-4.0026021003723145
1749219803136578800,20.607578857421874,0.7121130228042603,1.7893270254135132,-4.317977428436279
1749219803146569700,20.61756982421875,0.7507797479629517,1.8729490041732788,-4.587730407714844
1749219803156561000,20.627560791015625,0.7646824717521667,1.736133098602295,-4.84099817276001
1749219803166551800,20.6375517578125,0.8038157820701599,1.5622787475585938,-5.063798427581787
1749219803176542700,20.647542724609377,0.885477602481842,1.4627054929733276,-5.25629997253418
1749219803186532600,20.65753271484375,0.9324824213981628,1.4922159910202026,-5.403527736663818
1749219803196524000,20.66752392578125,0.8881903290748596,1.5153133869171143,-5.53731632232666
1749219803206515000,20.677514892578124,0.805297315120697,1.371964931488037,-5.676536560058594
1749219803216505900,20.687505859375,0.7642726302146912,1.1485260725021362,-5.767160892486572
1749219803226497000,20.6974970703125,0.7683603167533875,0.9612575769424438,-5.857998371124268
1749219803236488000,20.707488037109375,0.8204346895217896,0.8509023189544678,-5.972781181335449
1749219803246478800,20.717478759765626,0.9214337468147278,0.9079192876815796,-6.055872917175293
1749219803256469800,20.7274697265625,1.0284144878387451,1.199583888053894,-6.0374555587768555
1749219803266459600,20.737459716796874,1.1672048568725586,1.5924198627471924,-5.94131326675415
1749219803276450800,20.747450927734373,1.3691329956054688,1.9062528610229492,-5.702663898468018
1749219803286441700,20.757441650390625,1.5537397861480713,2.0295703411102295,-5.373852252960205
1749219803296432600,20.7674326171875,1.6864323616027832,1.8738043308258057,-4.893348217010498
1749219803306423800,20.777423828125,1.6809718608856201,1.5961685180664062,-4.165246486663818
1749219803316414700,20.787414794921876,1.4923959970474243,1.201227068901062,-3.637903928756714
1749219803326406000,20.797406005859376,1.1683745384216309,0.06145643815398216,-2.679661989212036
1749219803336397000,20.80739697265625,0.7943021655082703,-1.0781357288360596,-1.3455562591552734
1749219803346387000,20.817386962890627,0.433963418006897,-1.6040102243423462,0.09127771854400635
1749219803356377900,20.8273779296875,0.0989002138376236,-1.1457462310791016,1.339552402496338
1749219803366368800,20.83736865234375,-0.0768689513206482,-0.1073903739452362,2.2173874378204346
1749219803376359700,20.847359619140626,-0.00552392890676856,0.869335949420929,2.7087106704711914
1749219803386350800,20.857350830078126,0.10585665702819824,1.5350314378738403,3.012524127960205
1749219803396341800,20.867341796875,0.17826907336711884,1.543725848197937,2.8446009159088135
1749219803406332700,20.877332763671873,0.23258771002292633,0.28839239478111267,2.9050843715667725
1749219803416323800,20.88732373046875,-0.24131035804748535,2.5025179386138916,3.40779185295105
1749219803426314000,20.89731396484375,-0.2823280990123749,4.463820934295654,4.043567657470703
1749219803436305000,20.907304931640624,-0.21888467669487,3.394596576690674,4.209306240081787
1749219803446295800,20.9172958984375,-0.11301656812429428,2.2098963260650635,3.239304304122925
1749219803456287000,20.927286865234375,0.19162216782569885,2.7773194313049316,3.183748722076416
1749219803466278000,20.93727783203125,0.45339491963386536,1.8054239749908447,2.3609375953674316
1749219803476268800,20.947268798828127,0.6600647568702698,-0.13580390810966492,2.0641515254974365
1749219803486260000,20.957260009765626,0.6809042096138,-1.7947412729263306,1.871962308883667
1749219803496251000,20.9672509765625,0.3821502923965454,-3.1410388946533203,1.6638373136520386
1749219803506240800,20.97724072265625,0.21760022640228271,-4.003405570983887,1.600915551185608
1749219803516231700,20.987231689453125,0.28827759623527527,-3.174751043319702,1.2936533689498901
1749219803526222600,20.99722265625,0.40946394205093384,-1.3166759014129639,1.0234043598175049
1749219803536213800,21.0072138671875,0.3230707347393036,0.3956906199455261,0.8655800819396973
1749219803546205000,21.017204833984376,0.08021467924118042,1.6002087593078613,0.7851118445396423
1749219803556195800,21.02719580078125,-0.019872240722179413,1.9816064834594727,0.7340771555900574
1749219803566187000,21.03718701171875,0.045124601572752,1.4181334972381592,0.6507409811019897
1749219803576178000,21.047177978515624,0.16532984375953674,0.042204443365335464,0.5406001210212708
1749219803586167800,21.057167724609375,0.2398834377527237,-1.3249577283859253,0.4426328241825104
1749219803596158700,21.06715869140625,0.29083290696144104,-2.0531954765319824,0.3914963901042938
1749219803606150000,21.07714990234375,0.2936286926269531,-2.1937830448150635,0.38259053230285645
1749219803616140800,21.087140869140626,0.20080047845840454,-1.945802092552185,0.40630730986595154
1749219803626131700,21.097131591796874,0.06960917264223099,-1.3144230842590332,0.4538561701774597
1749219803636122600,21.10712255859375,0.008175372146070004,-0.6742556691169739,0.48727646470069885
1749219803646113800,21.11711376953125,0.01569613814353943,-0.4390900135040283,0.5289035439491272
1749219803656104700,21.127104736328125,-0.026506975293159485,-0.5565886497497559,0.5895852446556091
1749219803666094800,21.1370947265625,-0.057080063968896866,-0.8181496858596802,0.6432458162307739
1749219803676085800,21.147085693359376,-0.004927114117890596,-1.1312823295593262,0.6910447478294373
1749219803686077000,21.157076904296876,0.049486059695482254,-1.3214993476867676,0.7648239135742188
1749219803696067800,21.16706787109375,0.03803659975528717,-1.2392412424087524,0.8694866895675659
1749219803706058800,21.177058837890623,0.011782890185713768,-0.9322206377983093,0.9733201265335083
1749219803716050000,21.1870498046875,-0.013317403383553028,-0.6163753271102905,1.045078158378601
1749219803726040800,21.197040771484374,-0.02840660698711872,-0.33364081382751465,1.1138324737548828
1749219803736030700,21.20703076171875,-0.05940527096390724,-0.19134385883808136,1.170362114906311
1749219803746021600,21.217021728515626,-0.0867743119597435,-0.17108039557933807,1.220286250114441
1749219803756013600,21.227013671875,-0.1153031587600708,-0.2101694792509079,1.2666513919830322
1749219803766004500,21.23700439453125,-0.1408705711364746,-0.2732512354850769,1.3077596426010132
1749219803775995400,21.246995361328125,-0.17522694170475006,-0.27862870693206787,1.3814527988433838
1749219803785986600,21.256986572265625,-0.21641911566257477,-0.2103194147348404,1.481801986694336
1749219803795977500,21.2669775390625,-0.26058924198150635,-0.13128238916397095,1.584299921989441
1749219803805968600,21.27696875,-0.2945786416530609,-0.09748420864343643,1.6987417936325073
1749219803815958500,21.28695849609375,-0.32626625895500183,-0.1456133872270584,1.8130518198013306
1749219803825949700,21.29694970703125,-0.35836613178253174,-0.31874150037765503,1.92472243309021
1749219803835940600,21.306940673828127,-0.401607871055603,-0.5416994690895081,2.034165859222412
1749219803845931500,21.316931640625,-0.4744461476802826,-0.7431572079658508,2.154616117477417
1749219803855922400,21.32692236328125,-0.5410155653953552,-0.9344419836997986,2.2658138275146484
1749219803865913600,21.33691357421875,-0.6002584099769592,-1.0384259223937988,2.368722677230835
1749219803875904500,21.346904541015626,-0.6482770442962646,-1.1593104600906372,2.486178398132324
1749219803885895400,21.3568955078125,-0.656394362449646,-1.4098186492919922,2.614401340484619
1749219803895885600,21.366885498046877,-0.6397203207015991,-1.8374218940734863,2.749047040939331
1749219803905876700,21.376876708984376,-0.6286724805831909,-2.379100799560547,2.87864089012146
1749219803915867600,21.38686767578125,-0.7073156237602234,-2.9486775398254395,2.9603631496429443
1749219803925858600,21.396858642578124,-0.8695905208587646,-3.3056864738464355,3.1207451820373535
1749219803935849700,21.406849609375,-1.0053550004959106,-3.289780616760254,3.2221508026123047
1749219803945840600,21.416840576171875,-1.140427589416504,-2.9071836471557617,3.3719537258148193
1749219803955831600,21.42683154296875,-1.3102209568023682,-2.320171594619751,3.600034713745117
1749219803965822500,21.436822509765626,-1.3873811960220337,-1.944226861000061,3.7973525524139404
1749219803975812600,21.4468125,-1.2161316871643066,-1.9412840604782104,3.3880538940429688
1749219803985803500,21.456803466796874,-1.1318179368972778,-1.3737589120864868,2.6469550132751465
1749219803995794400,21.46679443359375,-1.183592438697815,-0.2407148778438568,2.3339080810546875
1749219804005785300,21.476785400390625,-1.25138258934021,0.47313427925109863,2.4139420986175537
1749219804015776500,21.486776611328125,-1.3069089651107788,0.05570507422089577,2.4974138736724854
1749219804025767700,21.496767578125,-1.247862696647644,-0.4921063482761383,1.7005658149719238
1749219804035758600,21.506758544921876,-0.7060873508453369,-0.6933228373527527,0.6145164370536804
1749219804045748500,21.51674853515625,0.24218280613422394,-0.36996179819107056,0.07149256020784378
1749219804055739600,21.52673974609375,0.6980997323989868,0.1556154191493988,-0.34815824031829834
1749219804065730600,21.53673046875,0.47337740659713745,0.2201014757156372,-0.8743234872817993
1749219804075721500,21.546721435546875,0.15683914721012115,-0.35677915811538696,-1.318006157875061
1749219804085712600,21.556712646484375,0.1807580590248108,-0.9510539770126343,-1.725983738899231
1749219804095703600,21.56670361328125,0.5700727701187134,-0.9750426411628723,-2.137920379638672
1749219804105694500,21.576694580078126,0.9451398849487305,-0.2395840883255005,-2.4934847354888916
1749219804115685400,21.586685302734374,1.0922126770019531,0.8099895119667053,-2.8427889347076416
1749219804125675800,21.59667578125,1.1060885190963745,1.6504008769989014,-3.2347939014434814
1749219804135666700,21.606666748046877,1.1421626806259155,2.0881237983703613,-3.6466801166534424
1749219804145657600,21.61665771484375,1.2211767435073853,2.3147449493408203,-4.002958297729492
1749219804155648500,21.6266484375,1.3030983209609985,2.448558807373047,-4.423254489898682
1749219804165639700,21.6366396484375,1.3383255004882812,2.4241623878479004,-4.774047374725342
1749219804175630600,21.646630615234375,1.2897624969482422,2.273036479949951,-5.060438632965088
1749219804185621500,21.65662158203125,1.1891953945159912,2.11116361618042,-5.307918548583984
1749219804195612700,21.66661279296875,1.1227647066116333,1.9951732158660889,-5.560298919677734
1749219804205602600,21.6766025390625,1.0982534885406494,1.9429470300674438,-5.744112968444824
1749219804215593500,21.686593505859374,1.0527081489562988,1.8905799388885498,-5.917512893676758
1749219804225584400,21.69658447265625,0.9315095543861389,1.6988695859909058,-6.070596694946289
1749219804235575600,21.706575439453125,0.7743231654167175,1.3939861059188843,-6.1863298416137695
1749219804245566700,21.716566650390625,0.7085167169570923,1.0418776273727417,-6.310964107513428
1749219804255557600,21.7265576171875,0.6879757046699524,0.8205686807632446,-6.4553093910217285
1749219804265548500,21.736548583984376,0.6832332015037537,0.8488932251930237,-6.504830360412598
1749219804275539700,21.746539794921876,0.780657172203064,1.13295316696167,-6.4310302734375
1749219804285529600,21.756529541015624,1.0189549922943115,1.7245666980743408,-6.237598419189453
1749219804295520500,21.7665205078125,1.2429825067520142,2.3599674701690674,-5.742722511291504
1749219804305511400,21.776511474609375,1.3559635877609253,2.5549304485321045,-5.035475254058838
1749219804315502600,21.786502685546875,1.3758788108825684,2.343827247619629,-4.253602981567383
1749219804325493500,21.796493408203126,1.2633501291275024,1.7703536748886108,-3.5432910919189453
1749219804335484400,21.806484375,1.0471538305282593,0.5160857439041138,-2.261842966079712
1749219804345475600,21.8164755859375,0.8158378005027771,-0.8117280602455139,-0.6685426235198975
1749219804355465700,21.8264658203125,0.42917293310165405,-1.6043726205825806,0.7890349626541138
1749219804365456600,21.83645654296875,0.044799428433179855,-1.4145464897155762,1.8057928085327148
1749219804375447600,21.846447509765625,-0.1120690107345581,-0.3899770677089691,2.45184326171875
1749219804385438700,21.856438720703125,0.06858145445585251,0.7068879008293152,2.7032322883605957
1749219804395429600,21.8664296875,0.3041694760322571,0.8561764359474182,3.056654453277588
1749219804405420500,21.876420654296876,-0.027594875544309616,2.092689037322998,4.759006023406982
1749219804415411500,21.886411376953124,0.12532223761081696,5.247641563415527,3.981518030166626
1749219804425402600,21.896402587890623,-0.031386151909828186,4.764371395111084,4.339359283447266
1749219804435392500,21.906392578125,-0.5084728002548218,4.372435569763184,4.193605899810791
1749219804445383400,21.916383544921874,-0.0966557040810585,4.858128070831299,3.328122854232788
1749219804455374600,21.92637451171875,0.9810521006584167,2.4381601810455322,3.1596832275390625
1749219804465365800,21.93636572265625,1.1842869520187378,-1.4595041275024414,2.7574687004089355
1749219804475356700,21.946356689453125,0.6054419875144958,-3.229783535003662,2.2759511470794678
1749219804485347600,21.95634765625,0.1534324288368225,-4.108651161193848,2.0242879390716553
1749219804495338800,21.9663388671875,0.10734909027814865,-3.6186766624450684,1.955514669418335
1749219804505328600,21.97632861328125,0.21412160992622375,-1.6927968263626099,1.725913166999817
1749219804515319600,21.986319580078124,0.335891455411911,-0.16432635486125946,1.3349989652633667
1749219804525310500,21.996310546875,0.260093629360199,0.8724997639656067,1.162737488746643
1749219804535301600,22.006301513671875,0.06863205879926682,1.3916255235671997,1.0385164022445679
1749219804545292500,22.01629248046875,0.04374481737613678,1.3268134593963623,0.9343317151069641
1749219804555283500,22.026283447265627,0.1587132215499878,0.6948363184928894,0.8498176336288452
1749219804565274400,22.0362744140625,0.21214981377124786,-0.25580355525016785,0.7207083702087402
1749219804575265500,22.046265625,0.16458415985107422,-1.1829113960266113,0.5892121195793152
1749219804585255700,22.056255615234374,0.20307455956935883,-1.8317736387252808,0.48629721999168396
1749219804595246600,22.06624658203125,0.28524690866470337,-1.931676983833313,0.4391036033630371
1749219804605237500,22.076237548828125,0.2870442867279053,-1.5418150424957275,0.43032634258270264
1749219804615228700,22.086228759765625,0.20899556577205658,-0.9831655621528625,0.43547505140304565
1749219804625219600,22.096219482421876,0.14628957211971283,-0.6111589670181274,0.4671061933040619
1749219804635210500,22.10621044921875,0.12192137539386749,-0.43322867155075073,0.5077944993972778
1749219804645201700,22.11620166015625,0.13166961073875427,-0.4728847146034241,0.519428551197052
1749219804655192600,22.126192626953124,0.14667919278144836,-0.6941545009613037,0.5468534827232361
1749219804665182500,22.136182373046875,0.16050659120082855,-0.9126983284950256,0.5671702027320862
1749219804675173600,22.146173583984375,0.15392431616783142,-1.0473599433898926,0.6033532619476318
1749219804685164500,22.15616455078125,0.15410035848617554,-1.0531641244888306,0.6819460391998291
1749219804695155700,22.16615576171875,0.1603020578622818,-0.9376556277275085,0.7698069214820862
1749219804705146600,22.176146728515626,0.14050865173339844,-0.7577140927314758,0.8549093008041382
1749219804715137500,22.186137451171874,0.08875063806772232,-0.5776880979537964,0.9428176283836365
1749219804725128700,22.196128662109373,0.042145054787397385,-0.4423885941505432,1.0118792057037354
1749219804735118600,22.20611865234375,0.011204984039068222,-0.3788570463657379,1.059479832649231
1749219804745109500,22.216109619140624,-0.025645975023508072,-0.38940873742103577,1.1204578876495361
1749219804755100000,22.226099853515624,-0.059183429926633835,-0.4506358802318573,1.172097086906433
1749219804765090800,22.2360908203125,-0.07657919824123383,-0.5453053712844849,1.2196455001831055
1749219804775082000,22.24608203125,-0.09696383029222488,-0.6356286406517029,1.2841861248016357
1749219804785073200,22.2560732421875,-0.12445084750652313,-0.7062721848487854,1.3842527866363525
1749219804795064000,22.26606396484375,-0.1714913249015808,-0.7644843459129333,1.5044742822647095
1749219804805055000,22.276054931640626,-0.21368645131587982,-0.7940752506256104,1.6394646167755127
1749219804815044900,22.286044921875,-0.264199435710907,-0.8199284076690674,1.7595773935317993
1749219804825036000,22.2960361328125,-0.3208579123020172,-0.8572222590446472,1.895819902420044
1749219804835027000,22.30602685546875,-0.37674087285995483,-0.8625659346580505,2.0383031368255615
1749219804845017900,22.316017822265625,-0.47082504630088806,-0.8261357545852661,2.119508743286133
1749219804855009000,22.326009033203125,-0.5928500294685364,-0.8142502903938293,2.2196099758148193
1749219804865000000,22.336,-0.6826446056365967,-0.8789198398590088,2.33301043510437
1749219804874990800,22.345990966796876,-0.7126818895339966,-1.0757473707199097,2.4351165294647217
1749219804884981800,22.355981689453124,-0.7080211043357849,-1.4288924932479858,2.5596585273742676
1749219804894972200,22.36597216796875,-0.7001641988754272,-1.8656641244888306,2.694223403930664
1749219804904963000,22.375963134765627,-0.7328444123268127,-2.2597644329071045,2.8166275024414062
1749219804914954000,22.3859541015625,-0.872398853302002,-2.283106565475464,3.016326427459717
1749219804924945000,22.39594482421875,-1.0419676303863525,-1.9859082698822021,3.374040365219116
1749219804934936000,22.40593603515625,-1.0777482986450195,-1.6190370321273804,3.7043709754943848
1749219804944927000,22.415927001953126,-0.9223267436027527,-1.5360255241394043,3.66768217086792
1749219804954918000,22.42591796875,-0.8051636219024658,-1.7142629623413086,3.4122939109802246
1749219804964909000,22.435908935546873,-0.9040963053703308,-1.5140373706817627,3.298248052597046
1749219804974899000,22.44589892578125,-1.1418529748916626,-1.1981894969940186,3.204840660095215
1749219804984890000,22.45589013671875,-1.2898973226547241,-0.9357394576072693,2.9879298210144043
1749219804994881000,22.465881103515624,-1.1084693670272827,-0.9118293523788452,2.260718822479248
1749219805004872200,22.4758720703125,-0.8223279714584351,-0.7421430945396423,1.6869871616363525
1749219805014863000,22.485863037109375,-0.3900021016597748,-0.9361857771873474,1.0018047094345093
1749219805024854000,22.49585400390625,0.09576727449893951,-1.2046608924865723,0.3815625309944153
1749219805034845000,22.505844970703127,0.3281855881214142,-1.3329792022705078,-0.11466798931360245
1749219805044835000,22.5158349609375,0.21875391900539398,-1.621614694595337,-0.4802592992782593
1749219805054826000,22.525825927734374,0.15410621464252472,-1.866533637046814,-0.8725570440292358
1749219805064817000,22.53581689453125,0.3916146457195282,-1.7616968154907227,-1.2482340335845947
1749219805074807800,22.545807861328125,0.72999107837677,-1.152813196182251,-1.6163547039031982
1749219805084799000,22.555799072265625,1.0081100463867188,-0.33934929966926575,-1.953553557395935
1749219805094790000,22.565789794921876,1.1562862396240234,0.6065322756767273,-2.26275372505188
1749219805104780800,22.57578076171875,1.125411868095398,1.611810564994812,-2.6484928131103516
1749219805114772000,22.58577197265625,1.081610918045044,2.3287298679351807,-3.065927505493164
1749219805124762000,22.59576220703125,1.108648419380188,2.7543909549713135,-3.4531917572021484
1749219805134753000,22.6057529296875,1.1202768087387085,2.960247039794922,-3.865424871444702
1749219805144744000,22.615743896484375,1.1093873977661133,2.9770522117614746,-4.25398588180542
1749219805154735000,22.625735107421875,1.0508567094802856,2.933090925216675,-4.575334548950195
1749219805164726000,22.63572607421875,0.9290674328804016,2.846484661102295,-4.8444623947143555
1749219805174717000,22.645717041015626,0.7702423930168152,2.7008776664733887,-5.137307167053223
1749219805184707800,22.655707763671874,0.6632445454597473,2.4666945934295654,-5.373617649078369
1749219805194698000,22.665697998046873,0.5703782439231873,2.215070962905884,-5.597929954528809
1749219805204689200,22.675689208984377,0.41726699471473694,1.9390997886657715,-5.8470892906188965
1749219805214680000,22.68568017578125,0.21040304005146027,1.5613889694213867,-6.028064250946045
1749219805224671000,22.6956708984375,0.029622873291373253,1.0858190059661865,-6.18699312210083
1749219805234662100,22.705662109375,-0.046482812613248825,0.7003999352455139,-6.322185039520264
1749219805244653000,22.715653076171876,-0.027938690036535263,0.6518110632896423,-6.355782985687256
1749219805254644000,22.72564404296875,0.05596446618437767,0.9473191499710083,-6.3025078773498535
1749219805264635100,22.73563525390625,0.2568533718585968,1.3429522514343262,-6.160411834716797
1749219805274625000,22.745625,0.5480303168296814,1.7422367334365845,-5.873263835906982
1749219805284616000,22.755615966796874,0.8001230359077454,1.8524335622787476,-5.402040004730225
1749219805294606800,22.76560693359375,0.9361019134521484,1.6774522066116333,-4.837629795074463
1749219805304598000,22.775597900390625,1.0699081420898438,1.4534600973129272,-4.226253509521484
1749219805314589000,22.7855888671875,0.8880060315132141,1.1105802059173584,-3.385702133178711
1749219805324579800,22.795579833984377,0.4118163287639618,0.16829073429107666,-2.226283073425293
1749219805334571000,22.805571044921876,0.12433606386184692,-0.7105851769447327,-0.7756057381629944
1749219805344562200,22.815562255859376,0.004829908721148968,-0.7466270327568054,0.5647392868995667
1749219805354552000,22.825552001953124,-0.14320243895053864,-0.3369567096233368,1.5290251970291138
1749219805364543000,22.83554296875,-0.15650838613510132,0.06046813726425171,2.2583982944488525
1749219805374534000,22.845533935546875,-0.41056543588638306,0.8439648151397705,4.894181728363037
1749219805384525000,22.855525146484375,-0.858275830745697,2.6764116287231445,4.804077625274658
1749219805394516000,22.865515869140626,-0.14419792592525482,3.564728021621704,4.693243980407715
1749219805404507000,22.8755068359375,0.7448898553848267,2.839707374572754,5.136176586151123
1749219805414498000,22.885498046875,0.5438398718833923,0.6420900225639343,3.7774906158447266
1749219805424488200,22.89548828125,0.004835501778870821,-0.6551570892333984,3.9436986446380615
1749219805434479000,22.90547900390625,-0.6036858558654785,0.012851350009441376,3.237457752227783
1749219805444470000,22.915469970703125,-0.25896579027175903,0.30796343088150024,2.7178213596343994
1749219805454461200,22.925461181640625,0.6056992411613464,-0.07581619918346405,2.7473440170288086
1749219805464452000,22.9354521484375,0.26571741700172424,-0.4628046751022339,2.5489730834960938
1749219805474443000,22.945443115234376,-0.2240738421678543,-0.09709246456623077,2.3414487838745117
1749219805484434000,22.955433837890624,-0.1407211571931839,0.3092007339000702,1.933611512184143
1749219805494425000,22.965425048828124,0.21149173378944397,0.2787221670150757,1.6056469678878784
1749219805504415000,22.9754150390625,0.4353961944580078,0.004738828632980585,1.4524697065353394
1749219805514406000,22.985406005859375,0.25495293736457825,-0.0676802471280098,1.26958429813385
1749219805524396800,22.995396728515626,0.1392337828874588,0.05115506425499916,1.1260029077529907
1749219805534388000,23.005387939453126,0.25985288619995117,0.27396178245544434,0.9295300245285034
1749219805544379000,23.01537890625,0.3872385323047638,0.20640137791633606,0.7083065509796143
1749219805554370000,23.0253701171875,0.42028677463531494,-0.27252793312072754,0.5838301777839661
1749219805564361200,23.035361328125,0.40785300731658936,-0.8050288558006287,0.4901004731655121
1749219805574351000,23.04535107421875,0.4114285707473755,-1.030194640159607,0.39973941445350647
1749219805584342000,23.055342041015624,0.42584797739982605,-0.9353538155555725,0.34269770979881287
1749219805594333000,23.0653330078125,0.3993537724018097,-0.7776196002960205,0.33169299364089966
1749219805604324000,23.075323974609375,0.33369380235671997,-0.6931891441345215,0.34891271591186523
1749219805614315000,23.08531494140625,0.2857859432697296,-0.6933947205543518,0.3532925546169281
1749219805624306000,23.095305908203127,0.2623059153556824,-0.6659519076347351,0.38018009066581726
1749219805634296800,23.105296875,0.2380724847316742,-0.6792110204696655,0.4101142883300781
1749219805644288000,23.1152880859375,0.2085058093070984,-0.8060153126716614,0.44030389189720154
1749219805654278100,23.125278076171874,0.20815160870552063,-0.9500190615653992,0.4643080234527588
1749219805664269000,23.13526904296875,0.22697429358959198,-0.9392614960670471,0.5030586123466492
1749219805674260000,23.145260009765625,0.22752583026885986,-0.8389705419540405,0.5512929558753967
1749219805684251100,23.155251220703125,0.19127409160137177,-0.7327365279197693,0.6034145355224609
1749219805694242000,23.165241943359376,0.1385411024093628,-0.6289774179458618,0.6652048826217651
1749219805704233000,23.17523291015625,0.09757182747125626,-0.5677209496498108,0.729089081287384
1749219805714224000,23.18522412109375,0.0884675458073616,-0.5746645927429199,0.8087112307548523
1749219805724214000,23.195214111328124,0.08224746584892273,-0.537662923336029,0.8927373886108398
1749219805734205000,23.205204833984375,0.05560147762298584,-0.5060586333274841,0.974611222743988
1749219805744195800,23.21519580078125,0.027998078614473343,-0.47713565826416016,1.0618691444396973
1749219805754186800,23.225186767578126,0.007470699492841959,-0.478712260723114,1.1407901048660278
1749219805764178000,23.235177978515626,-0.007149522192776203,-0.5116782188415527,1.2218492031097412
1749219805774168800,23.2451689453125,-0.02851313352584839,-0.5981731414794922,1.3106541633605957
1749219805784159700,23.25515966796875,-0.053589191287755966,-0.7642249464988708,1.4086567163467407
1749219805794150700,23.265150634765625,-0.08182695508003235,-1.0117990970611572,1.5222927331924438
1749219805804140800,23.275140869140625,-0.12059618532657623,-1.275581955909729,1.6607246398925781
1749219805814131700,23.285131591796876,-0.19397878646850586,-1.4865573644638062,1.820786714553833
1749219805824122600,23.29512255859375,-0.28389668464660645,-1.6571935415267944,2.0380756855010986
1749219805834113500,23.305113525390624,-0.3900044858455658,-1.8102747201919556,2.299844980239868
1749219805844104700,23.315104736328124,-0.4808158874511719,-1.9969191551208496,2.566373348236084
1749219805854095600,23.325095703125,-0.5236392617225647,-2.2728967666625977,2.8440964221954346
1749219805864086500,23.33508642578125,-0.5027502179145813,-2.680053234100342,3.064091682434082
1749219805874077700,23.34507763671875,-0.5434848666191101,-3.2808635234832764,3.18342924118042
1749219805884067800,23.35506787109375,-0.6767265200614929,-3.7183027267456055,3.350584030151367
1749219805894058800,23.365058837890626,-0.8977380394935608,-3.699594020843506,3.46359920501709
1749219805904049700,23.375049560546874,-1.180674433708191,-3.39005446434021,3.5933172702789307
1749219805914040800,23.385040771484373,-1.5519275665283203,-2.742602825164795,3.950568914413452
1749219805924031700,23.39503173828125,-1.789326786994934,-1.9228405952453613,3.9660377502441406
1749219805934022700,23.405022705078125,-1.5391260385513306,-1.219322919845581,3.5643510818481445
1749219805944013600,23.415013671875,-1.1600972414016724,-0.3790578246116638,3.036817789077759
1749219805954003700,23.425003662109376,-0.980958878993988,0.6773862242698669,2.4223060607910156
1749219805963994600,23.43499462890625,-0.9146125912666321,1.0781805515289307,1.8024977445602417
1749219805973985800,23.44498583984375,-0.7697147727012634,0.38315990567207336,1.0969445705413818
1749219805983976700,23.454976806640627,-0.4519842267036438,-0.5852062106132507,0.5276867151260376
1749219805993967900,23.4649677734375,-0.1852116733789444,-1.2431265115737915,0.037766288965940475
1749219806003958800,23.474958740234374,-0.08060749620199203,-1.5074790716171265,-0.43265074491500854
1749219806013949700,23.48494970703125,0.12005583196878433,-1.505715012550354,-0.9358494281768799
1749219806023939600,23.494939697265625,0.48061853647232056,-1.1664597988128662,-1.389305830001831
1749219806033930800,23.5049306640625,0.8251546025276184,-0.5067071318626404,-1.7645606994628906
1749219806043921700,23.514921630859376,1.0158406496047974,0.2792276442050934,-2.121886968612671
1749219806053912600,23.52491259765625,1.1000162363052368,1.063225269317627,-2.6381216049194336
1749219806063903700,23.53490380859375,1.124714732170105,1.7336102724075317,-3.075200319290161
1749219806073894700,23.544894775390624,1.1387394666671753,2.2557826042175293,-3.4252126216888428
1749219806083885600,23.554885498046875,1.187410593032837,2.5875816345214844,-3.8046436309814453
1749219806093876500,23.56487646484375,1.2082064151763916,2.750321865081787,-4.172314167022705
1749219806103866600,23.57486669921875,1.1542315483093262,2.81915283203125,-4.524665355682373
1749219806113857800,23.58485791015625,1.0354580879211426,2.805553913116455,-4.801623821258545
1749219806123848700,23.5948486328125,0.9109049439430237,2.6664366722106934,-5.020606517791748
1749219806133839600,23.604839599609374,0.7982601523399353,2.2625701427459717,-5.200976848602295
1749219806143830800,23.614830810546874,0.6788373589515686,1.6614599227905273,-5.3760786056518555
1749219806153821700,23.62482177734375,0.5642822980880737,1.0667115449905396,-5.532558441162109
1749219806163812600,23.6348125,0.4821099042892456,0.5794836282730103,-5.682825088500977
1749219806173803800,23.6448037109375,0.4866836369037628,0.17424210906028748,-5.8428144454956055
1749219806183793700,23.654793701171876,0.5027174353599548,-0.03744617477059364,-5.928049564361572
1749219806193784800,23.664784912109376,0.49866387248039246,0.1173228994011879,-5.858691215515137
1749219806203775700,23.674775634765624,0.5032450556755066,0.8140239715576172,-5.70629358291626
1749219806213766700,23.6847666015625,0.5410462021827698,2.091273784637451,-5.364686489105225
1749219806223757800,23.6947578125,0.5214365720748901,3.715109348297119,-5.03272819519043
1749219806233748700,23.704748779296875,0.44826459884643555,5.026126384735107,-4.604244232177734
1749219806243739600,23.71473974609375,0.4065626859664917,5.531877517700195,-4.0284318923950195
1749219806253729500,23.7247294921875,0.38457855582237244,5.391375541687012,-3.430145502090454
1749219806263720700,23.734720703125,0.3174474537372589,4.861749649047852,-2.7579355239868164
1749219806273711600,23.744711669921877,0.12914173305034637,4.209920883178711,-2.000358819961548
1749219806283702500,23.75470263671875,-0.05095825716853142,3.4716384410858154,-1.159409523010254
1749219806293693700,23.764693603515624,-0.15238048136234283,2.669823408126831,-0.40716031193733215
1749219806303684600,23.7746845703125,-0.24964125454425812,2.0210795402526855,0.3602580428123474
1749219806313675500,23.784675537109376,-0.35787343978881836,1.5574027299880981,1.057568907737732
1749219806323665700,23.794665771484375,-0.3800903558731079,1.1969527006149292,1.6674978733062744
1749219806333656800,23.80465673828125,-0.33100003004074097,0.965719997882843,2.0868117809295654
1749219806343647700,23.814647705078126,-0.2653392553329468,0.8104183077812195,2.249356985092163
1749219806353638700,23.824638671875,-0.16326110064983368,0.4126807749271393,2.2048206329345703
1749219806363629600,23.834629638671874,0.113693006336689,-0.3036760091781616,1.7931602001190186
1749219806373620700,23.844620849609374,0.5545905232429504,-1.0029221773147583,1.1920716762542725
1749219806383611600,23.854611572265625,1.1922016143798828,-1.5129998922348022,0.6763923168182373
1749219806393602600,23.8646025390625,1.22580087184906,-1.2961455583572388,1.4346081018447876
1749219806403592700,23.8745927734375,0.5683848857879639,-0.22384481132030487,1.9751442670822144
1749219806413584000,23.884583984375,0.21359430253505707,0.968270480632782,1.3854984045028687
1749219806423574800,23.89457470703125,0.27185946702957153,1.5275806188583374,1.550985336303711
1749219806433565700,23.904565673828124,0.4949980080127716,1.1737046241760254,1.2507426738739014
1749219806443556900,23.914556884765624,0.8366669416427612,0.5704749226570129,1.0789930820465088
1749219806453547800,23.9245478515625,0.9300136566162109,0.16875199973583221,1.0061694383621216
1749219806463538700,23.93453857421875,0.7244735360145569,0.01203775405883789,0.9988784790039062
1749219806473528600,23.944528564453126,0.6187516450881958,-0.24330106377601624,0.9703165888786316
1749219806483519700,23.954519775390626,0.6011667847633362,-0.46058759093284607,0.9179785847663879
1749219806493510700,23.9645107421875,0.48808392882347107,-0.3766716420650482,0.8624005317687988
1749219806503501600,23.97450146484375,0.32674670219421387,-0.10872940719127655,0.7546865940093994
1749219806513492500,23.984492431640625,0.2670295536518097,0.1290234923362732,0.701883852481842
1749219806523483600,23.994483642578125,0.2876368463039398,0.2202008068561554,0.6519050598144531
1749219806533474600,24.004474609375,0.21904367208480835,0.25308579206466675,0.5899090766906738
1749219806543465700,24.0144658203125,0.11990296840667725,0.2738073170185089,0.5244360566139221
1749219806553455600,24.02445556640625,0.10880477726459503,0.2412424385547638,0.4359879493713379
1749219806563446800,24.03444677734375,0.14179734885692596,0.15024515986442566,0.35996830463409424
1749219806573437700,24.044437744140627,0.1657724529504776,-0.02568618766963482,0.2996426522731781
1749219806583428600,24.0544287109375,0.1865999698638916,-0.25517210364341736,0.24255084991455078
1749219806593419800,24.064419677734374,0.1978883147239685,-0.4065914452075958,0.1897004246711731
1749219806603410700,24.07441064453125,0.21226432919502258,-0.45198822021484375,0.14156165719032288
1749219806613401600,24.084401611328126,0.22333668172359467,-0.3971785008907318,0.1059381514787674
1749219806623391700,24.094391845703125,0.2213241308927536,-0.28181037306785583,0.08031774312257767
1749219806633383000,24.1043828125,0.2097737342119217,-0.20051099359989166,0.06311638653278351
1749219806643373800,24.114373779296876,0.20671269297599792,-0.16567684710025787,0.04819149896502495
1749219806653364700,24.12436474609375,0.20536886155605316,-0.11876899749040604,0.03503361716866493
1749219806663355600,24.134355712890624,0.20318613946437836,-0.09795638918876648,0.019089005887508392
1749219806673346800,24.144346923828124,0.19964919984340668,-0.05819699540734291,0.005614209920167923
1749219806683337700,24.154337646484375,0.18535548448562622,0.012474512681365013,-0.01426389068365097
1749219806693327600,24.16432763671875,0.1633836030960083,0.08497321605682373,-0.04363349825143814
1749219806703318500,24.174318603515626,0.13497726619243622,0.17055734992027283,-0.07406916469335556
1749219806713309700,24.184309814453126,0.11368288844823837,0.24595491588115692,-0.09452410787343979
1749219806723300600,24.194300537109374,0.1150304451584816,0.2741346061229706,-0.1324603110551834
1749219806733291500,24.20429150390625,0.12794411182403564,0.3067689836025238,-0.14722806215286255
1749219806743282700,24.21428271484375,0.14804592728614807,0.274583637714386,-0.13977867364883423
1749219806753273600,24.224273681640625,0.1609199047088623,0.17648261785507202,-0.1075296550989151
1749219806763264800,24.2342646484375,0.15737737715244293,0.0710720494389534,-0.048103611916303635
1749219806773255000,24.2442548828125,0.15107207000255585,-0.05263657867908478,0.020906614139676094
1749219806783245800,24.254245849609376,0.1418711245059967,-0.13595277070999146,0.1017300933599472
1749219806793236700,24.26423681640625,0.1147947609424591,-0.11625257134437561,0.19678522646427155
1749219806803228000,24.274227783203123,0.06953886151313782,-0.018817896023392677,0.3082409203052521
1749219806813218800,24.28421875,0.011724567040801048,0.08576390892267227,0.4312398135662079
1749219806823209700,24.294209716796875,-0.03927363455295563,0.16142617166042328,0.5610795617103577
1749219806833201000,24.304200927734374,-0.07553177326917648,0.18797895312309265,0.6702244281768799
1749219806843190800,24.314190673828126,-0.10881063342094421,0.16957464814186096,0.7568320035934448
1749219806853182000,24.324181884765625,-0.12829725444316864,0.13787584006786346,0.8490607738494873
1749219806863172900,24.3341728515625,-0.1624877154827118,0.06475742161273956,0.934796154499054
1749219806873163800,24.344163818359377,-0.18802130222320557,-0.06434809416532516,1.0208789110183716
1749219806883155000,24.354155029296876,-0.1868327260017395,-0.19329436123371124,1.1133251190185547
1749219806893145900,24.364145751953124,-0.20330119132995605,-0.2659187614917755,1.219028115272522
1749219806903136800,24.37413671875,-0.2414078265428543,-0.30428585410118103,1.3353934288024902
1749219806913126700,24.384126708984375,-0.2843169569969177,-0.3381844460964203,1.4479042291641235
1749219806923117800,24.394117919921875,-0.33059096336364746,-0.3245181739330292,1.5844756364822388
1749219806933108700,24.404108642578127,-0.420509934425354,-0.2641932964324951,1.7371070384979248
1749219806943099600,24.414099609375,-0.5572555065155029,-0.23551131784915924,1.8349800109863281
1749219806953090800,24.4240908203125,-0.690842866897583,-0.23186412453651428,1.9622259140014648
1749219806963081700,24.434081787109374,-0.7388498187065125,-0.30465203523635864,2.0617871284484863
1749219806973072600,24.44407275390625,-0.7063091993331909,-0.48561516404151917,2.0840086936950684
1749219806983062800,24.454062744140625,-0.6931944489479065,-0.6416133046150208,2.1465952396392822
1749219806993054000,24.464053955078125,-0.747104823589325,-0.7651650309562683,2.3951947689056396
1749219807003044900,24.474044921875,-0.8094254732131958,-0.8853937387466431,2.5929365158081055
1749219807013035800,24.484035888671876,-0.878459095954895,-0.848336398601532,2.746533155441284
1749219807023026700,24.494026611328124,-0.9844388365745544,-0.5408680438995361,2.8392374515533447
1749219807033017900,24.504017822265624,-1.1105892658233643,0.06510789692401886,2.822664976119995
1749219807043008800,24.5140087890625,-1.1920125484466553,0.7724738121032715,2.731140613555908
1749219807052999700,24.523999755859375,-1.2418330907821655,1.5358860492706299,2.524061679840088
1749219807062989800,24.53398974609375,-1.3124632835388184,2.379530668258667,2.0247318744659424
1749219807072981000,24.54398095703125,-1.4062526226043701,3.0115180015563965,1.470593810081482
1749219807082972000,24.553971923828126,-1.3930736780166626,3.1840720176696777,0.9977309107780457
1749219807092962800,24.563962890625,-1.3259748220443726,3.045342206954956,0.48405537009239197
1749219807102954000,24.5739541015625,-1.2781554460525513,2.760725975036621,0.018976621329784393
1749219807112945000,24.58394482421875,-1.3349782228469849,2.605836868286133,-0.5408648252487183
1749219807122935800,24.593935791015625,-1.4257999658584595,2.505617618560791,-1.0516653060913086
1749219807132925700,24.60392578125,-1.514440655708313,2.429063320159912,-1.5299413204193115
1749219807142916900,24.613916748046876,-1.571364402770996,2.3645029067993164,-1.9606053829193115
1749219807152907800,24.62390771484375,-1.6084874868392944,2.2889935970306396,-2.3618853092193604
1749219807162898700,24.633898681640623,-1.6295573711395264,2.28311824798584,-2.6945555210113525
1749219807172889600,24.6438896484375,-1.659415364265442,2.409698724746704,-2.984919309616089
1749219807182880800,24.653880859375,-1.6831638813018799,2.6386489868164062,-3.241966724395752
1749219807192872000,24.663871826171874,-1.7049237489700317,2.9511971473693848,-3.41030216217041
1749219807202861800,24.67386181640625,-1.7048028707504272,3.334038019180298,-3.558438301086426
1749219807212852700,24.683852783203125,-1.6396232843399048,3.7683322429656982,-3.647275686264038
1749219807222844000,24.693843994140625,-1.5295617580413818,4.230090141296387,-3.657606601715088
1749219807232834800,24.703834716796877,-1.3735761642456055,4.723939418792725,-3.6477913856506348
1749219807242825700,24.71382568359375,-1.1612460613250732,5.278079509735107,-3.5941050052642822
1749219807252817000,24.72381689453125,-0.9104492664337158,5.796764373779297,-3.4890425205230713
1749219807262807800,24.733807861328124,-0.6430407762527466,6.142989158630371,-3.349273443222046
1749219807272797700,24.743797607421875,-0.3627699315547943,6.209576606750488,-3.173704147338867
1749219807282788900,24.753788818359375,-0.07736509293317795,5.979470729827881,-2.961275100708008
1749219807292780000,24.763780029296875,0.2359454184770584,5.448477268218994,-2.796726703643799
1749219807302771000,24.77377099609375,0.5172373056411743,4.663363933563232,-2.6409144401550293
1749219807312761900,24.783761962890626,0.6865690350532532,3.6786580085754395,-2.467440605163574
1749219807322752800,24.793752685546874,0.7357118129730225,2.299240827560425,-2.489898681640625
1749219807332744000,24.803743896484374,0.615379810333252,0.6743041276931763,-2.5803956985473633
1749219807342734800,24.81373486328125,0.3807063400745392,-0.8254598379135132,-2.6294822692871094
1749219807352724700,24.823724853515625,0.22279952466487885,-1.8392852544784546,-2.5285112857818604
1749219807362715600,24.833715576171876,0.15738296508789062,-2.2458393573760986,-2.2795026302337646
1749219807372706800,24.843706787109376,0.12523594498634338,-2.150660753250122,-1.962533950805664
1749219807382697700,24.85369775390625,0.14727626740932465,-1.7690417766571045,-1.7755720615386963
1749219807392688600,24.863688720703124,0.10127495229244232,-0.8049708008766174,-1.3040964603424072
1749219807402679800,24.8736796875,-0.06320533156394958,0.776006281375885,-0.9402870535850525
1749219807412671000,24.8836708984375,-0.1433797925710678,1.7407448291778564,-0.6116631031036377
1749219807422660900,24.893660888671874,-0.12047874182462692,1.8469098806381226,-0.36349910497665405
1749219807432651800,24.90365185546875,0.015016766265034676,1.2457958459854126,-0.22500088810920715
1749219807442643000,24.913642822265626,0.24873018264770508,0.6341844201087952,-0.14906857907772064
1749219807452633900,24.9236337890625,0.41118913888931274,0.5171182155609131,-0.08681692183017731
1749219807462624800,24.933624755859373,0.423166960477829,0.7814955711364746,-0.03272279351949692
1749219807472615700,24.94361572265625,0.3268068730831146,1.0897247791290283,0.0757426992058754
1749219807482606800,24.95360693359375,0.3829503059387207,0.6508179903030396,-0.15324494242668152
1749219807492597000,24.963596923828124,0.3008809983730316,-0.10783485323190689,0.17702165246009827
1749219807502588000,24.973587890625,0.2957639992237091,0.5123607516288757,-0.03676041215658188
1749219807512578800,24.983578857421875,0.742023766040802,0.9683567881584167,0.5353838205337524
1749219807522570000,24.993570068359375,0.5847800970077515,0.7207978367805481,0.7905673384666443
1749219807532561000,25.003560791015627,0.2213430404663086,0.02491174079477787,0.4024835228919983
1749219807542551800,25.0135517578125,0.32048001885414124,0.22280564904212952,0.36173370480537415
1749219807552543000,25.02354296875,0.7298278212547302,0.5182455778121948,0.14817188680171967
1749219807562532900,25.033532958984374,0.8323230743408203,0.029167206957936287,0.15006539225578308
1749219807572523800,25.043523681640625,0.5597115159034729,-0.8275333642959595,0.09507591277360916
1749219807582514700,25.0535146484375,0.4954480826854706,-1.4514515399932861,0.037033651024103165
1749219807592505900,25.063505859375,0.636282205581665,-1.287892460823059,-0.0701356753706932
1749219807602496800,25.073496826171876,0.711378812789917,-0.8419274687767029,-0.14699184894561768
1749219807612487700,25.08348779296875,0.5778143405914307,-0.6314719915390015,-0.1681748926639557
1749219807622478800,25.093478759765624,0.38008394837379456,-0.5526086091995239,-0.1684047281742096
1749219807632468700,25.10346875,0.3461206555366516,-0.42210063338279724,-0.1449553221464157
1749219807642460000,25.1134599609375,0.4025293290615082,-0.31546953320503235,-0.1805490106344223
1749219807652450800,25.123450927734375,0.38295483589172363,-0.45771482586860657,-0.20250943303108215
1749219807662441700,25.133441650390626,0.3295627236366272,-0.6854156255722046,-0.16868728399276733
1749219807672433000,25.143432861328126,0.23024412989616394,-0.6634751558303833,-0.16616660356521606
1749219807682423800,25.153423828125,0.17153207957744598,-0.4350643754005432,-0.16250289976596832
1749219807692414700,25.163414794921874,0.18807590007781982,-0.2199816256761551,-0.1549227386713028
1749219807702406000,25.173406005859373,0.20795053243637085,-0.116932213306427,-0.14331933856010437
1749219807712396000,25.18339599609375,0.19472260773181915,-0.03262026235461235,-0.12981285154819489
1749219807722387000,25.193386962890624,0.15369555354118347,0.13635091483592987,-0.08963214606046677
1749219807732377900,25.2033779296875,0.11818469315767288,0.25619634985923767,-0.024927454069256783
1749219807742369000,25.213369140625,0.05071084946393967,0.3644293546676636,-0.0031822111923247576
1749219807752360000,25.22335986328125,0.00341523764654994,0.41391435265541077,0.00004713794987765141
1749219807762350800,25.233350830078123,0.0205106008797884,0.23473234474658966,0.011354653164744377
1749219807772341800,25.243341796875,0.022372417151927948,-0.07214157283306122,0.005938849411904812
1749219807782331600,25.25333154296875,-0.016991233453154564,-0.2822687029838562,-0.0037087181117385626
1749219807792322800,25.26332275390625,-0.03945712745189667,-0.34480398893356323,-0.014151505194604397
1749219807802313700,25.273313720703126,-0.04682556167244911,-0.3101959526538849,-0.0185859352350235
1749219807812304600,25.2833046875,-0.05257532745599747,-0.25889280438423157,-0.028174113482236862
1749219807822295800,25.2932958984375,-0.05552877113223076,-0.17978253960609436,-0.042216960340738297
1749219807832286700,25.30328662109375,-0.06666398048400879,-0.04152587056159973,-0.0622311495244503
1749219807842278000,25.31327783203125,-0.0686538964509964,0.10506516695022583,-0.06925417482852936
1749219807852267800,25.323267822265624,-0.06956735998392105,0.18992812931537628,-0.07041370868682861
1749219807862259000,25.333259033203124,-0.0709301009774208,0.20931966602802277,-0.07549715787172318
1749219807872249900,25.343249755859375,-0.08351033926010132,0.1784522980451584,-0.08246984332799911
1749219807882240800,25.35324072265625,-0.09911885857582092,0.10504785925149918,-0.09509029984474182
1749219807892231700,25.363231689453126,-0.10213302820920944,0.03623257204890251,-0.11714686453342438
1749219807902222800,25.373222900390626,-0.101251520216465,0.016862070187926292,-0.13843217492103577
1749219807912213800,25.3832138671875,-0.11286849528551102,0.041310954838991165,-0.1619550734758377
1749219807922204000,25.393203857421874,-0.1287958025932312,0.07643990963697433,-0.17850369215011597
1749219807932194800,25.40319482421875,-0.14396436512470245,0.10411388427019119,-0.19767285883426666
1749219807942186000,25.41318603515625,-0.16363047063350677,0.129913792014122,-0.2076333463191986
1749219807952177000,25.423177001953125,-0.18326516449451447,0.1522609144449234,-0.2074035257101059
1749219807962167800,25.433167724609376,-0.20049181580543518,0.14913462102413177,-0.1994108408689499
1749219807972159000,25.443158935546876,-0.2092677354812622,0.19058166444301605,-0.1817048192024231
1749219807982150000,25.45314990234375,-0.23364631831645966,0.2843552827835083,-0.15292297303676605
1749219807992139800,25.463139892578123,-0.2541792690753937,0.34423166513442993,-0.12690627574920654
1749219808002130700,25.473130615234375,-0.27652081847190857,0.39669620990753174,-0.10688730329275131
1749219808012121900,25.483121826171875,-0.3033614754676819,0.4607953131198883,-0.09965149313211441
1749219808022112800,25.49311279296875,-0.3297683298587799,0.5414534211158752,-0.11082052439451218
1749219808032103700,25.503103759765626,-0.3671734929084778,0.6841618418693542,-0.16819140315055847
1749219808042094600,25.513094482421874,-0.39772552251815796,0.8471741676330566,-0.15105769038200378
1749219808052085800,25.523085693359373,-0.4135894477367401,0.8672405481338501,-0.08186929672956467
1749219808062076000,25.533075927734377,-0.4106203019618988,0.755170464515686,-0.0029089709278196096
1749219808072066800,25.54306689453125,-0.38732269406318665,0.5004820227622986,0.04332084208726883
1749219808082057700,25.5530576171875,-0.3777182698249817,0.31620538234710693,0.03730982169508934
1749219808092049000,25.563048828125,-0.37035807967185974,0.19871176779270172,0.0323914960026741
1749219808102039800,25.573039794921876,-0.32057374715805054,0.0001448759576305747,0.050762247294187546
1749219808112030700,25.58303076171875,-0.265768826007843,-0.1665239930152893,0.046659380197525024
1749219808122022000,25.59302197265625,-0.2286350429058075,-0.20861366391181946,0.05482383444905281
1749219808132011800,25.60301171875,-0.21581032872200012,-0.11576814204454422,0.10190319269895554
1749219808142003000,25.6130029296875,-0.23459120094776154,0.028246551752090454,0.1028137281537056
1749219808151993900,25.622993896484374,-0.24777358770370483,0.14727146923542023,0.16175827383995056
1749219808161985000,25.632985107421874,-0.25849440693855286,0.2084709107875824,0.20932552218437195
1749219808171976000,25.642975830078125,-0.2626001834869385,0.24903298914432526,0.23694144189357758
1749219808181966800,25.652966796875,-0.25285330414772034,0.2727583050727844,0.2635759711265564
1749219808191957800,25.662957763671876,-0.22942014038562775,0.26920804381370544,0.24575278162956238
1749219808201948000,25.672947998046876,-0.20166628062725067,0.22441072762012482,0.2440318465232849
1749219808211938800,25.682938720703124,-0.1758919358253479,0.19897621870040894,0.21635760366916656
1749219808221929700,25.6929296875,-0.13795627653598785,0.21114127337932587,0.21267151832580566
1749219808231920600,25.702920654296875,-0.09093336760997772,0.27825719118118286,0.2163570672273636
1749219808241911800,25.712911865234375,-0.050758786499500275,0.42376139760017395,0.1867043673992157
1749219808251902700,25.72290283203125,-0.023801470175385475,0.6475854516029358,0.1844468116760254
1749219808261893600,25.7328935546875,-0.012462794780731201,0.8901024460792542,0.19443020224571228
1749219808271883800,25.7428837890625,-0.015024223364889622,1.1065431833267212,0.1735861748456955
1749219808281875000,25.752875,-0.009315204806625843,1.2517554759979248,0.13880474865436554
1749219808291865900,25.762865966796873,-0.013598899357020855,1.2763577699661255,0.11054994910955429
1749219808301856800,25.772856689453125,-0.030521690845489502,1.169710636138916,0.07644204050302505
1749219808311848000,25.782847900390625,-0.026435336098074913,0.9896037578582764,0.04662023112177849
1749219808321838800,25.7928388671875,0.0009068063227459788,0.7500028610229492,0.014278803952038288
1749219808331829800,25.802829833984376,0.0073652383871376514,0.49004268646240234,-0.0549953430891037
1749219808341819600,25.812819580078123,-0.017245832830667496,0.34850284457206726,-0.10358977317810059
1749219808351810800,25.822810791015623,-0.05957970768213272,0.3207141160964966,-0.13592854142189026
1749219808361802000,25.832802001953127,-0.0569160133600235,0.2891013026237488,-0.17974260449409485
1749219808371793000,25.84279296875,-0.005642705596983433,0.20796145498752594,-0.20571401715278625
1749219808381783800,25.85278369140625,0.03766641765832901,0.14328844845294952,-0.20313261449337006
1749219808391775000,25.86277490234375,0.024988707154989243,0.06499071419239044,-0.1860063523054123
1749219808401766000,25.872765869140625,0.006910370197147131,-0.1663690060377121,-0.13918106257915497
1749219808411755800,25.882755859375,0.0019374496769160032,-0.3728465437889099,-0.12573742866516113
1749219808421746700,25.89274658203125,0.004470914602279663,-0.4155593812465668,-0.04122919589281082
1749219808431737900,25.90273779296875,-0.0007946872501634061,-0.5102917551994324,0.019625365734100342
1749219808441728800,25.912728759765624,-0.02117878757417202,-0.555902898311615,0.011351724155247211
1749219808451719700,25.9227197265625,-0.0542222261428833,-0.4333817958831787,0.04285825043916702
1749219808461710800,25.9327109375,-0.062187206000089645,-0.23781362175941467,0.05758180469274521
1749219808471701800,25.94270166015625,-0.0427972637116909,-0.02106800116598606,0.07038068771362305
1749219808481692000,25.95269189453125,-0.029413016512989998,0.13809208571910858,0.08863799273967743
1749219808491682800,25.962682861328126,-0.03598809614777565,0.18614590167999268,0.10007520020008087
1749219808501674000,25.972674072265626,-0.042514171451330185,0.1774996817111969,0.09734439849853516
1749219808511665000,25.982664794921874,-0.03873567655682564,0.1253315508365631,0.08934079855680466
1749219808521655800,25.99265576171875,-0.03250814229249954,0.04447691887617111,0.08571703732013702
1749219808531646700,26.002646728515625,-0.026386333629488945,-0.030495591461658478,0.07649717479944229
1749219808541638000,26.012637939453125,-0.02792643941938877,-0.08396520465612411,0.06279680877923965
1749219808551627800,26.022627685546876,-0.03191292658448219,-0.12018685787916183,0.045589055866003036
1749219808561618700,26.03261865234375,-0.029385052621364594,-0.12772813439369202,0.03942729905247688
1749219808571609900,26.04260986328125,-0.03244476020336151,-0.11871519684791565,0.036493029445409775
1749219808581601000,26.05260107421875,-0.036868803203105927,-0.10878986120223999,0.03557237610220909
1749219808591592000,26.062592041015623,-0.018743060529232025,-0.09208012372255325,0.032345954328775406
1749219808601582800,26.072582763671875,-0.01926583983004093,-0.07412322610616684,0.022877885028719902
1749219808611574000,26.082573974609375,-0.029990656301379204,-0.046491868793964386,0.014255634509027004
1749219808621564000,26.09256396484375,-0.02484223246574402,-0.023913854733109474,0.010084858164191246
1749219808631554800,26.102554931640626,-0.022292256355285645,-0.012614062055945396,0.008331432938575745
1749219808641545700,26.112545654296873,-0.026125876232981682,-0.024155935272574425,0.004453337751328945
1749219808651536600,26.12253662109375,-0.02875734493136406,-0.0608215406537056,0.0004346278728917241
1749219808661527800,26.13252783203125,-0.026556510478258133,-0.08482833951711655,0.0001001348573481664
1749219808671518700,26.142518798828124,-0.026149312034249306,-0.0956660732626915,-0.0017963021527975798
1749219808681509600,26.152509521484376,-0.02586808241903782,-0.09587299823760986,-0.00008735168376006186
1749219808691499800,26.162499755859375,-0.02666463330388069,-0.08614926785230637,-0.003537743119522929
1749219808701491000,26.172490966796875,-0.02696637064218521,-0.07413680851459503,-0.0011736550368368626
1749219808711481900,26.18248193359375,-0.031499870121479034,-0.05849819630384445,0.0038575888611376286
1749219808721472800,26.19247265625,-0.03328179195523262,-0.04332643374800682,0.004911668132990599
1749219808731464000,26.2024638671875,-0.032100144773721695,-0.020773988217115402,0.011057178489863873
1749219808741454800,26.212454833984374,-0.02249891683459282,0.0024019049014896154,0.009407882578670979
1749219808751445800,26.22244580078125,-0.01973668672144413,0.017490843310952187,0.010761301033198833
1749219808761437400,26.2324375,-0.02219345234334469,0.0023092268966138363,0.01161724142730236
1749219808771428400,26.242428466796873,-0.02510135807096958,-0.015782158821821213,0.013652695342898369
1749219808781419300,26.252419189453125,-0.023737553507089615,-0.012528575025498867,0.020206468179821968
1749219808791410400,26.262410400390625,-0.021319935098290443,0.0034562505315989256,0.020749753341078758
1749219808801401300,26.2724013671875,-0.020208066329360008,0.0036852823104709387,0.02093963697552681
1749219808811392300,26.282392333984376,-0.019693011417984962,0.005462143570184708,0.020621122792363167
1749219808821383400,26.292383544921876,-0.014096643775701523,0.015157381072640419,0.014162690378725529
1749219808831373600,26.30237353515625,-0.00663606496527791,0.010963968001306057,0.0070312777534127235
1749219808841364500,26.312364501953127,-0.006952448282390833,-0.009979130700230598,0.0021110877860337496
1749219808851355400,26.32235546875,-0.009945308789610863,-0.03750370070338249,-0.0002537992550060153
1749219808861346300,26.33234619140625,-0.009584716521203518,-0.06946908682584763,-0.007479754276573658
1749219808871337500,26.34233740234375,-0.005426723510026932,-0.0852067768573761,-0.013790912926197052
1749219808881328400,26.352328369140626,-0.00021518341964110732,-0.08669787645339966,-0.023449931293725967
1749219808891318300,26.362318359375,0.004227235447615385,-0.0856161043047905,-0.03020530566573143
1749219808901309200,26.37230908203125,-0.0024626250378787518,-0.09252221137285233,-0.03826216608285904
1749219808911300400,26.38230029296875,-0.002418416552245617,-0.1064087301492691,-0.042697660624980927
1749219808921291300,26.392291259765624,0.007148456759750843,-0.12372273951768875,-0.039928507059812546
1749219808931282200,26.4022822265625,0.005527923349291086,-0.12698803842067719,-0.03845125064253807
1749219808941273300,26.4122734375,-0.0038101845420897007,-0.12427721172571182,-0.035050127655267715
1749219808951264300,26.42226416015625,0.0023124227300286293,-0.1121334657073021,-0.03092409297823906
1749219808961254400,26.43225439453125,-0.005688778590410948,-0.07710570096969604,-0.026150643825531006
1749219808971245300,26.442245361328126,0.03711114823818207,-0.10045230388641357,-0.02851100265979767
1749219808981236500,26.452236572265626,0.042208172380924225,0.1388241946697235,0.01435417216271162
1749219808991227400,26.462227294921874,0.02155056595802307,0.042993538081645966,0.01642983965575695
1749219809001218300,26.47221826171875,0.024535169824957848,0.02431492693722248,0.025228923186659813
1749219809011209200,26.482209228515625,0.01333098579198122,0.0702483281493187,0.04356611892580986
1749219809021200400,26.492200439453125,-0.004834169987589121,0.05193084105849266,0.05149301886558533
1749219809031190300,26.502190185546876,-0.025606026872992516,0.042209770530462265,0.060442570596933365
1749219809041181400,26.512181396484376,-0.008238488808274269,0.025726934894919395,0.06072912737727165
1749219809051172400,26.52217236328125,0.03954873979091644,-0.007059241179376841,0.06083911657333374
1749219809061163500,26.53216357421875,0.04675126075744629,-0.039080023765563965,0.06070595607161522
1749219809071154400,26.542154541015623,0.025202292948961258,-0.14374305307865143,0.04860668256878853
1749219809081145300,26.552145263671875,-0.014160560443997383,-0.2997443675994873,0.031248467043042183
1749219809091136500,26.562136474609375,-0.0811941847205162,-0.3897397816181183,0.015172827988862991
1749219809101126400,26.57212646484375,-0.014482802711427212,-0.42358189821243286,0.021037107333540916
1749219809111117300,26.582117431640626,0.07144595682621002,-0.3492642641067505,0.04331578314304352
1749219809121108200,26.592108154296874,0.04110961779952049,-0.3014296293258667,0.04454589635133743
1749219809131099400,26.602099365234373,0.015468171797692776,-0.2140292078256607,0.05764678493142128
1749219809141090300,26.61209033203125,-0.018969696015119553,-0.10344783216714859,0.08586723357439041
1749219809151081200,26.622081298828125,-0.006314354948699474,0.014488395303487778,0.10930438339710236
1749219809161072000,26.632072021484376,0.02233220264315605,0.07087976485490799,0.12936943769454956
1749219809171062500,26.6420625,0.015900935977697372,0.020179037004709244,0.12107954919338226
1749219809181053400,26.652053466796875,0.013823936693370342,-0.07807722687721252,0.11341684311628342
1749219809191044400,26.66204443359375,-0.012677446007728577,-0.14107882976531982,0.10826814919710159
1749219809201035300,26.67203515625,-0.019473565742373466,-0.18591101467609406,0.10305554419755936
1749219809211026400,26.6820263671875,-0.02123205177485943,-0.220061257481575,0.09337761998176575
1749219809221017300,26.692017333984374,-0.056225188076496124,-0.27864253520965576,0.11270710825920105
1749219809231008300,26.70200830078125,-0.0949518084526062,-0.2704770267009735,0.08018937706947327
1749219809240998100,26.711998046875,-0.07248938083648682,-0.2375422567129135,0.08325733989477158
1749219809250989300,26.7219892578125,-0.005390770733356476,-0.13293887674808502,0.0769118219614029
1749219809260980500,26.73198046875,0.034277547150850296,-0.08746140450239182,0.06401520222425461
1749219809270971400,26.741971435546876,0.017967015504837036,-0.07502763718366623,0.06866534799337387
1749219809280962600,26.751962646484376,-0.02052631415426731,-0.08670426905155182,0.08814769983291626
1749219809290953500,26.761953369140624,-0.07755551487207413,-0.12327586114406586,0.07573337852954865
1749219809300943400,26.771943359375,-0.08853119611740112,-0.17830049991607666,0.06896628439426422
1749219809310934300,26.781934326171875,-0.060624197125434875,-0.2739250361919403,0.08664647489786148
1749219809320925400,26.791925537109375,-0.061945393681526184,-0.3079354465007782,0.06642775982618332
1749219809330916400,26.801916259765626,-0.09109742194414139,-0.37891483306884766,0.05817994847893715
1749219809340907300,26.8119072265625,-0.13560523092746735,-0.4491966962814331,0.06498326361179352
1749219809350898200,26.821898193359374,-0.13512586057186127,-0.2475259006023407,0.06408897042274475
1749219809360889300,26.831889404296874,-0.10332319140434265,-0.17245805263519287,0.08055263012647629
1749219809370879500,26.84187939453125,0.08173001557588577,0.057069145143032074,0.05955840274691582
1749219809380870400,26.851870361328125,0.2582073211669922,0.3593709468841553,0.03068414330482483
1749219809390861300,26.861861328125,0.16625554859638214,-0.04222548380494118,0.11375213414430618
1749219809400852500,26.8718525390625,-0.06508445739746094,-0.3039846420288086,0.07321535795927048
1749219809410843400,26.881843505859376,-0.13224245607852936,-0.584880530834198,0.05832669138908386
1749219809420834300,26.891834228515624,-0.09729219973087311,-0.6312142014503479,0.07061637938022614
1749219809430825500,26.901825439453123,-0.06782299280166626,-0.6152490377426147,0.08125544339418411
1749219809440815400,26.9118154296875,-0.11819082498550415,-0.5060794353485107,0.07258019596338272
1749219809450806300,26.92180615234375,-0.17187614738941193,-0.6770203113555908,0.13272662460803986
1749219809460797200,26.931797119140626,-0.20248226821422577,-0.396226704120636,0.10298310965299606
1749219809470788400,26.941788330078126,-0.3262082040309906,-0.3277895748615265,0.12931297719478607
1749219809480779500,26.951779541015625,-0.3993993401527405,-0.4686329960823059,0.10853792726993561
1749219809490770400,26.9617705078125,-0.7306049466133118,-0.49932432174682617,0.17875456809997559
1749219809500760300,26.97176025390625,-0.9959287643432617,-0.25567731261253357,0.18992306292057037
1749219809510751200,26.981751220703124,-1.1278172731399536,-0.5284537076950073,0.2020910531282425
1749219809520742400,26.991742431640624,-1.2154794931411743,-0.5470446944236755,0.18376797437667847
1749219809530733300,27.0017333984375,-1.0120254755020142,-0.5840631723403931,0.16457882523536682
1749219809540724200,27.01172412109375,-0.5699614882469177,-0.4151601791381836,0.14149880409240723
1749219809550715400,27.02171533203125,-0.03199015557765961,-0.27350929379463196,0.11267568171024323
1749219809560706300,27.031706298828126,0.11299792677164078,-0.18486252427101135,0.09832949936389923
1749219809570696400,27.041696533203126,0.03550313413143158,-0.33222508430480957,0.11385626345872879
1749219809580687400,27.051687255859374,-0.04132213816046715,-0.32792940735816956,0.13337616622447968
1749219809590678500,27.061678466796874,-0.15686790645122528,-0.3644868731498718,0.13339348137378693
1749219809600669400,27.07166943359375,-0.24187254905700684,-0.3920047879219055,0.1347128003835678
1749219809610660400,27.081660400390625,-0.3033777177333832,-0.5004947781562805,0.14993010461330414
1749219809620651300,27.0916513671875,-0.2524418234825134,-0.2306361347436905,0.16226613521575928
1749219809630642400,27.101642333984376,-0.23399944603443146,-0.3647273778915405,0.10801674425601959
1749219809640632300,27.11163232421875,-0.14108096063137054,-0.34794706106185913,0.11449754983186722
1749219809650623200,27.121623291015624,-0.11218619346618652,-0.3278050422668457,0.13437804579734802
1749219809660614100,27.1316142578125,0.011746138334274292,-0.26391154527664185,0.16193270683288574
1749219809670605300,27.141605224609375,0.08271858096122742,-0.22622594237327576,0.19256146252155304
1749219809680596200,27.15159619140625,0.24272608757019043,-0.23183642327785492,0.22904489934444427
1749219809690587400,27.16158740234375,0.42401304841041565,-0.16597405076026917,0.2616491913795471
1749219809700578600,27.17157861328125,0.6294916272163391,-0.1498001515865326,0.312847375869751
1749219809710568400,27.181568359375,0.7932539582252502,-0.12357466667890549,0.3458114564418793
1749219809720559400,27.191559326171873,0.7996506094932556,-0.2141711413860321,0.3669186234474182
1749219809730550300,27.20155029296875,1.0117098093032837,-0.4667067229747772,0.41150978207588196
1749219809740541400,27.21154150390625,1.3437026739120483,-0.3219529986381531,0.6016573309898376
1749219809750532400,27.221532470703124,1.7323436737060547,-0.7762355804443359,0.7420072555541992
1749219809760523000,27.23152294921875,2.270319700241089,-0.7983994483947754,0.9740176200866699
1749219809770513200,27.24151318359375,2.3689332008361816,-0.06099677458405495,1.155706763267517
1749219809780504000,27.251504150390623,2.3152127265930176,0.7582259178161621,1.0192524194717407
1749219809790495200,27.2614951171875,2.1006007194519043,1.6075156927108765,0.6118061542510986
1749219809800486100,27.271486083984374,1.6081386804580688,0.9891038537025452,0.243617981672287
1749219809810477000,27.28147705078125,1.0465365648269653,-1.1173481941223145,0.46082061529159546
1749219809820468200,27.29146826171875,0.46296870708465576,-0.9272242784500122,0.6285102963447571
1749219809830459100,27.301459228515625,0.13702896237373352,-1.0768662691116333,1.2024571895599365
1749219809840449000,27.311448974609377,0.03597318008542061,-1.0272070169448853,1.6011033058166504
1749219809850440000,27.32143994140625,0.061888135969638824,-1.0346248149871826,1.8926414251327515
1749219809860430800,27.331430908203124,0.32746946811676025,-0.9528100490570068,2.223996639251709
1749219809870422000,27.341422119140624,0.6911757588386536,-0.19014596939086914,2.377016544342041
1749219809880413000,27.351412841796876,0.9495575428009033,0.8014237284660339,1.8647123575210571
1749219809890404000,27.361404052734375,1.0197629928588867,0.5278651714324951,1.2017890214920044
1749219809900394000,27.37139404296875,1.0878509283065796,-0.009956493973731995,1.0277881622314453
1749219809910385200,27.38138525390625,1.196728229522705,0.31367403268814087,1.0254613161087036
1749219809920376000,27.3913759765625,1.2653250694274902,0.4882618188858032,1.0315672159194946
1749219809930367000,27.401366943359374,1.220276117324829,0.5684064626693726,1.0276004076004028
1749219809940358100,27.411358154296874,1.2283681631088257,0.6291446089744568,0.9016211628913879
1749219809950349000,27.42134912109375,1.2554482221603394,0.7478941679000854,0.6962376832962036
1749219809960340000,27.431340087890625,1.2739907503128052,0.9000639915466309,0.45245161652565
1749219809970330000,27.441330078125,1.228346586227417,0.878002405166626,0.16892164945602417
1749219809980321300,27.4513212890625,1.1332848072052002,0.7623642086982727,-0.11259259283542633
1749219809990312200,27.461312255859376,1.0509542226791382,0.7735753059387207,-0.3380153179168701
1749219810000303000,27.47130322265625,0.9927995204925537,0.8809521198272705,-0.5020013451576233
1749219810010294000,27.4812939453125,0.822184681892395,0.7813693284988403,-0.773624837398529
1749219810020285200,27.49128515625,0.7131103873252869,1.1309539079666138,-0.9268642067909241
1749219810030275000,27.501275146484375,0.6300455927848816,1.4934238195419312,-0.9489465951919556
1749219810040266000,27.511265869140626,0.589297890663147,1.1780322790145874,-0.9122903347015381
1749219810050257000,27.5212568359375,0.6135156154632568,0.9075815677642822,-1.0188943147659302
1749219810060248000,27.531248046875,0.7086402773857117,1.2456978559494019,-1.1564936637878418
1749219810070239000,27.541239013671873,0.7819783687591553,1.4892793893814087,-1.7624530792236328
1749219810080230000,27.55122998046875,0.2265298068523407,1.3127155303955078,-3.1266021728515625
1749219810090221000,27.561220947265625,0.5507832765579224,1.1356208324432373,-2.889697313308716
1749219810100211200,27.571211181640624,0.5326039791107178,1.653425693511963,-3.0532872676849365
1749219810110202000,27.5812021484375,0.3375293016433716,1.490907907485962,-2.939202070236206
1749219810120193000,27.591193115234375,0.26750442385673523,1.3611741065979004,-2.559803009033203
1749219810130184200,27.60118408203125,0.43306460976600647,1.4137537479400635,-2.176208734512329
1749219810140175000,27.611175048828127,0.8007795214653015,1.662986159324646,-1.8481624126434326
1749219810150166000,27.621166015625,1.1761691570281982,2.136502504348755,-1.6126614809036255
1749219810160157000,27.631156982421874,1.3156777620315552,2.4502930641174316,-1.5298649072647095
1749219810170147000,27.64114697265625,1.2074452638626099,2.6979238986968994,-1.5910574197769165
1749219810180138000,27.651137939453125,0.8852943778038025,2.866950035095215,-1.7179841995239258
1749219810190129200,27.661129150390625,0.5617107152938843,3.0084049701690674,-1.8842841386795044
1749219810200120000,27.6711201171875,0.334621399641037,2.975839138031006,-2.125983476638794
1749219810210111200,27.681111328125,0.2296646237373352,2.7126824855804443,-2.583723306655884
1749219810220102100,27.69110205078125,0.3086276054382324,2.5627169609069824,-3.1251721382141113
1749219810230093000,27.701093017578124,0.48921284079551697,2.791005849838257,-3.610219717025757
1749219810240083000,27.7110830078125,0.5842019319534302,3.489318609237671,-4.074044227600098
1749219810250074000,27.72107421875,0.45603305101394653,4.168222427368164,-4.311762809753418
1749219810260065000,27.73106494140625,0.04439010098576546,4.970067977905273,-4.304358959197998
1749219810270056000,27.741055908203126,-0.6332637667655945,6.055849075317383,-4.296093940734863
1749219810280047000,27.751047119140626,-1.1766666173934937,6.448489665985107,-4.359029769897461
1749219810290038000,27.7610380859375,-1.273851752281189,6.204361915588379,-4.269505023956299
1749219810300029000,27.77102880859375,-1.174467921257019,5.6944169998168945,-4.112087726593018
1749219810310019000,27.78101904296875,-1.1573117971420288,4.71853494644165,-3.7926063537597656
1749219810320010200,27.79101025390625,-1.1972339153289795,3.542046070098877,-3.420943260192871
1749219810330001200,27.801001220703125,-1.2395312786102295,2.5875563621520996,-3.0098040103912354
1749219810339992000,27.810991943359376,-1.2476872205734253,1.732635498046875,-2.6461803913116455
1749219810349983000,27.82098291015625,-1.2731070518493652,1.027597188949585,-2.314540386199951
1749219810359974100,27.83097412109375,-1.2512180805206299,0.5275359749794006,-1.9821921586990356
1749219810369964000,27.840964111328127,-1.086039423942566,0.039384156465530396,-1.6634421348571777
1749219810379955000,27.850954833984375,-0.7157876491546631,-0.30985933542251587,-1.3423333168029785
1749219810389945900,27.86094580078125,-0.35712751746177673,-0.37060868740081787,-1.081987738609314
1749219810399937300,27.870937255859374,-0.09086545556783676,-0.21303105354309082,-0.8544352650642395
1749219810409928200,27.88092822265625,0.08033212274312973,-0.005938050337135792,-0.6815007925033569
1749219810419919000,27.890919189453125,0.11580196768045425,0.1224295124411583,-0.5294758081436157
1749219810429909000,27.900908935546877,0.09132085740566254,0.07226407527923584,-0.40661701560020447
1749219810439900200,27.910900146484376,0.06712976843118668,-0.10249654948711395,-0.3600447177886963
1749219810449891000,27.92089111328125,0.15014556050300598,-0.16310663521289825,-0.3973335027694702
1749219810459882000,27.930882080078124,0.2915644645690918,-0.12348119169473648,-0.5076578855514526
1749219810469873000,27.940872802734376,0.42825841903686523,0.08775807917118073,-0.6209343671798706
1749219810479864000,27.950864013671875,0.46217429637908936,0.3934868276119232,-0.6957785487174988
1749219810489855000,27.96085498046875,0.41144853830337524,0.6393381357192993,-0.7074463963508606
1749219810499845000,27.97084521484375,0.35482147336006165,0.8091878890991211,-0.6471214890480042
1749219810509836000,27.9808359375,0.32172584533691406,0.8667076826095581,-0.5331078767776489
1749219810519827200,27.9908271484375,0.2841116189956665,0.8081713914871216,-0.4106368124485016
1749219810529818000,28.000818115234374,0.25622111558914185,0.695688784122467,-0.3245397210121155
1749219810539809000,28.01080908203125,0.26149019598960876,0.5854525566101074,-0.25922223925590515
1749219810549800200,28.02080029296875,0.26183053851127625,0.4621092975139618,-0.21021023392677307
1749219810559791000,28.030791015625,0.2431577891111374,0.37647801637649536,-0.14846830070018768
1749219810569781000,28.040781005859376,0.18649238348007202,0.2750299572944641,-0.09549509733915329
1749219810579772000,28.05077197265625,0.12652012705802917,0.127971813082695,-0.06398031115531921
1749219810589763000,28.06076318359375,0.12641572952270508,0.003111104713752866,-0.0394563302397728
1749219810599754000,28.07075390625,0.16037209331989288,-0.09740085154771805,-0.031802937388420105
1749219810609745200,28.0807451171875,0.20083829760551453,-0.10242278128862381,-0.04266357421875
1749219810619736000,28.090736083984375,0.22392763197422028,0.024577515199780464,-0.05255242437124252
1749219810629726200,28.100726318359374,0.25865259766578674,0.1748303920030594,-0.09930607676506042
1749219810639717000,28.110717041015626,0.2309003323316574,0.4193804860115051,-0.10973315685987473
1749219810649708000,28.1207080078125,0.1727568656206131,0.5740688443183899,-0.08567522466182709
1749219810659699000,28.130698974609373,0.20675531029701233,0.5635626912117004,-0.054841943085193634
1749219810669690000,28.140690185546877,0.260765016078949,0.5486298203468323,0.05708032846450806
1749219810679681000,28.150680908203125,0.23602531850337982,0.4877648651599884,0.22698867321014404
1749219810689672000,28.160671875,0.21540632843971252,0.25964170694351196,0.2784843444824219
1749219810699662000,28.170662109375,0.237601637840271,0.057614292949438095,0.22428317368030548
1749219810709653200,28.1806533203125,0.2884880006313324,-0.03257312253117561,0.08510743826627731
1749219810719644200,28.19064404296875,0.30791521072387695,-0.012636166997253895,-0.12961019575595856
1749219810729635000,28.200635009765627,0.29720211029052734,0.11159763485193253,-0.3925696611404419
1749219810739626200,28.210626220703126,0.25787973403930664,0.30341288447380066,-0.6322629451751709
1749219810749617200,28.2206171875,0.19871363043785095,0.56238853931427,-0.7782579660415649
