time,seconds_elapsed,z,y,x
1749220506971341600,0.020341552734375,-0.03227058798074722,-0.04667669162154198,0.8575884699821472
1749220506981332500,0.03033251953125,-0.19734396040439606,-0.022612901404500008,1.1791417598724365
1749220506991323400,0.040323486328125,-0.40549877285957336,-0.1632501780986786,1.4142969846725464
1749220507001314600,0.050314453125,-0.621727466583252,-0.46434077620506287,1.4785233736038208
1749220507011305500,0.060305419921875,-0.886367917060852,-0.8843526840209961,1.4898889064788818
1749220507021296400,0.07029638671875,-1.2124056816101074,-1.2644683122634888,1.4520726203918457
1749220507031287600,0.08028759765625,-1.4599851369857788,-1.4904195070266724,1.3512160778045654
1749220507041278700,0.09027880859375,-1.6432609558105469,-1.601276159286499,1.1820014715194702
1749220507051269600,0.10026953125,-1.7756224870681763,-1.587303638458252,0.9396838545799255
1749220507061259500,0.110259521484375,-1.8843425512313843,-1.4789886474609375,0.7090003490447998
1749220507071250400,0.12025048828125,-1.9698160886764526,-1.206240177154541,0.550072968006134
1749220507081241600,0.13024169921875,-2.082674980163574,-0.8196448087692261,0.49095186591148376
1749220507091232500,0.140232421875,-2.1845433712005615,-0.4116511940956116,0.41310182213783264
1749220507101223400,0.150223388671875,-2.2188398838043213,-0.1166674941778183,0.2611921727657318
1749220507111214600,0.160214599609375,-2.2310431003570557,0.051969725638628006,0.023608390241861343
1749220507121205500,0.17020556640625,-2.3045833110809326,0.1960078626871109,-0.1991165578365326
1749220507131196400,0.180196533203125,-2.375936269760132,0.3221748471260071,-0.3600170314311981
1749220507141186600,0.1901865234375,-2.345001459121704,0.29892197251319885,-0.4681653380393982
1749220507151177700,0.200177734375,-2.308260440826416,0.21033592522144318,-0.4385392665863037
1749220507161168600,0.210168701171875,-2.3173820972442627,0.35427525639533997,-0.21231839060783386
1749220507171159600,0.22015966796875,-2.3356430530548096,0.5832996368408203,0.10240519791841507
1749220507181150500,0.230150390625,-2.3383567333221436,0.7574589252471924,0.4636491537094116
1749220507191141600,0.2401416015625,-2.344977617263794,0.8290327191352844,0.824137806892395
1749220507201132500,0.250132568359375,-2.385554075241089,0.8028586506843567,1.109315276145935
1749220507211123500,0.26012353515625,-2.47829008102417,0.7275593876838684,1.314054250717163
1749220507221114600,0.270114501953125,-2.627537727355957,0.6896575093269348,1.468640685081482
1749220507231104500,0.2801044921875,-2.7376065254211426,0.8094475865364075,1.4472399950027466
1749220507241095400,0.290095458984375,-2.5475893020629883,1.2302459478378296,1.0018926858901978
1749220507251086600,0.300086669921875,-2.305652141571045,1.3365800380706787,0.509950578212738
1749220507261077800,0.310077880859375,-2.1356875896453857,0.9096434116363525,0.20649617910385132
1749220507271068700,0.320068603515625,-2.123579263687134,0.2437671273946762,0.2721753418445587
1749220507281059600,0.3300595703125,-2.2465341091156006,-0.1769135296344757,0.6977173089981079
1749220507291050500,0.340050537109375,-2.5000271797180176,-0.2120898813009262,1.3380458354949951
1749220507301041700,0.350041748046875,-2.8434293270111084,0.024588434025645256,1.996086597442627
1749220507311031600,0.360031494140625,-3.2410805225372314,0.1785857230424881,2.532111167907715
1749220507321022500,0.3700224609375,-3.6044139862060547,0.36082184314727783,2.9850594997406006
1749220507331013400,0.380013427734375,-3.811182737350464,0.6926003098487854,3.35587477684021
1749220507341004500,0.390004638671875,-3.633261203765869,0.9164552688598633,3.5405471324920654
1749220507350995500,0.399995361328125,-2.984262704849243,1.049090027809143,3.4692039489746094
1749220507360986400,0.409986328125,-2.2094383239746094,1.1284050941467285,3.131211280822754
1749220507370977500,0.4199775390625,-1.7171194553375244,1.1468993425369263,2.6983816623687744
1749220507380968400,0.429968505859375,-1.4728500843048096,1.1391141414642334,2.342970371246338
1749220507390958600,0.43995849609375,-1.3462872505187988,1.1452867984771729,2.153043270111084
1749220507400949500,0.449949462890625,-1.318611741065979,1.1207807064056396,2.157829523086548
1749220507410940700,0.459940673828125,-1.3762643337249756,1.0374737977981567,2.273103952407837
1749220507420931600,0.469931640625,-1.4725509881973267,0.9820712804794312,2.445995569229126
1749220507430922500,0.479922607421875,-1.5006885528564453,0.9377405643463135,2.519951343536377
1749220507440913400,0.489913330078125,-1.3755391836166382,0.9336946606636047,2.4781737327575684
1749220507450904600,0.499904541015625,-1.1337969303131104,0.9690806269645691,2.4177443981170654
1749220507460895700,0.509895751953125,-0.8322769999504089,1.2101174592971802,2.2804479598999023
1749220507470886700,0.51988671875,-0.561428964138031,1.4408862590789795,2.1529054641723633
1749220507480876800,0.529876708984375,-0.37883493304252625,1.457590937614441,2.126232862472534
1749220507490868000,0.539867919921875,-0.27034279704093933,1.307857632637024,2.2246313095092773
1749220507500859000,0.54985888671875,-0.28179678320884705,1.1808663606643677,2.3990588188171387
1749220507510849800,0.559849853515625,-0.5887402296066284,1.0075023174285889,2.5877461433410645
1749220507520840700,0.5698408203125,-0.739258348941803,0.7686277031898499,2.6153676509857178
1749220507530832000,0.579831787109375,-0.8140234351158142,0.638166606426239,2.457183837890625
1749220507540822800,0.58982275390625,-0.5219060778617859,0.7918078303337097,1.7197988033294678
1749220507550813700,0.599813720703125,0.2135317176580429,2.451120615005493,0.28684481978416443
1749220507560803600,0.609803466796875,-0.05706328526139259,2.2489912509918213,0.7590978145599365
1749220507570794800,0.619794677734375,-0.0813521146774292,2.482053279876709,1.21937096118927
1749220507580785700,0.62978564453125,-0.16235269606113434,2.3967843055725098,1.5790151357650757
1749220507590776600,0.639776611328125,-0.22515934705734253,2.178032875061035,1.8183948993682861
1749220507600767700,0.649767822265625,-0.2419191598892212,2.1407101154327393,1.9648195505142212
1749220507610758700,0.659758544921875,-0.16838635504245758,2.044278144836426,1.953413724899292
1749220507620749800,0.669749755859375,-0.020737502723932266,1.7512755393981934,1.7412916421890259
1749220507630740700,0.67974072265625,0.12472754716873169,1.3499164581298828,1.4749493598937988
1749220507640731000,0.68973095703125,0.28667330741882324,0.8154865503311157,1.1077088117599487
1749220507650721800,0.6997216796875,0.30967849493026733,0.24059262871742249,0.8397862911224365
1749220507660712700,0.709712646484375,0.19075344502925873,-0.15942667424678802,0.6812275648117065
1749220507670703600,0.71970361328125,0.06445196270942688,-0.2682085633277893,0.5595762133598328
1749220507680694800,0.72969482421875,0.016392022371292114,-0.18151973187923431,0.5535116791725159
1749220507690685700,0.739685791015625,0.04839975759387016,0.0006210491410456598,0.6557336449623108
1749220507700676600,0.749676513671875,0.19784331321716309,0.2306728959083557,0.7780550122261047
1749220507710667800,0.759667724609375,0.4660353362560272,0.4534822702407837,0.8081138730049133
1749220507720658700,0.76965869140625,0.7392833828926086,0.5342069268226624,0.8084832429885864
1749220507730648800,0.77964892578125,0.9959271550178528,0.49093323945999146,0.8287240862846375
1749220507740639700,0.7896396484375,1.091321349143982,0.39071422815322876,0.8540211319923401
1749220507750631000,0.799630859375,1.0087103843688965,0.32534825801849365,0.9397152662277222
1749220507760621800,0.809621826171875,0.9527866244316101,0.6200299859046936,0.8329640626907349
1749220507770612700,0.81961279296875,1.0233337879180908,0.655941903591156,0.5308074355125427
1749220507780603600,0.829603759765625,1.1183444261550903,0.4933628439903259,0.3438604474067688
1749220507790594800,0.8395947265625,0.988210141658783,-0.26634272933006287,0.4052138030529022
1749220507800585700,0.849585693359375,0.9514715671539307,-0.6379703283309937,0.3462945520877838
1749220507810576600,0.85957666015625,0.9297241568565369,-0.41569146513938904,0.15623168647289276
1749220507820566500,0.86956640625,0.8442918062210083,-0.06569459289312363,0.05959275737404823
1749220507830557700,0.8795576171875,0.7230967283248901,0.08916077017784119,0.07868202775716782
1749220507840548900,0.889548828125,0.701291024684906,0.20066039264202118,0.0718022808432579
1749220507850539800,0.899539794921875,0.7637472152709961,0.32289841771125793,0.04578506574034691
1749220507860531000,0.909531005859375,0.8376674652099609,0.2514601945877075,-0.029205821454524994
1749220507870521900,0.91952197265625,0.8167195916175842,0.28319576382637024,-0.0503489226102829
1749220507880512800,0.9295126953125,0.7612051963806152,0.20307375490665436,-0.0659121721982956
1749220507890503700,0.939503662109375,0.6917731165885925,0.24123898148536682,-0.04406226798892021
1749220507900493800,0.949493896484375,0.5999183058738708,0.3696020245552063,-0.03452468663454056
1749220507910484700,0.959484619140625,0.5578821897506714,0.2394951432943344,0.07302653789520264
1749220507920475600,0.9694755859375,0.5696131587028503,0.09683413803577423,0.2178598940372467
1749220507930466600,0.979466552734375,0.6414822936058044,-0.03959294781088829,0.4496225416660309
1749220507940457700,0.989457763671875,0.7147831320762634,-0.09158104658126831,0.7592126131057739
1749220507950448600,0.99944873046875,0.745907187461853,0.07133916020393372,1.011075496673584
1749220507960439800,1.009439697265625,0.7208324670791626,0.23259329795837402,1.1947526931762695
1749220507970431000,1.019430908203125,0.7212543487548828,0.28119412064552307,1.335573673248291
1749220507980422000,1.029421875,0.7035248875617981,0.39196059107780457,1.3993604183197021
1749220507990411800,1.039411865234375,0.6707757115364075,0.5873591303825378,1.4510667324066162
1749220508000402700,1.049402587890625,0.6407576203346252,0.7420783638954163,1.5183573961257935
1749220508010393900,1.059393798828125,0.5502913594245911,0.89668869972229,1.5740264654159546
1749220508020384800,1.069384765625,0.46562469005584717,1.1647473573684692,1.5913900136947632
1749220508030375700,1.079375732421875,0.3909517824649811,1.4530375003814697,1.5240015983581543
1749220508040366600,1.08936669921875,0.2947349548339844,1.8347909450531006,1.4144139289855957
1749220508050357800,1.099357666015625,0.07871132344007492,2.2523536682128906,1.2252333164215088
1749220508060348700,1.1093486328125,-0.1630115509033203,2.734598398208618,1.197950839996338
1749220508070338800,1.1193388671875,-0.4316696524620056,2.8517470359802246,1.1717045307159424
1749220508080329700,1.129329833984375,-0.7528654932975769,2.449993133544922,1.0239225625991821
1749220508090321000,1.13932080078125,-1.1616407632827759,1.5957781076431274,0.8263948559761047
1749220508100311800,1.149311767578125,-1.884581446647644,0.6519873738288879,0.8864225149154663
1749220508110302700,1.159302734375,-1.9527606964111328,0.28044310212135315,0.8640016317367554
1749220508120294000,1.1692939453125,-1.7489503622055054,0.29037588834762573,0.8579240441322327
1749220508130284800,1.179284912109375,-1.2000819444656372,-0.25832927227020264,0.3777560889720917
1749220508140275700,1.189275634765625,-0.7704833745956421,-0.763976514339447,0.12765783071517944
1749220508150266600,1.1992666015625,-0.4416967034339905,-0.7728685140609741,0.00794500857591629
1749220508160256800,1.2092568359375,-0.2897506058216095,-0.3848978877067566,-0.22230391204357147
1749220508170247700,1.21924755859375,-0.21583135426044464,-0.23358425498008728,-0.4455417990684509
1749220508180238800,1.22923876953125,-0.0543266199529171,-0.4138757288455963,-0.4970715641975403
1749220508190229800,1.239229736328125,0.10989028215408325,-0.5215702652931213,-0.5700885057449341
1749220508200221000,1.249220947265625,0.18414294719696045,-0.5458776950836182,-0.6065455675125122
1749220508210211800,1.2592119140625,0.1425885707139969,-0.46619912981987,-0.5851532220840454
1749220508220202800,1.26920263671875,0.04694060981273651,-0.28964778780937195,-0.5273146629333496
1749220508230194000,1.27919384765625,0.05186080187559128,-0.17291638255119324,-0.46920931339263916
1749220508240184800,1.289184814453125,0.18262679874897003,-0.16543635725975037,-0.38505101203918457
1749220508250174700,1.2991748046875,0.3913094401359558,-0.11660118401050568,-0.2431604564189911
1749220508260165600,1.30916552734375,0.5652031898498535,0.007726629264652729,-0.08921429514884949
1749220508270156800,1.31915673828125,0.43034979701042175,0.20225003361701965,0.07413361221551895
1749220508280147700,1.329147705078125,-0.0052024852484464645,0.35538339614868164,0.23450838029384613
1749220508290138600,1.339138671875,-0.42660003900527954,0.281089723110199,0.3982722759246826
1749220508300129500,1.349129638671875,-0.6504680514335632,0.1320035755634308,0.5839585065841675
1749220508310120700,1.35912060546875,-0.26935744285583496,-0.21804791688919067,0.9675003290176392
1749220508320111900,1.36911181640625,0.873140811920166,-0.1651681810617447,1.2737199068069458
1749220508330102800,1.379102783203125,1.5524876117706299,0.9965431690216064,0.6416338086128235
1749220508340092700,1.3890927734375,1.8988953828811646,1.4416735172271729,0.16972725093364716
1749220508350083800,1.399083740234375,1.9636924266815186,0.9350308179855347,-0.008951417170464993
1749220508360074800,1.40907470703125,1.847976803779602,0.3002474308013916,-0.1114269271492958
1749220508370065700,1.419065673828125,1.7766942977905273,-0.24115189909934998,-0.24826999008655548
1749220508380056800,1.429056884765625,1.735325813293457,-0.5452473163604736,-0.3395237326622009
1749220508390047700,1.4390478515625,1.6455786228179932,-0.6372110843658447,-0.3913182318210602
1749220508400038700,1.44903857421875,1.5536985397338867,-0.5384752154350281,-0.43974408507347107
1749220508410029600,1.459029541015625,1.5637294054031372,-0.22525335848331451,-0.3304751217365265
1749220508420020700,1.469020751953125,1.6016708612442017,0.05750377103686333,-0.14582005143165588
1749220508430011000,1.479010986328125,1.5752581357955933,-0.03803686425089836,-0.0007065366371534765
1749220508440001800,1.489001708984375,1.3773016929626465,-0.23749831318855286,0.10520018637180328
1749220508449992700,1.49899267578125,1.3059489727020264,-0.2088586688041687,0.10565105825662613
1749220508459984600,1.508984619140625,1.338788628578186,-0.32835525274276733,0.12797021865844727
1749220508469975600,1.5189755859375,1.3249926567077637,-0.26871615648269653,0.11393722146749496
1749220508479966500,1.528966552734375,1.0457053184509277,-0.22582966089248657,0.1345442235469818
1749220508489957600,1.53895751953125,0.6506507396697998,-0.08086182922124863,0.224956676363945
1749220508499948500,1.548948486328125,0.4718745946884155,-0.15683647990226746,0.41009217500686646
1749220508509939500,1.558939453125,0.7151604890823364,-0.43571606278419495,0.7024745345115662
1749220508519929300,1.568929443359375,0.5202423930168152,-0.26051467657089233,0.8868550062179565
1749220508529920500,1.57892041015625,-0.07335783541202545,0.0897141769528389,1.0169131755828857
1749220508539911400,1.588911376953125,-0.6524081230163574,0.24074310064315796,1.0170481204986572
1749220508549902300,1.59890234375,-1.0815696716308594,0.16414447128772736,1.1208148002624512
1749220508559893500,1.6088935546875,-1.476650357246399,-0.042687274515628815,1.1698142290115356
1749220508569884400,1.618884521484375,-2.135627031326294,0.129783034324646,1.2095065116882324
1749220508579875600,1.62887548828125,-2.8407585620880127,0.5891839265823364,1.3905149698257446
1749220508589866500,1.638866455078125,-3.4529478549957275,0.8129568099975586,1.5661368370056152
1749220508599857700,1.648857666015625,-2.9048898220062256,0.1176810935139656,1.0853278636932373
1749220508609847600,1.65884765625,-0.6424630880355835,-0.8262052536010742,0.40785619616508484
1749220508619838500,1.66883837890625,-0.8528845310211182,-0.28806641697883606,-0.061169881373643875
1749220508629829400,1.678829345703125,-1.0206506252288818,0.14614629745483398,-0.4282357692718506
1749220508639820500,1.688820556640625,-0.5297402739524841,0.2831438183784485,-0.21186457574367523
1749220508649811500,1.6988115234375,-0.0919102132320404,0.23139700293540955,0.02497805468738079
1749220508659802400,1.70880224609375,0.11081812530755997,0.23659709095954895,0.028898494318127632
1749220508669793500,1.71879345703125,-0.2868693172931671,0.46157535910606384,-0.15246357023715973
1749220508679784400,1.728784423828125,-0.9995163083076477,0.640917956829071,-0.3851777911186218
1749220508689775400,1.738775390625,-1.6383247375488281,0.3865745961666107,-0.39405596256256104
1749220508699765500,1.748765625,-2.0875790119171143,-0.04350965842604637,-0.2873913049697876
1749220508709756700,1.758756591796875,-2.31648325920105,-0.40766283869743347,-0.24740420281887054
1749220508719747600,1.76874755859375,-2.5014142990112305,-0.271145761013031,-0.37097087502479553
1749220508729738500,1.778738525390625,-2.7060184478759766,0.06773430854082108,-0.5705657601356506
1749220508739729400,1.7887294921875,-2.9054548740386963,0.10107122361660004,-0.7023757100105286
1749220508749720600,1.798720458984375,-3.0213823318481445,-0.2532000243663788,-0.8433711528778076
1749220508759711500,1.80871142578125,-3.030761241912842,-0.49142271280288696,-1.0348396301269531
1749220508769702400,1.818702392578125,-2.926156759262085,-0.22857432067394257,-1.2466819286346436
1749220508779693600,1.828693603515625,-2.6735482215881348,0.051410458981990814,-1.5298124551773071
1749220508789683500,1.838683349609375,-2.311033010482788,0.3443320691585541,-1.8119218349456787
1749220508799674600,1.848674560546875,-1.5728967189788818,-0.20810766518115997,-1.994363784790039
1749220508809665500,1.85866552734375,-0.3353990316390991,-1.531786322593689,-2.2190310955047607
1749220508819656700,1.86865673828125,0.9720897674560547,-2.4434759616851807,-2.3392739295959473
1749220508829647600,1.878647705078125,1.9764429330825806,-2.4484059810638428,-2.2730815410614014
1749220508839638500,1.888638427734375,2.50433611869812,-1.918834924697876,-2.1471827030181885
1749220508849629400,1.89862939453125,2.682417392730713,-1.4281898736953735,-2.0418710708618164
1749220508859620600,1.90862060546875,2.683859348297119,-1.3394885063171387,-2.0174269676208496
1749220508869611500,1.918611572265625,2.2542648315429688,0.13473011553287506,-2.0464425086975098
1749220508879602400,1.9286025390625,1.4010573625564575,1.574884057044983,-1.7202681303024292
1749220508889592300,1.93859228515625,0.919182300567627,0.43344172835350037,-0.7711886167526245
1749220508899583500,1.94858349609375,0.4942302405834198,-0.8610780239105225,0.5822839140892029
1749220508909574400,1.958574462890625,0.2726520299911499,-1.1459866762161255,1.3914308547973633
1749220508919565300,1.9685654296875,0.3491305708885193,-0.9972512722015381,1.6731271743774414
1749220508929556700,1.978556640625,0.5154428482055664,-0.8602880835533142,1.7109270095825195
1749220508939547600,1.988547607421875,0.4943056106567383,-0.7168753147125244,1.5619860887527466
1749220508949538600,1.99853857421875,0.38832536339759827,-0.39917269349098206,1.2003769874572754
1749220508959529500,2.008529541015625,0.4607183337211609,-0.03201252594590187,0.6214646100997925
1749220508969520600,2.018520751953125,0.6893653869628906,-0.1406564563512802,0.06712044775485992
1749220508979510500,2.028510498046875,1.0196149349212646,-0.3065231740474701,-0.3474956452846527
1749220508989501400,2.03850146484375,1.3160394430160522,-0.4430312216281891,-0.6898886561393738
1749220508999492400,2.048492431640625,1.4060670137405396,-0.34859099984169006,-0.8949925899505615
1749220509009483500,2.0584833984375,1.1143014430999756,-0.18747295439243317,-0.834894061088562
1749220509019474400,2.068474365234375,0.5701143145561218,-0.17712071537971497,-0.5386815667152405
1749220509029465300,2.07846533203125,-0.01152775902301073,-0.2467019259929657,-0.11463283747434616
1749220509039456500,2.08845654296875,-0.4280402958393097,-0.42342743277549744,0.22276276350021362
1749220509049447400,2.098447509765625,-0.5962157249450684,-0.5028375387191772,0.33355826139450073
1749220509059438600,2.1084384765625,-0.6116764545440674,-0.38679778575897217,0.22538624703884125
1749220509069429500,2.118429443359375,-0.6266359686851501,-0.25069665908813477,-0.009156480431556702
1749220509079419600,2.128419677734375,-0.6017460227012634,-0.10464438796043396,-0.2579529881477356
1749220509089410600,2.13841064453125,-0.4915393590927124,-0.00926300697028637,-0.33709439635276794
1749220509099401500,2.1484013671875,-0.4750346839427948,0.5897266864776611,-0.2936824858188629
1749220509109392400,2.158392333984375,-0.5615325570106506,0.44798311591148376,-0.09984217584133148
1749220509119383600,2.168383544921875,-0.5974993705749512,0.33044663071632385,-0.0020098877139389515
1749220509129374500,2.17837451171875,-0.7122533917427063,0.5670905709266663,-0.010085390880703926
1749220509139365400,2.188365478515625,-0.9219549298286438,0.8965380191802979,0.010432400740683079
1749220509149356500,2.1983564453125,-0.9824033379554749,0.6242406964302063,-0.00806325301527977
1749220509159347500,2.208347412109375,-0.9975050687789917,0.46929797530174255,-0.07699784636497498
1749220509169337600,2.218337646484375,-1.0582458972930908,0.5901399850845337,0.04934011772274971
1749220509179328500,2.22832861328125,-1.002098560333252,0.6628080606460571,0.040160201489925385
1749220509189319700,2.238319580078125,-0.9882718920707703,1.5155924558639526,-0.10409577935934067
1749220509199310600,2.248310546875,-0.8021694421768188,1.5402101278305054,-0.25494813919067383
1749220509209301500,2.258301513671875,-0.27215349674224854,1.0797640085220337,-0.5543702840805054
1749220509219292400,2.26829248046875,0.31343382596969604,0.3858393132686615,-0.5439804792404175
1749220509229283600,2.27828369140625,0.76390141248703,0.02099396474659443,0.18442417681217194
1749220509239274500,2.2882744140625,1.1567800045013428,-0.08144719153642654,0.6911616921424866
1749220509249265400,2.298265380859375,1.607785701751709,-0.21005016565322876,0.7613865733146667
1749220509259256600,2.308256591796875,1.8560376167297363,-0.2024945169687271,0.6248465776443481
1749220509269246500,2.31824658203125,1.9199763536453247,-0.2497677505016327,0.48159751296043396
1749220509279237600,2.328237548828125,2.1554856300354004,-0.2732459306716919,0.3817257881164551
1749220509289228500,2.338228515625,2.6776516437530518,-0.07853688299655914,0.2556922137737274
1749220509299219700,2.3482197265625,3.0429165363311768,0.24203766882419586,0.1394827961921692
1749220509309210600,2.358210693359375,3.176997423171997,0.4122794270515442,-0.05621906369924545
1749220509319201500,2.368201416015625,3.161051034927368,0.6041274070739746,-0.282912939786911
1749220509329192400,2.3781923828125,2.783008575439453,0.4916054308414459,-0.3021326959133148
1749220509339183600,2.38818359375,2.247161388397217,0.20029261708259583,-0.02646516263484955
1749220509349174500,2.398174560546875,1.7941441535949707,-0.08532874286174774,0.35551920533180237
1749220509359164400,2.408164306640625,1.5028705596923828,-0.4601585566997528,0.7004558444023132
1749220509369155300,2.4181552734375,1.2029447555541992,-0.4411827325820923,0.9061565399169922
1749220509379146500,2.428146484375,0.9608346819877625,-0.5069212317466736,0.8478381037712097
1749220509389137400,2.438137451171875,1.0393521785736084,-0.6914636492729187,0.661769449710846
1749220509399128300,2.44812841796875,1.3679864406585693,-0.6897158622741699,0.46459323167800903
1749220509409119500,2.458119384765625,1.8247319459915161,-0.4825266897678375,0.3047543168067932
1749220509419110700,2.468110595703125,1.8926409482955933,-0.4079273045063019,0.20070780813694
1749220509429101600,2.4781015625,1.5024734735488892,-0.583088755607605,0.15996836125850677
1749220509439092500,2.488092529296875,1.2339578866958618,-0.6299715638160706,0.25617027282714844
1749220509449083600,2.498083740234375,1.2951239347457886,-0.7742459177970886,0.3618018925189972
1749220509459072500,2.508072509765625,1.395875334739685,-0.8055857419967651,0.4234876036643982
1749220509469063400,2.5180634765625,1.3387271165847778,-0.8476333022117615,0.35080596804618835
1749220509479054600,2.5280546875,1.3142329454421997,-0.7582567930221558,0.25569647550582886
1749220509489045500,2.53804541015625,1.3220759630203247,-0.6793708205223083,0.18931400775909424
1749220509499036700,2.54803662109375,1.445414662361145,-0.6766157746315002,0.17787812650203705
1749220509509027800,2.55802783203125,1.4799017906188965,-0.6515204906463623,0.12753106653690338
1749220509519018800,2.568018798828125,1.486507534980774,-0.5067207217216492,0.107200488448143
1749220509529009700,2.578009765625,1.5234410762786865,-0.46980610489845276,0.08260539919137955
1749220509539000600,2.58800048828125,1.5325019359588623,-0.4855198264122009,0.05253644287586212
1749220509548991700,2.59799169921875,1.420533299446106,-0.46501028537750244,0.06321226060390472
1749220509558981600,2.607981689453125,1.2374920845031738,-0.4173943102359772,0.13508830964565277
1749220509568972500,2.61797265625,1.0944020748138428,-0.44563233852386475,0.18323667347431183
1749220509578963500,2.62796337890625,1.1200776100158691,-0.3803670406341553,0.22292229533195496
1749220509588954600,2.63795458984375,1.2326816320419312,-0.3150748610496521,0.15534351766109467
1749220509598945500,2.647945556640625,1.3711519241333008,-0.199961856007576,0.0299613606184721
1749220509608936400,2.6579365234375,1.4091233015060425,-0.22366531193256378,-0.054844871163368225
1749220509618927600,2.667927734375,1.375714659690857,-0.22959591448307037,-0.031562186777591705
1749220509628918500,2.67791845703125,1.2879207134246826,-0.1697371006011963,0.03958762437105179
1749220509638909700,2.68790966796875,1.2054375410079956,-0.10461003333330154,0.17300426959991455
1749220509648899600,2.697899658203125,1.2533525228500366,-0.15234878659248352,0.1882689744234085
1749220509658890800,2.707890869140625,1.460855484008789,-0.014113156124949455,0.032163795083761215
1749220509668881700,2.717881591796875,1.6484333276748657,0.0462239533662796,-0.14309963583946228
1749220509678872600,2.72787255859375,1.756161093711853,0.0788884237408638,-0.21853873133659363
1749220509688863500,2.737863525390625,1.7916724681854248,0.11269911378622055,-0.2824263572692871
1749220509698854700,2.747854736328125,1.6827853918075562,0.17940305173397064,-0.2895985245704651
1749220509708845600,2.757845458984375,1.5373632907867432,0.2763575613498688,-0.21675653755664825
1749220509718836500,2.76783642578125,1.5916885137557983,0.19741453230381012,-0.11578891426324844
1749220509728827600,2.77782763671875,1.7224441766738892,0.08499744534492493,0.18783354759216309
1749220509738818600,2.787818603515625,1.5629825592041016,0.16775517165660858,0.3099791705608368
1749220509748808700,2.79780859375,1.2985237836837769,0.31525781750679016,-0.04117300361394882
1749220509758799600,2.807799560546875,0.9964802861213684,0.38085201382637024,-0.13802391290664673
1749220509768790800,2.817790771484375,0.7140212059020996,0.15430141985416412,0.028962142765522003
1749220509778781700,2.82778173828125,0.37573447823524475,0.31786665320396423,0.16675490140914917
1749220509788772600,2.837772705078125,0.01619601435959339,0.23605141043663025,0.4140741527080536
1749220509798763500,2.847763427734375,-0.3533093333244324,0.2838570177555084,0.4829762578010559
1749220509808754700,2.857754638671875,-0.6596916317939758,0.41100671887397766,0.44160351157188416
1749220509818745600,2.86774560546875,-0.7132323384284973,0.43617093563079834,0.44471994042396545
1749220509828736500,2.877736572265625,-0.742158830165863,0.6833570003509521,0.5600337386131287
1749220509838727700,2.887727783203125,-0.7389912605285645,0.6786554455757141,0.6418351531028748
1749220509848718600,2.897718505859375,-0.5891306400299072,0.3819098174571991,0.6536251902580261
1749220509858708700,2.907708740234375,-0.21473626792430878,0.31687355041503906,0.7584147453308105
1749220509868699600,2.91769970703125,0.28184711933135986,0.5679801106452942,0.8341990113258362
1749220509878690800,2.92769091796875,1.0002622604370117,-0.06972581893205643,0.7833725810050964
1749220509888681700,2.937681640625,1.2315285205841064,-0.15983067452907562,0.6231514811515808
1749220509898672600,2.947672607421875,0.9648392796516418,0.26439809799194336,0.5420798063278198
1749220509908663600,2.95766357421875,0.3658762574195862,0.21213355660438538,0.36504268646240234
1749220509918654700,2.96765478515625,0.02052924409508705,-0.06651084870100021,0.1278466433286667
1749220509928645600,2.977645751953125,-0.11659452319145203,-0.362265020608902,-0.10079691559076309
1749220509938636500,2.987636474609375,-0.3096899390220642,-0.34683120250701904,-0.21920639276504517
1749220509948627700,2.997627685546875,-0.5812865495681763,-0.1471835970878601,-0.20899316668510437
1749220509958617600,3.00761767578125,-0.5831803679466248,-0.18159402906894684,-0.1686209738254547
1749220509968608500,3.0176083984375,-0.5649033188819885,-0.16499774158000946,-0.054483216255903244
1749220509978599400,3.027599365234375,-0.5371308326721191,-0.14660142362117767,0.09447430819272995
1749220509988590600,3.037590576171875,-0.4213261902332306,-0.09783415496349335,0.24220490455627441
1749220509998581800,3.047581787109375,-0.22511327266693115,-0.08259208500385284,0.3563442528247833
1749220510008572700,3.05757275390625,-0.16797275841236115,-0.07915128022432327,0.44663235545158386
1749220510018563600,3.0675634765625,-0.20063216984272003,0.04103318601846695,0.5081660151481628
1749220510028554800,3.0775546875,-0.1589563637971878,0.14222797751426697,0.5163486003875732
1749220510038545700,3.087545654296875,-0.0868597999215126,0.041179925203323364,0.3914884030818939
1749220510048536600,3.09753662109375,0.03381415456533432,0.11381551623344421,0.23019778728485107
1749220510058526500,3.1075263671875,0.1801639050245285,0.2601844370365143,0.06331825256347656
1749220510068517600,3.117517578125,0.31804773211479187,0.12063480168581009,-0.2304542511701584
1749220510078508500,3.127508544921875,0.4508340060710907,0.04279246926307678,-0.31510281562805176
1749220510088499500,3.13749951171875,0.4551081359386444,-0.017242902889847755,-0.32367926836013794
1749220510098490600,3.14749072265625,0.37688735127449036,-0.14987976849079132,-0.2564544081687927
1749220510108481500,3.1574814453125,0.23032455146312714,-0.03577983379364014,-0.010834272019565105
1749220510118472700,3.16747265625,0.02275431528687477,0.0220312662422657,0.215243861079216
1749220510128463600,3.177463623046875,-0.08722784370183945,0.09621867537498474,0.33539822697639465
1749220510138454800,3.187454833984375,-0.0567500963807106,0.029024994000792503,0.1066255122423172
1749220510148445700,3.19744580078125,-0.138677716255188,-0.1224321722984314,-0.13181954622268677
1749220510158435600,3.207435546875,-0.2717364430427551,-0.056403886526823044,-0.4340457320213318
1749220510168426500,3.217426513671875,-0.3197271227836609,0.07281428575515747,-0.5317426919937134
1749220510178417700,3.227417724609375,-0.364287406206131,0.3996160924434662,-0.38193511962890625
1749220510188408600,3.23740869140625,-0.32600367069244385,0.03935885801911354,-0.19765955209732056
1749220510198399500,3.2473994140625,-0.20775559544563293,0.04062146320939064,-0.15514910221099854
1749220510208390700,3.257390625,-0.19354549050331116,0.047749146819114685,-0.2743748426437378
1749220510218381600,3.267381591796875,-0.31303513050079346,0.10551363974809647,-0.3712289333343506
1749220510228372500,3.27737255859375,-0.4488172233104706,0.006395314820110798,-0.26599812507629395
1749220510238363400,3.28736328125,-0.6957859992980957,0.4265667498111725,-0.1587608903646469
1749220510248354600,3.2973544921875,-0.8161100149154663,0.008356999605894089,0.005561213009059429
1749220510258344700,3.3073447265625,-0.6998491883277893,0.11339925974607468,0.1218622550368309
1749220510268335600,3.317335693359375,-0.5356810092926025,0.11054142564535141,0.1899757981300354
1749220510278326500,3.327326416015625,-0.3456878960132599,0.06320586800575256,0.34552305936813354
1749220510288317700,3.337317626953125,-0.34130433201789856,0.17060156166553497,0.3181774318218231
1749220510298308600,3.34730859375,-0.31898438930511475,-0.3299131989479065,0.2604907155036926
1749220510308299500,3.357299560546875,-0.29785192012786865,-0.7240653038024902,0.1474515050649643
1749220510318290700,3.367290771484375,-0.1441744863986969,-0.9851879477500916,0.16626353561878204
1749220510328281600,3.377281494140625,0.01326760184019804,-1.1966711282730103,0.28080451488494873
1749220510338272500,3.3872724609375,0.18514375388622284,-1.3433761596679688,0.37019777297973633
1749220510348263700,3.397263671875,0.20876306295394897,-1.2565028667449951,0.3275746703147888
1749220510358253800,3.40725390625,0.15073491632938385,-0.6342800259590149,0.2210570126771927
1749220510368244700,3.41724462890625,0.10147389024496078,-0.413295179605484,-0.04066407307982445
1749220510378235600,3.427235595703125,0.11382830142974854,-0.37518346309661865,-0.25034967064857483
1749220510388226600,3.4372265625,0.11369433999061584,-0.2993970811367035,-0.2543585002422333
1749220510398217700,3.4472177734375,0.10166750848293304,-0.1016472652554512,-0.11092118918895721
1749220510408208600,3.457208740234375,0.11175768822431564,0.05928223207592964,0.12656593322753906
1749220510418199600,3.467199462890625,0.1144871637225151,0.2582661807537079,0.34886452555656433
1749220510428190700,3.477190673828125,0.11739853024482727,0.2693081796169281,0.5533803701400757
1749220510438181600,3.487181640625,0.11817803978919983,0.03735136613249779,0.6357585787773132
1749220510448172500,3.497172607421875,0.009324525482952595,0.08085623383522034,0.6538827419281006
1749220510458164200,3.507164306640625,-0.15636244416236877,-0.03491297736763954,0.5654894709587097
1749220510468154000,3.517154052734375,-0.3236196041107178,-0.24244752526283264,0.4571736752986908
1749220510478145300,3.527145263671875,-0.38391169905662537,-0.19009803235530853,0.3791787326335907
1749220510488136200,3.53713623046875,-0.433845192193985,0.09030299633741379,0.2924704849720001
1749220510498127000,3.547127197265625,-0.3997647166252136,0.3088774085044861,0.18560448288917542
1749220510508118300,3.5571181640625,-0.3366110324859619,0.45617231726646423,-0.049789927899837494
1749220510518109400,3.567109375,-0.22048310935497284,0.4599936902523041,-0.3399237394332886
1749220510528100400,3.577100341796875,-0.1427595466375351,0.5824583768844604,-0.6429991722106934
1749220510538091300,3.58709130859375,0.0005273058777675033,0.41849711537361145,-0.7134640216827393
1749220510548082400,3.59708251953125,0.051783036440610886,0.4240966737270355,-0.7171930074691772
1749220510558073300,3.6070732421875,0.06604745984077454,0.38571974635124207,-0.7504265904426575
1749220510568063200,3.617063232421875,0.07588331401348114,0.2749631106853485,-0.7448632717132568
1749220510578054100,3.62705419921875,0.06257496774196625,0.2054559588432312,-0.7107670903205872
1749220510588045300,3.63704541015625,0.025707228109240532,0.15304706990718842,-0.6042070388793945
1749220510598036200,3.6470361328125,-0.0027411917690187693,0.09348094463348389,-0.43006402254104614
1749220510608027100,3.657027099609375,-0.08014223724603653,-0.05993630364537239,-0.26525482535362244
1749220510618018000,3.66701806640625,-0.22711783647537231,-0.2545281648635864,-0.18702101707458496
1749220510628009200,3.67700927734375,-0.29447290301322937,0.18885274231433868,-0.2584454119205475
1749220510638000000,3.687000244140625,-0.1369543969631195,0.20209583640098572,-0.11943584680557251
1749220510647991300,3.6969912109375,-0.11317502707242966,-0.06530869752168655,0.18176233768463135
1749220510657982500,3.706982421875,-0.08811095356941223,-0.35640180110931396,0.3062206506729126
1749220510667972400,3.716972412109375,0.03495212644338608,-0.04701091721653938,0.3304162621498108
1749220510677963300,3.72696337890625,0.1358017772436142,0.12660081684589386,0.3864915072917938
1749220510687954200,3.7369541015625,0.21180465817451477,-0.7743082046508789,-0.2936244308948517
1749220510697945300,3.7469453125,0.006133792456239462,-0.6250726580619812,-0.7449910640716553
1749220510707936300,3.756936279296875,-0.03051876090466976,-0.2887817323207855,-0.5796433687210083
1749220510717927200,3.76692724609375,-0.008618787862360477,0.21847347915172577,-0.17138026654720306
1749220510727918000,3.77691796875,0.019539613276720047,-0.06620059162378311,0.31690657138824463
1749220510737909200,3.7869091796875,-0.10622204095125198,-0.06438271701335907,0.4571470320224762
1749220510747900200,3.796900146484375,-0.13851048052310944,0.07062570005655289,0.1671232134103775
1749220510757891000,3.80689111328125,-0.09995376318693161,0.13890542089939117,0.031014109030365944
1749220510767882200,3.81688232421875,-0.06745041161775589,0.18138577044010162,0.03147749975323677
1749220510777872400,3.826872314453125,0.017917748540639877,0.10991717875003815,0.09495021402835846
1749220510787863300,3.83686328125,-0.0776820108294487,-0.012794625014066696,-0.002620816696435213
1749220510797854200,3.846854248046875,-0.18258392810821533,-0.1534462869167328,-0.1677250862121582
1749220510807845400,3.856845458984375,-0.09600163251161575,0.06233661249279976,-0.19300886988639832
1749220510817836300,3.866836181640625,-0.1158275306224823,0.08282031118869781,-0.2706669270992279
1749220510827827200,3.8768271484375,-0.09411744028329849,0.16197212040424347,-0.2048993557691574
1749220510837818000,3.886818115234375,-0.13419508934020996,0.058632951229810715,-0.03947789967060089
1749220510847809300,3.896809326171875,-0.16041657328605652,-0.0016847157385200262,0.06837772578001022
1749220510857800200,3.90680029296875,-0.192790225148201,-0.03785603493452072,-0.015089737251400948
1749220510867791000,3.916791015625,-0.17659687995910645,0.004473311826586723,-0.0688491016626358
1749220510877781200,3.92678125,-0.09287641197443008,0.03422747924923897,-0.0836445614695549
1749220510887772400,3.9367724609375,-0.05553942546248436,-0.04381033033132553,-0.1542697250843048
1749220510897763300,3.946763427734375,-0.005422195885330439,-0.22000692784786224,-0.2503291368484497
1749220510907754200,3.956754150390625,0.03425304591655731,-0.17872154712677002,-0.313962459564209
1749220510917745400,3.966745361328125,-0.0179987084120512,-0.1732253134250641,-0.3604913353919983
1749220510927736300,3.976736328125,-0.16778287291526794,-0.13720285892486572,-0.34972816705703735
1749220510937727200,3.986727294921875,-0.26170164346694946,-0.1252780258655548,-0.2432509958744049
1749220510947718100,3.99671826171875,-0.2320510745048523,-0.09471825510263443,-0.1147870346903801
1749220510957709300,4.006709228515625,-0.1564825475215912,-0.0037859496660530567,-0.022554311901330948
1749220510967700200,4.0167001953125,-0.11818602681159973,-0.03654070198535919,-0.00023515711654908955
1749220510977690000,4.026690185546875,-0.09782962501049042,-0.11324666440486908,-0.028173847123980522
1749220510987681000,4.036680908203125,-0.0802338495850563,-0.15593446791172028,-0.03495452180504799
1749220510997672200,4.046672119140625,-0.058581020683050156,-0.1744261384010315,0.03250414878129959
1749220511007663400,4.056663330078125,-0.037517014890909195,-0.18152345716953278,0.08061095327138901
1749220511017654300,4.066654296875,0.03057149052619934,-0.3092654347419739,0.12558482587337494
1749220511027645400,4.0766455078125,0.06298349052667618,-0.2031579166650772,0.12287478893995285
1749220511037636400,4.08663623046875,0.09202419966459274,-0.16406989097595215,0.08642517030239105
1749220511047627300,4.096627197265625,0.09147772192955017,-0.07003634423017502,0.017492441460490227
1749220511057618200,4.1066181640625,0.10889904946088791,-0.1325034499168396,-0.057367950677871704
1749220511067609300,4.116609375,0.011898204684257507,-0.06485836207866669,-0.13549551367759705
1749220511077600300,4.126600341796875,-0.08748936653137207,-0.179827019572258,-0.1170901358127594
1749220511087590100,4.136590087890625,-0.012886237353086472,-0.2971366047859192,-0.09807942807674408
1749220511097581000,4.1465810546875,0.033314015716314316,-0.05487842857837677,-0.13939598202705383
1749220511107572200,4.156572265625,0.11333374679088593,-0.11895275115966797,-0.16197824478149414
1749220511117563100,4.166563232421875,0.14755509793758392,0.14080451428890228,-0.31323060393333435
1749220511127554300,4.17655419921875,0.1666686087846756,0.23765437304973602,-0.26146435737609863
1749220511137545500,4.18654541015625,0.011007110588252544,0.3594697415828705,-0.25803235173225403
1749220511147536400,4.196536376953125,-0.10306193679571152,0.24747450649738312,-0.1378478854894638
1749220511157527300,4.20652734375,-0.10549739748239517,0.0019478360190987587,-0.003781156148761511
1749220511167518200,4.216518310546875,-0.0910864993929863,0.05565899983048439,-0.12187663465738297
1749220511177509400,4.22650927734375,-0.1008797436952591,0.22003409266471863,-0.23398560285568237
1749220511187499300,4.236499267578125,0.11364347487688065,-0.1847650557756424,-0.17305514216423035
1749220511197490200,4.246490234375,0.07992066442966461,0.017138240858912468,-0.11971095204353333
1749220511207481000,4.256481201171875,0.13229279220104218,-0.17193500697612762,-0.07923543453216553
1749220511217472300,4.26647216796875,0.16403473913669586,-0.34570813179016113,0.03789784759283066
1749220511227463200,4.276463134765625,0.17854391038417816,-0.23352833092212677,0.020564397796988487
1749220511237454000,4.2864541015625,0.1539059430360794,-0.16704651713371277,0.046730220317840576
1749220511247445200,4.2964453125,0.1663445085287094,-0.19338543713092804,0.03206446021795273
1749220511257436200,4.306436279296875,0.19268876314163208,-0.08751174062490463,-0.0028096348978579044
1749220511267427300,4.31642724609375,0.20004414021968842,-0.040760211646556854,-0.05242139473557472
1749220511277418200,4.326418212890625,0.19158726930618286,-0.06993061304092407,-0.05071058124303818
1749220511287408400,4.336408447265625,0.19454951584339142,0.010783671401441097,-0.03899560123682022
1749220511297399300,4.3463994140625,0.16307254135608673,0.11051958799362183,-0.041495244950056076
1749220511307390200,4.35639013671875,0.12133122235536575,0.14490818977355957,-0.04783649742603302
1749220511317381000,4.366381103515625,0.06215844675898552,0.1383456289768219,-0.09136400371789932
1749220511327372300,4.376372314453125,0.024524783715605736,0.10481642931699753,-0.08338037878274918
1749220511337363200,4.38636328125,-0.035047199577093124,0.12609349191188812,-0.09490866959095001
1749220511347354000,4.39635400390625,-0.10017293691635132,0.286842942237854,-0.05173163861036301
1749220511357345300,4.40634521484375,-0.10785642266273499,0.20102578401565552,-0.15477067232131958
1749220511367336200,4.416336181640625,-0.15251018106937408,0.38473302125930786,-0.1311074197292328
1749220511377327000,4.4263271484375,-0.22705738246440887,0.6018134355545044,-0.04432431980967522
1749220511387317200,4.436317138671875,-0.25701236724853516,0.4582085907459259,0.05597564950585365
1749220511397308400,4.446308349609375,-0.36034834384918213,0.4489644765853882,0.15341325104236603
1749220511407299300,4.45629931640625,-0.4197898209095001,0.6247709393501282,0.20601415634155273
1749220511417290200,4.466290283203125,-0.41877037286758423,0.6636762619018555,0.32155779004096985
1749220511427281200,4.47628125,0.06325380504131317,-0.314109206199646,0.05711282044649124
1749220511437272300,4.486272216796875,0.552538275718689,-0.3586159348487854,-0.04037565365433693
1749220511447263200,4.49626318359375,0.5080277919769287,-0.5907295942306519,0.1107235848903656
1749220511457253400,4.50625341796875,0.30494844913482666,-0.7774683237075806,0.12814198434352875
1749220511467244300,4.516244384765625,0.14551778137683868,-0.8621280789375305,0.0021262678783386946
1749220511477235200,4.526235107421875,0.02737969346344471,-0.49567100405693054,-0.0209505558013916
1749220511487226400,4.536226318359375,-0.053593188524246216,-0.06806347519159317,0.09872391074895859
1749220511497216500,4.546216552734375,-0.05303099378943443,0.08011427521705627,0.021682392805814743
1749220511507207400,4.55620751953125,0.022337529808282852,0.06773217767477036,0.055034223943948746
1749220511517198300,4.5661982421875,0.007488276343792677,0.09614996612071991,0.1286408007144928
1749220511527189200,4.576189208984375,-0.030879618600010872,-0.16626034677028656,0.08210578560829163
1749220511537180400,4.586180419921875,-0.06421387195587158,-0.08188128471374512,-0.000007989483492565341
1749220511547171300,4.59617138671875,-0.0009238505735993385,-0.15451793372631073,0.01649215817451477
1749220511557162200,4.606162353515625,0.04091121256351471,-0.07665430009365082,-0.029642313718795776
1749220511567153400,4.6161533203125,0.07134635001420975,-0.2558474838733673,-0.018019746989011765
1749220511577144300,4.626144287109375,0.05047063156962395,-0.2019437700510025,0.01936597377061844
1749220511587135200,4.63613525390625,-0.09698273986577988,-0.05037129297852516,-0.22773276269435883
1749220511597126400,4.64612646484375,-0.15926209092140198,0.09886878728866577,-0.21509553492069244
1749220511607116500,4.656116455078125,-0.053572945296764374,0.18162891268730164,0.0854099690914154
1749220511617107500,4.666107421875,-0.009619071148335934,0.15466547012329102,0.01506763231009245
1749220511627098400,4.676098388671875,0.017833858728408813,0.05071564018726349,-0.13888971507549286
1749220511637089500,4.686089599609375,0.008106129243969917,-0.09285031259059906,-0.04787697643041611
1749220511647080400,4.69608056640625,0.0029523803386837244,-0.15972894430160522,-0.001544100814498961
1749220511657071400,4.7060712890625,0.0379449836909771,-0.11657241731882095,-0.06559845060110092
1749220511667062300,4.716062255859375,0.05125652998685837,-0.06882113963365555,-0.07353121042251587
1749220511677053400,4.726053466796875,0.014973356388509274,-0.06750766932964325,-0.029110480099916458
1749220511687044400,4.73604443359375,-0.011700332164764404,-0.05385950207710266,-0.026865435764193535
1749220511697035300,4.74603515625,0.001996838254854083,-0.0010964233661070466,-0.03648078069090843
1749220511707025400,4.756025390625,0.01170459296554327,0.014312626793980598,-0.03611645847558975
1749220511717016600,4.7660166015625,-0.0029830066487193108,-0.01290354784578085,-0.03558382764458656
1749220511727007500,4.776007568359375,-0.013484117574989796,-0.025374066084623337,-0.02882126159965992
1749220511736998400,4.785998291015625,-0.003148122690618038,-0.0013917679898440838,-0.030345123261213303
1749220511746989600,4.795989501953125,-0.0008668589289300144,0.010331733152270317,-0.030296919867396355
1749220511756980500,4.80598046875,-0.00999084860086441,-0.001064998097717762,-0.03202850744128227
1749220511766971400,4.815971435546875,-0.006859770510345697,-0.0049034119583666325,-0.025465944781899452
1749220511776962300,4.82596240234375,0.003084473079070449,0.006452306639403105,-0.024625718593597412
1749220511786953500,4.835953369140625,0.005373193882405758,0.003605121048167348,-0.020988106727600098
1749220511796944400,4.8459443359375,-0.0016908409306779504,0.0421045757830143,-0.028314461931586266
1749220511806934300,4.855934326171875,-0.03199974447488785,0.10933554172515869,-0.04885835200548172
1749220511816925200,4.86592529296875,-0.04013703390955925,0.12629801034927368,-0.03478381410241127
1749220511826916400,4.875916259765625,-0.012947756797075272,0.09688473492860794,-0.013579990714788437
1749220511836907300,4.8859072265625,0.025362614542245865,0.0308159701526165,-0.019964387640357018
1749220511846898400,4.8958984375,0.04783809557557106,-0.06634413450956345,-0.022287195548415184
1749220511856889600,4.9058896484375,0.05433008447289467,-0.17148733139038086,-0.004219778813421726
1749220511866880500,4.915880615234375,0.06683442741632462,-0.2698858082294464,0.028909413143992424
1749220511876871400,4.925871337890625,0.07192825525999069,-0.37683701515197754,-0.013512080535292625
1749220511886862300,4.9358623046875,-0.6662020087242126,-1.5143495798110962,-0.5645083785057068
1749220511896853500,4.945853515625,-0.26482632756233215,-0.5131970047950745,0.12234748154878616
1749220511906844400,4.955844482421875,0.4831368327140808,-0.48313817381858826,0.4706157147884369
1749220511916834300,4.965834228515625,0.3725152611732483,-0.46671098470687866,-0.13959118723869324
1749220511926825200,4.9758251953125,0.16923855245113373,-0.6642059683799744,-0.23127849400043488
1749220511936816400,4.98581640625,-0.003156644757837057,-0.47389858961105347,0.0684853196144104
1749220511946807300,4.995807373046875,-0.028257470577955246,0.006114351563155651,0.12377414107322693
1749220511956798200,5.005798095703125,0.07513629645109177,0.4679277837276459,-0.042622826993465424
1749220511966789400,5.015789306640625,-0.03383679315447807,0.5615416169166565,-0.027535220608115196
1749220511976780300,5.0257802734375,-0.22629758715629578,0.4124075472354889,0.017558753490447998
1749220511986771500,5.035771484375,-0.24644014239311218,0.2642148733139038,-0.006131395697593689
1749220511996762400,5.045762451171875,-0.16075053811073303,0.29043182730674744,-0.005530320107936859
1749220512006753500,5.05575341796875,-0.0719279870390892,0.3411237597465515,0.0005070658517070115
1749220512016743400,5.065743408203125,-0.019392073154449463,0.33903318643569946,-0.024999892339110374
1749220512026734300,5.075734375,-0.015784023329615593,0.3980728089809418,-0.05742121487855911
1749220512036725200,5.085725341796875,0.024276044219732285,0.5644239783287048,-0.03346981108188629
1749220512046716400,5.09571630859375,0.022488264366984367,0.6106772422790527,-0.019721772521734238
1749220512056707300,5.105707275390625,-0.1334102600812912,0.5822141766548157,-0.036916207522153854
1749220512066698200,5.1156982421875,-0.2598472833633423,0.4203093945980072,-0.0702105164527893
1749220512076689400,5.125689453125,-0.25067242980003357,0.377621591091156,-0.0357220433652401
1749220512086680300,5.135680419921875,-0.10546410828828812,0.33745285868644714,0.013791445642709732
1749220512096671200,5.145671142578125,-0.004884770140051842,0.3103727698326111,0.02407311275601387
1749220512106662400,5.155662353515625,-0.0036887445021420717,0.15955103933811188,0.016035957261919975
1749220512116653600,5.165653564453125,-0.03652898222208023,0.16970540583133698,0.04637948423624039
1749220512126643500,5.1756435546875,-0.05156305804848671,0.2288731336593628,0.023363379761576653
1749220512136634400,5.18563427734375,-0.04339035227894783,0.06593800336122513,-0.061228469014167786
1749220512146625300,5.195625244140625,0.0043593281880021095,-0.28858545422554016,-0.03922836109995842
1749220512156616400,5.205616455078125,0.09771297872066498,-0.5470665693283081,-0.026562102138996124
1749220512166607400,5.215607421875,0.19579507410526276,-0.4612802565097809,-0.0789768397808075
1749220512176598300,5.225598388671875,0.21059052646160126,-0.2201688587665558,-0.11574391275644302
1749220512186589400,5.23558935546875,0.1479889303445816,-0.07347980886697769,-0.17962221801280975
1749220512196580400,5.245580322265625,0.053400907665491104,0.2954108715057373,-0.25477102398872375
1749220512206571300,5.2555712890625,0.005602225661277771,0.38183605670928955,-0.2833597958087921
1749220512216562200,5.265562255859375,0.011254251934587955,0.4338712692260742,-0.3377476930618286
1749220512226552600,5.275552490234375,0.013248427771031857,0.49092525243759155,-0.4217296540737152
1749220512236543500,5.28554345703125,-0.06817665696144104,0.504122793674469,-0.4458637535572052
1749220512246534400,5.295534423828125,0.03898574784398079,0.8654245734214783,-0.574123203754425
1749220512256525300,5.305525390625,0.3092944622039795,0.9688878059387207,-0.6019404530525208
1749220512266516500,5.3155166015625,0.44500356912612915,1.0408637523651123,-0.5353419780731201
1749220512276507400,5.32550732421875,0.486299604177475,0.9591683745384216,-0.4841720163822174
1749220512286498300,5.335498291015625,0.4451359212398529,1.0759122371673584,-0.48353445529937744
1749220512296489500,5.345489501953125,0.3460269272327423,1.1694315671920776,-0.46044057607650757
1749220512306480400,5.35548046875,0.2415822595357895,1.2555962800979614,-0.4282144606113434
1749220512316471300,5.36547119140625,0.12177357077598572,1.120833158493042,-0.33700039982795715
1749220512326462200,5.375462158203125,-0.0062946476973593235,0.950404703617096,-0.2854298949241638
1749220512336452600,5.38545263671875,-0.044440168887376785,0.6120697855949402,-0.18499808013439178
1749220512346443500,5.395443603515625,0.04393603280186653,0.3859972357749939,-0.11086313426494598
1749220512356434400,5.405434326171875,0.1693032681941986,0.2917303740978241,-0.053160689771175385
1749220512366425300,5.41542529296875,0.25641608238220215,0.2404530793428421,-0.019599001854658127
1749220512376416500,5.42541650390625,0.2450755387544632,0.09421198815107346,0.04700452834367752
1749220512386407400,5.435407470703125,0.19683849811553955,-0.06017039716243744,0.14869573712348938
1749220512396398300,5.4453984375,0.1215067207813263,-0.5300928950309753,0.28697478771209717
1749220512406389500,5.455389404296875,0.04819495975971222,-0.6478490829467773,0.35054337978363037
1749220512416380400,5.46538037109375,0.06145830079913139,-0.716987669467926,0.42610231041908264
1749220512426371300,5.475371337890625,0.04885702207684517,-0.5754462480545044,0.4443313777446747
1749220512436361200,5.485361328125,-0.0391271635890007,-0.38244378566741943,0.46245765686035156
1749220512446352400,5.495352294921875,-0.14118322730064392,-0.1323244869709015,0.3909003734588623
1749220512456343300,5.50534326171875,-0.24950623512268066,0.2502942681312561,0.2911679148674011
1749220512466334700,5.515334716796875,-0.26519277691841125,0.5537207126617432,0.23415523767471313
1749220512476325600,5.52532568359375,-0.22604724764823914,0.7431633472442627,0.1665881872177124
1749220512486316800,5.53531689453125,-0.16080139577388763,0.7213688492774963,0.16182245314121246
1749220512496308000,5.545307861328125,-0.12661519646644592,0.5429996252059937,0.15581676363945007
1749220512506299000,5.555298828125,-0.1251608431339264,0.2983403503894806,0.2283807098865509
1749220512516289800,5.565289794921875,-0.14533935487270355,0.07392428815364838,0.2794143259525299
1749220512526280700,5.57528076171875,-0.17061728239059448,-0.29805514216423035,0.308135986328125
1749220512536270800,5.585270751953125,-0.23934628069400787,-0.651913046836853,0.3121056854724884
1749220512546261800,5.59526171875,-0.30342167615890503,-1.0173182487487793,0.2989802956581116
1749220512556252700,5.605252685546875,-0.3372499346733093,-1.3456507921218872,0.2967411279678345
1749220512566243600,5.61524365234375,-0.29582685232162476,-1.5436091423034668,0.28511348366737366
1749220512576234800,5.62523486328125,-0.17346686124801636,-1.6097253561019897,0.2340894639492035
1749220512586225700,5.6352255859375,-0.020257601514458656,-1.612626552581787,0.207489013671875
1749220512596216600,5.645216552734375,0.1251762956380844,-1.5227779150009155,0.20649857819080353
1749220512606207700,5.655207763671875,0.21317937970161438,-1.3710925579071045,0.17973408102989197
1749220512616198700,5.66519873046875,0.22638973593711853,-1.0961387157440186,0.14154115319252014
1749220512626189800,5.67518994140625,0.23688338696956635,-0.7858503460884094,0.10783645510673523
1749220512636180700,5.6851806640625,0.352257639169693,-0.23763039708137512,0.07146672904491425
1749220512646171000,5.6951708984375,0.2647842466831207,-0.39296460151672363,0.045229263603687286
1749220512656161800,5.705161865234375,-0.16265389323234558,-0.003900199430063367,0.008861135691404343
1749220512666152700,5.715152587890625,-0.16468589007854462,0.15673768520355225,0.03681899979710579
1749220512676143600,5.7251435546875,-0.04818936809897423,0.4571225345134735,0.056649163365364075
1749220512686134800,5.735134765625,-0.034272752702236176,0.5779626965522766,0.03919028118252754
1749220512696125700,5.745125732421875,-0.031672440469264984,0.4970654249191284,0.029026858508586884
1749220512706116600,5.75511669921875,-0.06840275973081589,0.32692697644233704,0.02737782895565033
1749220512716107800,5.765107666015625,-0.04472299665212631,0.21579541265964508,0.026158899068832397
1749220512726098700,5.7750986328125,0.04242042824625969,0.13969558477401733,0.01936624012887478
1749220512736089600,5.785089599609375,0.06359575688838959,0.04385347291827202,0.019480757415294647
1749220512746080500,5.79508056640625,0.04183506593108177,-0.015565377660095692,0.017075389623641968
1749220512756071000,5.80507080078125,0.1245693564414978,0.17386527359485626,0.033726006746292114
1749220512766061800,5.815061767578125,0.20805838704109192,0.4712655246257782,0.045945655554533005
1749220512776052700,5.825052734375,0.06832792609930038,0.7436730861663818,0.04757390916347504
1749220512786043600,5.835043701171875,-0.35516607761383057,0.40440234541893005,0.0414544977247715
1749220512796034800,5.845034912109375,-0.02460361272096634,0.10966018587350845,0.029471606016159058
1749220512806025700,5.855025634765625,-0.11152812838554382,-0.07052583247423172,0.05962418019771576
1749220512816016600,5.8650166015625,-0.027120035141706467,-0.3059375584125519,0.061048172414302826
1749220512826007800,5.8750078125,0.38112738728523254,-0.35899996757507324,0.07457569986581802
1749220512835998700,5.884998779296875,0.1422325074672699,-0.38140806555747986,0.05110872536897659
1749220512845989600,5.89498974609375,-0.11008761823177338,-0.41415324807167053,0.04225584492087364
1749220512855979800,5.904979736328125,-0.0447099469602108,-0.26543647050857544,0.05583690106868744
1749220512865971000,5.914970947265625,0.13504303991794586,0.08489970862865448,0.045097436755895615
1749220512875961900,5.9249619140625,0.16161686182022095,0.31471478939056396,0.04884903132915497
1749220512885952800,5.934952880859375,0.233268141746521,0.27795758843421936,0.0540163628757
1749220512895943700,5.944943603515625,0.01721706986427307,0.07503350079059601,0.09893403947353363
1749220512905934800,5.954934814453125,-0.29265743494033813,0.06385647505521774,0.008730374276638031
1749220512915925800,5.96492578125,-0.1471678763628006,-0.05530986189842224,-0.009841712191700935
1749220512925916700,5.974916748046875,-0.0149238221347332,-0.08017019927501678,0.041429463773965836
1749220512935907800,5.984907958984375,0.07923756539821625,-0.04171895235776901,0.008708536624908447
1749220512945898800,5.994898681640625,0.15955770015716553,0.10240546613931656,0.0020964404102414846
1749220512955888600,6.004888671875,0.09262686967849731,0.26425960659980774,0.030311832204461098
1749220512965879600,6.014879638671875,-0.004723382648080587,0.31448817253112793,0.06828691065311432
1749220512975870700,6.02487060546875,-0.07076338678598404,0.3055780231952667,0.07858988642692566
1749220512985862000,6.03486181640625,-0.15108299255371094,0.0829169899225235,0.08311831951141357
1749220512995852800,6.044852783203125,-0.10610992461442947,-0.15125663578510284,0.0795198604464531
1749220513005843700,6.05484375,-0.042212702333927155,-0.1925675868988037,0.05313911661505699
1749220513015835000,6.0648349609375,-0.02161101996898651,-0.15839709341526031,0.03937670215964317
1749220513025825800,6.07482568359375,-0.04633607342839241,-0.14191585779190063,0.046117693185806274
1749220513035816700,6.084816650390625,-0.11318221688270569,-0.18867777287960052,0.07731796056032181
1749220513045807900,6.094807861328125,-0.2056429088115692,-0.2594662010669708,0.10808971524238586
1749220513055798800,6.104798828125,-0.21966178715229034,-0.1799338161945343,0.09324472397565842
1749220513065788700,6.11478857421875,-0.10963542014360428,-0.05886651203036308,0.024398816749453545
1749220513075779600,6.124779541015625,-0.022911706939339638,0.059482768177986145,0.01901417039334774
1749220513085770800,6.134770751953125,-0.02864069864153862,0.008673915639519691,0.007786816451698542
1749220513095761700,6.14476171875,-0.030119553208351135,0.1453382819890976,0.03696813806891441
1749220513105752800,6.1547529296875,0.03448846936225891,0.17483173310756683,0.02028796076774597
1749220513115743700,6.16474365234375,0.015473764389753342,0.28670793771743774,0.022215023636817932
1749220513125735000,6.17473486328125,-0.041018273681402206,0.20758861303329468,0.030405309051275253
1749220513135725800,6.184725830078125,-0.10833046585321426,0.05090179666876793,0.060921672731637955
1749220513145716700,6.194716796875,-0.14512762427330017,-0.08725021779537201,0.06741712242364883
1749220513155708000,6.2047080078125,-0.11364613473415375,-0.14024552702903748,0.05750430375337601
1749220513165697800,6.21469775390625,-0.05703798681497574,-0.17963047325611115,0.049847185611724854
1749220513175688700,6.224688720703125,-0.028373584151268005,-0.10956510901451111,0.04210617393255234
1749220513185679600,6.2346796875,-0.06041993573307991,0.0214829221367836,0.03563256189227104
1749220513195670800,6.2446708984375,-0.0822858214378357,0.1695600003004074,0.033065807074308395
1749220513205661700,6.25466162109375,-0.12899047136306763,0.2674327790737152,0.04596163332462311
1749220513215652600,6.264652587890625,-0.15888765454292297,0.36747387051582336,0.026928553357720375
1749220513225643500,6.2746435546875,-0.12296027690172195,0.33911919593811035,0.01449665054678917
1749220513235634700,6.284634765625,-0.09935055673122406,0.30560997128486633,0.04177248105406761
1749220513245625900,6.2946259765625,-0.06919558346271515,0.25328314304351807,0.047500673681497574
1749220513255616800,6.30461669921875,-0.0350746288895607,0.2445937693119049,0.03933835029602051
1749220513265608000,6.31460791015625,-0.0177004337310791,0.22815246880054474,0.036324452608823776
1749220513275597800,6.324597900390625,-0.034392327070236206,0.24708648025989532,0.04826739802956581
1749220513285588700,6.334588623046875,-0.03825763985514641,0.2811422049999237,0.06101541593670845
1749220513295579600,6.34457958984375,-0.004208859521895647,0.2866607904434204,0.07901572436094284
1749220513305570800,6.35457080078125,0.06761100143194199,0.30257344245910645,0.07929801940917969
1749220513315561700,6.364561767578125,0.17092274129390717,0.2810215353965759,0.06908772140741348
1749220513325552600,6.374552734375,0.2849915325641632,0.3629089593887329,0.05362860858440399
1749220513335543600,6.38454345703125,0.3731083273887634,0.41336148977279663,0.05408720299601555
1749220513345534700,6.39453466796875,0.4222971796989441,0.41265761852264404,0.0601152703166008
1749220513355525600,6.404525634765625,0.44345706701278687,0.4593662619590759,0.05275801941752434
1749220513365516500,6.4145166015625,0.37268728017807007,0.440984845161438,0.049419745802879333
1749220513375506700,6.424506591796875,0.23652438819408417,0.28662270307540894,0.07117004692554474
1749220513385497900,6.434497802734375,0.08622516691684723,0.15159031748771667,0.09714972227811813
1749220513395488800,6.44448876953125,0.025538649410009384,0.12145186215639114,0.08753916621208191
1749220513405479700,6.454479736328125,0.019206983968615532,0.13744200766086578,0.07664577662944794
1749220513415470800,6.464470947265625,0.06961476057767868,0.1672438532114029,0.08253642171621323
1749220513425461800,6.474461669921875,0.10389550775289536,0.23172031342983246,0.088895782828331
1749220513435452700,6.48445263671875,0.11689386516809464,0.2927578389644623,0.08086954802274704
1749220513445443600,6.494443603515625,0.09702534973621368,0.31804242730140686,0.06208760663866997
1749220513455434800,6.504434814453125,0.050331614911556244,0.3194349706172943,0.05257106572389603
1749220513465425700,6.51442578125,0.06018770486116409,0.2955877184867859,0.0536363311111927
1749220513475415800,6.524415771484375,0.10520897805690765,0.23431716859340668,0.03787148371338844
1749220513485406700,6.53440673828125,0.13976003229618073,0.12532703578472137,0.035782232880592346
1749220513495397600,6.544397705078125,0.16478441655635834,-0.03771009296178818,0.04021080210804939
1749220513505388800,6.554388916015625,0.18694378435611725,-0.15371659398078918,0.026012958958745003
1749220513515379700,6.564379638671875,0.20995989441871643,-0.22524696588516235,0.011513377539813519
1749220513525370600,6.57437060546875,0.2061808705329895,-0.272721529006958,0.003311374457553029
1749220513535361800,6.58436181640625,0.14452709257602692,-0.20864827930927277,0.005450159311294556
1749220513545352700,6.594352783203125,0.06909145414829254,-0.10610326379537582,-0.00381391285918653
1749220513555343600,6.604343505859375,0.01245134323835373,0.09633532166481018,0.0036788906436413527
1749220513565334500,6.61433447265625,-0.008203867822885513,0.09191740304231644,0.007866711355745792
1749220513575325700,6.62432568359375,0.030856182798743248,0.07071944326162338,0.0012996225850656629
1749220513585315600,6.634315673828125,-0.005693838465958834,-0.0455632247030735,-0.013519803062081337
1749220513595306800,6.644306640625,-0.13276870548725128,-0.20042364299297333,-0.030304376035928726
1749220513605297700,6.654297607421875,-0.2608286738395691,-0.13169997930526733,-0.09315444529056549
1749220513615288800,6.664288818359375,-0.4120083153247833,0.057668887078762054,-0.1093352809548378
1749220513625279700,6.67427978515625,-0.5433969497680664,0.01858833245933056,-0.06173287332057953
1749220513635270700,6.684270751953125,-0.5179123878479004,0.16311195492744446,-0.02057771384716034
1749220513645261800,6.69426171875,-0.348589688539505,0.22044262290000916,-0.016631174832582474
1749220513655252700,6.704252685546875,-0.19791094958782196,0.3296964168548584,-0.03290601819753647
1749220513665243600,6.71424365234375,-0.1799231618642807,0.20430760085582733,-0.034086063504219055
1749220513675234600,6.724234619140625,-0.13784468173980713,0.15914703905582428,-0.02857811562716961
1749220513685224700,6.734224609375,-0.018664764240384102,0.08983694761991501,-0.04033171012997627
1749220513695215600,6.744215576171875,0.0942402184009552,0.09428521990776062,-0.03218643367290497
1749220513705206500,6.75420654296875,0.15676990151405334,0.11160323023796082,-0.012446283362805843
1749220513715197400,6.764197509765625,0.11227114498615265,0.13608087599277496,-0.014490259811282158
1749220513725188600,6.774188720703125,0.09312594681978226,0.16233591735363007,-0.006910636555403471
1749220513735179800,6.7841796875,0.10214074701070786,0.3052395284175873,-0.008614793419837952
1749220513745170700,6.794170654296875,0.06996151059865952,0.32286059856414795,-0.027055585756897926
1749220513755161900,6.804161865234375,0.06828344613313675,0.3037974238395691,-0.026552781462669373
1749220513765152800,6.81415283203125,0.16645102202892303,0.2845150828361511,-0.026808710768818855
1749220513775143700,6.824143798828125,0.25224342942237854,0.24553386867046356,-0.0415722094476223
1749220513785133600,6.834133544921875,0.3129728138446808,0.23133069276809692,-0.04195037856698036
1749220513795124700,6.844124755859375,0.3060179650783539,0.19032493233680725,-0.04560583457350731
1749220513805115600,6.85411572265625,0.2489461749792099,0.0895695611834526,-0.03949201479554176
1749220513815106600,6.8641064453125,0.19123919308185577,0.032765936106443405,-0.0485646054148674
1749220513825097500,6.874097412109375,0.1346805840730667,0.08615512400865555,-0.0326804481446743
1749220513835088600,6.884088623046875,0.15050961077213287,0.12814678251743317,-0.013176255859434605
1749220513845079600,6.89407958984375,0.10820449888706207,0.17308177053928375,-0.02696290798485279
1749220513855070500,6.904070556640625,0.11313401162624359,0.16721536219120026,-0.035224832594394684
1749220513865061600,6.9140615234375,0.09078636020421982,0.16176359355449677,-0.03797641023993492
1749220513875052800,6.924052734375,0.1341138631105423,0.1347133368253708,-0.0446377769112587
1749220513885043700,6.934043701171875,0.13066959381103516,0.15627188980579376,-0.04926501587033272
1749220513895033600,6.94403369140625,0.08118460327386856,0.11260643601417542,-0.03689676523208618
1749220513905024800,6.954024658203125,0.027224963530898094,0.08858286589384079,-0.018874354660511017
1749220513915015700,6.964015625,0.010147176682949066,0.04736458510160446,-0.021016335114836693
1749220513925006600,6.974006591796875,-0.003637611633166671,-0.009941580705344677,-0.024506408721208572
1749220513934997500,6.98399755859375,0.007871504873037338,-0.038601987063884735,-0.005045624915510416
1749220513944988700,6.99398876953125,0.037026192992925644,0.044856153428554535,-0.012316587381064892
1749220513954979600,7.0039794921875,0.05656128004193306,0.1797655075788498,-0.034818701446056366
1749220513964970500,7.013970458984375,-0.02328694611787796,0.2398568093776703,-0.031675636768341064
1749220513974961700,7.023961669921875,-0.09085400402545929,0.2198183834552765,-0.017287110909819603
1749220513984952600,7.03395263671875,-0.06071687489748001,0.17715933918952942,-0.007444866932928562
1749220513994942700,7.043942626953125,-0.040706951171159744,0.03549434617161751,0.011411911807954311
1749220514004933600,7.05393359375,0.010045710019767284,-0.1236758679151535,0.029685724526643753
1749220514014924800,7.0639248046875,0.048895105719566345,-0.1786685436964035,0.02588379569351673
1749220514024915700,7.073915771484375,0.10158334672451019,-0.13162966072559357,0.053101833909749985
1749220514034906600,7.08390673828125,0.08200831711292267,-0.11459049582481384,0.07427716255187988
1749220514044897500,7.0938974609375,0.020566260442137718,-0.026254773139953613,0.06898492574691772
1749220514054888700,7.103888671875,0.002692455891519785,0.109386146068573,0.0806993767619133
1749220514064879600,7.113879638671875,-0.022038988769054413,0.10152928531169891,0.07666974514722824
1749220514074870500,7.12387060546875,-0.029111279174685478,0.037814490497112274,0.08774743229150772
1749220514084861700,7.13386181640625,-0.06475609540939331,-0.04077858850359917,0.04351019114255905
1749220514094851800,7.143851806640625,-0.08318090438842773,-0.14758865535259247,0.022494390606880188
1749220514104842800,7.1538427734375,0.016530239954590797,-0.2063813954591751,0.030280141159892082
1749220514114833700,7.163833740234375,0.05182990804314613,-0.21662551164627075,0.02672428824007511
1749220514124824800,7.173824951171875,0.05378866195678711,-0.21848121285438538,0.02568858489394188
1749220514134815700,7.183815673828125,0.13203100860118866,-0.2500404715538025,-0.008234228007495403
1749220514144806700,7.193806640625,0.15341192483901978,-0.31672734022140503,-0.02569923736155033
1749220514154797600,7.203797607421875,0.10682045668363571,-0.30811068415641785,-0.02185043692588806
1749220514164788700,7.213788818359375,0.14488369226455688,-0.3689271807670593,0.007626228034496307
1749220514174779600,7.223779541015625,0.13580097258090973,-0.30293723940849304,0.0009262474486604333
1749220514184770600,7.2337705078125,0.13488458096981049,-0.2781578600406647,-0.0037523938808590174
1749220514194761700,7.24376171875,0.04120495915412903,-0.15228328108787537,-0.04340340197086334
1749220514204751600,7.253751708984375,-0.01714782789349556,-0.15521888434886932,-0.04031519964337349
1749220514214742800,7.26374267578125,0.06923340260982513,-0.08576710522174835,-0.04372857138514519
1749220514224733700,7.273733642578125,0.04815448075532913,0.013797038234770298,-0.06401679664850235
1749220514234724900,7.283724853515625,-0.0012029499048367143,-0.055859003216028214,-0.0705559253692627
1749220514244715800,7.2937158203125,0.08556044101715088,0.06432359665632248,-0.07011277228593826
1749220514254706700,7.303706787109375,-0.010753045789897442,-0.07729186117649078,-0.06651164591312408
1749220514264697600,7.313697509765625,0.12769590318202972,-0.14583097398281097,-0.05389945209026337
1749220514274688800,7.323688720703125,-0.025646507740020752,-0.13912832736968994,-0.05429066717624664
1749220514284679700,7.3336796875,-0.008521050214767456,-0.2319919615983963,-0.08733144402503967
1749220514294670600,7.343670654296875,0.003597398055717349,-0.20883843302726746,-0.06336192786693573
1749220514304660500,7.353660400390625,-0.005061337724328041,-0.2581798732280731,-0.03340376168489456
1749220514314651600,7.363651611328125,0.009730657562613487,-0.21764524281024933,-0.048772066831588745
1749220514324642600,7.373642578125,-0.09099994599819183,-0.19077527523040771,-0.07568889856338501
1749220514334633500,7.383633544921875,-0.08575804531574249,-0.2577849328517914,-0.05675329267978668
1749220514344624600,7.393624755859375,0.047639958560466766,-0.3356134295463562,-0.038236070424318314
1749220514354615800,7.40361572265625,0.06951862573623657,-0.6033814549446106,-0.016172312200069427
1749220514364606700,7.413606689453125,0.007405984681099653,-0.966242790222168,-0.04872306436300278
1749220514374597600,7.42359765625,-0.1161031723022461,-1.4274338483810425,-0.0469462014734745
1749220514384588800,7.4335888671875,-0.19193720817565918,-1.7944598197937012,0.014150706119835377
1749220514394579700,7.443579833984375,-0.23530572652816772,-2.0433943271636963,0.06380827724933624
1749220514404570600,7.453570556640625,-0.23525220155715942,-2.0901103019714355,0.05518469214439392
1749220514414560500,7.463560546875,-0.3313257396221161,-1.961564302444458,0.04155915975570679
1749220514424551700,7.4735517578125,-0.38870859146118164,-1.7796519994735718,0.042399920523166656
1749220514434542600,7.48354248046875,-0.3687487244606018,-1.539488434791565,0.024888571351766586
1749220514444533500,7.493533447265625,-0.4006699323654175,-1.5078972578048706,-0.0372038260102272
1749220514454524700,7.503524658203125,-0.44316384196281433,-1.4837149381637573,-0.12675741314888
1749220514464515000,7.51351513671875,-0.5014098286628723,-1.287090539932251,-0.18711157143115997
1749220514474506000,7.523506103515625,-0.4847581684589386,-0.9943130016326904,-0.20693959295749664
1749220514484497200,7.5334970703125,-0.44857725501060486,-0.657953143119812,-0.16455325484275818
1749220514494488000,7.543488037109375,-0.292594313621521,-0.24631603062152863,-0.11088284105062485
1749220514504479000,7.55347900390625,-0.09682241827249527,0.01583249308168888,-0.0991862416267395
1749220514514468900,7.56346875,-0.02021339163184166,0.18987992405891418,-0.08219340443611145
1749220514524460000,7.5734599609375,-0.005942843854427338,0.3227303922176361,-0.055507998913526535
1749220514534451000,7.583450927734375,0.010957309976220131,0.3472546339035034,-0.04218686744570732
1749220514544441900,7.59344189453125,-0.01161777414381504,0.2487110197544098,-0.09363407641649246
1749220514554433000,7.60343310546875,-0.08891548961400986,0.24048291146755219,-0.11520062386989594
1749220514564424000,7.613423828125,-0.16675755381584167,0.24764467775821686,-0.10919918864965439
1749220514574414800,7.623414794921875,-0.21665240824222565,0.29528623819351196,-0.10518953949213028
1749220514584406000,7.633406005859375,-0.2080133855342865,0.42782485485076904,-0.09838063269853592
1749220514594397200,7.643397216796875,-0.13968013226985931,0.5463752150535583,-0.10393412411212921
1749220514604388000,7.65338818359375,-0.10322678834199905,0.5522642135620117,-0.08357398957014084
1749220514614379000,7.66337890625,-0.07896912097930908,0.5211102962493896,-0.04700026661157608
1749220514624369000,7.673368896484375,-0.054484546184539795,0.47761449217796326,-0.01974254474043846
1749220514634360000,7.683360107421875,0.01841043308377266,0.3880196511745453,0.006685866042971611
1749220514644351000,7.69335107421875,0.08373910188674927,0.33162373304367065,0.009733853861689568
1749220514654342000,7.703341796875,0.110881507396698,0.1766570657491684,0.05302220582962036
1749220514664333000,7.7133330078125,0.08503473550081253,0.36068522930145264,0.0504772886633873
1749220514674324000,7.723323974609375,0.1985762119293213,0.3482959270477295,0.04162387549877167
1749220514684315000,7.73331494140625,0.1503402292728424,0.4700753688812256,0.03236113488674164
1749220514694305800,7.743305908203125,0.06691538542509079,0.38831204175949097,0.0516890287399292
1749220514704297000,7.753296875,0.024176176637411118,0.32637012004852295,0.07005312293767929
1749220514714287900,7.763287841796875,0.03105911612510681,0.2014433741569519,0.055624112486839294
1749220514724278000,7.773278076171875,0.01569533906877041,0.07520420849323273,0.04127846285700798
1749220514734269000,7.78326904296875,0.04579465091228485,-0.03572950139641762,0.05110606178641319
1749220514744260000,7.793260009765625,0.07070133090019226,-0.01056316215544939,0.06723469495773315
1749220514754251000,7.8032509765625,0.13186055421829224,0.11250710487365723,0.09266788512468338
1749220514764242000,7.813241943359375,0.1366228312253952,0.2677776515483856,0.08771839737892151
1749220514774233000,7.823233154296875,0.11631275713443756,0.30630773305892944,0.07781250774860382
1749220514784224000,7.83322412109375,0.05534208565950394,0.31180131435394287,0.07807216793298721
1749220514794215000,7.84321484375,0.01281806081533432,0.22778576612472534,0.08607230335474014
1749220514804205800,7.853205810546875,-0.016040485352277756,0.13943353295326233,0.08034304529428482
1749220514814197000,7.863197021484375,-0.005861617624759674,0.07348646968603134,0.09082284569740295
1749220514824187100,7.873187255859375,0.014479872770607471,-0.026007898151874542,0.09060952812433243
1749220514834178000,7.883177978515625,-0.015421033836901188,0.058031078428030014,0.09467270970344543
1749220514844169000,7.8931689453125,-0.004524710588157177,0.08059018105268478,0.10633283108472824
1749220514854160100,7.90316015625,-0.035707131028175354,0.032054606825113297,0.08163867145776749
1749220514864151000,7.913151123046875,-0.07366090267896652,0.020174510776996613,0.05969741940498352
1749220514874142000,7.923141845703125,-0.04785513877868652,0.05957571044564247,0.06547301262617111
1749220514884133000,7.933133056640625,-0.022400913760066032,0.09886959195137024,0.05127250775694847
1749220514894124000,7.9431240234375,-0.014659370295703411,0.07920720428228378,0.044854555279016495
1749220514904115000,7.953114990234375,-0.02100248634815216,0.04168592765927315,0.047622114419937134
1749220514914105900,7.96310595703125,-0.01944107562303543,0.026131469756364822,0.04902772977948189
1749220514924097000,7.973096923828125,-0.012802081182599068,0.021705562248826027,0.04114557057619095
1749220514934087000,7.9830869140625,-0.008817460387945175,0.013088637962937355,0.04584471881389618
1749220514944078000,7.993078125,-0.007661648094654083,-0.0035300198942422867,0.04584711790084839
1749220514954069000,8.003069091796876,-0.005562544334679842,-0.008589493110775948,0.039869651198387146
1749220514964060200,8.01306005859375,-0.0025651566684246063,-0.007253918331116438,0.04555470123887062
1749220514974051000,8.023051025390625,-0.0009230516152456403,0.0038535939529538155,0.0419386625289917
1749220514984042000,8.0330419921875,-0.006413158029317856,0.003491936717182398,0.04150136932730675
1749220514994033200,8.043033203125,-0.011393535882234573,-0.0027603665366768837,0.041969288140535355
1749220515004024000,8.053024169921875,-0.004168379586189985,-0.0038842204958200455,0.036310069262981415
1749220515014015000,8.063014892578124,-0.006147108506411314,-0.004215517546981573,0.03761395439505577
1749220515024006000,8.073005859375,-0.005209675524383783,-0.007789480034261942,0.034803252667188644
1749220515033997000,8.0829970703125,-0.003221359569579363,0.001892175991088152,0.031155256554484367
1749220515043987000,8.092987060546875,-0.0030415961518883705,0.006098106037825346,0.03484480082988739
1749220515053977900,8.102977783203125,-0.00774740194901824,0.01317865215241909,0.03708292171359062
1749220515063969000,8.112968994140624,-0.00771757448092103,0.017557688057422638,0.03731008619070053
1749220515073960200,8.122960205078124,-0.008070709183812141,0.01872282102704048,0.03338272497057915
1749220515083951000,8.132951171875,-0.008791627362370491,0.00207673292607069,0.0385734923183918
1749220515093942000,8.14294189453125,0.00010279801790602505,-0.009123191237449646,0.03315582126379013
1749220515103933200,8.15293310546875,-0.002856240142136812,-0.018192052841186523,0.033244241029024124
1749220515113924000,8.162924072265625,-0.0028810077346861362,-0.0215391144156456,0.029621275141835213
1749220515123915000,8.1729150390625,-0.008858739398419857,-0.022880814969539642,0.019089538604021072
1749220515133906000,8.182906005859374,-0.0020010992884635925,-0.02828170545399189,0.014634869061410427
1749220515143896000,8.19289599609375,0.0015137407463043928,-0.0305137000977993,0.007417436223477125
1749220515153887000,8.202886962890625,0.011744273826479912,-0.043351203203201294,-0.0051905009895563126
1749220515163878000,8.2128779296875,0.019392872229218483,-0.060020193457603455,-0.02526833862066269
1749220515173868800,8.222868896484375,0.027345603331923485,-0.07047363370656967,-0.02739141136407852
1749220515183860000,8.23285986328125,0.031267374753952026,-0.08051721006631851,-0.039081890136003494
1749220515193851000,8.242850830078124,0.032043687999248505,-0.07379858940839767,-0.03845098614692688
1749220515203842000,8.252842041015626,0.03365436568856239,-0.06088012829422951,-0.03473827242851257
1749220515213833200,8.262833251953126,0.03390044346451759,-0.03440164774656296,-0.032038893550634384
1749220515223824100,8.27282421875,0.02580523118376732,-0.021345501765608788,-0.015225824899971485
1749220515233815000,8.28281494140625,0.020264524966478348,-0.012523248791694641,0.0013382384786382318
1749220515243806000,8.292805908203125,0.018867431208491325,0.002915362361818552,0.02070154994726181
1749220515253796000,8.302796142578124,0.012004464864730835,0.014450311660766602,0.03873834013938904
1749220515263787000,8.312787109375,0.0026908579748123884,0.03169853985309601,0.05949315428733826
1749220515273778000,8.32277783203125,-0.004286357667297125,0.05127357318997383,0.08107195049524307
1749220515283768800,8.332768798828125,-0.006854976527392864,0.06902993470430374,0.10245100408792496
1749220515293760000,8.342760009765625,-0.014238590374588966,0.08712717890739441,0.12623010575771332
1749220515303751000,8.3527509765625,-0.021830996498465538,0.08833572268486023,0.14185966551303864
1749220515313741800,8.362741943359374,-0.027227891609072685,0.08854131400585175,0.15893931686878204
1749220515323733000,8.37273291015625,-0.029220202937722206,0.09083110094070435,0.16880899667739868
1749220515333724000,8.382723876953126,-0.0334562286734581,0.08865290135145187,0.18793927133083344
1749220515343715000,8.392715087890625,-0.035959064960479736,0.0887884572148323,0.1967170536518097
1749220515353705000,8.402705078125,-0.03756255656480789,0.09312701225280762,0.20261383056640625
1749220515363696000,8.412696044921875,-0.044083572924137115,0.10541138052940369,0.20654146373271942
1749220515373687000,8.42268701171875,-0.04984398931264877,0.1201503723859787,0.20634731650352478
1749220515383678000,8.432677978515626,-0.06273075938224792,0.12856383621692657,0.19533993303775787
1749220515393668900,8.4426689453125,-0.08014862984418869,0.13975763320922852,0.1763148456811905
1749220515403660000,8.452659912109375,-0.05077875778079033,0.11253107339143753,0.1689770370721817
1749220515413651000,8.46265087890625,-0.041918955743312836,0.12827222049236298,0.15787458419799805
1749220515423641900,8.472641845703125,-0.05247652530670166,0.11085674166679382,0.14370523393154144
1749220515433633000,8.482633056640625,-0.05793946608901024,0.10754749923944473,0.1280791461467743
1749220515443624000,8.4926240234375,-0.058828163892030716,0.11645044386386871,0.10829132050275803
1749220515453614800,8.50261474609375,-0.05293778330087662,0.10883353650569916,0.09913590550422668
1749220515463605800,8.512605712890625,-0.047640491276979446,0.10631632059812546,0.0824165791273117
1749220515473596700,8.5225966796875,-0.04000041261315346,0.09279545396566391,0.06914258748292923
1749220515483587600,8.532587646484375,-0.03640967234969139,0.09276269376277924,0.06371799111366272
1749220515493578800,8.542578857421875,-0.03621579334139824,0.09441544860601425,0.04703595116734505
1749220515503569700,8.552569580078124,-0.03657745197415352,0.08478093147277832,0.0347936674952507
1749220515513560600,8.562560546875,-0.031061246991157532,0.07121292501688004,0.022069349884986877
1749220515523551700,8.5725517578125,-0.025372467935085297,0.06173447147011757,0.017056748270988464
1749220515533542700,8.582542724609375,-0.017661018297076225,0.04633740335702896,0.012144280597567558
1749220515543533600,8.592533447265625,-0.013895043171942234,0.0351843535900116,0.0062674833461642265
1749220515553524700,8.602524658203125,-0.009073656052350998,0.03344663977622986,0.0054549528285861015
1749220515563515600,8.612515625,-0.003620833856984973,0.030553381890058517,0.007619570009410381
1749220515573505500,8.622505615234376,0.0001246359315700829,0.03550020232796669,0.012602610513567924
1749220515583496400,8.632496337890625,0.0018916432745754719,0.05112922936677933,0.010165286250412464
1749220515593487600,8.642487548828125,-0.0009363674325868487,0.05591866001486778,0.007285077124834061
1749220515603478800,8.652478759765625,-0.004816859494894743,0.055218249559402466,0.015088671818375587
1749220515613469700,8.6624697265625,-0.004178499802947044,0.05257745832204819,0.018876485526561737
1749220515623460600,8.672460693359374,-0.007420632056891918,0.05018860101699829,0.018007762730121613
1749220515633451800,8.68245166015625,-0.007748999632894993,0.03269216790795326,0.02400946244597435
1749220515643442700,8.692442626953126,-0.007669104728847742,0.02937360107898712,0.033491913229227066
1749220515653433600,8.70243359375,-0.00908750481903553,0.03522030636668205,0.03326847404241562
1749220515663424800,8.7124248046875,-0.013140835799276829,0.04674779623746872,0.039082687348127365
1749220515673415700,8.722415771484375,-0.022721024230122566,0.06660006940364838,0.051527637988328934
1749220515683405600,8.732405517578124,-0.028843631967902184,0.08246664702892303,0.05193749815225601
1749220515693396500,8.742396484375,-0.034091658890247345,0.09273233264684677,0.05818580836057663
1749220515703387600,8.7523876953125,-0.05982764810323715,0.1307699978351593,0.059412192553281784
1749220515713378600,8.762378662109375,-0.05922231078147888,0.11006738245487213,0.07268405705690384
1749220515723369500,8.772369384765625,-0.04983413591980934,0.13731205463409424,0.0775616392493248
1749220515733360600,8.782360595703125,-0.047018639743328094,0.13084402680397034,0.08088047057390213
1749220515743351800,8.792351806640625,-0.04934198409318924,0.12250487506389618,0.07873236387968063
1749220515753342700,8.8023427734375,-0.050757721066474915,0.11660011857748032,0.08240219950675964
1749220515763333600,8.812333740234376,-0.06058105453848839,0.13776825368404388,0.0851372629404068
1749220515773324800,8.82232470703125,-0.054905593395233154,0.13888783752918243,0.0972977876663208
1749220515783314700,8.832314697265625,-0.05060645192861557,0.15735793113708496,0.10996058583259583
1749220515793305600,8.8423056640625,-0.05600627884268761,0.17100077867507935,0.11673833429813385
1749220515803296500,8.852296630859374,-0.07250402867794037,0.19223283231258392,0.1158381849527359
1749220515813287700,8.86228759765625,-0.06861661374568939,0.17297178506851196,0.12255680561065674
1749220515823278600,8.872278564453126,-0.06181729584932327,0.18219590187072754,0.13691231608390808
1749220515833269500,8.88226953125,-0.054544467478990555,0.18139083683490753,0.14334091544151306
1749220515843260400,8.892260498046875,-0.059063851833343506,0.1680891364812851,0.1497756391763687
1749220515853251600,8.90225146484375,-0.06893991678953171,0.177604079246521,0.1613425463438034
1749220515863242800,8.91224267578125,-0.03169561177492142,0.19992004334926605,0.1754610389471054
1749220515873233700,8.922233642578124,-0.04303561896085739,0.23020444810390472,0.16809393465518951
1749220515883224800,8.932224853515624,-0.05469120666384697,0.2104451209306717,0.1890849620103836
1749220515893214700,8.942214599609375,-0.058771438896656036,0.24292822182178497,0.20353688299655914
1749220515903205600,8.95220556640625,-0.04613234102725983,0.28615984320640564,0.21243636310100555
1749220515913196500,8.962196533203125,0.008945824578404427,0.44531676173210144,0.24883857369422913
1749220515923187700,8.972187744140625,-0.003867708845064044,0.7017738223075867,0.22707097232341766
1749220515933178600,8.9821787109375,-0.059008192270994186,1.0432789325714111,0.244773268699646
1749220515943169500,8.99216943359375,-0.1384476274251938,1.441509485244751,0.2611977756023407
1749220515953160400,9.002160400390625,-0.22194944322109222,1.815019130706787,0.2642305791378021
1749220515963151600,9.012151611328125,-0.28186097741127014,2.1270811557769775,0.27982819080352783
1749220515973142500,9.022142578125,-0.32679009437561035,2.320983409881592,0.26796168088912964
1749220515983133400,9.032133544921875,-0.35915735363960266,2.3923215866088867,0.24664999544620514
1749220515993123600,9.04212353515625,-0.34925520420074463,2.4052653312683105,0.23794464766979218
1749220516003114800,9.05211474609375,-0.3281906545162201,2.4387154579162598,0.21623750030994415
1749220516013105700,9.062105712890625,-0.3412443995475769,2.4860172271728516,0.19866089522838593
1749220516023096600,9.0720966796875,-0.35883617401123047,2.58126163482666,0.1880870759487152
1749220516033087700,9.082087646484375,-0.3786197304725647,2.708136558532715,0.17021115124225616
1749220516043078700,9.09207861328125,-0.3946264088153839,2.855801820755005,0.14405331015586853
1749220516053069600,9.102069580078124,-0.40943145751953125,2.967609405517578,0.13409201800823212
1749220516063060500,9.112060546875,-0.4355725049972534,3.0214483737945557,0.14906750619411469
1749220516073051600,9.1220517578125,-0.4544231593608856,3.0237057209014893,0.15184731781482697
1749220516083042600,9.13204248046875,-0.46085548400878906,3.006319522857666,0.146894633769989
1749220516093033500,9.142033447265625,-0.44572874903678894,2.90926456451416,0.14801689982414246
1749220516103023600,9.152023681640625,-0.402620404958725,2.7575671672821045,0.1591092199087143
1749220516113014800,9.162014892578124,-0.3603781461715698,2.598329544067383,0.16529229283332825
1749220516123005700,9.172005615234376,-0.3243298828601837,2.4106132984161377,0.16948676109313965
1749220516132996600,9.18199658203125,-0.28981849551200867,2.2395150661468506,0.1833794116973877
1749220516142987800,9.19198779296875,-0.27309972047805786,2.074345588684082,0.1886466145515442
1749220516152978700,9.201978759765625,-0.2532607614994049,1.9292876720428467,0.19453619420528412
1749220516162969600,9.211969482421875,-0.23134081065654755,1.799928069114685,0.19205492734909058
1749220516172960500,9.22196044921875,-0.20629990100860596,1.6553477048873901,0.18357542157173157
1749220516182951700,9.23195166015625,-0.18316955864429474,1.5192697048187256,0.16035665571689606
1749220516192942600,9.241942626953126,-0.15450888872146606,1.3988072872161865,0.1382897049188614
1749220516202932500,9.251932373046875,-0.12260208278894424,1.2752842903137207,0.11749333888292313
1749220516212923600,9.261923583984375,-0.10806681215763092,1.1514296531677246,0.09711349755525589
1749220516222914800,9.271914794921875,-0.09878676384687424,1.023410439491272,0.08972375839948654
1749220516232905700,9.28190576171875,-0.08037526905536652,0.9124937653541565,0.31869009137153625
1749220516242896600,9.291896728515624,0.009119728580117226,0.455105185508728,0.3728116452693939
1749220516252887800,9.3018876953125,0.13023363053798676,-0.1709080934524536,0.11632687598466873
1749220516262878700,9.311878662109375,0.35089731216430664,-0.3242760896682739,0.12769751250743866
1749220516272869600,9.32186962890625,0.40832439064979553,-0.3437773287296295,0.22383283078670502
1749220516282860500,9.331860595703125,0.32221850752830505,-0.3759922683238983,0.19141709804534912
1749220516292851700,9.341851806640625,0.2383691668510437,-0.23700295388698578,0.1127806082367897
1749220516302842600,9.351842529296874,0.19337771832942963,0.0468607172369957,0.10202863067388535
1749220516312832500,9.36183251953125,0.21425050497055054,0.3387431800365448,0.12612304091453552
1749220516322823400,9.371823486328125,0.18371737003326416,0.43072929978370667,0.11396678537130356
1749220516332814600,9.381814697265625,0.14462482929229736,0.3547588884830475,0.0866699144244194
1749220516342805500,9.391805419921875,0.17393983900547028,0.21755921840667725,0.09041378647089005
1749220516352796700,9.401796630859375,0.24449549615383148,0.053462158888578415,0.10019264370203018
1749220516362787800,9.411787841796874,0.30013585090637207,-0.07151652872562408,0.09524236619472504
1749220516372778800,9.42177880859375,0.33903130888938904,-0.12278664112091064,0.09788874536752701
1749220516382769700,9.431769775390626,0.3818376362323761,-0.0067961206659674644,0.12275548279285431
1749220516392760600,9.441760498046875,0.3113647997379303,0.16254949569702148,0.1315564215183258
1749220516402751700,9.451751708984375,0.2297503799200058,0.2387119084596634,0.13942447304725647
1749220516412742700,9.46174267578125,0.2083185911178589,0.29920855164527893,0.1361786127090454
1749220516422732500,9.471732666015624,0.217688649892807,0.31672680377960205,0.12908421456813812
1749220516432723500,9.481723388671876,0.22641050815582275,0.25903716683387756,0.13504303991794586
1749220516442714600,9.491714599609375,0.22031532227993011,0.1750921905040741,0.12083347886800766
1749220516452705500,9.50170556640625,0.21844205260276794,0.1303018182516098,0.11292947828769684
1749220516462696400,9.511696533203125,0.22598811984062195,0.13120542466640472,0.11192839592695236
1749220516472687400,9.521687255859375,0.21931052207946777,0.172018900513649,0.11198752373456955
1749220516482678500,9.531678466796874,0.19616392254829407,0.21677465736865997,0.10565345734357834
1749220516492669700,9.541669677734374,0.17447753250598907,0.2642524242401123,0.11001092195510864
1749220516502660600,9.55166064453125,0.16576020419597626,0.3073287904262543,0.11624032258987427
1749220516512651500,9.561651611328125,0.16367441415786743,0.3366680443286896,0.11882385611534119
1749220516522641400,9.571641357421875,0.15334667265415192,0.3573107421398163,0.12029258906841278
1749220516532632600,9.581632568359375,0.14315982162952423,0.3740886449813843,0.12838886678218842
1749220516542623500,9.59162353515625,0.13237881660461426,0.3780841827392578,0.13735440373420715
1749220516552614400,9.601614501953126,0.12752945721149445,0.3593645691871643,0.13588114082813263
1749220516562605300,9.611605224609375,0.11813995242118835,0.31931859254837036,0.1355045586824417
1749220516572596500,9.621596435546875,0.10685161501169205,0.2940302789211273,0.14327193796634674
1749220516582587400,9.63158740234375,0.10374104231595993,0.2828037440776825,0.1438051015138626
1749220516592578300,9.641578369140625,0.09302954375743866,0.28043511509895325,0.13651736080646515
1749220516602569500,9.651569580078124,0.08000029623508453,0.29065394401550293,0.14396622776985168
1749220516612560400,9.661560302734374,0.07662074267864227,0.30901670455932617,0.14918309450149536
1749220516622551600,9.671551513671876,0.06475742161273956,0.3240286707878113,0.1497037410736084
1749220516632541400,9.68154150390625,0.05139874294400215,0.30754050612449646,0.1567733734846115
1749220516642532600,9.69153271484375,0.04384947940707207,0.2560320496559143,0.17074351012706757
1749220516652523500,9.7015234375,0.05146079510450363,0.21179507672786713,0.18307927250862122
1749220516662514400,9.711514404296874,0.0554741770029068,0.20774440467357635,0.1905217468738556
1749220516672505300,9.72150537109375,0.04722769930958748,0.23430438339710236,0.18254557251930237
1749220516682496500,9.73149658203125,0.02503664419054985,0.27153801918029785,0.16668538749217987
1749220516692487400,9.7414873046875,0.016943829134106636,0.30300915241241455,0.1546497642993927
1749220516702478300,9.751478271484375,0.026703516021370888,0.3217063844203949,0.14909574389457703
1749220516712469500,9.761469482421875,0.04697949439287186,0.2993241250514984,0.14325329661369324
1749220516722460400,9.77146044921875,0.0569293275475502,0.26952680945396423,0.12993349134922028
1749220516732450600,9.781450439453126,0.07019027322530746,0.26168379187583923,0.12185799330472946
1749220516742441500,9.79144140625,0.07615336030721664,0.26815900206565857,0.09747914969921112
1749220516752432600,9.8014326171875,0.06124338507652283,0.25193342566490173,0.059541624039411545
1749220516762423600,9.811423583984375,0.06057945638895035,0.21574054658412933,0.0493992418050766
1749220516772414500,9.82141455078125,0.0610247366130352,0.19485816359519958,0.021799039095640182
1749220516782405600,9.831405517578125,0.08843718469142914,0.057378072291612625,0.004058124963194132
1749220516792396500,9.841396484375,0.11776764690876007,0.0153778912499547,-0.004210191313177347
1749220516802387500,9.851387451171876,0.09748714417219162,-0.057427871972322464,-0.013275591656565666
1749220516812378400,9.86137841796875,0.07915394008159637,-0.09914575517177582,-0.025196699425578117
1749220516822369500,9.87136962890625,0.06686265021562576,-0.07399353384971619,-0.03488554432988167
1749220516832360400,9.8813603515625,0.05084400624036789,-0.03013606369495392,-0.041732002049684525
1749220516842350600,9.8913505859375,0.022977221757173538,-0.01943042315542698,-0.041552770882844925
1749220516852341500,9.901341552734374,0.004486627411097288,-0.017670607194304466,-0.03365383297204971
1749220516862332700,9.911332763671876,0.0029941920656710863,-0.009802296757698059,-0.029641781002283096
1749220516872323600,9.921323486328125,-0.009616142138838768,-0.01906636916100979,-0.01581704616546631
1749220516882314500,9.931314453125,-0.02576155588030815,-0.05868834629654884,-0.0080885523930192
1749220516892305700,9.9413056640625,-0.0315731056034565,-0.08109431713819504,0.003069825703278184
1749220516902296600,9.951296630859375,-0.025968482717871666,-0.07574083656072617,0.034274082630872726
1749220516912287500,9.96128759765625,-0.02611921913921833,-0.07623910903930664,0.055214252322912216
1749220516922278400,9.9712783203125,-0.03339044749736786,-0.0856533870100975,0.07425905019044876
1749220516932269600,9.98126953125,-0.03621100261807442,-0.08841508626937866,0.11460274457931519
1749220516942259500,9.991259521484375,-0.05513249337673187,-0.09782110154628754,0.14883661270141602
1749220516952250400,10.00125048828125,-0.08821907639503479,-0.13071167469024658,0.17920251190662384
1749220516962241500,10.011241455078125,-0.10869479179382324,-0.15844210982322693,0.21362945437431335
1749220516972232700,10.021232666015624,-0.1194201335310936,-0.17385728657245636,0.2298811376094818
1749220516982223600,10.0312236328125,-0.13912193477153778,-0.18711715936660767,0.2460704892873764
1749220516992214500,10.041214599609376,-0.14909175038337708,-0.18327981233596802,0.26681411266326904
1749220517002205700,10.051205810546875,-0.16598869860172272,-0.15103159844875336,0.2796148657798767
1749220517012196600,10.061196533203125,-0.19731013476848602,-0.12135571986436844,0.3004564940929413
1749220517022187500,10.0711875,-0.2226860672235489,-0.11171534657478333,0.3056906759738922
1749220517032178400,10.081178466796874,-0.23493607342243195,-0.10193169116973877,0.3394204080104828
1749220517042168300,10.091168212890626,-0.24639593064785004,-0.10908254235982895,0.37302178144454956
1749220517052159500,10.101159423828125,-0.2764579653739929,-0.13263900578022003,0.4017769992351532
1749220517062150400,10.111150390625,-0.286540687084198,-0.16110526025295258,0.4366108775138855
1749220517072141300,10.121141357421875,-0.30136916041374207,-0.1873999834060669,0.49104002118110657
1749220517082132500,10.131132568359375,-0.3372190296649933,-0.2007083296775818,0.5308204889297485
1749220517092123400,10.141123291015624,-0.378854364156723,-0.1838875412940979,0.5884632468223572
1749220517102114600,10.151114501953124,-0.4084838926792145,-0.1553826630115509,0.6274892091751099
1749220517112105700,10.161105712890626,-0.459398478269577,-0.11912851780653,0.6723688244819641
1749220517122096600,10.1710966796875,-0.4603308439254761,-0.11185862123966217,0.7329525351524353
1749220517132087600,10.181087646484375,-0.42062604427337646,-0.1519429236650467,0.785732626914978
1749220517142078500,10.191078369140625,-0.36319178342819214,-0.1260327696800232,0.8586305379867554
1749220517152068600,10.201068603515624,-0.425436794757843,-0.2630758285522461,0.9229357838630676
1749220517162059500,10.2110595703125,-0.47805604338645935,-0.39588314294815063,1.0034306049346924
1749220517172050400,10.221050537109376,-0.4483974874019623,-0.42677953839302063,1.0756691694259644
1749220517182041300,10.231041259765625,-0.4737531840801239,-0.3985915780067444,1.146022081375122
1749220517192032500,10.241032470703125,-0.5445967316627502,-0.3075666129589081,1.3025518655776978
1749220517202023400,10.2510234375,-0.46777305006980896,-0.15854516625404358,1.4240020513534546
1749220517212014300,10.261014404296875,-0.45702987909317017,-0.08794370293617249,1.5191797018051147
1749220517222005500,10.271005615234374,-0.5201401114463806,-0.135558620095253,1.6323180198669434
1749220517231996400,10.280996337890626,-0.5633376836776733,-0.2706938087940216,1.6285027265548706
1749220517241987600,10.290987548828125,-0.5559117197990417,-0.36439019441604614,1.629875659942627
1749220517251977500,10.3009775390625,-0.5306273698806763,-0.10438259690999985,1.658811092376709
1749220517261968600,10.31096875,-0.6711288690567017,0.40118977427482605,1.633004069328308
1749220517271959600,10.32095947265625,-0.8965161442756653,0.884354293346405,1.2239773273468018
1749220517281950500,10.330950439453124,-1.0678482055664062,1.3069401979446411,0.6223114728927612
1749220517291941400,10.34094140625,-0.9644491076469421,1.5459567308425903,0.07099001854658127
1749220517301932500,10.3509326171875,-0.674627423286438,1.5173163414001465,-0.5696589350700378
1749220517311923500,10.36092333984375,-0.37178632616996765,1.3160282373428345,-1.1035516262054443
1749220517321914400,10.370914306640625,-0.13511280715465546,1.0444313287734985,-1.575422763824463
1749220517331905500,10.380905517578125,-0.021946577355265617,0.9290152192115784,-1.894152045249939
1749220517341896400,10.390896484375,-0.05911045894026756,1.0164899826049805,-2.043830394744873
1749220517351886600,10.400886474609376,-0.10804151743650436,1.2005338668823242,-2.1370162963867188
1749220517361877500,10.41087744140625,-0.12501411139965057,1.4222286939620972,-2.1723461151123047
1749220517371868700,10.42086865234375,-0.1425161361694336,1.5554969310760498,-2.1557435989379883
1749220517381859600,10.430859619140625,-0.11724646389484406,1.4921339750289917,-2.1072680950164795
1749220517391850500,10.4408505859375,-0.06288282573223114,1.293154001235962,-2.0713860988616943
1749220517401841400,10.45084130859375,0.01781867817044258,1.0388959646224976,-2.038638114929199
1749220517411832600,10.46083251953125,0.09868716448545456,0.7881055474281311,-1.9816168546676636
1749220517421823500,10.470823486328126,0.15948472917079926,0.5673417448997498,-1.9256426095962524
1749220517431814400,10.480814453125,0.18503190577030182,0.37148645520210266,-1.8889281749725342
1749220517441805600,10.4908056640625,0.20095334947109222,0.23646952211856842,-1.8871228694915771
1749220517451796500,10.50079638671875,0.19484858214855194,0.1678404062986374,-1.8974761962890625
1749220517461786600,10.51078662109375,0.18788973987102509,0.14808852970600128,-1.9129393100738525
1749220517471777500,10.520777587890626,0.19541263580322266,0.1420612633228302,-1.9302756786346436
1749220517481768700,10.530768798828126,0.1911124289035797,0.12250993400812149,-1.961715817451477
1749220517491759600,10.540759521484375,0.19737298786640167,0.09041378647089005,-1.994731068611145
1749220517501750500,10.55075048828125,0.2199408859014511,0.07638132572174072,-2.0064187049865723
1749220517511741400,10.560741455078125,0.25318220257759094,0.0915813148021698,-1.9602594375610352
1749220517521732600,10.570732666015624,0.2738672196865082,0.10105790942907333,-1.9070369005203247
1749220517531723500,10.5807236328125,0.28006041049957275,0.09277334809303284,-1.9131823778152466
1749220517541714400,10.59071435546875,0.2841334640979767,0.1076154112815857,-1.8940606117248535
1749220517551704300,10.600704345703125,0.2916685938835144,0.15290991961956024,-1.830664873123169
1749220517561695500,10.610695556640625,0.30614393949508667,0.1966605931520462,-1.7752562761306763
1749220517571686400,10.620686279296875,0.3013284206390381,0.2362588793039322,-1.7322036027908325
1749220517581677300,10.63067724609375,0.2879875898361206,0.25617000460624695,-1.680978775024414
1749220517591668500,10.64066845703125,0.2918528914451599,0.2614864706993103,-1.606278419494629
1749220517601659600,10.65065966796875,0.31200769543647766,0.22467279434204102,-1.5172313451766968
1749220517611650600,10.660650634765625,0.34331342577934265,0.16258598864078522,-1.38332200050354
1749220517621641500,10.670641357421875,0.3693508803844452,0.04856167733669281,-1.260636806488037
1749220517631632600,10.680632568359375,0.38844600319862366,-0.08731173723936081,-1.1587411165237427
1749220517641623600,10.69062353515625,0.39551883935928345,-0.19976797699928284,-1.0472923517227173
1749220517651614500,10.700614501953124,0.40688440203666687,-0.2948225736618042,-0.9184715151786804
1749220517661604400,10.710604248046875,0.4154355525970459,-0.40501487255096436,-0.7962334752082825
1749220517671595500,10.720595458984375,0.42682161927223206,-0.5489429831504822,-0.669547438621521
1749220517681586400,10.73058642578125,0.44589704275131226,-0.6931097507476807,-0.5297317504882812
1749220517691577300,10.740577392578125,0.46300894021987915,-0.7984687089920044,-0.3881533145904541
1749220517701568500,10.750568603515624,0.46810010075569153,-0.8655608892440796,-0.22053024172782898
1749220517711559400,10.760559326171874,0.4629066586494446,-0.9469550848007202,-0.03999561816453934
1749220517721550600,10.770550537109376,0.4245941638946533,-1.0073721408843994,0.1471649557352066
1749220517731541500,10.78054150390625,0.3679487109184265,-0.982907772064209,0.3759233057498932
1749220517741532700,10.79053271484375,0.31773483753204346,-0.9235051870346069,0.5544096827507019
1749220517751523600,10.800523681640625,0.2958018183708191,-0.8142375349998474,0.6456863284111023
1749220517761513500,10.810513427734374,-0.2384759485721588,0.17693749070167542,1.4581373929977417
1749220517771504400,10.82050439453125,-0.7358492612838745,0.8282292485237122,1.5211422443389893
1749220517781495600,10.83049560546875,-0.604468584060669,1.4076606035232544,1.1112569570541382
1749220517791486500,10.840486572265625,-0.2686186730861664,2.3635988235473633,1.5139915943145752
1749220517801477400,10.850477294921875,-0.3248015344142914,2.556830883026123,1.7062034606933594
1749220517811468500,10.860468505859375,-0.3587797284126282,1.9590026140213013,1.5936437845230103
1749220517821459500,10.87045947265625,-0.20961368083953857,1.377488136291504,1.4054152965545654
1749220517831450400,10.880450439453124,0.03719690442085266,0.7233014702796936,1.3100621700286865
1749220517841441300,10.890441162109376,0.2978559136390686,0.32936006784439087,1.4624764919281006
1749220517851432400,10.900432373046876,0.3191883862018585,0.22503098845481873,1.5222058296203613
1749220517861422600,10.910422607421875,0.15986450016498566,0.24026240408420563,1.3633973598480225
1749220517871413500,10.92041357421875,0.11910322308540344,0.5870001316070557,1.4033591747283936
1749220517881404400,10.930404296875,-0.15540637075901031,1.0233484506607056,1.2872498035430908
1749220517891395600,10.9403955078125,-0.406907856464386,0.9991405606269836,1.201068639755249
1749220517901386500,10.950386474609376,-0.3006748855113983,0.7935620546340942,1.0144089460372925
1749220517911377400,10.96037744140625,0.09610070288181305,0.483646035194397,1.0698128938674927
1749220517921368600,10.97036865234375,0.4666028618812561,0.0371396467089653,1.0643041133880615
1749220517931359500,10.980359375,0.7170987129211426,-0.3141408860683441,1.076744794845581
1749220517941350400,10.990350341796875,0.7322726249694824,-0.559488832950592,1.00040602684021
1749220517951341300,11.00034130859375,0.6102724075317383,-0.674849271774292,0.9100556373596191
1749220517961331700,11.010331787109376,0.4377560317516327,-0.7905431389808655,0.8433480262756348
1749220517971322600,11.020322509765625,0.27087119221687317,-0.7506446838378906,0.8006389141082764
1749220517981313500,11.0303134765625,0.2504407465457916,-0.5443663597106934,0.7803184390068054
1749220517991304400,11.040304443359375,0.2947693169116974,-0.2379651665687561,0.7779937982559204
1749220518001295600,11.050295654296875,0.24330346286296844,-0.0670141875743866,0.7603703141212463
1749220518011286500,11.06028662109375,0.17511828243732452,-0.1289641112089157,0.7606347799301147
1749220518021277400,11.07027734375,0.10975738614797592,-0.19063279032707214,0.7222476601600647
1749220518031268600,11.0802685546875,0.12654408812522888,-0.32364436984062195,0.7036921381950378
1749220518041259500,11.090259521484375,0.14704804122447968,-0.38022351264953613,0.7076511383056641
1749220518051250400,11.10025048828125,0.15943706035614014,-0.393200546503067,0.7116179466247559
1749220518061240300,11.110240234375,0.1498344987630844,-0.3514523208141327,0.7099041938781738
1749220518071231500,11.1202314453125,0.11590183526277542,-0.25927630066871643,0.7247002124786377
1749220518081222700,11.13022265625,0.0764220729470253,-0.15567614138126373,0.7371046543121338
1749220518091213600,11.140213623046876,0.03381122648715973,-0.07623165100812912,0.7340756058692932
1749220518101204500,11.15020458984375,0.00012010856153210625,-0.01107235811650753,0.7225885391235352
1749220518111195600,11.160195556640625,-0.02394368313252926,0.0406118743121624,0.7018182873725891
1749220518121186600,11.1701865234375,-0.027648139744997025,0.04314320906996727,0.6840028166770935
1749220518131177500,11.180177490234374,-0.023007847368717194,0.027758659794926643,0.6637319326400757
1749220518141168600,11.190168701171874,-0.016818927600979805,-0.008463259786367416,0.6588958501815796
1749220518151158500,11.200158447265625,-0.0003981425834354013,-0.04874436929821968,0.6515713930130005
1749220518161149400,11.2101494140625,0.008715993724763393,-0.08362725377082825,0.6460240483283997
1749220518171140400,11.220140380859375,0.02581801451742649,-0.11612048000097275,0.6590505838394165
1749220518181131500,11.230131591796875,0.041561026126146317,-0.10844631493091583,0.6765326857566833
1749220518191122400,11.240122314453124,0.0642000213265419,-0.11041945219039917,0.6658195853233337
1749220518201113300,11.25011328125,0.05271833762526512,-0.10168241709470749,0.6745802760124207
1749220518211104500,11.2601044921875,0.03656546771526337,-0.1780562847852707,0.6739264726638794
1749220518221095700,11.270095703125,0.048471130430698395,-0.251982718706131,0.6670486330986023
1749220518231086600,11.280086669921875,0.09191181510686874,-0.29289311170578003,0.6657599210739136
1749220518241077500,11.290077392578125,0.1233815923333168,-0.3337489366531372,0.6703799366950989
1749220518251067400,11.3000673828125,0.11124822497367859,-0.37269315123558044,0.6747965216636658
1749220518261058600,11.31005859375,0.07124382257461548,-0.40173599123954773,0.682241678237915
1749220518271049500,11.320049560546876,0.03915459290146828,-0.3733368217945099,0.715715229511261
1749220518281040400,11.330040283203125,0.026105636730790138,-0.37274906039237976,0.7263665199279785
1749220518291031600,11.340031494140625,0.009152219630777836,-0.42073577642440796,0.7379475235939026
1749220518301022500,11.3500224609375,-0.009898969903588295,-0.5256539583206177,0.7444185018539429
1749220518311013400,11.360013427734375,-0.04597681388258934,-0.6164349913597107,0.7553518414497375
1749220518321004300,11.37000439453125,-0.02576075680553913,-0.6385802030563354,0.814057469367981
1749220518330995500,11.379995361328126,-0.0028605014085769653,-0.5958961248397827,0.9325417876243591
1749220518340986400,11.389986328125,-0.055199071764945984,-0.4451678693294525,1.0531622171401978
1749220518350976500,11.3999765625,-0.1371658444404602,-0.3145054876804352,1.1562398672103882
1749220518360967400,11.409967529296875,-0.2412341833114624,-0.17644613981246948,1.2587238550186157
1749220518370958600,11.41995849609375,-0.3340893089771271,-0.12098634243011475,1.3699649572372437
1749220518380949500,11.429949462890624,-0.3884694576263428,-0.081301249563694,1.4486802816390991
1749220518390940400,11.4399404296875,-0.3568529188632965,-0.027697674930095673,1.5269854068756104
1749220518400931600,11.449931640625,-0.33327409625053406,-0.031924109905958176,1.5756638050079346
1749220518410922500,11.459922607421875,-0.4204063415527344,-0.11098697036504745,1.601624846458435
1749220518420913400,11.469913330078125,-0.49103203415870667,-0.08478093147277832,1.6662054061889648
1749220518430904300,11.479904296875,-0.44143280386924744,-0.01818006858229637,1.7153223752975464
1749220518440895500,11.4898955078125,-0.40335625410079956,-0.013556288555264473,1.7575792074203491
1749220518450885600,11.4998857421875,-0.4290773272514343,-0.06864670664072037,1.778518557548523
1749220518460876500,11.50987646484375,-0.48942428827285767,-0.1954459249973297,1.7742745876312256
1749220518470867000,11.519866943359375,-0.5372027158737183,-0.27487391233444214,1.7889848947525024
1749220518480857900,11.52985791015625,-0.5743644833564758,-0.33443737030029297,1.800848364830017
1749220518490849000,11.53984912109375,-0.5036019086837769,-0.3187830448150635,1.846116065979004
1749220518500840000,11.54983984375,-0.4166020154953003,-0.3438143730163574,1.9298495054244995
1749220518510830800,11.559830810546876,-0.4339335858821869,-0.49272793531417847,1.9847521781921387
1749220518520821800,11.56982177734375,-0.505908191204071,-0.6513290405273438,2.0801796913146973
1749220518530813000,11.57981298828125,-0.5120683312416077,-0.7091337442398071,2.26655912399292
1749220518540803800,11.589803955078125,-0.401119202375412,-0.6119225025177002,2.5467369556427
1749220518550794000,11.5997939453125,-0.28203755617141724,-0.6474016904830933,2.6419923305511475
1749220518560785000,11.609784912109374,-0.46622389554977417,-0.5490737557411194,2.6292312145233154
1749220518570776000,11.619776123046876,-0.7037986516952515,-0.3771169185638428,2.7616677284240723
1749220518580767000,11.62976708984375,-0.8254390358924866,-0.30308717489242554,2.937782049179077
1749220518590758000,11.6397578125,-0.8888044357299805,-0.3984951972961426,2.9761977195739746
1749220518600749000,11.6497490234375,-0.8657651543617249,-0.3575935661792755,3.1432323455810547
1749220518610740000,11.659739990234375,-0.45452064275741577,-0.32252025604248047,3.1334145069122314
1749220518620731000,11.66973095703125,-0.2391044646501541,0.27365949749946594,2.8254964351654053
1749220518630721800,11.6797216796875,-0.5380038022994995,0.5278584957122803,2.3284342288970947
1749220518640712000,11.6897119140625,-0.7650934457778931,0.42039942741394043,2.28202223777771
1749220518650702800,11.699702880859375,-0.6814632415771484,-0.4117273688316345,1.0827678442001343
1749220518660693800,11.70969384765625,-0.3605632483959198,-1.0592725276947021,-0.15977156162261963
1749220518670685000,11.719684814453124,0.14137762784957886,-1.3435090780258179,-0.25582563877105713
1749220518680676000,11.729676025390624,0.6051916480064392,-1.7091195583343506,-0.21540792286396027
1749220518690667000,11.7396669921875,0.8071841597557068,-1.9657788276672363,-0.7034367322921753
1749220518700658000,11.749657958984375,0.8393290042877197,-1.9358022212982178,-1.4113448858261108
1749220518710649000,11.759649169921875,0.7939908504486084,-1.6008669137954712,-2.0554661750793457
1749220518720640000,11.769639892578125,0.72542804479599,-1.0686216354370117,-2.4237594604492188
1749220518730631000,11.779630859375,0.6774061918258667,-0.3710766136646271,-2.645373821258545
1749220518740620800,11.789620849609374,0.6441326141357422,0.46009328961372375,-2.9450347423553467
1749220518750612000,11.799612060546876,0.6118711233139038,1.267348051071167,-3.3544533252716064
1749220518760603000,11.809602783203125,0.5330032110214233,1.9303600788116455,-3.773728847503662
1749220518770593800,11.81959375,0.42161116003990173,2.2829694747924805,-4.089949131011963
1749220518780584700,11.829584716796875,0.32278284430503845,2.254744529724121,-4.282114505767822
1749220518790575900,11.839575927734375,0.19083067774772644,2.0515434741973877,-4.412805080413818
1749220518800566800,11.84956689453125,0.10807746648788452,1.5428639650344849,-4.620029449462891
1749220518810558000,11.859557861328126,0.06506182253360748,1.0162042379379272,-4.904508113861084
1749220518820549000,11.869549072265626,0.05029645934700966,0.44354015588760376,-5.172093391418457
1749220518830540000,11.8795400390625,0.08466988056898117,-0.09999477118253708,-5.397364616394043
1749220518840530000,11.889530029296875,0.1892455518245697,-0.5438007116317749,-5.561171531677246
1749220518850520800,11.899520751953125,0.3209974467754364,-0.7816018462181091,-5.667939186096191
1749220518860512000,11.909511962890624,0.4549962878227234,-0.7487080693244934,-5.726076602935791
1749220518870503000,11.9195029296875,0.5809840559959412,-0.48301780223846436,-5.7041335105896
1749220518880493800,11.929493896484376,0.6404534578323364,-0.09420053660869598,-5.647101879119873
1749220518890484700,11.939484619140625,0.619250476360321,0.2646697461605072,-5.5648956298828125
1749220518900476000,11.949475830078125,0.5872757434844971,0.4002043902873993,-5.505224704742432
1749220518910466800,11.959466796875,0.5659475326538086,0.297078013420105,-5.460486888885498
1749220518920457700,11.969457763671874,0.5832362771034241,0.10155724734067917,-5.32415771484375
1749220518930448000,11.97944775390625,0.6564481854438782,-0.02093430981040001,-5.0809245109558105
1749220518940439000,11.98943896484375,0.7018827795982361,-0.023428626358509064,-4.778085708618164
1749220518950430000,11.999429931640625,0.663494884967804,0.0977739617228508,-4.41981315612793
1749220518960420900,12.0094208984375,0.5701838731765747,0.3300468921661377,-3.988011598587036
1749220518970412000,12.019412109375,0.47337713837623596,0.5829254984855652,-3.422257900238037
1749220518980403000,12.02940283203125,0.365853875875473,0.730888843536377,-2.75892972946167
1749220518990393900,12.039393798828126,0.2529877722263336,0.7084775567054749,-2.0854361057281494
1749220519000384800,12.049384765625,0.1509290635585785,0.324535995721817,-1.4122250080108643
1749220519010376000,12.0593759765625,0.06599206477403641,-0.2522223889827728,-0.5710009336471558
1749220519020366800,12.069366943359375,0.08228768408298492,-0.6665684580802917,0.23662559688091278
1749220519030357000,12.07935693359375,0.06241064518690109,-0.80462247133255,0.8370125889778137
1749220519040348000,12.089347900390624,-0.05264084041118622,-0.8387207388877869,1.3161983489990234
1749220519050339000,12.099339111328124,-0.10235965996980667,-1.0165818929672241,1.5161956548690796
1749220519060330000,12.109330078125,0.1913481205701828,-0.7201802730560303,1.9019454717636108
1749220519070321000,12.11932080078125,-0.015500396490097046,-0.09431744366884232,2.3670132160186768
1749220519080312000,12.12931201171875,-0.8971017599105835,-0.15812066197395325,2.199119806289673
1749220519090303000,12.139302978515625,-0.7843264937400818,0.4190619885921478,2.9303579330444336
1749220519100294000,12.1492939453125,-0.04417571797966957,1.304280161857605,2.965278148651123
1749220519110284800,12.159284912109374,0.07645615935325623,1.3595194816589355,2.6422343254089355
1749220519120276000,12.16927587890625,-0.26228487491607666,1.352088212966919,2.3267393112182617
1749220519130265900,12.179265869140625,-0.44125038385391235,1.3388432264328003,2.2817955017089844
1749220519140256800,12.1892568359375,0.12864692509174347,1.3793506622314453,2.3941197395324707
1749220519150248000,12.199248046875,0.3175358772277832,1.2111736536026,2.047692060470581
1749220519160239000,12.209239013671874,0.187744602560997,0.58831787109375,1.8646169900894165
1749220519170230000,12.21922998046875,0.29077431559562683,0.3530358076095581,1.9351787567138672
1749220519180221000,12.229220947265626,-0.1704084873199463,0.17859743535518646,1.434805154800415
1749220519190212000,12.239212158203125,-0.19478759169578552,-0.3515836000442505,1.1704963445663452
1749220519200203000,12.249203125,0.2631613314151764,-0.2980599105358124,1.1925150156021118
1749220519210194000,12.25919384765625,0.6028733253479004,-0.40500608086586,1.0314552783966064
1749220519220184800,12.269184814453125,0.9179894924163818,-0.48071789741516113,0.9330443143844604
1749220519230175000,12.279175048828124,0.9068987369537354,-0.4761921167373657,0.7983070611953735
1749220519240166000,12.289165771484376,0.7472145557403564,-0.4446927607059479,0.7390010952949524
1749220519250156800,12.29915673828125,0.5530349612236023,-0.4701869487762451,0.6721163392066956
1749220519260147700,12.309147705078125,0.37407559156417847,-0.7253398895263672,0.5442420244216919
1749220519270139000,12.319138916015625,0.32815125584602356,-1.030287265777588,0.551561713218689
1749220519280129800,12.3291298828125,0.40459781885147095,-1.0915879011154175,0.5506469011306763
1749220519290121000,12.339120849609374,0.46962234377861023,-0.8841409683227539,0.5276856422424316
1749220519300112100,12.349112060546876,0.4296208918094635,-0.6102300882339478,0.542363166809082
1749220519310103000,12.35910302734375,0.31749486923217773,-0.44128498435020447,0.5647286176681519
1749220519320093000,12.369093017578125,0.2426547259092331,-0.42242875695228577,0.5723972320556641
1749220519330083800,12.379083740234375,0.2436765730381012,-0.5557969212532043,0.5646013617515564
1749220519340075000,12.389074951171875,0.28738677501678467,-0.7072336077690125,0.5800814628601074
1749220519350066000,12.39906591796875,0.31476059556007385,-0.8136540055274963,0.5865985155105591
1749220519360056800,12.409056884765626,0.2892536520957947,-0.8401205539703369,0.5884270071983337
1749220519370047700,12.4190478515625,0.22836260497570038,-0.6446077227592468,0.6062150597572327
1749220519380039000,12.429038818359375,0.14639635384082794,-0.40374109148979187,0.6212584972381592
1749220519390029800,12.43902978515625,0.08290313929319382,-0.22913464903831482,0.6523311734199524
1749220519400020700,12.449020751953125,0.054782554507255554,-0.1754692941904068,0.6802864074707031
1749220519410011000,12.459010986328124,0.06680645793676376,-0.2442646026611328,0.703460156917572
1749220519420002000,12.469001953125,0.08641637861728668,-0.34463566541671753,0.7455189228057861
1749220519429993000,12.478992919921875,0.07767295837402344,-0.410013347864151,0.7764070630073547
1749220519439983900,12.48898388671875,0.057979945093393326,-0.4124773144721985,0.7982063889503479
1749220519449975000,12.49897509765625,0.036851491779088974,-0.33372363448143005,0.8213553428649902
1749220519459966000,12.508966064453125,0.0016559535870328546,-0.22679613530635834,0.8519577383995056
1749220519469957400,12.518957275390624,-0.02749740518629551,-0.12604475021362305,0.8851913213729858
1749220519479948300,12.5289482421875,-0.06840169429779053,-0.09634677320718765,0.9245965480804443
1749220519489939500,12.538939453125,-0.09584769606590271,-0.14554761350154877,0.9403328895568848
1749220519499930400,12.548930419921875,-0.11089775711297989,-0.21697571873664856,0.9600868821144104
1749220519509920300,12.558920166015625,-0.12007900327444077,-0.32811635732650757,0.978651225566864
1749220519519911200,12.5689111328125,-0.1173388734459877,-0.42918357253074646,0.991940975189209
1749220519529902300,12.57890234375,-0.10763857513666153,-0.46375328302383423,1.0279548168182373
1749220519539893500,12.5888935546875,-0.12300901114940643,-0.4778725504875183,1.0603663921356201
1749220519549884400,12.598884521484376,-0.1645926684141159,-0.4028095006942749,1.1552667617797852
1749220519559875600,12.60887548828125,-0.13726916909217834,-0.339891254901886,1.2225093841552734
1749220519569866500,12.618866455078125,-0.14874367415905,-0.3354392647743225,1.3087165355682373
1749220519579857400,12.628857421875,-0.21827933192253113,-0.40858083963394165,1.3755674362182617
1749220519589848300,12.638848388671875,-0.29242175817489624,-0.24625664949417114,1.5207797288894653
1749220519599838200,12.648838134765626,-0.37289953231811523,-0.06741632521152496,1.6144319772720337
1749220519609829400,12.658829345703126,-0.4574093520641327,-0.010036921128630638,1.7563259601593018
1749220519619820300,12.6688203125,-0.5379534959793091,-0.03515878692269325,1.917548418045044
1749220519629811200,12.678811279296875,-0.5984330773353577,-0.056958623230457306,2.062825918197632
1749220519639802400,12.68880224609375,-0.6321369409561157,-0.07349179685115814,2.210639238357544
1749220519649793300,12.698793212890624,-0.6500936150550842,-0.08097527921199799,2.3479535579681396
1749220519659784200,12.7087841796875,-0.6680070757865906,-0.14675748348236084,2.4381208419799805
1749220519669775400,12.718775390625,-0.6018592119216919,-0.20248332619667053,2.457820415496826
1749220519679766500,12.7287666015625,-0.5552006363868713,-0.290280282497406,2.4738929271698
1749220519689756400,12.73875634765625,-0.5975776314735413,-0.4602075517177582,2.5057733058929443
1749220519699747300,12.748747314453125,-0.6961843967437744,-0.5744608640670776,2.496842622756958
1749220519709738200,12.75873828125,-0.8208301663398743,-0.6790288686752319,2.57224440574646
1749220519719729400,12.7687294921875,-0.7047083973884583,-0.8004782795906067,2.637787103652954
1749220519729720300,12.77872021484375,-0.5030378103256226,-0.8781648278236389,2.839603900909424
1749220519739711200,12.788711181640625,-0.45301327109336853,-1.1086620092391968,2.976297378540039
1749220519749702400,12.798702392578125,-0.6578732132911682,-1.1295989751815796,3.083950996398926
1749220519759693300,12.808693359375,-0.7477346658706665,-1.164031744003296,3.1486284732818604
1749220519769684200,12.818684326171875,-0.594310998916626,-0.9870290160179138,3.2198052406311035
1749220519779674400,12.82867431640625,-0.7670822739601135,-0.843033492565155,3.108851432800293
1749220519789665500,12.83866552734375,-1.0458252429962158,-0.6406607031822205,3.0420022010803223
1749220519799656400,12.848656494140625,-1.2843680381774902,0.10988468676805496,3.2165353298187256
1749220519809647400,12.8586474609375,-1.6173733472824097,0.8134739995002747,3.245279312133789
1749220519819638500,12.868638427734375,-1.527823805809021,0.6247525811195374,2.795964479446411
1749220519829629400,12.87862939453125,-1.096919298171997,0.8045020699501038,2.20013427734375
1749220519839620400,12.888620361328124,-0.9221501350402832,1.1090002059936523,2.3854458332061768
1749220519849611300,12.898611328125,-0.9529134035110474,0.722511351108551,1.8061670064926147
1749220519859602400,12.9086025390625,-1.0161991119384766,-0.1728213131427765,0.18577252328395844
1749220519869593300,12.91859326171875,-0.6965399384498596,-0.8848986625671387,-0.6213389039039612
1749220519879583200,12.928583251953125,-0.13061127066612244,-1.315244197845459,-0.5603165626525879
1749220519889574400,12.938574462890625,0.34098634123802185,-1.4952304363250732,-0.6244937181472778
1749220519899565600,12.948565673828124,0.5752015113830566,-1.5553151369094849,-1.0729042291641235
1749220519909556500,12.958556396484376,0.5864421725273132,-1.4476890563964844,-1.7027753591537476
1749220519919547400,12.96854736328125,0.4564783275127411,-1.1651252508163452,-2.2987029552459717
1749220519929538600,12.97853857421875,0.3316900432109833,-0.7591449618339539,-2.640627145767212
1749220519939529500,12.988529541015625,0.3325132429599762,-0.20785093307495117,-2.8669354915618896
1749220519949520400,12.998520263671875,0.4477439522743225,0.459027498960495,-3.1934874057769775
1749220519959511300,13.00851123046875,0.5839419960975647,1.1177217960357666,-3.570782423019409
1749220519969501200,13.018501220703126,0.6685240268707275,1.6530038118362427,-3.9302077293395996
1749220519979492400,13.028492431640625,0.6930490732192993,2.0186569690704346,-4.224086284637451
1749220519989483300,13.038483154296875,0.6861650347709656,2.2280263900756836,-4.448347091674805
1749220519999474200,13.04847412109375,0.6715847849845886,2.3242335319519043,-4.656024932861328
1749220520009465300,13.05846533203125,0.6201085448265076,2.345306396484375,-4.876339435577393
1749220520019456500,13.06845654296875,0.5479983687400818,2.243361473083496,-5.097044944763184
1749220520029447400,13.078447509765626,0.44697561860084534,1.9992859363555908,-5.306506156921387
1749220520039438600,13.0884384765625,0.336637943983078,1.6178314685821533,-5.549136161804199
1749220520049429500,13.098429443359375,0.2630457580089569,1.1216986179351807,-5.822460174560547
1749220520059419400,13.10841943359375,0.29168856143951416,0.5623701214790344,-6.053328990936279
1749220520069410300,13.118410400390625,0.4316243827342987,-0.026206037029623985,-6.230853080749512
1749220520079401200,13.128401123046874,0.6406521797180176,-0.5314942598342896,-6.345918655395508
1749220520089392400,13.138392333984376,0.8681876063346863,-0.8255360126495361,-6.4020280838012695
1749220520099383300,13.14838330078125,1.0493685007095337,-0.9883770942687988,-6.400454998016357
1749220520109374200,13.158374267578125,1.1670914888381958,-1.2728575468063354,-6.365192413330078
1749220520119365400,13.168365478515625,1.2619774341583252,-1.6666722297668457,-6.232419967651367
1749220520129356300,13.178356201171875,1.427103877067566,-2.1077301502227783,-5.971650123596191
1749220520139347200,13.18834716796875,1.6465214490890503,-2.5883078575134277,-5.77620792388916
1749220520149337300,13.19833740234375,1.8262704610824585,-3.039461374282837,-5.600815296173096
1749220520159328500,13.20832861328125,1.9108657836914062,-3.3309223651885986,-5.268123626708984
1749220520169319400,13.2183193359375,1.8739441633224487,-3.276045322418213,-4.704367637634277
1749220520179310300,13.228310302734375,1.7100218534469604,-2.8110411167144775,-3.817810535430908
1749220520189301500,13.238301513671875,1.4429930448532104,-2.0204062461853027,-2.7421610355377197
1749220520199292400,13.24829248046875,1.0903857946395874,-1.501766324043274,-1.5712738037109375
1749220520209283300,13.258283447265624,0.6150951385498047,-1.2408071756362915,-0.010685134679079056
1749220520219274200,13.268274169921876,0.21129360795021057,-0.672228217124939,1.3954991102218628
1749220520229265400,13.278265380859375,-0.1476091593503952,0.19436414539813995,2.185042142868042
1749220520239256300,13.28825634765625,-0.5500159859657288,1.1551655530929565,2.7395224571228027
1749220520249246500,13.29824658203125,-0.8826437592506409,1.9913667440414429,3.278852939605713
1749220520259237400,13.3082373046875,-1.0343073606491089,2.633554697036743,3.620976686477661
1749220520269228500,13.318228515625,-0.5442739725112915,1.4781981706619263,1.687718152999878
1749220520279219500,13.328219482421876,0.4552231729030609,2.0336246490478516,1.3181166648864746
1749220520289210400,13.33821044921875,0.8300654888153076,3.5920863151550293,1.770872950553894
1749220520299201500,13.348201416015625,-0.9473913311958313,5.103418350219727,2.6911919116973877
1749220520309192400,13.3581923828125,-2.675513505935669,4.392711639404297,2.365617513656616
1749220520319183400,13.368183349609374,-2.820207357406616,3.36291241645813,1.960665225982666
1749220520329174300,13.37817431640625,-1.5171229839324951,2.7483370304107666,2.376816987991333
1749220520339164200,13.3881640625,0.08231830596923828,2.5272209644317627,2.8112213611602783
1749220520349155300,13.3981552734375,0.8510069847106934,1.9958914518356323,2.361768960952759
1749220520359146200,13.408146240234375,1.0574792623519897,0.7795594334602356,2.1020095348358154
1749220520369137400,13.418137451171875,1.1282199621200562,0.039381492882966995,1.971346378326416
1749220520379128600,13.428128662109375,0.6699016690254211,-0.5588411688804626,1.9224745035171509
1749220520389119500,13.438119384765624,0.1149473562836647,-1.0098488330841064,1.4978973865509033
1749220520399110400,13.4481103515625,-0.1459401547908783,-1.1139206886291504,1.1204699277877808
1749220520409101600,13.4581015625,-0.13148266077041626,-0.7743396759033203,0.911546528339386
1749220520419092500,13.468092529296875,0.012264655902981758,-0.2136947065591812,0.893613338470459
1749220520429082400,13.478082275390625,0.2139863222837448,0.07750491052865982,0.8623784184455872
1749220520439073300,13.4880732421875,0.2745194435119629,0.021204620599746704,0.8171704411506653
1749220520449064200,13.498064208984376,0.3176565170288086,-0.22857138514518738,0.8123980760574341
1749220520459055400,13.508055419921876,0.4469623267650604,-0.4771881401538849,0.7941924333572388
1749220520469046300,13.51804638671875,0.5621099472045898,-0.7025839686393738,0.8147174119949341
1749220520479037200,13.528037109375,0.5524991154670715,-0.9333082437515259,0.8186498284339905
1749220520489028000,13.538028076171875,0.38598525524139404,-1.1397533416748047,0.8096179962158203
1749220520499019300,13.548019287109375,0.14206498861312866,-1.2692742347717285,0.7922571301460266
1749220520509010400,13.558010498046874,0.00646562222391367,-1.2617367506027222,0.8092928528785706
1749220520519000300,13.568000244140626,0.027995681390166283,-1.1245983839035034,0.8367471098899841
1749220520528991200,13.5779912109375,0.11070893704891205,-0.8735477328300476,0.8715562224388123
1749220520538982100,13.587982177734375,0.16495859622955322,-0.6320837140083313,0.915354311466217
1749220520548973300,13.597973388671875,0.12047208845615387,-0.5064243078231812,0.9101867079734802
1749220520558964200,13.607964111328124,0.035481829196214676,-0.4283737242221832,0.9202321171760559
1749220520568955100,13.617955078125,-0.037040043622255325,-0.344518780708313,0.9529216289520264
1749220520578946300,13.6279462890625,-0.09784241020679474,-0.33022186160087585,0.9824374318122864
1749220520588937200,13.637937255859375,-0.11887658387422562,-0.37208807468414307,0.9831719398498535
1749220520598928100,13.64792822265625,-0.10178841650485992,-0.30148473381996155,1.0146182775497437
1749220520608918300,13.657918212890625,-0.07778028398752213,-0.2493690848350525,1.0459139347076416
1749220520618909400,13.667909423828124,-0.07275649160146713,-0.23109686374664307,1.046556830406189
1749220520628900400,13.677900390625,-0.08430982381105423,-0.2767053544521332,1.0604180097579956
1749220520638891300,13.687891357421876,-0.06192488595843315,-0.34198662638664246,1.0776995420455933
1749220520648882200,13.697882080078125,-0.04055914282798767,-0.3477611541748047,1.079500675201416
1749220520658873300,13.707873291015625,-0.04573047161102295,-0.324239581823349,1.0785850286483765
1749220520668864300,13.7178642578125,-0.0888795405626297,-0.3070744574069977,1.0811057090759277
1749220520678855200,13.727855224609375,-0.13876986503601074,-0.2995012104511261,1.088462471961975
1749220520688845000,13.737844970703126,-0.11557479947805405,-0.3500102162361145,1.0842325687408447
1749220520698836200,13.747836181640626,-0.0892113670706749,-0.4399574100971222,1.1018248796463013
1749220520708827100,13.7578271484375,-0.1158006340265274,-0.5930929183959961,1.1576454639434814
1749220520718818300,13.767818359375,-0.07048401981592178,-0.682012140750885,1.2172776460647583
1749220520728809500,13.7778095703125,-0.08798205107450485,-0.6273065209388733,1.3509563207626343
1749220520738800400,13.78780029296875,-0.30714449286460876,-0.5859904885292053,1.482394814491272
1749220520748791300,13.797791259765624,-0.4135686755180359,-0.27700069546699524,1.6385881900787354
1749220520758782200,13.8077822265625,-0.36949601769447327,-0.04824076592922211,1.855764389038086
1749220520768773400,13.8177734375,-0.458246648311615,-0.025057150050997734,2.0277504920959473
1749220520778764300,13.827764404296875,-0.5620108842849731,-0.159146249294281,2.181006908416748
1749220520788754200,13.837754150390625,-0.5855768918991089,-0.18059374392032623,2.357290267944336
1749220520798745000,13.8477451171875,-0.6429989337921143,-0.1859930455684662,2.518080472946167
1749220520808736300,13.857736328125,-0.802767276763916,-0.23095518350601196,2.5999488830566406
1749220520818727200,13.86772705078125,-0.7541360855102539,-0.2326497584581375,2.7029616832733154
1749220520828718000,13.877718017578125,-0.6271288990974426,-0.28593480587005615,2.75176739692688
1749220520838709200,13.887709228515625,-0.547760546207428,-0.4311434030532837,2.8085150718688965
1749220520848700200,13.8977001953125,-0.5873892307281494,-0.6420279741287231,2.8235836029052734
1749220520858691300,13.90769140625,-0.7627820372581482,-0.8024815320968628,2.8295786380767822
1749220520868681200,13.91768115234375,-0.8482027053833008,-0.8649545311927795,2.762753486633301
1749220520878672400,13.92767236328125,-0.6800626516342163,-0.9240556359291077,2.918203830718994
1749220520888663300,13.937663330078125,-0.46378204226493835,-1.0387600660324097,3.0901129245758057
1749220520898654200,13.947654296875,-0.6221165657043457,-1.1376776695251465,3.2926290035247803
1749220520908645000,13.95764501953125,-0.7221355438232422,-1.3102374076843262,3.6033358573913574
1749220520918636300,13.96763623046875,-0.550516664981842,-1.2831743955612183,3.548830270767212
1749220520928627200,13.977627197265624,-0.6905598044395447,-1.0965101718902588,3.377864360809326
1749220520938618000,13.9876181640625,-0.9925795793533325,-0.9728543162345886,3.3792803287506104
1749220520948609300,13.997609375,-1.1835380792617798,-0.7090733051300049,3.3955166339874268
1749220520958600200,14.00760009765625,-1.3498543500900269,-0.015118232928216457,3.508052349090576
1749220520968590300,14.01759033203125,-1.1951640844345093,0.30907315015792847,3.263915777206421
1749220520978581200,14.027581298828125,-0.9381131529808044,0.5909900665283203,2.734950065612793
1749220520988572400,14.037572509765624,-1.0734786987304688,1.1053754091262817,2.4121179580688477
1749220520998563300,14.047563232421876,-1.2476606369018555,0.6858177781105042,1.0352783203125
1749220521008554200,14.05755419921875,-1.1032061576843262,0.07896485924720764,-0.5481845140457153
1749220521018545200,14.067545166015625,-0.5406808257102966,-0.2844911217689514,-0.7288251519203186
1749220521028536300,14.077536376953125,0.17034883797168732,-0.7356361746788025,-0.46726545691490173
1749220521038527200,14.08752734375,0.5789996981620789,-1.094516634941101,-0.8775871992111206
1749220521048517000,14.09751708984375,0.7530026435852051,-1.4224965572357178,-1.6074358224868774
1749220521058508000,14.107508056640626,0.7845680713653564,-1.4634273052215576,-2.3873937129974365
1749220521068499200,14.117499267578125,0.7236738204956055,-1.1321542263031006,-2.9340479373931885
1749220521078490400,14.127490478515625,0.7083092331886292,-0.5924097895622253,-3.109286069869995
1749220521088481300,14.137481201171875,0.7308827042579651,0.10829531401395798,-3.278132438659668
1749220521098472400,14.147472412109375,0.7482012510299683,0.9226540327072144,-3.646636962890625
1749220521108463400,14.15746337890625,0.7257941961288452,1.7143486738204956,-4.120278358459473
1749220521118454300,14.167454345703124,0.6376121640205383,2.377326726913452,-4.571575164794922
1749220521128445200,14.177445068359376,0.504950225353241,2.806744337081909,-4.877121448516846
1749220521138435300,14.187435302734375,0.39820170402526855,2.9539499282836914,-4.911078929901123
1749220521148426200,14.19742626953125,0.24641457200050354,2.886399984359741,-5.0156049728393555
1749220521158417200,14.207417236328125,0.04555070772767067,2.649176836013794,-5.279358863830566
1749220521168408000,14.217407958984374,-0.16145387291908264,2.233837127685547,-5.503053188323975
1749220521178399200,14.227399169921876,-0.3948698341846466,1.787377119064331,-5.655074119567871
1749220521188390100,14.23739013671875,-0.5923551917076111,1.382667899131775,-5.792874813079834
1749220521198381300,14.24738134765625,-0.6746940016746521,1.0667462348937988,-5.943298816680908
1749220521208372500,14.25737255859375,-0.6642584204673767,0.7920182347297668,-6.109432220458984
1749220521218363400,14.26736328125,-0.5851241946220398,0.5330146551132202,-6.264943599700928
1749220521228353300,14.277353271484374,-0.39108359813690186,0.3435019850730896,-6.394989490509033
1749220521238344200,14.28734423828125,-0.0816517174243927,0.297259122133255,-6.401891708374023
1749220521248335400,14.29733544921875,0.25933408737182617,0.3015481233596802,-6.286072254180908
1749220521258326300,14.307326171875,0.5740448832511902,0.21510085463523865,-6.100451469421387
1749220521268317200,14.317317138671875,0.8243327736854553,0.013177854008972645,-5.868988513946533
1749220521278308000,14.32730810546875,0.97282475233078,-0.3007792830467224,-5.675837516784668
1749220521288299300,14.33729931640625,1.0391415357589722,-0.754416286945343,-5.4731903076171875
1749220521298290200,14.347290283203124,1.083323359489441,-1.1476680040359497,-5.166377067565918
1749220521308281000,14.357281005859376,1.1443859338760376,-1.259434700012207,-4.7024641036987305
1749220521318271200,14.367271240234375,1.1871943473815918,-1.0875608921051025,-4.035505771636963
1749220521328262400,14.377262451171875,1.0953991413116455,-0.6327388286590576,-3.1158628463745117
1749220521338253300,14.38725341796875,0.8254163861274719,-0.21589155495166779,-2.011765718460083
1749220521348244200,14.397244140625,0.45534807443618774,-0.35662442445755005,-0.8125237822532654
1749220521358235400,14.4072353515625,0.15189658105373383,-0.7694913744926453,0.5968295931816101
1749220521368226300,14.417226318359376,0.004038151353597641,-1.0873795747756958,1.6534936428070068
1749220521378217200,14.42721728515625,-0.15792731940746307,-1.1307766437530518,2.345517873764038
1749220521388208000,14.4372080078125,-0.317733496427536,-1.0694825649261475,2.9519293308258057
1749220521398199300,14.44719921875,-0.28190866112709045,-1.1526049375534058,3.151266098022461
1749220521408189200,14.457189208984374,0.21918214857578278,-2.5829520225524902,0.6150650382041931
1749220521418180400,14.467180419921876,-0.27531757950782776,0.22122345864772797,1.8599785566329956
1749220521428171300,14.477171142578126,-0.8593283295631409,2.562972068786621,4.214969635009766
1749220521438162400,14.487162353515625,-0.9858534932136536,2.3023242950439453,2.818429946899414
1749220521448153300,14.4971533203125,-0.694719672203064,1.133675456047058,2.4823763370513916
1749220521458144300,14.507144287109375,-0.3692518174648285,0.7924214601516724,2.767969846725464
1749220521468135700,14.5171357421875,0.2965802550315857,1.1517199277877808,3.0933220386505127
1749220521478126600,14.527126708984374,0.8173246383666992,1.6651356220245361,2.6914327144622803
1749220521488117500,14.537117431640626,0.8885466456413269,1.064576268196106,2.505018472671509
1749220521498107400,14.547107421875,0.027044400572776794,0.5824359655380249,2.1484293937683105
1749220521508098600,14.5570986328125,-0.9573661684989929,0.13255618512630463,2.0949971675872803
1749220521518089500,14.56708935546875,-1.079825520515442,-0.040404681116342545,1.8040554523468018
1749220521528080400,14.577080322265624,-0.7649527788162231,0.15884371101856232,1.4901478290557861
1749220521538071300,14.5870712890625,-0.3540555536746979,0.41934719681739807,1.292527437210083
1749220521548062500,14.5970625,0.12866397202014923,0.5036935210227966,1.2862285375595093
1749220521558053400,14.607053466796875,0.51121985912323,0.4003452658653259,1.2355825901031494
1749220521568044500,14.61704443359375,0.6545719504356384,0.21236605942249298,1.1403437852859497
1749220521578035700,14.62703564453125,0.6101938486099243,0.07728679478168488,1.0521981716156006
1749220521588025600,14.637025634765624,0.5094882845878601,-0.18606866896152496,0.972975492477417
1749220521598016500,14.6470166015625,0.4073469936847687,-0.7168247103691101,0.8977617025375366
1749220521608007400,14.65700732421875,0.3525732159614563,-1.3298417329788208,0.8315925598144531
1749220521617998600,14.66699853515625,0.3642386794090271,-1.6928465366363525,0.7375105023384094
1749220521627989500,14.676989501953125,0.4172680675983429,-1.6885591745376587,0.6412369608879089
1749220521637980400,14.68698046875,0.45329317450523376,-1.4619896411895752,0.6114327311515808
1749220521647971300,14.696971435546875,0.43607744574546814,-1.136168122291565,0.647200882434845
1749220521657962500,14.70696240234375,0.358379989862442,-0.7851555347442627,0.6866859793663025
1749220521667952600,14.71695263671875,0.2381715476512909,-0.5300753116607666,0.693974494934082
1749220521677943600,14.726943603515625,0.099654421210289,-0.37942826747894287,0.6869099140167236
1749220521687934500,14.7369345703125,-0.02250104770064354,-0.32419273257255554,0.7159884572029114
1749220521697925600,14.746925537109375,-0.06887920200824738,-0.28610339760780334,0.7648404240608215
1749220521707916500,14.75691650390625,-0.05283764749765396,-0.19694581627845764,0.8102491497993469
1749220521717907500,14.766907470703124,-0.03476676717400551,-0.1663799285888672,0.8675583004951477
1749220521727898600,14.776898681640626,-0.035177428275346756,-0.1910242885351181,0.9271504878997803
1749220521737889500,14.7868896484375,-0.02666143886744976,-0.25680702924728394,0.983282208442688
1749220521747880400,14.79688037109375,0.011803928762674332,-0.31479814648628235,1.023996114730835
1749220521757870300,14.806870361328125,0.053415555506944656,-0.3668661415576935,1.0753253698349
1749220521767861500,14.816861572265625,0.05698578804731369,-0.40408727526664734,1.1208536624908447
1749220521777852400,14.826852294921874,0.054488010704517365,-0.36098456382751465,1.1551735401153564
1749220521787843600,14.836843505859376,0.008567122742533684,-0.341680109500885,1.1910356283187866
1749220521797834500,14.84683447265625,-0.03741102293133736,-0.37591689825057983,1.172845482826233
1749220521807825700,14.85682568359375,-0.039858732372522354,-0.34586766362190247,1.1926748752593994
1749220521817816600,14.866816650390625,-0.07405558228492737,-0.46572962403297424,1.2040058374404907
1749220521827807500,14.876807373046875,-0.10878853499889374,-0.5992853045463562,1.198832392692566
1749220521837798700,14.886798583984374,-0.20588472485542297,-0.6132455468177795,1.3349741697311401
1749220521847788500,14.89678857421875,-0.20960275828838348,-0.45707806944847107,1.4487290382385254
1749220521857779500,14.906779541015625,-0.18062010407447815,-0.2800143361091614,1.6418765783309937
1749220521867770400,14.916770263671875,-0.2682032287120819,-0.20131686329841614,1.856553554534912
1749220521877761500,14.926761474609375,-0.399773508310318,-0.21809345483779907,2.019679307937622
1749220521887752400,14.93675244140625,-0.4927939772605896,-0.15990523993968964,2.186187505722046
1749220521897743400,14.946743408203124,-0.617911696434021,-0.04487186670303345,2.4145991802215576
1749220521907734300,14.956734375,-0.7916118502616882,-0.03368685767054558,2.51049542427063
1749220521917725400,14.966725341796876,-0.7793418765068054,0.02213219925761223,2.59527850151062
1749220521927715600,14.976715576171875,-0.6977234482765198,-0.05187651515007019,2.6440699100494385
1749220521937706500,14.98670654296875,-0.7030074000358582,-0.23985733091831207,2.6734814643859863
1749220521947697400,14.996697509765625,-0.727977991104126,-0.5488609671592712,2.6864683628082275
1749220521957688600,15.0066884765625,-0.6888899803161621,-0.7801605463027954,2.7546586990356445
1749220521967679500,15.016679443359376,-0.5953227877616882,-0.9141252636909485,2.7994627952575684
1749220521977670400,15.02667041015625,-0.5770018100738525,-1.0374301671981812,2.7564196586608887
1749220521987661600,15.03666162109375,-0.6259845495223999,-1.0389188528060913,2.662550926208496
1749220521997652500,15.046652587890625,-0.804029107093811,-0.9440216422080994,2.6228749752044678
1749220522007643400,15.056643310546875,-0.8037617206573486,-1.0912880897521973,2.8123133182525635
1749220522017633500,15.066633544921874,-0.7081542611122131,-1.2740445137023926,3.1917202472686768
1749220522027624700,15.076624755859376,-0.5940471291542053,-1.4504739046096802,3.4516761302948
1749220522037615600,15.08661572265625,-0.34955427050590515,-1.4189516305923462,3.443861722946167
1749220522047606500,15.0966064453125,-0.5458105802536011,-1.067636251449585,3.3559160232543945
1749220522057597400,15.106597412109375,-1.047769546508789,-0.7583353519439697,3.387824773788452
1749220522067588600,15.116588623046875,-1.5122120380401611,-0.4221203625202179,3.520542860031128
1749220522077579500,15.12657958984375,-1.8556272983551025,-0.047990161925554276,3.366086959838867
1749220522087570400,15.1365703125,-1.5316747426986694,0.37915849685668945,3.22135591506958
1749220522097561600,15.1465615234375,-0.9620429873466492,0.7950097918510437,2.278273582458496
1749220522107551500,15.156551513671875,-0.7483327984809875,1.5756198167800903,2.1530089378356934
1749220522117542400,15.16654248046875,-0.7806769013404846,1.5890564918518066,2.8399569988250732
1749220522127533300,15.176533203125,-1.183909296989441,0.6978467106819153,1.6950078010559082
1749220522137524500,15.1865244140625,-1.2243046760559082,-0.49471545219421387,-0.39306047558784485
1749220522147515600,15.196515625,-0.4373488426208496,-0.9979053735733032,-1.321010947227478
1749220522157506600,15.206506591796876,0.5521116256713867,-1.1954336166381836,-0.923884928226471
1749220522167497500,15.21649755859375,1.162673830986023,-1.3814994096755981,-0.7544554471969604
1749220522177488600,15.226488525390625,1.3372325897216797,-1.4800422191619873,-1.2404991388320923
1749220522187478500,15.236478515625,1.3014130592346191,-1.4557440280914307,-1.9509780406951904
1749220522197469400,15.246469482421874,1.1196115016937256,-1.197182297706604,-2.646421194076538
1749220522207460400,15.25646044921875,0.9495841860771179,-0.7940621972084045,-3.0179879665374756
1749220522217451500,15.266451416015625,0.9785827994346619,-0.23687192797660828,-3.1873011589050293
1749220522227442400,15.2764423828125,1.1119821071624756,0.4749833047389984,-3.5151991844177246
1749220522237433300,15.286433349609375,1.1982808113098145,1.1385165452957153,-3.9465255737304688
1749220522247424500,15.296424560546875,1.2220263481140137,1.647660493850708,-4.335488319396973
1749220522257415400,15.30641552734375,1.1745730638504028,2.0063602924346924,-4.689955711364746
1749220522267406300,15.31640625,1.0891153812408447,2.237891435623169,-5.031585693359375
1749220522277397500,15.3263974609375,1.0047928094863892,2.3343698978424072,-5.300395965576172
1749220522287387600,15.3363876953125,0.9443784952163696,2.2703943252563477,-5.459993839263916
1749220522297378600,15.346378662109375,0.8978440165519714,2.029677391052246,-5.638296604156494
1749220522307369500,15.356369384765625,0.841310441493988,1.6568219661712646,-5.893184661865234
1749220522317360400,15.3663603515625,0.7862522602081299,1.1597453355789185,-6.1567702293396
1749220522327351600,15.3763515625,0.7321552038192749,0.6452322602272034,-6.443338871002197
1749220522337342500,15.386342529296876,0.7196534872055054,0.16044187545776367,-6.720528602600098
1749220522347333400,15.39633349609375,0.7746179699897766,-0.2505965232849121,-6.980809688568115
1749220522357324500,15.406324462890625,0.881133496761322,-0.526533842086792,-7.185576915740967
1749220522367314700,15.416314697265625,1.015323519706726,-0.6033948063850403,-7.33873987197876
1749220522377305600,15.4263056640625,1.1470911502838135,-0.544247567653656,-7.380951881408691
1749220522387296500,15.436296630859376,1.2203876972198486,-0.44415879249572754,-7.218890190124512
1749220522397287700,15.44628759765625,1.1966009140014648,-0.26022306084632874,-6.827793598175049
1749220522407278600,15.456278564453125,1.1400249004364014,-0.02913338504731655,-6.295059680938721
1749220522417269500,15.46626953125,1.0262792110443115,0.14766348898410797,-5.831976413726807
1749220522427260400,15.476260498046875,0.8256552815437317,0.19257716834545135,-5.446783542633057
1749220522437251600,15.48625146484375,0.6677280068397522,0.06749728322029114,-4.704851150512695
1749220522447241500,15.496241455078126,0.6806930303573608,-0.010964767076075077,-3.4959633350372314
1749220522457232400,15.506232421875,0.8328290581703186,-0.7459825873374939,-2.281951904296875
1749220522467223300,15.516223388671875,0.9394926428794861,-1.4617366790771484,-0.30279210209846497
1749220522477214700,15.526214599609375,0.9308586716651917,-1.6595892906188965,1.4009395837783813
1749220522487205600,15.53620556640625,0.5629568099975586,-1.284853458404541,2.2365121841430664
1749220522497196800,15.54619677734375,-0.18364199995994568,-0.39461201429367065,2.7741754055023193
1749220522507188000,15.55618798828125,-0.9255837798118591,0.6739299297332764,3.2948529720306396
1749220522517179000,15.566178955078126,-0.3963542580604553,0.750831127166748,2.2736475467681885
1749220522527169800,15.576169677734375,0.41779589653015137,1.8469741344451904,0.6661625504493713
1749220522537159700,15.58615966796875,-2.0006961822509766,6.164669036865234,3.624160051345825
1749220522547150800,15.59615087890625,-3.1311089992523193,6.699161529541016,4.246630668640137
1749220522557141800,15.606141845703124,-1.810185432434082,4.219887733459473,2.9108221530914307
1749220522567132700,15.616132568359374,0.13702815771102905,2.9580252170562744,3.0211973190307617
1749220522577123600,15.62612353515625,0.5213947296142578,3.1001596450805664,4.1455206871032715
1749220522587114800,15.63611474609375,-0.2587692439556122,2.1082398891448975,3.247152090072632
1749220522597105700,15.646105712890625,0.6038206219673157,0.17344608902931213,2.676504135131836
1749220522607096600,15.6560966796875,0.8370690941810608,-0.5110547542572021,2.8786239624023438
1749220522617087700,15.666087646484375,0.2623155117034912,-1.619573950767517,2.5686392784118652
1749220522627078000,15.676077880859374,0.1840590536594391,-1.9443718194961548,2.274265766143799
1749220522637068800,15.68606884765625,-0.10712272673845291,-1.6953436136245728,1.6433669328689575
1749220522647059700,15.696059814453125,-0.29568758606910706,-1.0802230834960938,1.2799676656723022
1749220522657051000,15.70605078125,-0.04320526123046875,-0.2156265676021576,1.2589648962020874
1749220522667041800,15.716041748046875,0.45459413528442383,0.5283626317977905,1.296065092086792
1749220522677032700,15.72603271484375,0.7078791260719299,0.883824348449707,1.1876345872879028
1749220522687023600,15.736023681640624,0.7430238127708435,0.5731322169303894,0.9841453433036804
1749220522697014800,15.746014892578126,0.7000004649162292,-0.25606825947761536,0.8180647492408752
1749220522707004700,15.756004638671875,0.6354771256446838,-1.4014892578125,0.7415790557861328
1749220522716995800,15.765995849609375,0.6071256399154663,-2.465404510498047,0.6777704954147339
1749220522726986800,15.77598681640625,0.6606309413909912,-2.9939799308776855,0.6043247580528259
1749220522736978000,15.78597802734375,0.7086189389228821,-2.7382774353027344,0.5744504928588867
1749220522746968800,15.79596875,0.5996802449226379,-1.805322289466858,0.5623301863670349
1749220522756959700,15.805959716796876,0.314148873090744,-0.6870771646499634,0.5979270935058594
1749220522766951000,15.815950927734375,0.001088966615498066,0.0505707673728466,0.6997226476669312
1749220522776941800,15.82594189453125,-0.19838260114192963,0.2649837136268616,0.7119207382202148
1749220522786932700,15.8359326171875,-0.21866922080516815,0.0877080112695694,0.6831737756729126
1749220522796922600,15.845922607421874,-0.10342945158481598,-0.3388603627681732,0.7024774551391602
1749220522806913800,15.855913818359374,0.0676615983247757,-0.7407153844833374,0.7717073559761047
1749220522816904700,15.86590478515625,0.21040543913841248,-0.9435345530509949,0.8186274766921997
1749220522826895600,15.8758955078125,0.21277378499507904,-0.8999263048171997,0.8349872827529907
1749220522836886500,15.885886474609375,0.11480141431093216,-0.6133670210838318,0.8772596120834351
1749220522846877700,15.895877685546875,-0.027159715071320534,-0.18980509042739868,0.9467055797576904
1749220522856868900,15.905868896484375,-0.10618981719017029,0.11724406480789185,1.0279927253723145
1749220522866859800,15.91585986328125,-0.13291437923908234,0.21218043565750122,1.082270860671997
1749220522876851000,15.925850830078126,-0.11357902735471725,0.05783400312066078,1.1156799793243408
1749220522886840800,15.9358408203125,-0.07842263579368591,-0.21338045597076416,1.16176438331604
1749220522896831700,15.945831787109375,-0.049560096114873886,-0.4373466968536377,1.2305231094360352
1749220522906822700,15.95582275390625,-0.024345286190509796,-0.5321238040924072,1.276551604270935
1749220522916813800,15.965813720703125,-0.030299847945570946,-0.5314183235168457,1.3230725526809692
1749220522926804700,15.9758046875,-0.1405659019947052,-0.5676906108856201,1.3465219736099243
1749220522936795600,15.985795654296876,-0.31666848063468933,-0.6074033975601196,1.4417723417282104
1749220522946786600,15.99578662109375,-0.32167816162109375,-0.5565271377563477,1.5754650831222534
1749220522956777700,16.00577783203125,-0.23433633148670197,-0.5481046438217163,1.7591233253479004
1749220522966767900,16.015767822265627,-0.2651459276676178,-0.6271651387214661,1.9395290613174438
1749220522976758800,16.0257587890625,-0.351317822933197,-0.7102535963058472,2.1268246173858643
1749220522986749700,16.035749755859374,-0.4728602170944214,-0.5504024028778076,2.34171199798584
1749220522996740900,16.045740966796874,-0.633297324180603,-0.27121952176094055,2.558253765106201
1749220523006731800,16.055731689453125,-0.8153461813926697,-0.015587748028337955,2.743837594985962
1749220523016722700,16.06572265625,-0.945922315120697,0.08261791616678238,2.8869211673736572
1749220523026713900,16.0757138671875,-0.9582018852233887,0.10203235596418381,3.053837776184082
1749220523036704800,16.085704833984376,-0.9314874410629272,-0.011345598846673965,3.1567578315734863
1749220523046694700,16.095694580078124,-0.9356315732002258,-0.3417922258377075,3.22456431388855
1749220523056685600,16.105685546875,-0.8885013461112976,-0.7377217411994934,3.2249200344085693
1749220523066676700,16.1156767578125,-0.7915860414505005,-1.0761336088180542,3.260453224182129
1749220523076668000,16.12566796875,-0.6721831560134888,-1.147423505783081,3.225393533706665
1749220523086658800,16.135658935546875,-0.7526490092277527,-0.9921220541000366,3.2059552669525146
1749220523096649700,16.145649658203126,-0.7300465106964111,-1.0303027629852295,3.395603656768799
1749220523106641000,16.155640869140626,-0.6018909215927124,-1.1579967737197876,3.777308464050293
1749220523116631800,16.1656318359375,-0.44291776418685913,-1.3972429037094116,4.099762439727783
1749220523126622700,16.175622802734374,-0.5730267763137817,-1.3913264274597168,3.8802342414855957
1749220523136612600,16.185612548828125,-0.9993727803230286,-1.2509500980377197,3.7696046829223633
1749220523146603800,16.195603759765625,-1.2805410623550415,-1.2293626070022583,3.8917958736419678
1749220523156594700,16.2055947265625,-1.4577089548110962,-1.021975040435791,3.8749101161956787
1749220523166585600,16.215585693359376,-1.3599666357040405,-0.07340577244758606,3.7644991874694824
1749220523176576800,16.22557666015625,-1.2591034173965454,0.6547743678092957,2.7664237022399902
1749220523186567700,16.235567626953124,-1.4056185483932495,1.5648736953735352,2.3094797134399414
1749220523196558600,16.24555859375,-1.6055175065994263,2.1071314811706543,2.6592156887054443
1749220523206549800,16.2555498046875,-1.84335196018219,1.6766763925552368,1.4109219312667847
1749220523216540000,16.265539794921875,-1.7154812812805176,0.9607598781585693,-0.44291430711746216
1749220523226530800,16.27553076171875,-1.082289457321167,0.5982146859169006,-1.1288801431655884
1749220523236521700,16.285521728515626,-0.2614544928073883,0.18313467502593994,-0.7597042322158813
1749220523246512600,16.2955126953125,0.28599366545677185,-0.24315299093723297,-0.7774731516838074
1749220523256503800,16.30550390625,0.4959988296031952,-0.7461796402931213,-1.2830522060394287
1749220523266494700,16.31549462890625,0.5669217705726624,-1.1639907360076904,-1.977697491645813
1749220523276485600,16.325485595703125,0.538629412651062,-1.2945303916931152,-2.6985409259796143
1749220523286476800,16.335476806640624,0.5600132346153259,-1.1990941762924194,-3.0911993980407715
1749220523296467700,16.3454677734375,0.7042228579521179,-0.9025799036026001,-3.29305362701416
1749220523306457900,16.355457763671875,0.8807814121246338,-0.44765233993530273,-3.5866312980651855
1749220523316448800,16.36544873046875,1.012704849243164,0.0604095496237278,-3.9833872318267822
1749220523326440000,16.37543994140625,1.0394669771194458,0.5669957995414734,-4.3864946365356445
1749220523336430800,16.385430908203126,0.994641900062561,0.9966182708740234,-4.795572280883789
1749220523346421800,16.395421875,0.9274977445602417,1.3618361949920654,-5.165999889373779
1749220523356412700,16.40541259765625,0.8546187877655029,1.624434471130371,-5.446312427520752
1749220523366403800,16.41540380859375,0.788858950138092,1.722607135772705,-5.63806676864624
1749220523376394800,16.425394775390625,0.720876157283783,1.6873799562454224,-5.764251708984375
1749220523386384600,16.435384521484377,0.6677711009979248,1.5428410768508911,-5.970901012420654
1749220523396375600,16.44537548828125,0.6195969581604004,1.3287160396575928,-6.233972072601318
1749220523406366700,16.45536669921875,0.5554259419441223,0.9930703639984131,-6.497282981872559
1749220523416357600,16.465357666015624,0.4734509289264679,0.5489757657051086,-6.767275810241699
1749220523426348800,16.475348876953124,0.4435018002986908,0.028084099292755127,-7.059511661529541
1749220523436340000,16.485340087890624,0.5188053250312805,-0.5663105249404907,-7.350857257843018
1749220523446331000,16.495330810546875,0.7183831930160522,-1.2794831991195679,-7.611873149871826
1749220523456321800,16.50532177734375,1.0718048810958862,-2.043034315109253,-7.805436611175537
1749220523466312700,16.515312744140626,1.5560964345932007,-2.547924041748047,-7.787747859954834
1749220523476302600,16.525302490234374,2.0777413845062256,-2.5728421211242676,-7.555248737335205
1749220523486293500,16.53529345703125,2.4629361629486084,-2.226320266723633,-7.1574482917785645
1749220523496284400,16.545284423828125,2.553544044494629,-1.8233425617218018,-6.631283760070801
1749220523506275600,16.555275634765625,2.266392946243286,-1.6588960886001587,-6.070545673370361
1749220523516266500,16.5652666015625,1.7745941877365112,-1.7951394319534302,-5.494747161865234
1749220523526257400,16.57525732421875,1.3618998527526855,-1.631897211074829,-4.475375175476074
1749220523536248300,16.585248291015624,1.0799269676208496,-1.518563985824585,-3.0941121578216553
1749220523546239500,16.595239501953124,0.7003735303878784,-1.9232020378112793,-0.6854963302612305
1749220523556229600,16.605229736328123,0.30166423320770264,-1.0978662967681885,2.1437902450561523
1749220523566220500,16.615220458984375,0.030109966173768044,-0.09186387807130814,3.2563071250915527
1749220523576211500,16.62521142578125,-0.32017800211906433,1.0355550050735474,3.5958850383758545
1749220523586202600,16.63520263671875,-0.9943151473999023,1.900124430656433,3.6275787353515625
1749220523596193500,16.645193603515626,-0.6475374698638916,1.3121548891067505,2.176579475402832
1749220523606184400,16.655184326171874,0.5336095690727234,2.3639445304870605,1.4380768537521362
1749220523616175600,16.665175537109373,-1.3800817728042603,5.760587692260742,3.0583901405334473
1749220523626166500,16.67516650390625,-3.299370050430298,6.396522045135498,4.261948108673096
1749220523636157400,16.685157470703125,-2.8767223358154297,4.192749500274658,3.6015918254852295
1749220523646147600,16.695147705078124,-0.9433627724647522,3.1190781593322754,3.3566157817840576
1749220523656138500,16.705138427734376,0.4923098385334015,2.544680595397949,3.768990993499756
1749220523666129700,16.715129638671876,0.7213816046714783,2.274322032928467,3.191113233566284
1749220523676120600,16.72512060546875,0.9064449667930603,0.1295553296804428,2.722046375274658
1749220523686111500,16.735111572265627,1.2913745641708374,-0.9309747815132141,2.776287078857422
1749220523696102700,16.7451025390625,0.6956989169120789,-2.1438651084899902,2.6066792011260986
1749220523706093600,16.755093505859374,0.583234429359436,-3.0568172931671143,2.2513818740844727
1749220523716084500,16.76508447265625,0.671862781047821,-2.7470896244049072,1.921282410621643
1749220523726074400,16.775074462890625,0.5032783150672913,-2.226349353790283,1.4926106929779053
1749220523736065500,16.7850654296875,0.26274213194847107,-1.1012605428695679,1.3436001539230347
1749220523746056400,16.795056396484377,0.19706672430038452,0.01882881484925747,1.2558809518814087
1749220523756047400,16.80504736328125,0.23708204925060272,0.7798857092857361,1.211160659790039
1749220523766038800,16.815038818359376,0.19662784039974213,0.9895443916320801,1.0691540241241455
1749220523776029700,16.82502978515625,0.20603998005390167,0.7761183977127075,0.9001721143722534
1749220523786020600,16.8350205078125,0.3504914343357086,0.1787164807319641,0.7786449193954468
1749220523796011500,16.845011474609375,0.4355730414390564,-0.6339007616043091,0.6708793044090271
1749220523806002700,16.855002685546875,0.3691476881504059,-1.3090089559555054,0.6075075268745422
1749220523815992600,16.86499267578125,0.2603010833263397,-1.6234943866729736,0.559562623500824
1749220523825983500,16.8749833984375,0.19367413222789764,-1.6513851881027222,0.6030131578445435
1749220523835974400,16.884974365234374,0.22758442163467407,-1.3156559467315674,0.6956334114074707
1749220523845965600,16.894965576171874,0.30696046352386475,-0.7419308423995972,0.7042513489723206
1749220523855956500,16.90495654296875,0.22206129133701324,-0.30287250876426697,0.6542888879776001
1749220523865947400,16.914947509765625,-0.0272662416100502,-0.17540457844734192,0.6359580755233765
1749220523875938600,16.9249384765625,-0.18635469675064087,-0.3498365581035614,0.6623443961143494
1749220523885929500,16.934929443359376,-0.13057558238506317,-0.5453043580055237,0.6919222474098206
1749220523895919600,16.944919677734376,0.012724850326776505,-0.5627443194389343,0.7293777465820312
1749220523905910500,16.95491064453125,0.10844924300909042,-0.5485384464263916,0.7437759041786194
1749220523915901400,16.9649013671875,0.09194537252187729,-0.6100367307662964,0.8107157349586487
1749220523925892600,16.974892578125,0.003463441040366888,-0.6295249462127686,0.9085507392883301
1749220523935883500,16.984883544921875,-0.04176049679517746,-0.5143237709999084,0.9867746829986572
1749220523945874400,16.99487451171875,-0.040039561688899994,-0.3228744566440582,1.0561755895614624
1749220523955865600,17.004865478515626,-0.0667651817202568,-0.12554886937141418,1.165744662284851
1749220523965856500,17.0148564453125,-0.15038444101810455,-0.04308674857020378,1.214768409729004
1749220523975847400,17.024847412109374,-0.2299668937921524,0.0031963258516043425,1.221185564994812
1749220523985837600,17.034837646484377,-0.15903225541114807,0.06103858724236488,1.2155652046203613
1749220523995828700,17.044828857421876,-0.14132250845432281,-0.05697619915008545,1.232915997505188
1749220524005819600,17.054819580078124,-0.1528470665216446,-0.28285086154937744,1.1953121423721313
1749220524015810600,17.064810546875,-0.12849245965480804,-0.4005897641181946,1.250097393989563
1749220524025801500,17.074801513671876,-0.11736524105072021,-0.4115590453147888,1.286025047302246
1749220524035792600,17.084792724609375,-0.1696002185344696,-0.4059131443500519,1.3743327856063843
1749220524045783600,17.094783447265623,-0.2627165913581848,-0.38198837637901306,1.4701833724975586
1749220524055774500,17.1047744140625,-0.2556687891483307,-0.28525465726852417,1.6167595386505127
1749220524065764400,17.114764404296874,-0.30543822050094604,-0.21164514124393463,1.7650755643844604
1749220524075755500,17.124755615234374,-0.44592687487602234,-0.19005648791790009,1.9180104732513428
1749220524085746400,17.134746337890626,-0.5673401355743408,-0.1215732991695404,2.081254482269287
1749220524095737300,17.1447373046875,-0.6478301882743835,-0.03152836486697197,2.2914721965789795
1749220524105728500,17.154728515625,-0.7562421560287476,-0.0499316081404686,2.411234140396118
1749220524115719700,17.1647197265625,-0.7196961045265198,-0.11842704564332962,2.5734734535217285
1749220524125710600,17.174710693359376,-0.6489763855934143,-0.25056564807891846,2.658285617828369
1749220524135701800,17.18470166015625,-0.674847424030304,-0.42688900232315063,2.743450403213501
1749220524145691600,17.194691650390624,-0.7273865342140198,-0.5737231969833374,2.7907893657684326
1749220524155682600,17.2046826171875,-0.6892750859260559,-0.7548109292984009,2.816309928894043
1749220524165673500,17.214673583984375,-0.6078281402587891,-0.9086799025535583,2.8993210792541504
1749220524175664400,17.224664306640626,-0.5501790046691895,-1.1429190635681152,2.819779396057129
1749220524185655600,17.234655517578126,-0.6371956467628479,-1.4823613166809082,2.7589778900146484
1749220524195646500,17.244646484375,-0.6290330290794373,-1.8469445705413818,2.9617257118225098
1749220524205637400,17.254637451171874,-0.5056727528572083,-2.05617094039917,3.3092570304870605
1749220524215628500,17.264628662109374,-0.5818487405776978,-1.981489896774292,3.5506627559661865
1749220524225619500,17.274619384765625,-0.5065729022026062,-1.8327571153640747,3.660898447036743
1749220524235609600,17.284609619140625,-0.263677716255188,-1.6028658151626587,3.683504819869995
1749220524245600500,17.2946005859375,-0.5938729047775269,-0.9965159893035889,3.562326192855835
1749220524255591700,17.304591796875,-1.4229788780212402,-0.1118389144539833,3.5012242794036865
1749220524265582600,17.31458251953125,-2.1731832027435303,0.2860618531703949,3.422050952911377
1749220524275573500,17.324573486328124,-1.9805073738098145,0.04471847042441368,3.0409421920776367
1749220524285564400,17.334564453125,-1.2580429315567017,0.7163131237030029,2.14642596244812
1749220524295555600,17.3445556640625,-0.8675044775009155,1.7213964462280273,2.4290432929992676
1749220524305546500,17.35454638671875,-1.0344945192337036,1.7895779609680176,2.1333532333374023
1749220524315536400,17.364536376953126,-1.541939377784729,0.7420456409454346,0.36506080627441406
1749220524325527600,17.374527587890626,-1.4560468196868896,-0.396445095539093,-1.0836085081100464
1749220524335518700,17.384518798828125,-0.7319107055664062,-1.014675259590149,-1.3750345706939697
1749220524345509600,17.394509521484373,0.17335528135299683,-1.383918285369873,-1.1191627979278564
1749220524355500500,17.40450048828125,0.7520708441734314,-1.5122040510177612,-1.3648226261138916
1749220524365491700,17.41449169921875,0.986565351486206,-1.6650991439819336,-1.9596492052078247
1749220524375482600,17.424482666015624,0.9705634713172913,-1.6556928157806396,-2.609640121459961
1749220524385473500,17.4344736328125,0.7776957750320435,-1.4490329027175903,-3.145622968673706
1749220524395464400,17.44446435546875,0.6396257877349854,-1.0681816339492798,-3.4050533771514893
1749220524405454600,17.45445458984375,0.7287846803665161,-0.4712783098220825,-3.626300096511841
1749220524415445500,17.464445556640626,0.9180880188941956,0.2908185124397278,-3.9641408920288086
1749220524425436400,17.4744365234375,1.0677963495254517,1.0438685417175293,-4.3537774085998535
1749220524435427300,17.48442724609375,1.1124998331069946,1.7003878355026245,-4.724608421325684
1749220524445418500,17.49441845703125,1.0559015274047852,2.241129159927368,-5.015002727508545
1749220524455409400,17.504409423828125,0.9449548125267029,2.653064012527466,-5.218671798706055
1749220524465400600,17.514400634765625,0.8337214589118958,2.9507784843444824,-5.319685459136963
1749220524475391500,17.5243916015625,0.7081925868988037,3.1255829334259033,-5.462558746337891
1749220524485381400,17.53438134765625,0.5696922540664673,3.0451838970184326,-5.694629192352295
1749220524495372300,17.544372314453124,0.4180941879749298,2.678187608718872,-5.92475700378418
1749220524505363500,17.554363525390624,0.26162999868392944,2.1156723499298096,-6.12322998046875
1749220524515354400,17.564354248046875,0.17228202521800995,1.4525197744369507,-6.379153728485107
1749220524525345300,17.57434521484375,0.17765361070632935,0.8544568419456482,-6.672040939331055
1749220524535336200,17.584336181640627,0.25916099548339844,0.24265818297863007,-6.915289878845215
1749220524545327400,17.594327392578126,0.3851298391819,-0.3870965838432312,-7.065654277801514
1749220524555318300,17.604318359375,0.5978929996490479,-0.896752119064331,-7.134213924407959
1749220524565308400,17.614308349609374,0.9144266843795776,-1.2351183891296387,-7.15785026550293
1749220524575299300,17.62429931640625,1.235885739326477,-1.4749070405960083,-7.066527843475342
1749220524585290500,17.63429052734375,1.5146172046661377,-1.647969365119934,-6.691001892089844
1749220524595281400,17.644281494140625,1.7537778615951538,-1.8187216520309448,-6.10634708404541
1749220524605272300,17.654272216796876,1.8647032976150513,-2.0753252506256104,-5.578598499298096
1749220524615263500,17.664263427734376,1.878899335861206,-2.418391227722168,-5.0370869636535645
1749220524625254400,17.67425439453125,1.8469029664993286,-2.6694061756134033,-4.1148905754089355
1749220524635245300,17.684245361328124,1.7018736600875854,-2.7386131286621094,-2.7917325496673584
1749220524645235200,17.694235107421875,1.3205478191375732,-2.5783932209014893,-1.037979245185852
1749220524655226400,17.704226318359375,0.7016838192939758,-1.87489652633667,0.8245221376419067
1749220524665217300,17.71421728515625,-0.009642240591347218,-0.8901594281196594,2.0732169151306152
1749220524675208400,17.72420849609375,-0.6889832019805908,0.1802949458360672,2.8209848403930664
1749220524685199400,17.734199462890626,-1.1329723596572876,1.0221481323242188,3.3359665870666504
1749220524695190500,17.7441904296875,-0.8898484110832214,1.0020196437835693,2.857084035873413
1749220524705181400,17.754181396484373,0.23380663990974426,1.0768665075302124,1.4507242441177368
1749220524715172400,17.76417236328125,-0.6508051753044128,3.724522352218628,1.6451655626296997
1749220524725163500,17.77416357421875,-2.375067949295044,6.05810022354126,4.0845513343811035
1749220524735153400,17.7841533203125,-2.4157567024230957,5.031746864318848,3.574016571044922
1749220524745144300,17.794144287109376,-1.1121746301651,3.530627965927124,2.9449901580810547
1749220524755135200,17.80413525390625,-0.29927513003349304,2.736032724380493,2.7946863174438477
1749220524765126400,17.81412646484375,0.10699329525232315,2.113095283508301,2.9607036113739014
1749220524775117300,17.824117431640627,0.45715343952178955,1.2420490980148315,2.644789695739746
1749220524785108200,17.834108154296874,0.49496179819107056,-0.5600795745849609,2.3677899837493896
1749220524795099100,17.84409912109375,0.8011608719825745,-1.5589239597320557,2.570956230163574
1749220524805090300,17.85409033203125,0.9076979756355286,-1.6563352346420288,2.251342535018921
1749220524815080400,17.86408056640625,0.24879756569862366,-1.5016670227050781,1.6981209516525269
1749220524825071400,17.8740712890625,-0.5353366732597351,-1.1004767417907715,1.2243491411209106
1749220524835062300,17.884062255859376,-0.6870419979095459,-0.23267719149589539,1.1429611444473267
1749220524845053400,17.894053466796876,-0.4358856976032257,0.7771735191345215,1.2024768590927124
1749220524855044400,17.90404443359375,-0.11262960731983185,1.3698991537094116,1.1208068132400513
1749220524865035300,17.91403515625,0.08929020166397095,1.333101511001587,0.972153902053833
1749220524875026400,17.9240263671875,0.1601973921060562,0.9082084894180298,0.923660933971405
1749220524885017300,17.934017333984375,0.22543711960315704,0.34184813499450684,0.9302480220794678
1749220524895008300,17.94400830078125,0.29873690009117126,-0.27084267139434814,0.8545433878898621
1749220524904998400,17.953998291015626,0.2599109411239624,-1.0007206201553345,0.7647067308425903
1749220524914989600,17.963989501953126,0.12957316637039185,-1.5695856809616089,0.7535858750343323
1749220524924980500,17.97398046875,0.08562994748353958,-1.5880967378616333,0.7543345093727112
1749220524934971400,17.983971435546874,0.12346414476633072,-1.0740389823913574,0.7552629113197327
1749220524944962300,17.99396240234375,0.1251523196697235,-0.46389150619506836,0.804412841796875
1749220524954953500,18.003953369140625,0.0760556161403656,-0.0978754311800003,0.8356711864471436
1749220524964944400,18.0139443359375,-0.01732625998556614,-0.12388918548822403,0.8364810347557068
1749220524974935300,18.023935302734376,-0.062192000448703766,-0.47550076246261597,0.8065319657325745
1749220524984925200,18.03392529296875,0.018374746665358543,-0.891745388507843,0.8133608102798462
1749220524994916400,18.043916259765624,0.15186676383018494,-1.195184588432312,0.8466958403587341
1749220525004907300,18.0539072265625,0.18577918410301208,-1.3835824728012085,0.8846619129180908
1749220525014898200,18.063898193359375,0.10345661640167236,-1.429062843322754,0.922018826007843
1749220525024889300,18.073889404296875,0.004320712294429541,-1.2794169187545776,0.9720718860626221
1749220525034880500,18.083880615234374,-0.0474865585565567,-0.9746700525283813,1.063596248626709
1749220525044871400,18.093871337890626,-0.07008481025695801,-0.6905419230461121,1.135408878326416
1749220525054862300,18.1038623046875,-0.1226569414138794,-0.5785019397735596,1.1904257535934448
1749220525064852500,18.1138525390625,-0.17444929480552673,-0.5996655821800232,1.2385305166244507
1749220525074843400,18.123843505859377,-0.18301455676555634,-0.6740095615386963,1.27222740650177
1749220525084834300,18.133834228515624,-0.15865036845207214,-0.7498822212219238,1.2840145826339722
1749220525094825200,18.1438251953125,-0.14312493801116943,-0.8278436064720154,1.2999403476715088
1749220525104816400,18.15381640625,-0.11779800802469254,-0.8958945870399475,1.3328359127044678
1749220525114807300,18.163807373046875,-0.27436497807502747,-0.9376156330108643,1.3478108644485474
1749220525124798200,18.173798095703123,-0.4828025996685028,-0.8165987133979797,1.441510796546936
1749220525134789400,18.183789306640627,-0.4750661253929138,-0.5125074982643127,1.579223394393921
1749220525144779500,18.193779541015626,-0.4635884463787079,-0.27995842695236206,1.7958887815475464
1749220525154770400,18.2037705078125,-0.5963693857192993,-0.24049410223960876,2.0065624713897705
1749220525164761300,18.21376123046875,-0.7196231484413147,-0.28277575969696045,2.217224359512329
1749220525174752500,18.22375244140625,-0.8093985915184021,-0.18129868805408478,2.462183713912964
1749220525184743400,18.233743408203125,-0.8985433578491211,-0.1050390675663948,2.7053372859954834
1749220525194734300,18.243734375,-0.9667386412620544,-0.0614420548081398,2.836552858352661
1749220525204725200,18.253725341796876,-1.0304052829742432,-0.11233053356409073,2.9625658988952637
1749220525214716400,18.26371630859375,-1.092151403427124,-0.10356101393699646,3.078111410140991
1749220525224706300,18.273706298828124,-1.1131592988967896,-0.23776355385780334,3.1627657413482666
1749220525234697200,18.283697265625,-0.9917625188827515,-0.5268944501876831,3.190660238265991
1749220525244688400,18.2936884765625,-0.8237301111221313,-0.8695442080497742,3.198568105697632
1749220525254679600,18.303679443359375,-0.8344684839248657,-1.0262401103973389,3.1061131954193115
1749220525264670500,18.31367041015625,-0.9552960991859436,-1.0233441591262817,3.2021937370300293
1749220525274661400,18.323661376953126,-0.6284913420677185,-1.1855405569076538,3.421908140182495
1749220525284652500,18.333652587890626,-0.45668259263038635,-1.509674072265625,3.6713979244232178
1749220525294643500,18.3436435546875,-0.4787077307701111,-1.715865135192871,3.8539068698883057
1749220525304634400,18.35363427734375,-0.5725767016410828,-1.64386785030365,4.358201503753662
1749220525314624300,18.363624267578125,-0.9190624952316284,-1.9783145189285278,4.156036376953125
1749220525324615400,18.373615478515624,-1.143835186958313,-1.9371048212051392,3.957878351211548
1749220525334606300,18.3836064453125,-1.049548864364624,-1.944514513015747,3.6405422687530518
1749220525344597200,18.39359716796875,-0.7400610446929932,-1.0595729351043701,3.3482961654663086
1749220525354588200,18.403588134765624,-0.7806798219680786,-0.027486484497785568,2.676651954650879
1749220525364579300,18.413579345703123,-1.1669601202011108,1.2116128206253052,3.099205732345581
1749220525374570500,18.423570556640627,-1.5883841514587402,1.6370919942855835,2.596684455871582
1749220525384561400,18.4335615234375,-1.53389310836792,1.3851460218429565,0.33331936597824097
1749220525394551300,18.44355126953125,-1.0509145259857178,1.626602053642273,-1.0242512226104736
1749220525404542500,18.45354248046875,-0.39383918046951294,1.7110575437545776,-0.7460752725601196
1749220525414533400,18.463533447265625,0.17319761216640472,1.4092353582382202,-0.386551171541214
1749220525424524300,18.473524169921873,0.4791695177555084,0.9200473427772522,-0.9110053777694702
1749220525434515500,18.483515380859377,0.6586697697639465,0.4296099543571472,-1.7553030252456665
1749220525444506400,18.49350634765625,0.7125670909881592,0.2475711852312088,-2.650634288787842
1749220525454497300,18.503497314453124,0.7550338506698608,0.24805188179016113,-3.1346945762634277
1749220525464488200,18.51348828125,0.894887387752533,0.30666032433509827,-3.223073720932007
1749220525474482400,18.523482421875,1.0478473901748657,0.41663050651550293,-3.4576189517974854
1749220525484473300,18.533473388671876,1.1950088739395142,0.5642258524894714,-3.823221206665039
1749220525494464500,18.543464599609376,1.2938520908355713,0.7110999822616577,-4.188673973083496
1749220525504455700,18.55345556640625,1.3372511863708496,0.8228139877319336,-4.5398640632629395
1749220525514446600,18.563446533203123,1.3448190689086914,0.9246324896812439,-4.799922943115234
1749220525524437500,18.5734375,1.335869312286377,1.092899203300476,-4.952011585235596
1749220525534428700,18.5834287109375,1.2983230352401733,1.2745782136917114,-5.191933631896973
1749220525544419600,18.593419677734374,1.1819913387298584,1.3863040208816528,-5.490416526794434
1749220525554410500,18.603410400390626,1.031978964805603,1.3452094793319702,-5.731194019317627
1749220525564400400,18.613400390625,0.9046065807342529,1.1792248487472534,-5.92386531829834
1749220525574391600,18.6233916015625,0.8278958201408386,0.9179439544677734,-6.081535816192627
1749220525584382500,18.633382568359377,0.7651112675666809,0.6073898077011108,-6.2689208984375
1749220525594373400,18.643373291015624,0.7126280665397644,0.2959722578525543,-6.472529411315918
1749220525604364500,18.653364501953124,0.684043288230896,-0.01561118382960558,-6.617234230041504
1749220525614355500,18.66335546875,0.6930594444274902,-0.23715129494667053,-6.680431842803955
1749220525624346400,18.673346435546875,0.7201499342918396,-0.3065836429595947,-6.692326545715332
1749220525634337500,18.683337646484375,0.7722477316856384,-0.3118788003921509,-6.6740403175354
1749220525644327700,18.69332763671875,0.814129114151001,-0.3306514322757721,-6.59858512878418
1749220525654318600,18.703318603515626,0.7955666184425354,-0.39808666706085205,-6.407532691955566
1749220525664309500,18.7133095703125,0.7939671277999878,-0.5710887908935547,-6.074108123779297
1749220525674300400,18.723300537109374,0.8211628198623657,-0.715569794178009,-5.581594467163086
1749220525684291600,18.73329150390625,0.82450270652771,-0.6412436366081238,-5.105388641357422
1749220525694282500,18.743282470703125,0.8219436407089233,-0.4088844358921051,-4.6034345626831055
1749220525704273400,18.7532734375,0.7984843850135803,-0.257366806268692,-3.8745546340942383
1749220525714264600,18.7632646484375,0.7312092185020447,-0.23228730261325836,-2.7853970527648926
1749220525724254700,18.773254638671876,0.69771808385849,-0.607750654220581,-1.626299262046814
1749220525734245600,18.78324560546875,0.6344496607780457,-1.1932308673858643,-0.21579940617084503
1749220525744236500,18.793236572265624,0.4964638352394104,-1.479695439338684,1.094473958015442
1749220525754227700,18.803227783203123,0.2069249451160431,-1.219920039176941,1.9874931573867798
1749220525764218600,18.813218505859375,-0.23407667875289917,-0.6179183721542358,2.7032363414764404
1749220525774209500,18.82320947265625,-0.6048613786697388,0.112992063164711,3.23693585395813
1749220525784200400,18.833200439453126,-0.7209802865982056,0.9123116135597229,3.4600493907928467
1749220525794191600,18.843191650390626,-0.1662406325340271,0.08168021589517593,1.7264138460159302
1749220525804182500,18.8531826171875,0.7835808396339417,-0.05631786584854126,-0.08063359558582306
1749220525814172400,18.86317236328125,-1.2766648530960083,4.446353435516357,3.442655086517334
1749220525824163300,18.873163330078125,-2.4830846786499023,5.880992889404297,4.431088447570801
1749220525834154500,18.883154541015625,-2.003635883331299,3.642932891845703,2.44753360748291
1749220525844145700,18.893145751953124,-0.6779265403747559,3.0621280670166016,2.4760332107543945
1749220525854136600,18.903136474609376,-0.20844562351703644,3.2001211643218994,2.8476386070251465
1749220525864127700,18.913127685546876,0.3146601915359497,3.494445562362671,3.258847236633301
1749220525874118700,18.92311865234375,0.5901376008987427,2.279262065887451,2.894481897354126
1749220525884109600,18.933109619140627,0.7673112750053406,0.38839781284332275,2.559213399887085
1749220525894099500,18.943099365234374,0.12564341723918915,-0.43120360374450684,2.501755475997925
1749220525904090600,18.953090576171874,-0.44438570737838745,-1.5971759557724,2.1018874645233154
1749220525914081500,18.96308154296875,-0.2250158041715622,-1.925623893737793,1.9194986820220947
1749220525924072400,18.973072509765625,-0.08338916301727295,-1.7302019596099854,1.4461183547973633
1749220525934063400,18.9830634765625,0.25079894065856934,-1.1859010457992554,1.293426513671875
1749220525944054500,18.993054443359377,0.7598187327384949,-0.4331439733505249,1.3856861591339111
1749220525954045400,19.00304541015625,0.9988947510719299,0.1097256988286972,1.2809170484542847
1749220525964036400,19.013036376953124,0.8504967093467712,0.28893059492111206,1.0969719886779785
1749220525974026500,19.023026611328124,0.5367518663406372,0.09771431237459183,0.8882172107696533
1749220525984017700,19.033017578125,0.28695160150527954,-0.45303431153297424,0.7573660016059875
1749220525994008600,19.043008544921875,0.2002585232257843,-1.250471830368042,0.7079252004623413
1749220526003999500,19.05299951171875,0.30700254440307617,-1.9053164720535278,0.6468152403831482
1749220526013990700,19.06299072265625,0.4982127249240875,-2.0372960567474365,0.609984815120697
1749220526023981600,19.072981689453126,0.5353065729141235,-1.6273549795150757,0.5956660509109497
1749220526033972500,19.082972412109374,0.388192743062973,-1.0097383260726929,0.5993145704269409
1749220526043963400,19.09296337890625,0.20430679619312286,-0.5193720459938049,0.6381663680076599
1749220526053953500,19.10295361328125,0.06936869025230408,-0.38802096247673035,0.6690329313278198
1749220526063944700,19.11294482421875,-0.01786768063902855,-0.5499140024185181,0.6438812613487244
1749220526073935600,19.122935546875,-0.038119688630104065,-0.7671640515327454,0.6249975562095642
1749220526083926500,19.132926513671876,0.027451863512396812,-0.9514195919036865,0.6580542922019958
1749220526093917700,19.142917724609376,0.12062148749828339,-1.0509963035583496,0.6945590376853943
1749220526103908600,19.15290869140625,0.16227120161056519,-1.030442237854004,0.7207392454147339
1749220526113899500,19.1628994140625,0.12698325514793396,-0.9247416853904724,0.7560879588127136
1749220526123890700,19.172890625,0.04101800546050072,-0.7790300250053406,0.8501912951469421
1749220526133881600,19.182881591796875,-0.025244370102882385,-0.59108567237854,0.9866721630096436
1749220526143871500,19.19287158203125,-0.039388418197631836,-0.4047328233718872,1.0841516256332397
1749220526153862400,19.2028623046875,-0.07402629405260086,-0.28997695446014404,1.130088448524475
1749220526163853600,19.212853515625,-0.20153364539146423,-0.3474844694137573,1.182851791381836
1749220526173844500,19.222844482421873,-0.2134382426738739,-0.46660977602005005,1.1498358249664307
1749220526183835400,19.23283544921875,-0.09499894827604294,-0.4614459276199341,1.1893949508666992
1749220526193826600,19.24282666015625,-0.0634511411190033,-0.5240349769592285,1.2571462392807007
1749220526203817700,19.252817626953124,-0.14244689047336578,-0.7093430757522583,1.280790090560913
1749220526213808600,19.26280859375,-0.19862361252307892,-0.7972092628479004,1.374587893486023
1749220526223798500,19.272798583984375,-0.20160076022148132,-0.6914905905723572,1.501891851425171
1749220526233789400,19.28278955078125,-0.2156318873167038,-0.5616849064826965,1.6591993570327759
1749220526243780600,19.292780517578127,-0.35584038496017456,-0.4628525972366333,1.8450713157653809
1749220526253771500,19.302771484375,-0.5130787491798401,-0.33595749735832214,2.031184673309326
1749220526263762400,19.312762451171874,-0.6050952076911926,-0.10502707958221436,2.2375991344451904
1749220526273753600,19.322753662109374,-0.7145258188247681,0.09065213799476624,2.4170944690704346
1749220526283744500,19.33274462890625,-0.8692169189453125,0.22147352993488312,2.5963754653930664
1749220526293735400,19.3427353515625,-0.8711889386177063,0.24488192796707153,2.7537119388580322
1749220526303725600,19.3527255859375,-0.9249784350395203,0.12131684273481369,2.8524322509765625
1749220526313716700,19.362716796875,-0.9761457443237305,0.003043194068595767,2.9398179054260254
1749220526323707600,19.372707763671876,-0.9351687431335449,-0.16166293621063232,3.0270602703094482
1749220526333698600,19.382698486328124,-0.8767906427383423,-0.46871981024742126,3.063415050506592
1749220526343689500,19.392689453125,-0.7762323617935181,-0.8322197198867798,3.0896987915039062
1749220526353680600,19.4026806640625,-0.6773606538772583,-1.1025183200836182,3.033015251159668
1749220526363671600,19.412671630859375,-0.7886248230934143,-1.381013035774231,2.9529736042022705
1749220526373662500,19.422662353515626,-0.7829437851905823,-1.6378486156463623,3.103140354156494
1749220526383652400,19.43265234375,-0.6480986475944519,-1.8014841079711914,3.4186196327209473
1749220526393643500,19.4426435546875,-0.8086046576499939,-1.5941953659057617,3.7109463214874268
1749220526403634400,19.452634521484374,-0.8904337882995605,-1.422682523727417,3.7316482067108154
1749220526413625600,19.46262548828125,-0.7456778883934021,-0.8692044019699097,3.845919370651245
1749220526423616800,19.47261669921875,-1.0877857208251953,-0.4830513596534729,3.664445400238037
1749220526433607700,19.482607666015625,-1.854856252670288,-0.017896974459290504,3.4946799278259277
1749220526443598600,19.4925986328125,-2.3219590187072754,0.5031792521476746,3.507533073425293
1749220526453589500,19.502589599609376,-1.9145355224609375,0.5958939790725708,2.988406181335449
1749220526463579600,19.51257958984375,-1.5173612833023071,1.6385940313339233,1.983839511871338
1749220526473566500,19.52256640625,-1.3575983047485352,2.564544916152954,2.3978846073150635
1749220526483557400,19.532557373046874,-1.6468125581741333,2.798304319381714,2.891282081604004
1749220526493548500,19.542548583984374,-2.525729179382324,1.862415075302124,1.1870393753051758
1749220526503539500,19.55253955078125,-2.608752965927124,0.47470447421073914,-0.8511720895767212
1749220526513530400,19.5625302734375,-1.8526133298873901,0.04199511930346489,-1.5638377666473389
1749220526523521500,19.572521484375,-0.8540800213813782,-0.2803501784801483,-1.1700986623764038
1749220526533512700,19.5825126953125,-0.1502920389175415,-0.577638566493988,-1.1043812036514282
1749220526543502600,19.592502685546876,0.18694591522216797,-1.001802682876587,-1.6580874919891357
1749220526553493500,19.602493408203124,0.2989768385887146,-1.4234817028045654,-2.3603501319885254
1749220526563484400,19.612484375,0.21640047430992126,-1.6345638036727905,-3.048800468444824
1749220526573475600,19.6224755859375,0.1491631120443344,-1.6038833856582642,-3.4850313663482666
1749220526583466500,19.632466552734375,0.3191750645637512,-1.2977352142333984,-3.692148208618164
1749220526593457400,19.64245751953125,0.6338208913803101,-0.7231808304786682,-3.9785773754119873
1749220526603448600,19.652448486328126,0.8918718695640564,-0.09563544392585754,-4.356174945831299
1749220526613439500,19.662439453125,1.0302627086639404,0.4600093960762024,-4.724752426147461
1749220526623430400,19.672430419921874,1.0667576789855957,0.90982985496521,-5.064659595489502
1749220526633420500,19.682420654296877,1.0714062452316284,1.328482985496521,-5.38099479675293
1749220526643411700,19.69241162109375,1.0722235441207886,1.7350126504898071,-5.6666579246521
1749220526653402600,19.702402587890624,1.0685795545578003,2.0288589000701904,-5.869801044464111
1749220526663393500,19.7123935546875,1.043499231338501,2.1848361492156982,-5.931137561798096
1749220526673384400,19.722384521484376,0.9695677161216736,2.186516046524048,-6.058648586273193
1749220526683375600,19.732375732421875,0.8289525508880615,2.0452096462249756,-6.301181316375732
1749220526693366500,19.742366455078123,0.6628554463386536,1.7294994592666626,-6.562349319458008
1749220526703357400,19.752357421875,0.490033358335495,1.260909080505371,-6.835973739624023
1749220526713347300,19.762347412109374,0.39089080691337585,0.6722492575645447,-7.103215217590332
1749220526723338500,19.77233837890625,0.41624143719673157,0.039515718817710876,-7.351850986480713
1749220526733329400,19.782329345703126,0.564110517501831,-0.56104975938797,-7.543853282928467
1749220526743320600,19.792320556640625,0.8138912916183472,-1.0405417680740356,-7.582425594329834
1749220526753311700,19.802311767578125,1.0984218120574951,-1.3677667379379272,-7.390626907348633
1749220526763302700,19.812302734375,1.329515814781189,-1.54021418094635,-6.991804599761963
1749220526773293600,19.82229345703125,1.4449368715286255,-1.513405442237854,-6.473022937774658
1749220526783284500,19.832284423828124,1.4562641382217407,-1.5429081916809082,-5.935237407684326
1749220526793275600,19.842275634765624,1.4147286415100098,-1.9443923234939575,-5.421566486358643
1749220526803265500,19.852265625,1.4310532808303833,-2.711726188659668,-4.5632710456848145
1749220526813256400,19.86225634765625,1.5738019943237305,-3.9021434783935547,-3.3760311603546143
1749220526823247400,19.872247314453126,1.676802158355713,-4.777748107910156,-1.1265562772750854
1749220526833238500,19.882238525390626,1.5214232206344604,-4.569986343383789,1.1679271459579468
1749220526843229400,19.8922294921875,0.9775193929672241,-3.711803674697876,2.405937433242798
1749220526853220400,19.902220458984374,0.096385657787323,-2.223236083984375,3.08207368850708
1749220526863211500,19.91221142578125,-0.9861158132553101,-0.3123200833797455,3.625746488571167
1749220526873202700,19.92220263671875,-1.0324026346206665,0.3012820780277252,2.921860456466675
1749220526883192600,19.932192626953125,0.28032541275024414,1.126672625541687,1.9515635967254639
1749220526893183500,19.94218359375,0.45006251335144043,4.837275981903076,1.3976229429244995
1749220526903174700,19.952174560546876,-2.314127206802368,8.342452049255371,3.4866483211517334
1749220526913165600,19.96216552734375,-4.056366443634033,6.97534704208374,3.815899610519409
1749220526923156500,19.972156494140624,-3.4030516147613525,4.426652431488037,2.590250015258789
1749220526933147400,19.9821474609375,-1.3589011430740356,4.165345668792725,3.0003693103790283
1749220526943138600,19.992138671875,0.5566584467887878,4.493577003479004,3.241518497467041
1749220526953129500,20.00212939453125,1.06695556640625,2.175245761871338,2.4812328815460205
1749220526963119600,20.01211962890625,1.228644847869873,-0.9763877987861633,2.9249651432037354
1749220526973110500,20.022110595703126,1.201808214187622,-1.9243029356002808,3.219960927963257
1749220526983101700,20.032101806640625,0.4420165717601776,-3.361116647720337,2.4773507118225098
1749220526993092600,20.042092529296873,0.21760661900043488,-3.620312452316284,1.8211158514022827
1749220527003083500,20.05208349609375,0.34526339173316956,-2.393817186355591,1.6066526174545288
1749220527013074700,20.06207470703125,0.3010847270488739,-0.8206523060798645,1.4162983894348145
1749220527023065600,20.072065673828124,0.17295366525650024,0.7547430396080017,1.4283227920532227
1749220527033056500,20.082056396484376,0.07268299162387848,1.607162356376648,1.3155043125152588
1749220527043046400,20.09204638671875,0.010934673249721527,1.6901941299438477,1.1584484577178955
1749220527053037600,20.10203759765625,-0.04777684435248375,1.0704703330993652,0.9752988815307617
1749220527063028500,20.112028564453126,0.03648131340742111,-0.050327617675065994,0.8487228155136108
1749220527073019400,20.122019287109374,0.2932009696960449,-1.1862907409667969,0.7895787954330444
1749220527083010600,20.132010498046874,0.5365550518035889,-1.8955179452896118,0.741121232509613
1749220527093001700,20.142001708984374,0.6354233026504517,-2.0593295097351074,0.6984683275222778
1749220527102992600,20.15199267578125,0.5392059683799744,-1.5389046669006348,0.6760151982307434
1749220527112983600,20.161983642578125,0.2720128893852234,-0.5525896549224854,0.6988451480865479
1749220527122974700,20.171974609375,-0.04721464961767197,0.3600929379463196,0.7473618388175964
1749220527132964600,20.181964599609376,-0.2693111002445221,0.7606036067008972,0.7838718891143799
1749220527142955500,20.19195556640625,-0.34648045897483826,0.636074423789978,0.7732783555984497
1749220527152946400,20.201946533203124,-0.2765524983406067,0.09118237346410751,0.7581707835197449
1749220527162937600,20.2119375,-0.07103343307971954,-0.6056808829307556,0.7777290344238281
1749220527172928500,20.221928466796875,0.17781686782836914,-1.1225557327270508,0.8076691031455994
1749220527182919400,20.23191943359375,0.3492980897426605,-1.321901798248291,0.8407130837440491
1749220527192910300,20.241910400390626,0.358267605304718,-1.2404223680496216,0.8625193238258362
1749220527202901500,20.251901611328126,0.24322250485420227,-0.9832153916358948,0.8648934960365295
1749220527212891600,20.2618916015625,0.07827349752187729,-0.6438798904418945,0.8916699886322021
1749220527222882600,20.271882568359374,-0.06645412743091583,-0.34787940979003906,0.9442487955093384
1749220527232873500,20.28187353515625,-0.13708434998989105,-0.2080772966146469,0.9938810467720032
1749220527242864600,20.29186474609375,-0.10887668281793594,-0.22108390927314758,1.015540599822998
1749220527252855600,20.30185546875,-0.03943342715501785,-0.3718070983886719,1.035383701324463
1749220527262846500,20.311846435546876,0.01896357163786888,-0.5921557545661926,1.0596389770507812
1749220527272837600,20.321837646484376,0.050154246389865875,-0.7699326276779175,1.0777781009674072
1749220527282828500,20.33182861328125,0.0655614361166954,-0.8569940328598022,1.1255956888198853
1749220527292818400,20.341818359375,-0.07192718982696533,-0.8623059988021851,1.195324420928955
1749220527302809600,20.3518095703125,-0.2723042368888855,-0.708176851272583,1.375990390777588
1749220527312800800,20.36180078125,-0.32384464144706726,-0.4497871398925781,1.616795539855957
1749220527322791700,20.371791748046874,-0.32292452454566956,-0.2132052183151245,1.8590216636657715
1749220527332782600,20.381782470703126,-0.44805100560188293,-0.12461889535188675,2.0873074531555176
1749220527342773500,20.3917734375,-0.5726025104522705,-0.11563152074813843,2.3101654052734375
1749220527352764700,20.4017646484375,-0.6739994883537292,-0.03419419005513191,2.5698225498199463
1749220527362755600,20.411755615234377,-0.8060312867164612,-0.022127140313386917,2.70747709274292
1749220527372745500,20.421745361328124,-0.9091118574142456,-0.01486256904900074,2.8688480854034424
1749220527382736400,20.431736328125,-0.8822243213653564,-0.05525153875350952,2.998192071914673
1749220527392727600,20.4417275390625,-0.7939301133155823,-0.23790790140628815,3.0099680423736572
1749220527402718500,20.451718505859375,-0.7532090544700623,-0.45643889904022217,3.072876453399658
1749220527412709400,20.46170947265625,-0.7452307939529419,-0.7173916697502136,3.0587549209594727
1749220527422700500,20.471700439453127,-0.7009881734848022,-1.0134243965148926,3.1243646144866943
1749220527432691500,20.48169140625,-0.6026259660720825,-1.2925087213516235,3.086331844329834
1749220527442682600,20.4916826171875,-0.6884308457374573,-1.5570608377456665,2.9128100872039795
1749220527452672500,20.501672607421874,-0.8736028671264648,-1.8742518424987793,2.9237868785858154
1749220527462663700,20.51166357421875,-0.706152081489563,-2.0846872329711914,3.1942532062530518
1749220527472654600,20.521654541015625,-0.689781904220581,-2.3045406341552734,3.583261728286743
1749220527482645000,20.53164501953125,-0.7352036833763123,-2.605463981628418,3.5575387477874756
1749220527492636200,20.54163623046875,-0.5308969020843506,-2.448216438293457,3.6562530994415283
1749220527502627000,20.551626953125,-0.5103916525840759,-1.80989408493042,3.685229539871216
1749220527512618000,20.561617919921876,-1.1242127418518066,-0.8480162620544434,3.586388111114502
1749220527522609200,20.571609130859375,-1.9803497791290283,0.2628478705883026,3.450920581817627
1749220527532599300,20.581599365234375,-2.5088798999786377,1.029807686805725,3.46697735786438
1749220527542590200,20.591590087890626,-2.2226409912109375,1.244786024093628,2.7222774028778076
1749220527552581000,20.6015810546875,-1.8144630193710327,2.1538147926330566,2.66660737991333
1749220527562572300,20.611572265625,-1.6605358123779297,2.823021411895752,3.0200257301330566
1749220527572563200,20.621563232421874,-1.8131780624389648,2.27459979057312,1.645289421081543
1749220527582554000,20.63155419921875,-1.7033370733261108,1.1621043682098389,-0.3068941533565521
1749220527592545000,20.641544921875,-1.0554008483886719,0.42459017038345337,-1.2434192895889282
1749220527602536200,20.6515361328125,-0.15192268788814545,-0.24904417991638184,-0.843339741230011
1749220527612527000,20.661527099609376,0.4781990647315979,-0.8265842199325562,-0.6768476963043213
1749220527622517000,20.67151708984375,0.745979368686676,-1.3558480739593506,-1.1715439558029175
1749220527632508200,20.681508056640624,0.8469858765602112,-1.7437340021133423,-1.8559592962265015
1749220527642499300,20.691499267578124,0.8162050843238831,-1.7800648212432861,-2.5701770782470703
1749220527652490200,20.701490234375,0.7358793616294861,-1.5598968267440796,-3.025836229324341
1749220527662481200,20.711481201171875,0.7823275327682495,-1.160308599472046,-3.246748924255371
1749220527672472300,20.721472412109375,0.932839035987854,-0.5933040976524353,-3.520826578140259
1749220527682463200,20.731463134765626,1.0886427164077759,0.02913258597254753,-3.908937692642212
1749220527692454100,20.7414541015625,1.1956030130386353,0.5996405482292175,-4.289150714874268
1749220527702444000,20.751444091796873,1.2334123849868774,1.074656367301941,-4.577208042144775
1749220527712435000,20.76143505859375,1.2313668727874756,1.425397276878357,-4.893792629241943
1749220527722426000,20.771426025390625,1.2104679346084595,1.6770178079605103,-5.285741806030273
1749220527732417000,20.7814169921875,1.1620512008666992,1.812252402305603,-5.548740863800049
1749220527742408000,20.791407958984376,1.112103819847107,1.8114573955535889,-5.645002365112305
1749220527752399000,20.801399169921876,1.0736325979232788,1.646837592124939,-5.8008952140808105
1749220527762390000,20.81139013671875,1.0355193614959717,1.2878178358078003,-6.069479465484619
1749220527772381200,20.821381103515623,0.9694827795028687,0.7834284901618958,-6.342555522918701
1749220527782371000,20.83137109375,0.9043930172920227,0.18086566030979156,-6.619034767150879
1749220527792362200,20.8413623046875,0.8811635375022888,-0.4516635835170746,-6.888030529022217
1749220527802353200,20.851353271484374,0.9421941637992859,-1.0602593421936035,-7.107500076293945
1749220527812344000,20.861343994140626,1.1001611948013306,-1.3920851945877075,-7.19618034362793
1749220527822335000,20.8713349609375,1.3838096857070923,-1.2211906909942627,-7.141864776611328
1749220527832326100,20.881326171875,1.7393717765808105,-0.568080723285675,-7.016043663024902
1749220527842317000,20.891317138671877,1.980459451675415,0.3022482693195343,-6.814422607421875
1749220527852308000,20.901307861328124,1.9964213371276855,0.7493069767951965,-6.5306782722473145
1749220527862298000,20.911298095703124,1.8374831676483154,0.3685484826564789,-6.091980934143066
1749220527872289300,20.921289306640624,1.6494578123092651,-0.7631192207336426,-5.624989032745361
1749220527882280200,20.9312802734375,1.6516565084457397,-1.674491286277771,-5.243250846862793
1749220527892271000,20.94127099609375,1.7412418127059937,-1.7178981304168701,-4.528016090393066
1749220527902262300,20.95126220703125,1.5911082029342651,-1.0619748830795288,-3.2148280143737793
1749220527912253200,20.961253173828126,1.0899559259414673,-0.32162728905677795,-1.8454704284667969
1749220527922244000,20.971244140625,0.31578779220581055,0.21474745869636536,-0.09008035808801651
1749220527932235300,20.9812353515625,-0.14361362159252167,0.6337090134620667,1.7906125783920288
1749220527942226200,20.99122607421875,-0.4636233150959015,0.556280791759491,2.618112087249756
1749220527952216000,21.001216064453125,-0.9085888266563416,0.4255654215812683,2.902562379837036
1749220527962207000,21.01120703125,-1.0441449880599976,0.5307309627532959,3.3082809448242188
1749220527972198000,21.021197998046876,-0.7988079786300659,0.7786300182342529,3.708845615386963
1749220527982189000,21.03118896484375,-0.3837926685810089,0.36723607778549194,3.2557644844055176
1749220527992180200,21.04118017578125,1.0253574848175049,-1.5273572206497192,0.10642284899950027
1749220528002171100,21.051171142578124,0.9541640281677246,1.9309369325637817,1.0506889820098877
1749220528012162300,21.061162353515623,-0.9245027899742126,5.438512802124023,3.7416491508483887
1749220528022153200,21.0711533203125,-2.138458490371704,4.917052745819092,2.971810817718506
1749220528032143000,21.08114306640625,-2.448723077774048,2.979499340057373,2.2355239391326904
1749220528042134000,21.091134033203126,-2.060492753982544,3.1221017837524414,3.111948013305664
1749220528052125200,21.101125244140626,-0.8650708794593811,3.0674006938934326,3.31040620803833
1749220528062116000,21.1111162109375,0.7352825403213501,2.9168026447296143,2.2845757007598877
1749220528072107000,21.12110693359375,1.174696922302246,1.3370420932769775,1.963808298110962
1749220528082098000,21.131097900390625,1.0534179210662842,-0.3529418110847473,2.686016321182251
1749220528092089000,21.141089111328125,0.6685042977333069,-1.1774708032608032,2.3568074703216553
1749220528102080000,21.151080078125,-0.007179616019129753,-1.8348889350891113,1.5706684589385986
1749220528112070100,21.161070068359376,-0.4574442505836487,-1.569899082183838,1.1721330881118774
1749220528122061000,21.17106103515625,-0.36040931940078735,-0.7428421974182129,1.3531724214553833
1749220528132052200,21.18105224609375,0.044734980911016464,0.2507036030292511,1.4182491302490234
1749220528142043100,21.191043212890627,0.37219861149787903,1.095217227935791,1.2284808158874512
1749220528152034000,21.201033935546874,0.46051621437072754,1.33497953414917,1.0638766288757324
1749220528162025200,21.211025146484374,0.43545132875442505,0.8535023927688599,0.9667458534240723
1749220528172016000,21.22101611328125,0.3780530095100403,-0.19918660819530487,0.8641917705535889
1749220528182007000,21.231007080078125,0.3702225387096405,-1.2931995391845703,0.7749465703964233
1749220528191997000,21.240996826171877,0.4573148190975189,-1.8788756132125854,0.6956149935722351
1749220528201988000,21.250988037109376,0.5149245858192444,-1.8090299367904663,0.6020821332931519
1749220528211979300,21.260979248046876,0.45031604170799255,-1.1990374326705933,0.564491331577301
1749220528221970200,21.27097021484375,0.26474112272262573,-0.49222007393836975,0.5716522932052612
1749220528231961000,21.280961181640624,0.09246601909399033,-0.12353978306055069,0.5952867865562439
1749220528241952300,21.2909521484375,0.01992017775774002,-0.16505500674247742,0.5940148830413818
1749220528251943200,21.300943115234375,0.04764288663864136,-0.5153666734695435,0.5622590780258179
1749220528261934000,21.31093408203125,0.1499474197626114,-0.9974483847618103,0.5508743524551392
1749220528271924000,21.320924072265626,0.2669509947299957,-1.3893698453903198,0.5815672874450684
1749220528281915100,21.3309150390625,0.3583941161632538,-1.4696260690689087,0.6398841142654419
1749220528291906000,21.340906005859374,0.3652280271053314,-1.24069082736969,0.702483057975769
1749220528301897000,21.35089697265625,0.24908412992954254,-0.8574182987213135,0.7511727809906006
1749220528311888100,21.36088818359375,0.017008544877171516,-0.5176298022270203,0.7959882020950317
1749220528321879000,21.370879150390625,-0.13661323487758636,-0.2719244658946991,0.8595014214515686
1749220528331870000,21.380869873046876,-0.15270964801311493,-0.15207688510417938,0.9167929291725159
1749220528341861000,21.390861083984376,-0.09368681162595749,-0.17932021617889404,0.9665727615356445
1749220528351851300,21.400851318359376,-0.04607774689793587,-0.30942097306251526,1.0274219512939453
1749220528361842200,21.41084228515625,-0.05213324353098869,-0.4758163392543793,1.0477778911590576
1749220528371833000,21.4208330078125,-0.05967797711491585,-0.5797906517982483,1.0510066747665405
1749220528381824000,21.430823974609375,-0.059533633291721344,-0.6395384073257446,1.0322744846343994
1749220528391815200,21.440815185546874,-0.12414831668138504,-0.640398383140564,1.0601646900177002
1749220528401806000,21.45080615234375,-0.14259682595729828,-0.5898646116256714,1.1225855350494385
1749220528411797000,21.460796875,-0.09838729351758957,-0.48107287287712097,1.2191823720932007
1749220528421788200,21.4707880859375,-0.11973731964826584,-0.38356950879096985,1.3178037405014038
1749220528431779000,21.480779052734373,-0.21116337180137634,-0.37860244512557983,1.417680263519287
1749220528441769200,21.490769287109377,-0.3033723831176758,-0.37771135568618774,1.5675562620162964
1749220528451760000,21.500760009765624,-0.3610681891441345,-0.3126170337200165,1.7240806818008423
1749220528461751300,21.510751220703124,-0.42161327600479126,-0.20972633361816406,1.9174003601074219
1749220528471742200,21.5207421875,-0.5396126508712769,-0.14174887537956238,2.0635547637939453
1749220528481733400,21.5307333984375,-0.6613798141479492,-0.004059456288814545,2.246381998062134
1749220528491724500,21.540724609375,-0.6876654624938965,0.16564089059829712,2.4056224822998047
1749220528501715500,21.550715576171875,-0.7289316654205322,0.25405359268188477,2.4989869594573975
1749220528511706400,21.560706298828126,-0.8006801605224609,0.20742882788181305,2.5525388717651367
1749220528521696300,21.5706962890625,-0.8324713706970215,0.09722961485385895,2.5951144695281982
1749220528531687200,21.580687255859374,-0.8059066534042358,-0.14429432153701782,2.6161484718322754
1749220528541678300,21.59067822265625,-0.7256453633308411,-0.3990568518638611,2.6692326068878174
1749220528551669200,21.600669189453125,-0.5637714862823486,-0.6537085771560669,2.7322909832000732
1749220528561660400,21.610660400390625,-0.39143913984298706,-0.9077280759811401,2.648402452468872
1749220528571651600,21.620651611328125,-0.5238730907440186,-1.2311875820159912,2.479724407196045
1749220528581642500,21.630642578125,-0.7093214988708496,-1.4165873527526855,2.521268606185913
1749220528591633400,21.64063330078125,-0.5775887966156006,-1.5160702466964722,2.7704148292541504
1749220528601623300,21.650623291015624,-0.6311331987380981,-1.6457797288894653,2.876337766647339
1749220528611614500,21.660614501953123,-0.782505989074707,-1.724782109260559,3.0468552112579346
1749220528621605400,21.67060546875,-0.7689938545227051,-1.7693368196487427,3.321650981903076
1749220528631596300,21.68059619140625,-0.6900615096092224,-1.652462124824524,3.4684154987335205
1749220528641587200,21.690587158203126,-0.8237192034721375,-1.2027887105941772,3.419802665710449
1749220528651578400,21.700578369140626,-0.9884530305862427,-1.0395313501358032,3.126399040222168
1749220528661569300,21.7105693359375,-1.1551799774169922,-0.7103646397590637,3.007219076156616
1749220528671560200,21.720560302734373,-1.2851378917694092,0.11646988987922668,3.143732786178589
1749220528681551400,21.73055126953125,-1.2984966039657593,0.5891306400299072,2.955016613006592
1749220528691541500,21.74054150390625,-1.4365655183792114,0.73895663022995,1.9311095476150513
1749220528701532400,21.750532470703124,-1.4602423906326294,1.2413803339004517,1.6079108715057373
1749220528711523300,21.7605234375,-1.3480817079544067,1.4592000246047974,2.119910478591919
1749220528721514500,21.770514404296875,-1.4153082370758057,1.1627864837646484,1.45616614818573
1749220528731505400,21.78050537109375,-1.3757226467132568,0.3778149485588074,-0.009639045223593712
1749220528741496300,21.790496337890627,-0.9208699464797974,-0.20255203545093536,-0.9210015535354614
1749220528751487200,21.8004873046875,-0.3047327399253845,-0.49400678277015686,-1.0333491563796997
1749220528761478400,21.810478515625,0.11025353521108627,-0.8196735978126526,-1.0055930614471436
1749220528771468300,21.82046826171875,0.27109089493751526,-1.1031148433685303,-1.2703770399093628
1749220528781459500,21.83045947265625,0.31242528557777405,-1.2081787586212158,-1.7759385108947754
1749220528791450400,21.840450439453125,0.29381245374679565,-1.040369987487793,-2.348217487335205
1749220528801441500,21.850441650390625,0.28232118487358093,-0.6991642117500305,-2.789285898208618
1749220528811432400,21.860432373046876,0.34845438599586487,-0.21751448512077332,-3.066303014755249
1749220528821423400,21.87042333984375,0.4733060300350189,0.354420930147171,-3.313452959060669
1749220528831414500,21.88041455078125,0.5925240516662598,0.9093642830848694,-3.6135807037353516
1749220528841405400,21.890405517578124,0.6636599898338318,1.4010761976242065,-3.969726800918579
1749220528851395300,21.900395263671875,0.696211576461792,1.8035517930984497,-4.279951095581055
1749220528861386200,21.91038623046875,0.686427116394043,2.13992977142334,-4.490485668182373
1749220528871377400,21.92037744140625,0.6268301010131836,2.4200618267059326,-4.669103145599365
1749220528881368300,21.930368408203126,0.5503534078598022,2.5938215255737305,-4.881497859954834
1749220528891359200,21.940359130859374,0.46418923139572144,2.6307621002197266,-5.087460041046143
1749220528901350100,21.95035009765625,0.35623136162757874,2.494088888168335,-5.293241500854492
1749220528911341300,21.96034130859375,0.24107812345027924,2.1717753410339355,-5.50259256362915
1749220528921332500,21.97033251953125,0.12889966368675232,1.698695182800293,-5.722140789031982
1749220528931322400,21.980322265625,0.06161622703075409,1.1601216793060303,-5.949717044830322
1749220528941313300,21.990313232421876,0.06948640197515488,0.6270423531532288,-6.169469356536865
1749220528951304400,22.000304443359376,0.16198916733264923,0.12129100412130356,-6.350735664367676
1749220528961295400,22.01029541015625,0.3226049542427063,-0.30940738320350647,-6.483088493347168
1749220528971286300,22.020286376953123,0.5583500862121582,-0.5908315777778625,-6.52208948135376
1749220528981277400,22.03027734375,0.8340639472007751,-0.7416642308235168,-6.451769828796387
1749220528991268400,22.040268310546875,1.0879249572753906,-0.8620798587799072,-6.304220199584961
1749220529001259300,22.05025927734375,1.3325475454330444,-1.0056495666503906,-6.080365180969238
1749220529011250200,22.060250244140626,1.5729851722717285,-1.2797170877456665,-5.809471607208252
1749220529021240600,22.070240478515625,1.7391035556793213,-1.7259259223937988,-5.483725547790527
1749220529031231500,22.0802314453125,1.863824486732483,-2.4093596935272217,-5.154664516448975
1749220529041222400,22.090222412109377,1.9514888525009155,-3.1122124195098877,-4.831898212432861
1749220529051213300,22.10021337890625,1.962738275527954,-3.463824987411499,-4.208527088165283
1749220529061204500,22.11020458984375,1.9084097146987915,-3.272068977355957,-3.2366394996643066
1749220529071195400,22.1201953125,1.710062026977539,-2.8678653240203857,-2.228217363357544
1749220529081186300,22.130186279296876,1.2487705945968628,-2.4430718421936035,-1.0101135969161987
1749220529091177500,22.140177490234375,0.6445936560630798,-1.8045891523361206,0.4124107360839844
1749220529101167400,22.15016748046875,0.08005275577306747,-1.085806965827942,1.371004343032837
1749220529111158300,22.160158203125,-0.3946450650691986,-0.4197711646556854,1.9318692684173584
1749220529121149200,22.170149169921874,-0.6441951990127563,0.0046578687615692616,2.42539644241333
1749220529131140400,22.180140380859374,-0.5951706767082214,0.2704152464866638,2.7768192291259766
1749220529141131500,22.190131591796874,0.12186545133590698,-0.12779125571250916,1.8233484029769897
1749220529151122400,22.200122314453125,1.0518218278884888,0.8890467882156372,1.3871420621871948
1749220529161113300,22.21011328125,-0.6708502769470215,3.491368532180786,1.455804705619812
1749220529171104500,22.2201044921875,-3.033172607421875,5.857752799987793,3.3012475967407227
1749220529181094400,22.230094482421876,-2.9062583446502686,4.828339576721191,3.2330141067504883
1749220529191085300,22.240085205078124,-1.3116172552108765,3.349332332611084,2.7332561016082764
1749220529201076200,22.250076171875,-0.20136027038097382,2.872748851776123,3.3208253383636475
1749220529211067400,22.2600673828125,0.2660295367240906,2.108147621154785,3.0322225093841553
1749220529221058300,22.270058349609375,0.9284560084342957,0.5214732885360718,2.5553605556488037
1749220529231049200,22.28004931640625,1.653868317604065,-0.551120936870575,2.8730568885803223
1749220529241040400,22.290040283203126,1.104108452796936,-0.7870559692382812,2.648634433746338
1749220529251031300,22.30003125,-0.3539567291736603,-1.4270929098129272,2.111701726913452
1749220529261021400,22.310021484375,-1.1819934844970703,-1.3864868879318237,1.7437087297439575
1749220529271012400,22.320012451171873,-1.1533721685409546,-0.5564283728599548,1.6774828433990479
1749220529281003500,22.33000341796875,-0.8161683082580566,0.3238140344619751,1.338261604309082
1749220529290994400,22.339994384765625,-0.2012566775083542,1.2140296697616577,1.2564282417297363
1749220529300985300,22.3499853515625,0.3552028238773346,1.6735069751739502,1.2891185283660889
1749220529310976300,22.359976318359376,0.5453802347183228,1.2730493545532227,1.2025277614593506
1749220529320967400,22.369967529296876,0.48820722103118896,0.08215319365262985,1.0388892889022827
1749220529330958300,22.379958251953123,0.36643126606941223,-1.0369025468826294,0.9043442606925964
1749220529340949200,22.38994921875,0.435075044631958,-1.7024565935134888,0.8353332281112671
1749220529350939400,22.399939453125,0.5532690286636353,-1.92044198513031,0.7295138239860535
1749220529360930600,22.4099306640625,0.4572594165802002,-1.6949265003204346,0.5910475850105286
1749220529370921500,22.41992138671875,0.20333340764045715,-1.0915054082870483,0.5906276106834412
1749220529380912400,22.429912353515626,-0.041669949889183044,-0.34450650215148926,0.671713650226593
1749220529390903600,22.439903564453125,-0.17229880392551422,0.2775314748287201,0.7015733122825623
1749220529400894500,22.44989453125,-0.16203470528125763,0.5291733145713806,0.6708510518074036
1749220529410885400,22.459885498046877,-0.05708858743309975,0.3294399380683899,0.6419951915740967
1749220529420876300,22.469876220703124,0.09389400482177734,-0.21617065370082855,0.6380600929260254
1749220529430866400,22.479866455078124,0.23685196042060852,-0.8154007792472839,0.6256660223007202
1749220529440857300,22.489857421875,0.3382028043270111,-1.2182371616363525,0.5986634492874146
1749220529450848300,22.49984814453125,0.36504560708999634,-1.3135945796966553,0.5720914602279663
1749220529460839200,22.509839111328127,0.29396530985832214,-1.0780220031738281,0.5663949847221375
1749220529470830300,22.519830322265626,0.1317569613456726,-0.601096510887146,0.5666972398757935
1749220529480821800,22.52982177734375,-0.05931392312049866,-0.08185731619596481,0.5716275572776794
1749220529490813000,22.53981298828125,-0.1834486573934555,0.2886491119861603,0.5686639547348022
1749220529500803800,22.549803955078126,-0.20677688717842102,0.43313145637512207,0.5671576857566833
1749220529510794000,22.5597939453125,-0.16020111739635468,0.3338219225406647,0.5670000314712524
1749220529520785000,22.569784912109377,-0.07723193615674973,0.08068392425775528,0.5673127174377441
1749220529530776000,22.579776123046877,-0.009384446777403355,-0.2111620455980301,0.5784777402877808
1749220529540767000,22.58976708984375,0.025311481207609177,-0.427979052066803,0.5872019529342651
1749220529550758000,22.5997578125,0.013557087630033493,-0.4585539996623993,0.5922457575798035
1749220529560748800,22.609748779296876,-0.033370740711688995,-0.3711021840572357,0.6072904467582703
1749220529570740000,22.619739990234375,-0.09438376128673553,-0.26072773337364197,0.637708306312561
1749220529580731000,22.62973095703125,-0.14018693566322327,-0.2050705999135971,0.6699967384338379
1749220529590721800,22.6397216796875,-0.14556944370269775,-0.253327876329422,0.7163823246955872
1749220529600712000,22.6497119140625,-0.10564973205327988,-0.37144970893859863,0.7900499105453491
1749220529610703000,22.659703125,-0.0566699355840683,-0.543720543384552,0.8973755836486816
1749220529620694000,22.669694091796874,-0.03593989089131355,-0.6476144790649414,1.0024806261062622
1749220529630685000,22.679684814453125,-0.06346952170133591,-0.6234611868858337,1.1341025829315186
1749220529640676000,22.689676025390625,-0.13216735422611237,-0.49019262194633484,1.2462773323059082
1749220529650667000,22.6996669921875,-0.2351030558347702,-0.29446545243263245,1.3583937883377075
1749220529660658000,22.709657958984376,-0.35944896936416626,-0.09362342953681946,1.4619313478469849
1749220529670648800,22.71964892578125,-0.4551640450954437,0.04319434240460396,1.5306366682052612
1749220529680639000,22.729638916015624,-0.4890535771846771,0.10818798840045929,1.5662662982940674
1749220529690630000,22.7396298828125,-0.5291898250579834,0.09420079737901688,1.6080195903778076
1749220529700620800,22.749620849609375,-0.6000645160675049,-0.007733020931482315,1.624516487121582
1749220529710611700,22.75961181640625,-0.6183013319969177,-0.1003875881433487,1.6837087869644165
1749220529720603000,22.769602783203126,-0.5266827344894409,-0.2097923755645752,1.7710726261138916
1749220529730593800,22.77959375,-0.44041359424591064,-0.3707074820995331,1.820032000541687
1749220529740585000,22.7895849609375,-0.3958698511123657,-0.5272531509399414,1.8608657121658325
1749220529750576000,22.799576171875,-0.3215426206588745,-0.6750673651695251,1.9253416061401367
1749220529760567000,22.809567138671873,-0.26208940148353577,-0.8215697407722473,1.9754407405853271
1749220529770557000,22.819556884765625,-0.24960929155349731,-0.9393576383590698,1.9468653202056885
1749220529780547800,22.8295478515625,-0.3995695114135742,-0.881147563457489,1.9721858501434326
1749220529790539000,22.8395390625,-0.5256422162055969,-0.8475563526153564,2.0835931301116943
1749220529800530000,22.849530029296876,-0.3862867057323456,-0.9490864276885986,2.1516621112823486
1749220529810520800,22.859520751953124,-0.19416148960590363,-1.120330572128296,2.2430474758148193
1749220529820511700,22.86951171875,-0.02202460914850235,-1.378096342086792,2.2783925533294678
1749220529830503000,22.8795029296875,0.08294308930635452,-1.707155466079712,2.2300822734832764
1749220529840493800,22.889493896484375,0.15230458974838257,-2.1001062393188477,2.231718063354492
1749220529850484700,22.899484619140626,0.22800573706626892,-2.4479501247406006,2.3424136638641357
1749220529860475000,22.909474853515626,0.4732897877693176,-2.6631782054901123,2.5374200344085693
1749220529870466000,22.919466064453125,0.7520367503166199,-2.853214979171753,2.756361961364746
1749220529880457000,22.92945703125,0.8236603140830994,-3.193474531173706,2.5160117149353027
1749220529890448000,22.93944775390625,0.8283118009567261,-3.392085075378418,2.2291688919067383
1749220529900439000,22.94943896484375,1.023322582244873,-3.4822473526000977,2.210598945617676
1749220529910430000,22.959429931640624,1.113134503364563,-3.470885992050171,2.1960160732269287
1749220529920420900,22.9694208984375,1.260866403579712,-3.4182896614074707,2.0767180919647217
1749220529930411800,22.979411865234376,1.7007503509521484,-3.132674217224121,1.6323246955871582
1749220529940402000,22.98940185546875,1.7130839824676514,-2.3956313133239746,1.15297532081604
1749220529950393000,22.99939306640625,1.342514157295227,-1.9505401849746704,0.7931215763092041
1749220529960384000,23.009384033203126,1.1983636617660522,-1.9811739921569824,0.4254106879234314
1749220529970375000,23.019375,1.462797999382019,-1.9947630167007446,-0.3489409387111664
1749220529980366000,23.029365966796874,1.8465805053710938,-1.622018814086914,-0.7494961023330688
1749220529990357000,23.03935693359375,2.1233460903167725,-1.227820873260498,-0.795963704586029
1749220530000348000,23.049347900390625,2.2358503341674805,-0.9358606338500977,-1.0275954008102417
1749220530010339000,23.059339111328125,2.191610813140869,-0.7266573309898376,-1.4722840785980225
1749220530020330000,23.069330078125,2.1038010120391846,-0.40012264251708984,-1.8984066247940063
1749220530030319900,23.07931982421875,2.1332035064697266,0.12401702255010605,-2.1851775646209717
1749220530040310800,23.089310791015624,2.251132011413574,0.7427236437797546,-2.4090676307678223
1749220530050302000,23.099302001953124,2.330626964569092,1.2877976894378662,-2.710270881652832
1749220530060292900,23.10929296875,2.334624767303467,1.6278241872787476,-3.1334288120269775
1749220530070283800,23.11928369140625,2.32326078414917,1.6980892419815063,-3.5236172676086426
1749220530080275000,23.12927490234375,2.3242053985595703,1.5410112142562866,-3.6939616203308105
1749220530090266000,23.13926611328125,2.3359241485595703,1.1777737140655518,-3.8166565895080566
1749220530100257000,23.149257080078126,2.3065760135650635,0.579801082611084,-4.019285202026367
1749220530110248000,23.159248046875,2.25026273727417,-0.27110472321510315,-4.216054916381836
1749220530120237800,23.16923779296875,2.216618537902832,-1.2347999811172485,-4.3403191566467285
1749220530130229000,23.17922900390625,2.274286985397339,-2.139158248901367,-4.405320644378662
1749220530140220000,23.189219970703125,2.383688449859619,-2.7853269577026367,-4.342955589294434
1749220530150210800,23.1992109375,2.4692578315734863,-3.0647683143615723,-4.132339000701904
1749220530160202000,23.209201904296876,2.4866602420806885,-2.818648338317871,-3.817155361175537
1749220530170193000,23.21919287109375,2.3563365936279297,-2.078965425491333,-3.435943126678467
1749220530180183800,23.229183837890623,1.978674054145813,-1.125325322151184,-3.05588436126709
1749220530190174700,23.2391748046875,1.3818540573120117,-0.4086114764213562,-2.698578119277954
1749220530200166000,23.249165771484375,0.7300438284873962,-0.12764210999011993,-2.3491873741149902
1749220530210156000,23.259156005859374,0.23609934747219086,-0.0014942996203899384,-1.9329001903533936
1749220530220147000,23.26914697265625,0.4522590637207031,0.1581297218799591,-1.3672000169754028
1749220530230137900,23.279137939453125,0.05156039446592331,0.7515379190444946,-0.7452933192253113
1749220530240129000,23.28912890625,-0.6276812553405762,0.3719834089279175,0.008503473363816738
1749220530250120000,23.299119873046877,-0.7486755847930908,-0.09665171056985855,0.3892899751663208
1749220530260110800,23.30911083984375,-0.48151203989982605,-0.19786381721496582,0.7829245924949646
1749220530270102000,23.31910205078125,-0.623365044593811,-0.2328241914510727,-0.09110221266746521
1749220530280093000,23.329093017578124,-0.31297576427459717,-0.21915552020072937,-0.5411537885665894
1749220530290083800,23.339083740234376,0.9990838170051575,1.295663595199585,0.2770092189311981
1749220530300074000,23.349073974609375,0.6861163377761841,1.912300705909729,0.5340468883514404
1749220530310065200,23.359065185546875,-0.6992611289024353,0.3030480146408081,0.34239062666893005
1749220530320056000,23.36905615234375,-1.2154654264450073,-0.4600248634815216,-0.053158558905124664
1749220530330047000,23.379046875,-0.37602901458740234,-0.2582344710826874,0.15088032186031342
1749220530340038000,23.389037841796874,0.511211097240448,-0.05866917222738266,0.19155797362327576
1749220530350029000,23.399029052734374,0.4710268974304199,-0.5199808478355408,-0.012171445414423943
1749220530360020000,23.40902001953125,0.039680834859609604,-1.2731438875198364,-0.015139804221689701
1749220530370011000,23.419010986328125,-0.314860463142395,-1.3946452140808105,-0.008406533859670162
1749220530380002000,23.429001953125,-0.30434951186180115,-0.8060914278030396,-0.16779619455337524
1749220530389992000,23.438991943359376,-0.1479085087776184,-0.11802490800619125,-0.3261362910270691
1749220530399982800,23.44898291015625,-0.17028571665287018,0.09989383816719055,-0.39609354734420776
1749220530409973800,23.458973876953124,-0.31326815485954285,-0.060734186321496964,-0.3787180185317993
1749220530419965000,23.46896484375,-0.3827202022075653,-0.23171286284923553,-0.38199955224990845
1749220530429955800,23.478955810546875,-0.31698113679885864,-0.37327104806900024,-0.408253014087677
1749220530439947000,23.488947021484375,-0.2135074883699417,-0.54707932472229,-0.40479567646980286
1749220530449938000,23.49893798828125,-0.16102084517478943,-0.7411092519760132,-0.3840493857860565
1749220530459929000,23.50892919921875,-0.11955729126930237,-0.9030094742774963,-0.31868237257003784
1749220530469920000,23.518919921875,-0.09039567410945892,-1.0214778184890747,-0.2950790524482727
1749220530479910700,23.52891064453125,-0.084345243871212,-1.0111764669418335,-0.2817131578922272
1749220530489900500,23.538900634765625,-0.11155262589454651,-0.8836616277694702,-0.22420620918273926
1749220530499891500,23.548891357421876,-0.16897623240947723,-0.670519232749939,-0.19742359220981598
1749220530509882400,23.55888232421875,-0.2617304027080536,-0.3928580582141876,-0.1573004126548767
1749220530519873500,23.56887353515625,-0.36757907271385193,-0.21911956369876862,-0.15762796998023987
1749220530529864400,23.578864501953124,-0.3955681025981903,-0.1733480840921402,-0.09514302760362625
1749220530539855400,23.58885546875,-0.37125077843666077,-0.2850644886493683,-0.024286163970828056
1749220530549846500,23.598846435546875,-0.32182809710502625,-0.5265730023384094,0.01555152889341116
1749220530559837700,23.608837646484375,-0.24774828553199768,-0.7852966785430908,0.08647603541612625
1749220530569828600,23.61882861328125,-0.18649211525917053,-0.9669677019119263,0.16740097105503082
1749220530579818500,23.628818603515626,-0.1608051210641861,-1.0466092824935913,0.23265215754508972
1749220530589809700,23.6388095703125,-0.182852640748024,-1.0182814598083496,0.30136996507644653
1749220530599800600,23.648800537109373,-0.22437185049057007,-0.9146786332130432,0.35926175117492676
1749220530609791500,23.65879150390625,-0.27697888016700745,-0.7393537163734436,0.39943021535873413
1749220530619782400,23.668782470703125,-0.3245037794113159,-0.5264694094657898,0.3875961899757385
1749220530629773600,23.678773681640624,-0.3838834762573242,-0.33231109380722046,0.3559407889842987
1749220530639764500,23.688764404296876,-0.46363264322280884,-0.20203112065792084,0.29597601294517517
1749220530649755400,23.69875537109375,-0.508743941783905,-0.14294277131557465,0.25359925627708435
1749220530659746600,23.70874658203125,-0.5019246339797974,-0.21700873970985413,0.21912941336631775
1749220530669736700,23.71873681640625,-0.5345427393913269,-0.3104015290737152,0.09442557394504547
1749220530679727600,23.7287275390625,-0.5117388963699341,-0.40012022852897644,-0.1118418425321579
1749220530689718500,23.738718505859374,-0.41872695088386536,-0.5172995924949646,-0.2428017258644104
1749220530699709700,23.748709716796874,-0.3310932517051697,-0.7109529376029968,-0.2864416241645813
1749220530709700600,23.75870068359375,-0.23661281168460846,-0.9045104384422302,-0.364061564207077
1749220530719691500,23.76869140625,-0.1567392796278,-1.0790345668792725,-0.4113289415836334
1749220530729682400,23.778682373046873,-0.1302991509437561,-1.2250971794128418,-0.38156095147132874
1749220530739673600,23.788673583984377,-0.13296391069889069,-1.37556791305542,-0.3263400197029114
1749220530749664500,23.79866455078125,-0.1552513688802719,-1.5860008001327515,-0.23376615345478058
1749220530759655400,23.808655517578124,-0.243521586060524,-2.013397455215454,-0.1162341982126236
1749220530769645600,23.8186455078125,-0.25723713636398315,-2.6781082153320312,-0.009531985968351364
1749220530779636700,23.82863671875,-0.03987790644168854,-3.5606601238250732,0.005405950825661421
1749220530789627600,23.838627685546875,0.5527478456497192,-4.231265544891357,0.17150624096393585
1749220530799618600,23.84861865234375,0.9567278027534485,-4.434570789337158,0.21118387579917908
1749220530809609700,23.858609619140626,0.9489428997039795,-4.413605213165283,0.237789124250412
1749220530819600600,23.8686005859375,0.6991642117500305,-4.14987850189209,0.32562416791915894
1749220530829591600,23.878591552734374,0.39178693294525146,-3.659364700317383,0.4410533010959625
1749220530839582500,23.88858251953125,0.2265617698431015,-3.2090272903442383,0.3907022476196289
1749220530849573600,23.89857373046875,0.1345817744731903,-2.653214454650879,0.45180848240852356
1749220530859563500,23.9085634765625,0.14544294774532318,-2.2507526874542236,0.6930298805236816
1749220530869554400,23.918554443359376,0.22949230670928955,-2.0656211376190186,0.8632556796073914
1749220530879545300,23.92854541015625,0.3572950065135956,-2.140427827835083,0.8024905920028687
1749220530889536500,23.93853662109375,0.4643484950065613,-2.20646071434021,0.5825768709182739
1749220530899527400,23.94852734375,0.47968190908432007,-2.1899280548095703,0.3268393576145172
1749220530909518600,23.9585185546875,0.4661237597465515,-2.0771870613098145,0.20196375250816345
1749220530919509800,23.968509765625,0.46551069617271423,-1.9225263595581055,0.027229756116867065
1749220530929500700,23.978500732421875,0.44316864013671875,-1.9600178003311157,-0.6547216176986694
1749220530939491600,23.98849169921875,0.026572488248348236,-1.8319355249404907,-0.9437425136566162
1749220530949482500,23.998482421875,-0.3770311772823334,-1.3081988096237183,-1.027365803718567
1749220530959472600,24.00847265625,-0.21288137137889862,-0.1264687180519104,-0.5940420627593994
1749220530969463600,24.018463623046873,0.2194330245256424,0.7581713199615479,-0.1127593070268631
1749220530979454500,24.028454345703125,0.284298837184906,0.8390131592750549,-0.45754703879356384
1749220530989445400,24.0384453125,-0.037810761481523514,0.24202968180179596,-0.4705970585346222
1749220530999436500,24.0484365234375,-0.04499463737010956,-0.4260474443435669,-0.23359011113643646
1749220531009427500,24.058427490234376,0.2631261646747589,-0.8534712195396423,0.041297104209661484
1749220531019418400,24.06841845703125,0.27297720313072205,-1.5045605897903442,-0.11108151078224182
1749220531029409500,24.078409423828123,0.24856559932231903,-2.200862407684326,-0.02514503337442875
1749220531039400700,24.088400634765627,0.2953283190727234,-2.43631911277771,0.030732080340385437
1749220531049391600,24.0983916015625,0.3808259069919586,-1.96821928024292,-0.06103166192770004
1749220531059381500,24.108381591796874,0.3762466013431549,-1.1677124500274658,-0.1767958104610443
1749220531069372700,24.11837255859375,0.20096692442893982,-0.40723833441734314,-0.17406554520130157
1749220531079363600,24.128363525390625,-0.015745406970381737,0.15801972150802612,-0.06317470967769623
1749220531089354500,24.1383544921875,-0.13914990425109863,0.49519801139831543,-0.01822560839354992
1749220531099345400,24.148345458984377,-0.2610156238079071,0.5816466212272644,-0.0296644177287817
1749220531109336600,24.158336669921876,-0.33436253666877747,0.4034273624420166,0.005937783978879452
1749220531119327500,24.168327392578124,-0.2233220338821411,0.14111104607582092,0.05098515376448631
1749220531129318400,24.178318359375,-0.007650729268789291,-0.024511201307177544,0.08545125275850296
1749220531139309600,24.1883095703125,0.09581760317087173,-0.11686589568853378,0.0687180757522583
1749220531149300500,24.198300537109375,0.058813780546188354,-0.18208138644695282,0.05236626788973808
1749220531159290600,24.20829052734375,-0.0060080913826823235,-0.16697193682193756,0.04682796075940132
1749220531169281500,24.218281494140626,-0.03963768854737282,-0.08103626221418381,0.010640127584338188
1749220531179272700,24.228272705078126,-0.04879683256149292,-0.0533822663128376,-0.06666824221611023
1749220531189263600,24.238263671875,-0.04324813932180405,-0.1689879596233368,-0.21204061806201935
1749220531199254500,24.248254638671874,0.020122312009334564,-0.3648144602775574,-0.3654552102088928
1749220531209245400,24.258245361328125,0.21296100318431854,-0.492876797914505,-0.15173493325710297
1749220531219236600,24.268236572265625,0.3297896087169647,-0.4694998562335968,-0.09520880877971649
1749220531229227500,24.2782275390625,-0.0027513117529451847,-0.3980672061443329,-0.19414684176445007
1749220531239218400,24.288218505859376,-0.3270721435546875,-0.2786622643470764,-0.11468636989593506
1749220531249208600,24.29820849609375,-0.3948322832584381,-0.1810440868139267,-0.0816277489066124
1749220531259199700,24.30819970703125,-0.15469662845134735,-0.08112973719835281,-0.0011773834703490138
1749220531269190700,24.318190673828123,0.06011100858449936,-0.05565820261836052,0.016260994598269463
1749220531279181600,24.328181640625,0.10933421552181244,-0.16117051243782043,0.0046578687615692616
1749220531289172700,24.3381728515625,0.08807846158742905,-0.233398899435997,0.012107795104384422
1749220531299163600,24.34816357421875,0.027821244671940804,-0.1322677582502365,0.02606036327779293
1749220531309154600,24.358154541015626,-0.021686652675271034,-0.02611282654106617,0.021862687543034554
1749220531319145500,24.3681455078125,-0.10548274964094162,0.015059909783303738,-0.00510021997615695
1749220531329136600,24.37813671875,-0.15865622460842133,0.034384340047836304,-0.01654568687081337
1749220531339127600,24.38812744140625,-0.15185317397117615,0.09051018953323364,-0.023547669872641563
1749220531349117400,24.398117431640625,-0.1366497278213501,0.10088293999433517,-0.036078907549381256
1749220531359108400,24.4081083984375,-0.1368127167224884,0.02864868938922882,-0.047631967812776566
1749220531369099500,24.418099609375,-0.13321664929389954,-0.06473025679588318,-0.047378700226545334
1749220531379090400,24.42809033203125,-0.11184610426425934,-0.13199345767498016,-0.04276876896619797
1749220531389081600,24.43808154296875,-0.0708099901676178,-0.1841818243265152,-0.034203510731458664
1749220531399072800,24.44807275390625,-0.048524659126996994,-0.2193339467048645,-0.0322551429271698
1749220531409063700,24.458063720703127,-0.03281014412641525,-0.24238227307796478,-0.03657665476202965
1749220531419054600,24.4680546875,-0.013614078983664513,-0.21641406416893005,-0.03750423341989517
1749220531429045500,24.47804541015625,-0.011462245136499405,-0.16338439285755157,-0.04650624841451645
1749220531439036700,24.48803662109375,-0.037584125995635986,-0.11986301839351654,-0.05576872453093529
1749220531449026600,24.498026611328125,-0.0707644522190094,-0.09566447138786316,-0.05632585659623146
1749220531459017500,24.508017578125,-0.08193854242563248,-0.09725118428468704,-0.06591589748859406
1749220531469008400,24.51800830078125,-0.07766230404376984,-0.13127173483371735,-0.08024956285953522
1749220531478999300,24.527999267578124,-0.06654946506023407,-0.18363747000694275,-0.08204320073127747
1749220531488990200,24.537990234375,-0.055206798017024994,-0.2368793934583664,-0.08616258203983307
1749220531498981400,24.5479814453125,-0.04982374981045723,-0.2578166425228119,-0.0875953659415245
1749220531508972300,24.55797216796875,-0.04959658160805702,-0.2311602532863617,-0.08864650875329971
1749220531518963500,24.56796337890625,-0.06362717598676682,-0.19224001467227936,-0.09575076401233673
1749220531528954400,24.577954345703127,-0.07423694431781769,-0.1588519662618637,-0.09200476109981537
1749220531538945500,24.587945556640626,-0.08645153790712357,-0.15127527713775635,-0.08910004794597626
1749220531548935400,24.597935302734374,-0.07969988882541656,-0.1666819304227829,-0.08611198514699936
1749220531558926300,24.60792626953125,-0.06467779725790024,-0.1947535127401352,-0.08268662542104721
1749220531568917200,24.617917236328125,-0.05847582593560219,-0.21270880103111267,-0.07680956274271011
1749220531578908400,24.627908447265625,-0.05716155841946602,-0.21558581292629242,-0.07104887813329697
1749220531588899300,24.6378994140625,-0.06145297363400459,-0.20590709149837494,-0.06436008214950562
1749220531598890200,24.64789013671875,-0.0653931200504303,-0.17312224209308624,-0.062184277921915054
1749220531608881400,24.65788134765625,-0.07352188974618912,-0.13547606766223907,-0.056896306574344635
1749220531618872300,24.667872314453124,-0.0831417590379715,-0.09827011078596115,-0.051715392619371414
1749220531628863200,24.67786328125,-0.09404260665178299,-0.06813137978315353,-0.04698402062058449
1749220531638854100,24.687854248046875,-0.11382483690977097,-0.06046520918607712,-0.03807254880666733
1749220531648844500,24.697844482421875,-0.11856206506490707,-0.07701701670885086,-0.035234421491622925
1749220531658835500,24.70783544921875,-0.10979919880628586,-0.10072394460439682,-0.027066770941019058
1749220531668826400,24.717826416015626,-0.09869062155485153,-0.12440317869186401,-0.0162466149777174
1749220531678817300,24.7278173828125,-0.08999140560626984,-0.15086008608341217,-0.01173202320933342
1749220531688808400,24.737808349609374,-0.09119142591953278,-0.16144508123397827,-0.003102316288277507
1749220531698799400,24.74779931640625,-0.08729176223278046,-0.13572028279304504,0.0009289105655625463
1749220531708790300,24.757790283203125,-0.08694661408662796,-0.0964471772313118,0.0015899071004241705
1749220531718781400,24.767781494140625,-0.09210063517093658,-0.05865585803985596,0.001609614584594965
1749220531728772400,24.7777724609375,-0.1049615666270256,-0.01931857131421566,0.00015819176041986793
1749220531738763300,24.78776318359375,-0.11012064665555954,0.003980626817792654,-0.0001853560097515583
1749220531748753400,24.79775341796875,-0.11555216461420059,0.019474897533655167,-0.011627361178398132
1749220531758744600,24.80774462890625,-0.11675218492746353,-0.00119575927965343,-0.011054781265556812
1749220531768735500,24.817735595703127,-0.11210043728351593,-0.026795927435159683,-0.019457055255770683
1749220531778726400,24.827726318359375,-0.09816677868366241,-0.04128538817167282,-0.0213063545525074
1749220531788717300,24.83771728515625,-0.09220502525568008,-0.03569275140762329,-0.01455683819949627
1749220531798708500,24.84770849609375,-0.10085950046777725,-0.020189158618450165,-0.018574217334389687
1749220531808699400,24.857699462890626,-0.11049295216798782,0.007678692229092121,-0.019360914826393127
1749220531818690300,24.867690185546873,-0.11209484934806824,0.046246591955423355,-0.012740029953420162
1749220531828681500,24.877681396484373,-0.11054328829050064,0.07251681387424469,-0.003278617514297366
1749220531838672400,24.88767236328125,-0.10580579191446304,0.09348760545253754,-0.0006237123161554337
1749220531848662300,24.897662353515624,-0.10374850034713745,0.10665560513734818,0.006202768534421921
1749220531858653200,24.907653076171876,-0.10984261333942413,0.12951378524303436,0.015395734459161758
1749220531868644400,24.917644287109376,-0.11546187847852707,0.12306520342826843,0.023787088692188263
1749220531878635500,24.927635498046875,-0.11122532188892365,0.09079089015722275,0.028128307312726974
1749220531888626400,24.93762646484375,-0.0938468649983406,0.06446634232997894,0.027830565348267555
1749220531898617300,24.947617431640627,-0.08258595317602158,0.033315613865852356,0.03158722072839737
1749220531908608500,24.9576083984375,-0.07822716236114502,0.0036368127912282944,0.037644848227500916
1749220531918599400,24.967599365234374,-0.07816804200410843,-0.014725416898727417,0.04265877977013588
1749220531928590300,24.97759033203125,-0.07302094995975494,-0.028021780773997307,0.03960573300719261
1749220531938581500,24.98758154296875,-0.06893166154623032,-0.03260508179664612,0.039384424686431885
1749220531948571400,24.9975712890625,-0.065938800573349,-0.03978656232357025,0.04553632438182831
1749220531958562300,25.007562255859376,-0.06710713356733322,-0.04021000489592552,0.04436506703495979
1749220531968553200,25.01755322265625,-0.06565304845571518,-0.044247355312108994,0.04073544591665268
1749220531978544400,25.02754443359375,-0.06444902718067169,-0.03731381520628929,0.039198003709316254
1749220531988535300,25.037535400390624,-0.05529201775789261,-0.032459139823913574,0.0411173440515995
1749220531998526200,25.047526123046875,-0.05386563017964363,-0.023849407210946083,0.03653723746538162
1749220532008517400,25.057517333984375,-0.04879710078239441,-0.021860823035240173,0.03572817146778107
1749220532018508500,25.067508544921875,-0.04241243749856949,-0.02292289212346077,0.032518260180950165
1749220532028499500,25.07749951171875,-0.03425437584519386,-0.029395705088973045,0.02809182181954384
1749220532038490400,25.087490478515626,-0.02900395542383194,-0.026550117880105972,0.015587748028337955
1749220532048480300,25.097480224609374,-0.02797437645494938,-0.07265263050794601,0.008618255145847797
1749220532058471400,25.107471435546874,-0.03353132680058479,-0.11145355552434921,0.00042290997225791216
1749220532068462300,25.11746240234375,-0.01908261515200138,-0.11652980744838715,-0.008450476452708244
1749220532078453200,25.127453369140625,-0.006015814375132322,-0.09687674790620804,-0.01649615168571472
1749220532088444400,25.1374443359375,-0.006458165589720011,-0.08673196285963058,-0.020772390067577362
1749220532098435300,25.147435302734376,-0.024285364896059036,-0.05476817488670349,-0.015400794334709644
1749220532108426200,25.15742626953125,-0.026931483298540115,0.015607189387083054,-0.014797854237258434
1749220532118417200,25.167417236328124,0.015025022439658642,0.07544948160648346,-0.028252409771084785
1749220532128408300,25.177408203125,0.13351784646511078,0.14755509793758392,-0.047635696828365326
1749220532138399500,25.1873994140625,0.18179935216903687,0.10423558950424194,-0.015151255764067173
1749220532148389400,25.197389404296874,0.17726346850395203,0.007671501953154802,-0.01133947353810072
1749220532158380300,25.20738037109375,0.1371791660785675,-0.01852761209011078,0.001924932817928493
1749220532168371500,25.217371337890626,0.09923337399959564,0.07787935435771942,0.04579891264438629
1749220532178362400,25.2273623046875,-0.017374197021126747,0.119717076420784,0.03638197481632233
1749220532188353300,25.237353271484373,-0.11933411657810211,0.12370117008686066,0.013436180539429188
1749220532198344400,25.247344482421877,-0.11484988778829575,0.16834613680839539,0.018159562721848488
1749220532208335400,25.25733544921875,-0.09696143120527267,0.1617441624403,0.028248149901628494
1749220532218326300,25.267326171875,-0.08824384212493896,0.17399975657463074,0.056960221379995346
1749220532228317200,25.277317138671876,-0.05681667849421501,0.1340736448764801,0.043770916759967804
1749220532238308400,25.287308349609376,-0.012122975662350655,0.022708507254719734,-0.01974068209528923
1749220532248298500,25.297298583984375,0.037457093596458435,0.11653753370046616,0.06578008085489273
1749220532258289400,25.307289306640627,0.0798729956150055,0.0027294738683849573,-0.01050643716007471
1749220532268280300,25.3172802734375,0.11448077112436295,-0.07394266873598099,-0.01369557250291109
1749220532278271500,25.327271484375,0.14381176233291626,-0.020112458616495132,-0.009228918701410294
1749220532288262400,25.337262451171874,0.27254125475883484,0.07527770847082138,-0.05529308319091797
1749220532298253300,25.34725341796875,0.33141788840293884,0.14721634984016418,-0.053590524941682816
1749220532308244500,25.357244384765625,0.36243677139282227,0.18862025439739227,-0.039917055517435074
1749220532318235400,25.3672353515625,0.3817225992679596,0.18241561949253082,-0.02304166927933693
1749220532328226300,25.377226318359376,0.33704033493995667,0.22764673829078674,0.030342992395162582
1749220532338216200,25.38721630859375,0.16046318411827087,0.1863722801208496,0.08898287266492844
1749220532348207400,25.397207275390624,-0.026870496571063995,0.1588817983865738,0.1428157389163971
1749220532358198500,25.407198486328124,-0.11509089916944504,0.20764747262001038,0.18561513721942902
1749220532368189400,25.417189453125,-0.16032949090003967,0.29240521788597107,0.22365333139896393
1749220532378180400,25.427180419921875,-0.19798551499843597,0.2951538860797882,0.21151810884475708
1749220532388171500,25.437171630859375,-0.17548100650310516,0.29041558504104614,0.19757193326950073
1749220532398162400,25.447162353515626,-0.13812564313411713,0.28908613324165344,0.1844015270471573
1749220532408153300,25.4571533203125,-0.05776050314307213,0.2984229028224945,0.12592890858650208
1749220532418144500,25.46714453125,0.02557380311191082,0.3011054992675781,0.09432437270879745
1749220532428135400,25.477135498046874,0.039382826536893845,0.23850472271442413,0.09078609198331833
1749220532438126300,25.487126220703125,0.031182419508695602,0.14585547149181366,0.0811193510890007
1749220532448116200,25.4971162109375,0.04318368807435036,0.1661628782749176,0.10554932802915573
1749220532458107400,25.507107421875,0.06997162848711014,0.21023286879062653,0.1088644340634346
1749220532468098300,25.517098388671876,0.10594587028026581,0.21257218718528748,0.10392000526189804
1749220532478089200,25.527089111328124,0.07941146939992905,0.21813952922821045,0.11970695853233337
1749220532488080600,25.53708056640625,0.08303602784872055,0.19359876215457916,0.12912921607494354
1749220532498071600,25.547071533203123,0.032282836735248566,0.19121550023555756,0.12741388380527496
1749220532508062700,25.557062744140627,-0.03232678025960922,0.13606488704681396,0.11654259264469147
1749220532518054000,25.567053955078126,-0.03635534271597862,0.10290614515542984,0.119473397731781
1749220532528044800,25.577044921875,-0.05807395651936531,0.20178505778312683,0.13326537609100342
1749220532538035700,25.58703564453125,-0.008926915936172009,0.11252494901418686,0.16780231893062592
1749220532548025900,25.59702587890625,0.0009962886106222868,0.5091561675071716,0.1081664189696312
1749220532558016800,25.607016845703125,0.11438995599746704,0.04157087951898575,0.22440780699253082
1749220532568007700,25.617007568359377,0.15912999212741852,0.16965188086032867,0.16410158574581146
1749220532577998600,25.62699853515625,0.15962667763233185,0.1589992344379425,0.13007651269435883
1749220532587989800,25.63698974609375,0.14437128603458405,0.10649315267801285,0.11041572690010071
1749220532597980700,25.646980712890624,0.1470475047826767,0.1747334599494934,0.0944729745388031
1749220532607971600,25.6569716796875,0.11587387323379517,0.17245912551879883,0.030584806576371193
1749220532617962800,25.666962646484375,0.021096762269735336,0.29676908254623413,0.00001944107498275116
1749220532627953700,25.67695361328125,-0.06802059710025787,0.07002808898687363,0.003771568648517132
1749220532637944600,25.686944580078126,-0.0667039304971695,0.03411349654197693,0.04650518298149109
1749220532647934700,25.696934814453126,-0.014964568428695202,0.0969686210155487,0.10570032894611359
1749220532657926000,25.70692578125,0.049798980355262756,0.14637131989002228,0.15120869874954224
1749220532667916800,25.716916748046874,0.0782037228345871,0.18246407806873322,0.19617217779159546
1749220532677907700,25.72690771484375,0.08562808483839035,0.08245013654232025,0.2173946350812912
1749220532687898600,25.736898681640625,0.08293669670820236,0.05766169726848602,0.21938002109527588
1749220532697889800,25.746889892578125,0.09130994230508804,0.003412308171391487,0.22483311593532562
1749220532707880700,25.756880615234376,0.11135102808475494,-0.006770554464310408,0.23719631135463715
1749220532717871600,25.76687158203125,0.11848963052034378,0.15160231292247772,0.28882116079330444
1749220532727862800,25.77686279296875,0.06594306230545044,0.24204832315444946,0.2259332686662674
1749220532737853700,25.786853759765624,0.05675143003463745,0.050761181861162186,0.2354455441236496
1749220532747843800,25.79684375,0.10607343912124634,-0.05934934318065643,0.17974500358104706
1749220532757834800,25.806834716796875,0.08304961025714874,-0.0049311090260744095,0.1075645461678505
1749220532767826000,25.816825927734374,-0.011118165217339993,-0.10460230708122253,0.0676267147064209
1749220532777816800,25.82681689453125,-0.011595669202506542,-0.15286783874034882,0.020785972476005554
1749220532787807700,25.836807861328126,0.027234017848968506,-0.1739582121372223,0.009808422066271305
1749220532797798700,25.846798583984373,0.10220546275377274,-0.2937474548816681,-0.01426522247493267
1749220532807789800,25.856789794921873,0.15678268671035767,-0.27937865257263184,0.03202557563781738
1749220532817780700,25.86678076171875,0.18786656856536865,-0.40216583013534546,0.04484789818525314
1749220532827771600,25.876771728515624,0.20896627008914948,-0.42275258898735046,0.14363333582878113
1749220532837762800,25.8867626953125,0.13249066472053528,-0.34567299485206604,0.21103793382644653
1749220532847752700,25.896752685546875,-0.03901024907827377,0.054767906665802,0.19248422980308533
1749220532857743600,25.90674365234375,-0.15687216818332672,-0.22377024590969086,0.3336560130119324
1749220532867734800,25.91673486328125,-0.13078437745571136,-0.2054370492696762,0.3214232921600342
1749220532877726000,25.926725830078126,-0.06930424273014069,-0.18738001585006714,0.3118521571159363
1749220532887716900,25.936716796875,-0.036372654139995575,-0.08058485388755798,0.26592782139778137
1749220532897707800,25.946707763671874,0.004540423396974802,-0.07846631109714508,0.18930068612098694
1749220532907698700,25.95669873046875,0.03008200228214264,-0.03307193145155907,0.07378074526786804
1749220532917689900,25.96668994140625,0.010453173890709877,0.012133361771702766,-0.037094105035066605
1749220532927680800,25.9766806640625,-0.26353710889816284,0.2534482479095459,-0.11052624136209488
1749220532937671700,25.986671630859377,-0.3521130383014679,0.040462471544742584,0.009515208192169666
1749220532947661600,25.99666162109375,-0.3753749430179596,-0.06955218315124512,-0.029516879469156265
1749220532957652700,26.00665283203125,-0.36855724453926086,0.00472498033195734,-0.029446572065353394
1749220532967643600,26.0166435546875,-0.514641523361206,0.0721098780632019,0.01679948717355728
1749220532977634600,26.026634521484375,-0.7216293215751648,0.17173127830028534,0.00999058224260807
1749220532987625700,26.036625732421875,-0.9163569808006287,0.2224823385477066,-0.15032346546649933
1749220532997616600,26.04661669921875,-1.2915782928466797,0.8259165287017822,-0.5060440301895142
1749220533007607800,26.05660791015625,-1.61545729637146,0.9789316654205322,-0.5868118405342102
1749220533017598700,26.0665986328125,-1.995630145072937,1.5531057119369507,-0.8384893536567688
1749220533027590000,26.07658984375,-2.0707790851593018,1.8184337615966797,-0.7005171179771423
1749220533037580800,26.086580810546874,-1.9220675230026245,1.6769675016403198,-0.4969325363636017
1749220533047570700,26.09657080078125,-1.6441423892974854,1.3974591493606567,-0.8761805295944214
1749220533057561600,26.1065615234375,-2.0091278553009033,1.3530373573303223,-0.6581730842590332
1749220533067552800,26.116552734375,-3.296076774597168,-0.0007251787465065718,-0.11152093857526779
1749220533077543700,26.126543701171876,-4.53311014175415,0.010485131293535233,0.08031401038169861
1749220533087534600,26.13653466796875,-5.28533411026001,0.4280719757080078,0.09671854972839355
1749220533097525800,26.14652587890625,-5.45222806930542,0.42507806420326233,0.1336267739534378
1749220533107516700,26.1565166015625,-4.829757213592529,0.5590949654579163,0.11315957456827164
1749220533117507600,26.166507568359375,-3.3075668811798096,0.459957480430603,0.39689356088638306
1749220533127498800,26.176498779296875,-1.2800742387771606,0.19977569580078125,0.9988241791725159
1749220533137490000,26.186489990234374,0.5242986679077148,0.5449434518814087,1.4338352680206299
1749220533147479800,26.196479736328126,2.082172393798828,0.8368653655052185,1.7764018774032593
1749220533157470700,26.206470703125,3.325268507003784,1.2027226686477661,1.860166311264038
1749220533167461600,26.216461669921873,4.168537139892578,1.4078643321990967,1.6954638957977295
1749220533177452800,26.226452880859377,4.214359283447266,1.001585602760315,1.525065302848816
1749220533187443700,26.236443603515625,3.4640767574310303,0.3411267101764679,1.239277720451355
1749220533197434600,26.2464345703125,2.3473222255706787,-0.17168015241622925,0.7810087203979492
1749220533207425800,26.25642578125,1.1466457843780518,-0.34814760088920593,0.21609342098236084
1749220533217416700,26.266416748046876,-0.12973828613758087,-0.4024347960948944,-0.39980199933052063
1749220533227407600,26.27640771484375,-1.3122204542160034,-0.546643078327179,-1.0358599424362183
1749220533237398800,26.286398681640627,-2.174374580383301,-0.6031827926635742,-1.6546214818954468
1749220533247389000,26.296388916015626,-2.9080982208251953,-0.6395253539085388,-2.1894099712371826
1749220533257379800,26.3063798828125,-3.095305919647217,-0.6125651001930237,-2.7407066822052
1749220533267370800,26.316370849609374,-3.1318962574005127,-0.4493764638900757,-3.195528745651245
1749220533277361700,26.326361572265625,-3.020447015762329,-0.43837496638298035,-3.558410406112671
1749220533287352800,26.336352783203125,-2.7302844524383545,-0.4993157982826233,-3.779222249984741
1749220533297343700,26.34634375,-2.2651920318603516,-0.49263206124305725,-3.927196741104126
1749220533307334700,26.356334716796876,-1.729784607887268,-0.43570008873939514,-3.99491024017334
1749220533317325800,26.366325927734376,-1.199820876121521,-0.4614427089691162,-3.917008876800537
1749220533327316700,26.376316650390624,-0.789767324924469,-0.6241996884346008,-3.7437329292297363
1749220533337307600,26.3863076171875,-0.645566999912262,-0.735821545124054,-3.596565008163452
1749220533347297800,26.3962978515625,-0.6706492304801941,-0.9156043529510498,-3.426192283630371
1749220533357289000,26.4062890625,-0.7713603973388672,-1.347676157951355,-3.1398966312408447
1749220533367279900,26.41627978515625,-0.8978253602981567,-1.841648817062378,-2.757887601852417
1749220533377270800,26.426270751953126,-0.9272959232330322,-1.9054012298583984,-2.5749425888061523
1749220533387261700,26.43626171875,-0.6886180639266968,-0.4709576666355133,-3.455927610397339
1749220533397252900,26.4462529296875,-0.19638921320438385,-1.688990592956543,-4.369607448577881
1749220533407243800,26.456243896484374,0.01878274232149124,-2.818108558654785,-3.796511173248291
1749220533417234700,26.466234619140625,0.051046404987573624,-3.5306715965270996,-3.5197763442993164
1749220533427225900,26.476225830078125,0.09724399447441101,-3.721822500228882,-3.756052017211914
1749220533437216800,26.486216796875,0.1083456501364708,-3.351431131362915,-3.8904614448547363
1749220533447206700,26.49620654296875,-0.0422864705324173,-2.90934419631958,-4.102833271026611
1749220533457197600,26.506197509765624,-0.35727477073669434,-2.529158592224121,-4.309152603149414
1749220533467188700,26.516188720703123,-0.6405783891677856,-2.3066771030426025,-4.452210903167725
1749220533477179600,26.5261796875,-0.7714237570762634,-2.2229533195495605,-4.563749313354492
1749220533487170600,26.536170654296875,-0.697563111782074,-2.2530901432037354,-4.609346866607666
1749220533497161500,26.546161376953126,-0.5212751626968384,-2.5653209686279297,-4.55148983001709
1749220533507152600,26.556152587890626,-0.09464048594236374,-3.321739912033081,-4.4989237785339355
1749220533517143600,26.5661435546875,0.622464120388031,-4.1822309494018555,-4.446341514587402
1749220533527134500,26.576134521484374,1.322666883468628,-4.689018249511719,-4.351562976837158
1749220533537125600,26.586125732421873,1.7718700170516968,-4.429887294769287,-4.25112247467041
1749220533547115500,26.596115478515625,1.8262916803359985,-3.5518338680267334,-4.124258518218994
1749220533557106400,26.6061064453125,1.5982362031936646,-2.6501662731170654,-3.891820192337036
1749220533567097300,26.616097412109376,1.179413080215454,-1.7960424423217773,-3.5831713676452637
1749220533577088500,26.626088623046876,0.627784013748169,-1.0900171995162964,-3.2089409828186035
1749220533587079400,26.636079345703124,0.17604027688503265,-0.7549848556518555,-2.8105742931365967
1749220533597070300,26.6460703125,0.017798172309994698,-0.6427453756332397,-2.397226095199585
1749220533607061500,26.6560615234375,0.13032285869121552,-0.6008607745170593,-1.948340892791748
1749220533617052700,26.666052734375,0.4129532277584076,-0.5939000844955444,-1.4620213508605957
1749220533627043600,26.676043701171874,0.690759003162384,-0.679170548915863,-0.9776448011398315
1749220533637033500,26.686033447265626,0.8485763072967529,-0.9155966639518738,-0.5530189871788025
1749220533647024400,26.6960244140625,0.7950012683868408,-1.2711009979248047,-0.2704695761203766
1749220533657015600,26.706015625,0.6151720881462097,-1.5197967290878296,-0.15373550355434418
1749220533667006500,26.71600634765625,0.40907058119773865,-1.6009526252746582,-0.16378307342529297
1749220533676997400,26.725997314453124,0.24788197875022888,-1.5643908977508545,-0.22841879725456238
1749220533686988500,26.735988525390624,0.12928475439548492,-1.4225016832351685,-0.30302298069000244
1749220533696979500,26.7459794921875,0.02864203043282032,-1.214015007019043,-0.3600529730319977
1749220533706970400,26.755970458984375,-0.05079180747270584,-1.0679142475128174,-0.35107412934303284
1749220533716961300,26.765961181640623,-0.06996097415685654,-1.0279916524887085,-0.26934677362442017
1749220533726952400,26.775952392578127,-0.0289956983178854,-0.9364571571350098,-0.20059701800346375
1749220533736943400,26.785943359375,0.04229126498103142,-0.8459850549697876,-0.1324152946472168
1749220533746933500,26.79593359375,0.09252674132585526,-0.8049414753913879,-0.04927913099527359
1749220533756924400,26.80592431640625,0.11011026054620743,-0.7553007006645203,0.04270724952220917
1749220533766915600,26.81591552734375,0.09309665113687515,-0.6831085085868835,0.14029186964035034
1749220533776906500,26.825906494140625,0.05139847472310066,-0.5686402916908264,0.2195267677307129
1749220533786897400,26.8358974609375,-0.0004391552647575736,-0.4214865267276764,0.28145885467529297
1749220533796888600,26.845888671875,-0.04584498703479767,-0.34028488397598267,0.314932644367218
1749220533806879500,26.85587939453125,-0.07742235064506531,-0.34640321135520935,0.31781524419784546
1749220533816870400,26.865870361328124,-0.09489508718252182,-0.38312768936157227,0.29063236713409424
1749220533826861300,26.875861328125,-0.08968168497085571,-0.41597244143486023,0.2567628026008606
1749220533836852500,26.8858525390625,-0.08378304541110992,-0.43539246916770935,0.23764558136463165
1749220533846842600,26.895842529296875,-0.09674784541130066,-0.44648587703704834,0.24132153391838074
1749220533856833500,26.90583349609375,-0.09675264358520508,-0.4755532145500183,0.26939818263053894
1749220533866824400,26.915824462890626,-0.07599756121635437,-0.5051798224449158,0.29598450660705566
1749220533876815600,26.925815673828126,-0.05934508144855499,-0.550879955291748,0.3061588704586029
1749220533886806500,26.935806640625,-0.06270812451839447,-0.5876325964927673,0.2919674217700958
1749220533896797400,26.94579736328125,-0.08813145756721497,-0.5984487533569336,0.2601703405380249
1749220533906788600,26.95578857421875,-0.120174340903759,-0.5925927758216858,0.2137642204761505
1749220533916779500,26.965779541015625,-0.1483607143163681,-0.5678250789642334,0.1752232164144516
1749220533926770400,26.9757705078125,-0.14645281434059143,-0.5897567272186279,0.156027689576149
1749220533936761300,26.98576123046875,-0.13069996237754822,-0.5993196368217468,0.20675237476825714
1749220533946752500,26.99575244140625,-0.04310033097863197,-0.55103600025177,0.42717769742012024
1749220533956742400,27.005742431640623,0.08734342455863953,-0.39407220482826233,0.5293546319007874
1749220533966733600,27.015733642578127,0.15083478391170502,-0.21182303130626678,0.503896176815033
1749220533976724500,27.025724365234375,0.08568134903907776,-0.13950969278812408,0.3841226398944855
1749220533986715600,27.035715576171874,0.030234334990382195,-0.2639472186565399,0.19070737063884735
1749220533996706600,27.04570654296875,0.006662430241703987,-0.453757643699646,0.007102384231984615
1749220534006697500,27.055697509765626,0.007103449665009975,-0.5983646512031555,-0.12217330932617188
