time,seconds_elapsed,z,y,x
1749568115097240000,0.015239990234375,-0.8569183349609375,-0.2551422119140625,0.0998077392578125
1749568115107231000,0.02523095703125,-0.826812744140625,-0.329376220703125,0.1088104248046875
1749568115117222000,0.035221923828125,-0.825836181640625,-0.3957366943359375,0.1263885498046875
1749568115127213000,0.045213134765625,-0.87017822265625,-0.4103546142578125,0.1683502197265625
1749568115137204000,0.055203857421875,-0.875457763671875,-0.380889892578125,0.1458587646484375
1749568115147195000,0.06519482421875,-0.8536834716796875,-0.350494384765625,0.0735931396484375
1749568115157187000,0.07518701171875,-0.85003662109375,-0.3203582763671875,0.040435791015625
1749568115167178000,0.085177978515625,-0.8494720458984375,-0.3107757568359375,0.0377960205078125
1749568115177169000,0.0951689453125,-0.7768707275390625,-0.3040008544921875,0.050079345703125
1749568115187160000,0.10516015625,-0.7189483642578125,-0.265045166015625,0.069305419921875
1749568115197151000,0.11515087890625,-0.7195587158203125,-0.2497711181640625,0.045135498046875
1749568115207142000,0.125141845703125,-0.7224884033203125,-0.2637481689453125,0.008880615234375
1749568115217132800,0.1351328125,-0.8239288330078125,-0.35491943359375,0.016448974609375
1749568115227124000,0.1451240234375,-1.0760650634765625,-0.5134429931640625,0.0937042236328125
1749568115237116000,0.155115966796875,-1.1365509033203125,-0.608917236328125,0.1932525634765625
1749568115247106800,0.16510693359375,-1.0609893798828125,-0.69512939453125,0.156951904296875
1749568115257098000,0.175097900390625,-1.034515380859375,-0.6189117431640625,0.1795654296875
1749568115267089000,0.1850888671875,-1.02532958984375,-0.3589019775390625,0.2758636474609375
1749568115277079800,0.195079833984375,-0.95220947265625,-0.112518310546875,0.469390869140625
1749568115287071000,0.205071044921875,-0.87030029296875,-0.07830810546875,0.4583282470703125
1749568115297062000,0.215061767578125,-0.911102294921875,-0.172119140625,0.3671875
1749568115307052800,0.225052734375,-1.0055084228515625,-0.2600250244140625,0.4210968017578125
1749568115317045000,0.235044921875,-1.037200927734375,-0.311248779296875,0.567352294921875
1749568115327036000,0.245035888671875,-0.9776458740234375,-0.34100341796875,0.57330322265625
1749568115337026800,0.25502685546875,-0.9381866455078125,-0.362945556640625,0.4494171142578125
1749568115347018000,0.26501806640625,-0.951171875,-0.307647705078125,0.401885986328125
1749568115357009000,0.2750087890625,-0.886688232421875,-0.2429656982421875,0.498779296875
1749568115366999800,0.284999755859375,-0.710052490234375,-0.22100830078125,0.5595550537109375
1749568115376990700,0.29499072265625,-0.6629791259765625,-0.2158355712890625,0.54034423828125
1749568115386982000,0.30498193359375,-0.8726806640625,-0.2154388427734375,0.4935302734375
1749568115396972800,0.314972900390625,-1.0203857421875,-0.1970672607421875,0.5576629638671875
1749568115406964700,0.32496484375,-0.9776458740234375,-0.2005157470703125,0.56951904296875
1749568115416956000,0.334955810546875,-0.957977294921875,-0.2168731689453125,0.6170654296875
1749568115426946800,0.34494677734375,-0.854583740234375,-0.2391510009765625,0.6379547119140625
1749568115436937700,0.354937744140625,-0.74334716796875,-0.2483062744140625,0.6495819091796875
1749568115446929000,0.364928955078125,-0.7748260498046875,-0.2107086181640625,0.6434326171875
1749568115456919800,0.374919921875,-0.7961883544921875,-0.166961669921875,0.6468505859375
1749568115466910700,0.38491064453125,-0.8448638916015625,-0.144805908203125,0.6142730712890625
1749568115476903000,0.39490283203125,-0.9788360595703125,-0.12261962890625,0.5766448974609375
1749568115486893800,0.404893798828125,-0.819244384765625,-0.0950927734375,0.552947998046875
1749568115496884700,0.414884765625,-0.7120513916015625,-0.0780792236328125,0.39996337890625
1749568115506876000,0.4248759765625,-0.501495361328125,-0.1124114990234375,0.47271728515625
1749568115516866800,0.43486669921875,-0.501495361328125,-0.11248779296875,0.6586151123046875
1749568115526857700,0.444857666015625,-0.7567291259765625,-0.148223876953125,0.5358428955078125
1749568115536849000,0.454848876953125,-0.7811126708984375,-0.2774810791015625,0.46295166015625
1749568115546840000,0.464840087890625,-0.756622314453125,-0.365234375,0.5975189208984375
1749568115556831700,0.474831787109375,-0.4422149658203125,-0.3758087158203125,0.5911712646484375
1749568115566823000,0.484822998046875,-0.737518310546875,-0.65869140625,0.67425537109375
1749568115576813800,0.494813720703125,-0.62628173828125,-0.685546875,0.7789154052734375
1749568115586805000,0.504804931640625,-0.4495697021484375,-0.5607147216796875,0.853485107421875
1749568115596796000,0.5147958984375,-0.335235595703125,-0.614715576171875,0.652008056640625
1749568115606787000,0.524787109375,-0.4066162109375,-0.736480712890625,0.5911712646484375
1749568115616778000,0.534778076171875,-0.56036376953125,-0.6893157958984375,1.0865325927734375
1749568115626769700,0.544769775390625,-0.3624420166015625,-0.73504638671875,0.9787445068359375
1749568115636760800,0.5547607421875,-0.791656494140625,-0.7470855712890625,1.0366973876953125
1749568115646752000,0.564751953125,-1.4590606689453125,-0.7939300537109375,1.1240234375
1749568115656746800,0.574746826171875,-1.0170440673828125,-0.9528350830078125,0.75604248046875
1749568115666738000,0.584738037109375,-0.9013824462890625,-1.0496978759765625,0.64141845703125
1749568115676728800,0.594728759765625,-0.7679595947265625,-0.9745025634765625,0.612579345703125
1749568115686720000,0.604719970703125,-0.2821502685546875,-0.7327728271484375,0.6588134765625
1749568115696711700,0.614711669921875,-0.0049896240234375,-0.5717010498046875,0.711273193359375
1749568115706702600,0.62470263671875,-0.0582275390625,-0.5608673095703125,0.7329559326171875
1749568115716693800,0.63469384765625,-0.1120758056640625,-0.62890625,0.655670166015625
1749568115726685000,0.644684814453125,-0.0024261474609375,-0.64697265625,0.578887939453125
1749568115736675800,0.65467578125,0.0558319091796875,-0.5869598388671875,0.6127471923828125
1749568115746667000,0.6646669921875,0.1224822998046875,-0.5117034912109375,0.64556884765625
1749568115756658000,0.674657958984375,0.17523193359375,-0.4559783935546875,0.648345947265625
1749568115766648800,0.68464892578125,0.1694183349609375,-0.4866943359375,0.65716552734375
1749568115776640800,0.694640869140625,0.1939544677734375,-0.5205535888671875,0.6341400146484375
1749568115786632000,0.7046318359375,0.195892333984375,-0.495147705078125,0.57098388671875
1749568115796622800,0.714622802734375,0.074615478515625,-0.4633026123046875,0.3961181640625
1749568115806614000,0.724614013671875,-0.1450042724609375,-0.4705047607421875,0.18756103515625
1749568115816605000,0.73460498046875,-0.1636505126953125,-0.4814605712890625,0.2346954345703125
1749568115826595800,0.744595947265625,-0.4084014892578125,-0.5519561767578125,0.41107177734375
1749568115836588000,0.754588134765625,-1.0499114990234375,-0.94171142578125,0.63848876953125
1749568115846579000,0.764578857421875,-0.0784454345703125,-0.8753204345703125,0.57476806640625
1749568115856569900,0.77456982421875,0.1005859375,-0.614593505859375,0.6031951904296875
1749568115866560800,0.784560791015625,0.003082275390625,-0.7964019775390625,0.6340789794921875
1749568115876552000,0.794552001953125,0.1419830322265625,-0.9928741455078125,0.525482177734375
1749568115886542800,0.80454296875,0.1962432861328125,-1.1606903076171875,0.4728240966796875
1749568115896533800,0.81453369140625,0.125091552734375,-1.21429443359375,0.5349578857421875
1749568115906526000,0.82452587890625,0.069122314453125,-1.225494384765625,0.660064697265625
1749568115916516900,0.834516845703125,0.1002655029296875,-1.168792724609375,0.847869873046875
1749568115926507800,0.8445078125,0.0163116455078125,-0.986572265625,0.9455413818359375
1749568115936499000,0.8544990234375,-0.1162261962890625,-0.6273651123046875,0.86932373046875
1749568115946489900,0.86448974609375,-0.0196380615234375,-0.3639068603515625,0.7374725341796875
1749568115956480800,0.874480712890625,0.058013916015625,-0.33917236328125,0.5518035888671875
1749568115966472000,0.884471923828125,0.0307464599609375,-0.4149017333984375,0.395355224609375
1749568115976464000,0.8944638671875,0.08551025390625,-0.526641845703125,0.3365325927734375
1749568115986454800,0.904454833984375,0.0953826904296875,-0.653839111328125,0.3907928466796875
1749568115996446000,0.914446044921875,0.0832672119140625,-0.7184906005859375,0.5286865234375
1749568116006436900,0.924436767578125,0.172821044921875,-0.665679931640625,0.7268524169921875
1749568116016427800,0.934427734375,0.1619873046875,-0.8351287841796875,0.71722412109375
1749568116026419000,0.9444189453125,0.125701904296875,-1.09259033203125,0.6799774169921875
1749568116036411000,0.954410888671875,0.1397857666015625,-1.218048095703125,0.699371337890625
1749568116046401800,0.96440185546875,0.0907135009765625,-1.20556640625,0.7283935546875
1749568116056393000,0.97439306640625,0.265045166015625,-1.1694183349609375,0.6562347412109375
1749568116066384000,0.9843837890625,0.2230377197265625,-1.0902252197265625,0.741943359375
1749568116076374800,0.994374755859375,0.0447998046875,-0.9966888427734375,0.85919189453125
1749568116086365700,1.00436572265625,0.261016845703125,-0.91217041015625,0.5486602783203125
1749568116096356900,1.01435693359375,0.150421142578125,-0.836578369140625,0.4213104248046875
1749568116106348800,1.024348876953125,0.1811065673828125,-0.8535614013671875,0.4422760009765625
1749568116116340000,1.034340087890625,0.0938568115234375,-0.869964599609375,0.5611114501953125
1749568116126331000,1.044330810546875,0.1046905517578125,-0.9423980712890625,0.592803955078125
1749568116136321800,1.05432177734375,0.105682373046875,-1.000396728515625,0.59539794921875
1749568116146312700,1.064312744140625,0.1048126220703125,-0.967987060546875,0.497894287109375
1749568116156304000,1.074303955078125,0.0721588134765625,-0.901153564453125,0.3684844970703125
1749568116166295800,1.0842958984375,0.0049591064453125,-0.863800048828125,0.181121826171875
1749568116176286700,1.09428662109375,-0.002716064453125,-0.7978515625,0.084381103515625
1749568116186278000,1.10427783203125,-0.05224609375,-0.83074951171875,0.0916595458984375
1749568116196268800,1.114268798828125,-0.038970947265625,-0.8299102783203125,0.165771484375
1749568116206259700,1.124259765625,-0.065216064453125,-0.8442230224609375,0.1707000732421875
1749568116216251000,1.1342509765625,0.0052032470703125,-0.96795654296875,0.125701904296875
1749568116226241800,1.14424169921875,0.0631103515625,-1.0385589599609375,0.0911102294921875
1749568116236233700,1.154233642578125,0.0546112060546875,-0.994781494140625,0.1178436279296875
1749568116246225000,1.164224853515625,0.01739501953125,-0.9443206787109375,0.2484893798828125
1749568116256215800,1.1742158203125,0.1112213134765625,-0.9648590087890625,0.3145751953125
1749568116266206700,1.184206787109375,0.0087738037109375,-1.0077056884765625,0.322509765625
1749568116276198000,1.194197998046875,-0.0143585205078125,-0.9787750244140625,0.15472412109375
1749568116286188800,1.204188720703125,-0.0292816162109375,-1.0146636962890625,0.020050048828125
1749568116296180700,1.2141806640625,-0.010650634765625,-1.1112518310546875,0.1467437744140625
1749568116306172000,1.224171875,-0.0225372314453125,-1.0555877685546875,0.1700286865234375
1749568116316162800,1.234162841796875,-0.005889892578125,-0.965972900390625,0.1081695556640625
1749568116326153700,1.24415380859375,0.0318756103515625,-0.9967498779296875,0.1399383544921875
1749568116336145000,1.254144775390625,0.093597412109375,-1.0305938720703125,0.1484375
1749568116346135800,1.2641357421875,-0.0032958984375,-0.93377685546875,0.2992095947265625
1749568116356127700,1.274127685546875,0.034912109375,-0.880126953125,0.1524810791015625
1749568116366119000,1.284118896484375,0.0372467041015625,-0.96417236328125,-0.0076446533203125
1749568116376109800,1.29410986328125,0.0537567138671875,-0.9689178466796875,0.0558624267578125
1749568116386100700,1.304100830078125,0.03656005859375,-0.9543304443359375,-0.0146484375
1749568116396091600,1.314091552734375,0.03375244140625,-0.931243896484375,-0.058746337890625
1749568116406082800,1.324082763671875,0.0719757080078125,-0.891815185546875,-0.032440185546875
1749568116416074800,1.33407470703125,0.076690673828125,-0.9039459228515625,-0.0094451904296875
1749568116426066000,1.34406591796875,0.0562896728515625,-0.9669036865234375,-0.0338287353515625
1749568116436056800,1.354056884765625,0.0484771728515625,-1.0871429443359375,-0.06268310546875
1749568116446047700,1.3640478515625,0.0615081787109375,-1.2016754150390625,0.0364990234375
1749568116456038700,1.37403857421875,0.0262603759765625,-1.1478118896484375,0.0769500732421875
1749568116466029800,1.38402978515625,0.024932861328125,-1.1047821044921875,0.0660858154296875
1749568116476021800,1.394021728515625,0.021575927734375,-1.109039306640625,0.0540924072265625
1749568116486012700,1.4040126953125,0.0123291015625,-1.0556793212890625,0.0021514892578125
1749568116496003800,1.41400390625,-0.006622314453125,-0.9301300048828125,-0.05853271484375
1749568116505994800,1.423994873046875,-0.01580810546875,-0.9758453369140625,-0.153411865234375
1749568116515985700,1.433985595703125,0.063690185546875,-0.9930572509765625,-0.049285888671875
1749568116525976800,1.443976806640625,-0.027587890625,-1.076995849609375,-0.031829833984375
1749568116535968800,1.45396875,-0.0105133056640625,-1.1342926025390625,-0.0195770263671875
1749568116545959700,1.463959716796875,0.0439300537109375,-1.0026092529296875,-0.0073089599609375
1749568116555950800,1.473950927734375,0.0216217041015625,-1.050140380859375,-0.004150390625
1749568116565941800,1.483941650390625,0.14971923828125,-1.052154541015625,0.0257720947265625
1749568116575932700,1.4939326171875,0.028594970703125,-1.0630035400390625,-0.030609130859375
1749568116585923800,1.503923828125,0.073150634765625,-1.02435302734375,-0.1074676513671875
1749568116595915800,1.513915771484375,0.0236053466796875,-0.886688232421875,-0.1534881591796875
1749568116605906700,1.52390673828125,-0.1058807373046875,-0.9259490966796875,-0.1215667724609375
1749568116615897900,1.53389794921875,0.077056884765625,-1.0642852783203125,-0.097015380859375
1749568116625888800,1.543888671875,0.0355682373046875,-1.1387786865234375,-0.0926971435546875
1749568116635879700,1.553879638671875,-0.0799102783203125,-0.990386962890625,-0.053924560546875
1749568116645870800,1.563870849609375,-0.2487335205078125,-0.870086669921875,0.0136260986328125
1749568116655862800,1.57386279296875,-0.107757568359375,-0.782196044921875,0.0897979736328125
1749568116665854000,1.58385400390625,0.120758056640625,-0.8263397216796875,0.09649658203125
1749568116675844900,1.593844970703125,0.2265777587890625,-0.9763031005859375,-0.007568359375
1749568116685835800,1.603835693359375,0.242828369140625,-1.1005401611328125,-0.06341552734375
1749568116695827000,1.613826904296875,0.20550537109375,-1.1322479248046875,-0.0366363525390625
1749568116705817900,1.62381787109375,0.130401611328125,-1.0735931396484375,0.02423095703125
1749568116715809800,1.633809814453125,0.0625457763671875,-0.9916839599609375,0.067535400390625
1749568116725801000,1.643801025390625,0.0257415771484375,-0.9542236328125,0.0770111083984375
1749568116735791900,1.6537919921875,0.0228271484375,-0.9652557373046875,0.0671844482421875
1749568116745782800,1.66378271484375,0.0180511474609375,-0.99822998046875,0.040985107421875
1749568116755773700,1.673773681640625,0.0075225830078125,-1.0212249755859375,0.010162353515625
1749568116765764900,1.683764892578125,-0.000885009765625,-1.018463134765625,-0.01885986328125
1749568116775756800,1.6937568359375,-0.0011138916015625,-0.9977569580078125,-0.03875732421875
1749568116785748000,1.703748046875,0.0033721923828125,-0.9824371337890625,-0.04962158203125
1749568116795739000,1.71373876953125,0.0209503173828125,-0.97821044921875,-0.0492095947265625
1749568116805729800,1.723729736328125,0.0397491455078125,-0.9838104248046875,-0.0378875732421875
1749568116815720700,1.733720703125,0.050872802734375,-0.997406005859375,-0.0202789306640625
1749568116825713000,1.743712890625,0.05609130859375,-1.00543212890625,-0.010009765625
1749568116835703800,1.753703857421875,0.0584259033203125,-1.001678466796875,-0.00018310546875
1749568116845694700,1.76369482421875,0.0587158203125,-0.9969940185546875,0.0037994384765625
1749568116855686000,1.773685791015625,0.0560302734375,-0.99676513671875,0.00640869140625
1749568116865676800,1.7836767578125,0.051666259765625,-1.0009002685546875,0.0125885009765625
1749568116875667700,1.793667724609375,0.0497589111328125,-1.007720947265625,0.015533447265625
1749568116885660000,1.803659912109375,0.05682373046875,-1.03570556640625,-0.06085205078125
1749568116895650800,1.81365087890625,0.101898193359375,-1.03741455078125,-0.121551513671875
1749568116905641700,1.823641845703125,0.05853271484375,-0.9830169677734375,0.0244598388671875
1749568116915633000,1.8336328125,0.0384979248046875,-1.0077362060546875,-0.0087890625
1749568116925623800,1.843623779296875,0.02471923828125,-1.0041656494140625,-0.0035552978515625
1749568116935615700,1.85361572265625,0.0432891845703125,-1.001800537109375,-0.0537261962890625
1749568116945607000,1.86360693359375,0.09674072265625,-0.97265625,-0.0580902099609375
1749568116955597800,1.873597900390625,0.1067657470703125,-0.98724365234375,-0.031463623046875
1749568116965588700,1.883588623046875,0.0770263671875,-1.038116455078125,-0.0492706298828125
1749568116975580000,1.893579833984375,0.09375,-1.060516357421875,-0.0699005126953125
1749568116985570800,1.90357080078125,0.0999755859375,-0.9947967529296875,0.02001953125
1749568116995562800,1.913562744140625,0.0336761474609375,-0.8979644775390625,0.0933685302734375
1749568117005554000,1.923553955078125,-0.0325469970703125,-0.87353515625,0.1361083984375
1749568117015544800,1.933544921875,0.033477783203125,-0.9638214111328125,0.13037109375
1749568117025535700,1.94353564453125,0.0889434814453125,-1.0611114501953125,0.121429443359375
1749568117035527000,1.95352685546875,0.097198486328125,-1.0929107666015625,0.13543701171875
1749568117045517800,1.963517822265625,0.0939483642578125,-1.0715789794921875,0.12799072265625
1749568117055509800,1.973509765625,0.1049346923828125,-1.050140380859375,0.0810546875
1749568117065501000,1.9835009765625,0.1328277587890625,-1.0571441650390625,0.100341796875
1749568117075491800,1.993491943359375,0.0797271728515625,-0.988250732421875,-0.0037841796875
1749568117085482800,2.003482666015625,0.1403045654296875,-0.980194091796875,0.0236053466796875
1749568117095474000,2.013473876953125,0.1706695556640625,-1.0987701416015625,0.02490234375
1749568117105464800,2.02346484375,0.1219329833984375,-1.1439361572265625,-0.0493316650390625
1749568117115456800,2.033456787109375,0.0014190673828125,-1.0228118896484375,-0.0055389404296875
1749568117125448000,2.043447998046875,-0.00762939453125,-0.87835693359375,0.0644683837890625
1749568117135438800,2.05343896484375,0.01544189453125,-0.872650146484375,0.1329345703125
1749568117145429800,2.0634296875,-0.025634765625,-0.8694000244140625,0.09478759765625
1749568117155420700,2.073420654296875,0.0508270263671875,-0.9102630615234375,0.0505828857421875
1749568117165412900,2.083412841796875,0.0725555419921875,-1.007781982421875,0.0040740966796875
1749568117175403800,2.09340380859375,0.0577850341796875,-1.0446929931640625,0.0074310302734375
1749568117185395000,2.10339501953125,0.1038818359375,-1.038116455078125,0.0675506591796875
1749568117195385900,2.1133857421875,0.14910888671875,-1.00299072265625,0.0674591064453125
1749568117205376800,2.123376708984375,0.1145782470703125,-0.9948577880859375,-0.003173828125
1749568117215369000,2.133368896484375,0.120452880859375,-0.9746551513671875,-0.02081298828125
1749568117225360000,2.14335986328125,0.11212158203125,-0.999298095703125,-0.0410919189453125
1749568117235350800,2.153350830078125,0.126983642578125,-1.0325775146484375,-0.0688018798828125
1749568117245341700,2.163341796875,0.128265380859375,-1.048736572265625,-0.09033203125
1749568117255332900,2.173332763671875,0.1127777099609375,-1.0065460205078125,-0.10260009765625
1749568117265323800,2.18332373046875,0.12518310546875,-0.9723052978515625,-0.1078948974609375
1749568117275316000,2.19331591796875,0.0798187255859375,-0.9923553466796875,-0.098663330078125
1749568117285307000,2.203306884765625,0.113861083984375,-1.008819580078125,-0.07586669921875
1749568117295297800,2.2132978515625,0.09832763671875,-1.018951416015625,-0.0570220947265625
1749568117305288700,2.223288818359375,0.0921630859375,-1.0305328369140625,-0.0206451416015625
1749568117315280000,2.23327978515625,0.112091064453125,-1.0334320068359375,0.0012359619140625
1749568117325270800,2.243270751953125,0.117706298828125,-1.0177154541015625,0.009918212890625
1749568117335263000,2.253262939453125,0.085540771484375,-0.99249267578125,0.0204010009765625
1749568117345254000,2.26325390625,0.0482025146484375,-0.958831787109375,0.0254364013671875
1749568117355244800,2.273244873046875,0.013916015625,-0.9557342529296875,0.0257720947265625
1749568117365235700,2.283235595703125,0.0196685791015625,-0.9799346923828125,0.0253143310546875
1749568117375227000,2.293226806640625,0.0422821044921875,-1.0250244140625,0.0117034912109375
1749568117385218800,2.30321875,0.0350494384765625,-1.064208984375,-0.02947998046875
1749568117395209700,2.313209716796875,0.0382537841796875,-1.08306884765625,-0.0619354248046875
1749568117405201000,2.323200927734375,0.025115966796875,-1.0555267333984375,-0.06866455078125
1749568117415191800,2.33319189453125,0.0481109619140625,-0.9585418701171875,-0.012451171875
1749568117425182700,2.3431826171875,0.0426025390625,-0.900665283203125,0.0091705322265625
1749568117435174000,2.353173828125,0.02349853515625,-0.9527435302734375,-0.06048583984375
1749568117445165800,2.363165771484375,0.0655975341796875,-1.00469970703125,-0.097076416015625
1749568117455156700,2.37315673828125,0.0186920166015625,-1.0181732177734375,-0.0436859130859375
1749568117465148000,2.38314794921875,0.078338623046875,-1.0461273193359375,0.0592193603515625
1749568117475138800,2.393138916015625,0.0380096435546875,-0.9959716796875,-0.03759765625
1749568117485129700,2.403129638671875,0.0692596435546875,-0.8806915283203125,0.011474609375
1749568117495122000,2.413121826171875,0.15277099609375,-0.833038330078125,0.053985595703125
1749568117505112800,2.42311279296875,0.156585693359375,-0.9408111572265625,-0.017364501953125
1749568117515103700,2.433103759765625,0.1103668212890625,-1.10052490234375,-0.136077880859375
1749568117525095000,2.443094970703125,0.025726318359375,-1.1350555419921875,-0.12896728515625
1749568117535085800,2.4530859375,0.0036163330078125,-1.00286865234375,0.0232696533203125
1749568117545076700,2.46307666015625,-0.0712432861328125,-0.78875732421875,0.422943115234375
1749568117555069000,2.47306884765625,-0.2305145263671875,-0.76568603515625,0.3706512451171875
1749568117565059800,2.483059814453125,-0.1510772705078125,-1.1108856201171875,-0.0065765380859375
1749568117575050800,2.49305078125,0.17449951171875,-1.3439483642578125,-0.114166259765625
1749568117585042000,2.5030419921875,0.2383575439453125,-1.3912353515625,-0.0760955810546875
1749568117595032800,2.51303271484375,0.1842193603515625,-1.2450714111328125,0.0135040283203125
1749568117605024800,2.523024658203125,0.089141845703125,-1.0424652099609375,0.0452423095703125
1749568117615016000,2.533015869140625,0.0642852783203125,-0.892852783203125,0.05743408203125
1749568117625006800,2.5430068359375,0.0893707275390625,-0.8295440673828125,0.03369140625
1749568117634997800,2.552997802734375,0.103790283203125,-0.8119659423828125,-0.03009033203125
1749568117644989000,2.562989013671875,0.1807861328125,-0.807098388671875,-0.0618896484375
1749568117654976000,2.57297607421875,0.1804656982421875,-0.876556396484375,-0.00244140625
1749568117664967700,2.5829677734375,0.1759490966796875,-0.9794158935546875,0.0532073974609375
1749568117674958600,2.59295849609375,0.1639556884765625,-0.905609130859375,0.236053466796875
1749568117684949800,2.60294970703125,-0.0309295654296875,-0.8414306640625,0.1241912841796875
1749568117694941000,2.61294091796875,-0.178009033203125,-1.1109161376953125,-0.0132293701171875
1749568117704931800,2.622931884765625,-0.0559234619140625,-1.2109222412109375,0.0729217529296875
1749568117714923000,2.632923095703125,0.027008056640625,-1.170074462890625,0.0518646240234375
1749568117724914700,2.642914794921875,0.0607452392578125,-1.0560302734375,0.003509521484375
1749568117734905600,2.652905517578125,0.06353759765625,-0.984283447265625,0.0115966796875
1749568117744896800,2.662896728515625,0.0660247802734375,-0.9488067626953125,0.0335693359375
1749568117754888000,2.672887939453125,0.071380615234375,-0.961883544921875,0.0485992431640625
1749568117764878800,2.68287890625,0.063201904296875,-1.0166473388671875,0.101043701171875
1749568117774870800,2.692870849609375,0.0454254150390625,-1.07928466796875,0.102935791015625
1749568117784861700,2.70286181640625,-0.00128173828125,-1.04779052734375,0.07867431640625
1749568117794852600,2.7128525390625,0.022125244140625,-1.032745361328125,0.1092987060546875
1749568117804843800,2.72284375,0.003082275390625,-0.9772796630859375,0.037872314453125
1749568117814835000,2.7328349609375,0.037353515625,-0.990570068359375,0.06854248046875
1749568117824826600,2.74282666015625,0.03692626953125,-0.966766357421875,-0.0021820068359375
1749568117834817800,2.75281787109375,0.076568603515625,-0.9969940185546875,0.0364532470703125
1749568117844808700,2.76280859375,0.0704803466796875,-0.99884033203125,-0.0174407958984375
1749568117854800000,2.7727998046875,0.057342529296875,-1.017669677734375,0.041778564453125
1749568117864791000,2.782791015625,0.061279296875,-1.019317626953125,0.009918212890625
1749568117874782000,2.792781982421875,0.136016845703125,-1.0682220458984375,0.060211181640625
1749568117884773600,2.802773681640625,0.0055389404296875,-1.0566864013671875,-0.026214599609375
1749568117894764800,2.812764892578125,0.1110382080078125,-0.9807586669921875,0.021026611328125
1749568117904755700,2.822755615234375,0.0667724609375,-0.974578857421875,0.079925537109375
1749568117914747000,2.832746826171875,0.05615234375,-1.0120086669921875,0.093902587890625
1749568117924738000,2.842738037109375,0.0371856689453125,-1.0711212158203125,0.1287994384765625
1749568117934729000,2.85272900390625,0.0576019287109375,-1.074981689453125,0.164703369140625
1749568117944720600,2.862720703125,0.072601318359375,-1.0921173095703125,0.1973114013671875
1749568117954711800,2.8727119140625,0.1105194091796875,-1.0814666748046875,0.1879425048828125
1749568117964702700,2.88270263671875,0.090789794921875,-0.994140625,0.1568450927734375
1749568117974694000,2.89269384765625,0.06634521484375,-0.924560546875,0.0146484375
1749568117984684800,2.902684814453125,0.0185089111328125,-0.8527984619140625,-0.0360260009765625
1749568117994676700,2.9126767578125,0.037139892578125,-0.8861083984375,-0.0616302490234375
1749568118004667600,2.922667724609375,0.0518035888671875,-0.9449005126953125,-0.03570556640625
1749568118014658800,2.932658935546875,0.0096893310546875,-0.9253692626953125,0.006622314453125
1749568118024650000,2.94264990234375,-0.022735595703125,-0.8932037353515625,0.0687408447265625
1749568118034641000,2.952640869140625,-0.0443267822265625,-0.9084625244140625,0.0150604248046875
1749568118044631800,2.9626318359375,-0.0485992431640625,-0.943115234375,0.0516204833984375
1749568118054623700,2.972623779296875,-0.032470703125,-0.8900909423828125,-0.0918426513671875
1749568118064614700,2.98261474609375,-0.037811279296875,-0.8509979248046875,-0.128631591796875
1749568118074605800,2.992605712890625,-0.032928466796875,-0.8867034912109375,-0.0402374267578125
1749568118084597000,3.002596923828125,-0.0206298828125,-0.923919677734375,0.057098388671875
1749568118094588000,3.012587890625,-0.0339508056640625,-0.9304656982421875,0.1346893310546875
1749568118104579800,3.022579833984375,0.0086669921875,-0.940460205078125,0.1836090087890625
1749568118114570800,3.03257080078125,0.074859619140625,-1.022796630859375,0.164306640625
1749568118124561700,3.042561767578125,0.1130828857421875,-1.158111572265625,0.0654449462890625
1749568118134552800,3.052552734375,0.1022186279296875,-1.2119598388671875,-0.001220703125
1749568118144544000,3.0625439453125,0.062744140625,-1.1557769775390625,-0.0214996337890625
1749568118154535000,3.072534912109375,0.0240325927734375,-1.0658416748046875,-0.0224456787109375
1749568118164526600,3.082526611328125,0.048126220703125,-0.9205169677734375,-0.0235137939453125
1749568118174517800,3.092517822265625,0.2396087646484375,-0.846466064453125,-0.091552734375
1749568118184509000,3.102509033203125,0.1450653076171875,-0.901123046875,-0.0836334228515625
1749568118194499800,3.112499755859375,0.08984375,-1.01806640625,0.0266265869140625
1749568118204491000,3.122490966796875,0.107086181640625,-1.1686859130859375,0.12615966796875
1749568118214482700,3.132482666015625,0.0915374755859375,-1.1768951416015625,0.1131744384765625
1749568118224473600,3.1424736328125,0.000244140625,-1.022918701171875,0.147369384765625
1749568118234464800,3.15246484375,-0.0341033935546875,-1.0554351806640625,0.08154296875
1749568118244456000,3.1624560546875,0.1184234619140625,-0.9147796630859375,0.2680206298828125
1749568118254446800,3.17244677734375,0.206878662109375,-0.873138427734375,0.29522705078125
1749568118264438000,3.18243798828125,0.17523193359375,-1.0130767822265625,0.1968231201171875
1749568118274429700,3.1924296875,0.1376800537109375,-1.0851287841796875,0.1841888427734375
1749568118284420600,3.202420654296875,0.0285491943359375,-1.073883056640625,0.14642333984375
1749568118294411800,3.212411865234375,-0.1898193359375,-1.033203125,0.0693817138671875
1749568118304403000,3.22240283203125,-0.3032073974609375,-0.977264404296875,0.046630859375
1749568118314393900,3.232393798828125,-0.1308135986328125,-0.91192626953125,0.076416015625
1749568118324385000,3.242385009765625,0.10552978515625,-0.9337615966796875,0.028839111328125
1749568118334376700,3.252376708984375,0.1932525634765625,-1.0404052734375,-0.0048675537109375
1749568118344367600,3.26236767578125,0.204864501953125,-1.1228790283203125,0.04205322265625
1749568118354358800,3.27235888671875,0.17999267578125,-1.0762481689453125,0.1373748779296875
1749568118364350000,3.282349853515625,0.1172027587890625,-1.02459716796875,0.1170654296875
1749568118374340900,3.2923408203125,0.0831451416015625,-0.9795074462890625,0.0638580322265625
1749568118384332800,3.302332763671875,0.0872650146484375,-0.9783935546875,0.0090179443359375
1749568118394323700,3.31232373046875,0.1003265380859375,-0.972808837890625,-0.0150909423828125
1749568118404315000,3.32231494140625,0.06451416015625,-0.964874267578125,0.02435302734375
1749568118414306000,3.33230615234375,0.0656280517578125,-0.9392242431640625,0.1138153076171875
1749568118424297000,3.342296875,0.064697265625,-0.9494171142578125,0.1800537109375
1749568118434287900,3.352287841796875,0.05950927734375,-1.0259857177734375,0.1807403564453125
1749568118444279800,3.36227978515625,0.1118927001953125,-1.132415771484375,0.1263427734375
1749568118454270700,3.372270751953125,0.1289215087890625,-1.1874542236328125,0.0908966064453125
1749568118464262000,3.382261962890625,0.09283447265625,-1.1621856689453125,0.1019744873046875
1749568118474252800,3.392252685546875,0.00933837890625,-1.0835113525390625,0.14764404296875
1749568118484244000,3.402243896484375,-0.0314178466796875,-1.0739593505859375,0.184051513671875
1749568118494235000,3.41223486328125,0.0407562255859375,-1.1143951416015625,0.19830322265625
1749568118504226800,3.422226806640625,0.1027679443359375,-1.1703643798828125,0.1904296875
1749568118514217700,3.4322177734375,0.04278564453125,-1.2095184326171875,0.1943511962890625
1749568118524209000,3.442208984375,-0.0170135498046875,-1.1347198486328125,0.263092041015625
1749568118534199800,3.45219970703125,0.085968017578125,-0.9636993408203125,0.2655181884765625
1749568118544191000,3.46219091796875,0.071929931640625,-0.7784881591796875,0.0706329345703125
1749568118554182700,3.4721826171875,0.0849761962890625,-0.62969970703125,-0.135040283203125
1749568118564173800,3.482173828125,0.017974853515625,-0.76312255859375,-0.1503753662109375
1749568118574165000,3.4921650390625,-0.0218505859375,-1.0058135986328125,-0.087249755859375
1749568118584156000,3.502156005859375,-0.0587005615234375,-1.02362060546875,-0.03887939453125
1749568118594146800,3.512146728515625,-0.1394195556640625,-0.8386077880859375,0.0010986328125
1749568118604138000,3.522137939453125,-0.0667724609375,-0.8188629150390625,-0.0492095947265625
1749568118614129700,3.532129638671875,-0.0387115478515625,-0.960723876953125,-0.0467681884765625
1749568118624120800,3.542120849609375,-0.0074310302734375,-1.0363006591796875,0.0306243896484375
1749568118634112000,3.552112060546875,0.02252197265625,-0.9732513427734375,-0.0346832275390625
1749568118644103000,3.56210302734375,0.0601348876953125,-0.9384307861328125,-0.0448760986328125
1749568118654093800,3.57209375,0.0939483642578125,-0.980743408203125,-0.009368896484375
1749568118664086000,3.5820859375,0.0735931396484375,-1.029998779296875,0.05126953125
1749568118674077000,3.592076904296875,0.0640869140625,-0.994476318359375,0.1150970458984375
1749568118684068000,3.602068115234375,0.0648956298828125,-0.9528350830078125,0.117156982421875
1749568118694059000,3.61205908203125,0.057159423828125,-0.9549560546875,0.1187896728515625
1749568118704050200,3.62205029296875,0.0532684326171875,-0.981597900390625,0.095794677734375
1749568118714041300,3.632041259765625,0.070159912109375,-0.9793243408203125,0.05572509765625
1749568118724033000,3.642032958984375,0.0764617919921875,-0.9479827880859375,0.009735107421875
1749568118734024000,3.65202392578125,0.0980377197265625,-0.913604736328125,-0.0386962890625
1749568118744015000,3.66201513671875,0.1197052001953125,-0.8857574462890625,-0.0405426025390625
1749568118754006300,3.67200634765625,0.1385498046875,-0.8842010498046875,-0.0094451904296875
1749568118763997200,3.6819970703125,0.169677734375,-0.892242431640625,0.0196685791015625
1749568118773988400,3.69198828125,0.1951904296875,-0.9290771484375,0.058807373046875
1749568118783980000,3.70197998046875,0.21429443359375,-0.9794769287109375,0.0745391845703125
1749568118793971000,3.711970947265625,0.2337799072265625,-1.035675048828125,0.0926666259765625
1749568118803962000,3.721962158203125,0.238800048828125,-1.0772857666015625,0.1108856201171875
1749568118813953300,3.731953369140625,0.2344818115234375,-1.0861358642578125,0.1266937255859375
1749568118823944200,3.741944091796875,0.23876953125,-1.05462646484375,0.161590576171875
1749568118833936100,3.75193603515625,0.2890472412109375,-1.0394134521484375,0.1560821533203125
1749568118843927000,3.761927001953125,0.294921875,-1.0809783935546875,0.028961181640625
1749568118853918000,3.77191796875,0.0752716064453125,-1.0241851806640625,0.1404876708984375
1749568118863909000,3.7819091796875,-0.0776824951171875,-0.93115234375,0.2555084228515625
1749568118873900300,3.791900390625,-0.108734130859375,-0.94964599609375,0.1546630859375
1749568118883891200,3.80189111328125,-0.0958404541015625,-1.052886962890625,0.0865478515625
1749568118893883100,3.811883056640625,-0.1360321044921875,-1.235137939453125,0.0563507080078125
1749568118903874000,3.8218740234375,0.15826416015625,-1.325592041015625,-0.050811767578125
1749568118913865200,3.831865234375,0.1404876708984375,-1.2442626953125,0.0222625732421875
1749568118923856400,3.8418564453125,0.1075897216796875,-1.1528778076171875,0.1403961181640625
1749568118933847300,3.851847412109375,0.040252685546875,-1.0096588134765625,0.1926727294921875
1749568118943838200,3.861838134765625,-0.12860107421875,-0.925750732421875,0.2166595458984375
1749568118953830100,3.871830078125,-0.1443939208984375,-0.9514617919921875,0.1220703125
1749568118963821000,3.881821044921875,0.4127044677734375,-1.00714111328125,0.063934326171875
1749568118973812200,3.891812255859375,0.7260589599609375,-1.1898345947265625,0.1207733154296875
1749568118983803100,3.90180322265625,0.12530517578125,-1.3900146484375,0.02593994140625
1749568118993794300,3.911794189453125,-0.14556884765625,-1.3194427490234375,0.1361541748046875
1749568119003786000,3.921785888671875,-0.0596923828125,-1.07305908203125,0.438568115234375
1749568119013777200,3.931777099609375,-0.0780181884765625,-0.7419281005859375,0.211456298828125
1749568119023768000,3.94176806640625,0.0748443603515625,-0.3371734619140625,-0.2529754638671875
1749568119033759200,3.95175927734375,0.2281341552734375,-0.556396484375,-0.0706329345703125
1749568119043750100,3.961750244140625,0.20892333984375,-1.2863311767578125,0.2659454345703125
1749568119053741300,3.9717412109375,0.0162506103515625,-1.1488189697265625,0.13525390625
1749568119063733000,3.98173291015625,0.00390625,-0.57891845703125,-0.1910552978515625
1749568119073724000,3.991723876953125,0.383209228515625,0.2376861572265625,-0.9985809326171875
1749568119083715300,4.00171533203125,-0.20013427734375,-1.6775970458984375,0.141326904296875
1749568119093706200,4.011706298828125,0.2045135498046875,-1.3049468994140625,0.490325927734375
1749568119103697200,4.021697265625,0.42236328125,-0.5942840576171875,-0.3065643310546875
1749568119113688300,4.031688232421875,-0.621002197265625,-1.2760009765625,-0.2684478759765625
1749568119123680000,4.041679931640625,0.280731201171875,-1.055267333984375,0.3731231689453125
1749568119133671200,4.051671142578125,-0.071868896484375,-0.995849609375,0.3803863525390625
1749568119143662300,4.061662353515625,-0.1234283447265625,-0.7656097412109375,0.3020172119140625
1749568119153653200,4.0716533203125,0.1250457763671875,-0.712493896484375,0.224212646484375
1749568119163644200,4.08164404296875,0.0985260009765625,-0.8220062255859375,0.1792144775390625
1749568119173636000,4.091635986328125,0.0735015869140625,-0.9539031982421875,0.2189788818359375
1749568119183627000,4.101626953125,0.075927734375,-1.1209716796875,0.2272186279296875
1749568119193618200,4.1116181640625,0.0692291259765625,-1.25238037109375,0.15960693359375
1749568119203609300,4.121609375,0.03826904296875,-1.294342041015625,0.0400543212890625
1749568119213600300,4.131600341796875,0.0269622802734375,-1.1840972900390625,0.010009765625
1749568119223591200,4.141591064453125,0.0716552734375,-1.0401763916015625,0.012542724609375
1749568119233583000,4.1515830078125,0.0970001220703125,-0.9829559326171875,-0.138580322265625
1749568119243574000,4.161573974609375,0.1060028076171875,-0.9471893310546875,-0.2662506103515625
1749568119253565200,4.171565185546875,0.1196441650390625,-0.9318695068359375,-0.2660369873046875
1749568119263556400,4.181556396484375,0.1238555908203125,-0.948211669921875,-0.20574951171875
1749568119273547300,4.19154736328125,0.1171417236328125,-0.9853363037109375,-0.152130126953125
1749568119283539000,4.2015390625,0.097625732421875,-1.0174713134765625,-0.0857696533203125
1749568119293530000,4.211530029296875,0.2220458984375,-1.0727691650390625,-0.0325927734375
1749568119303521300,4.221521240234375,0.218017578125,-1.1048583984375,0.00537109375
1749568119313512200,4.23151220703125,0.15155029296875,-1.06695556640625,0.0466766357421875
1749568119323503400,4.24150341796875,0.053497314453125,-1.0230255126953125,0.13287353515625
1749568119333494300,4.251494384765625,-0.010650634765625,-0.990692138671875,0.19525146484375
1749568119343486000,4.26148583984375,-0.0266876220703125,-0.9856109619140625,0.211944580078125
1749568119353477000,4.27147705078125,0.0219268798828125,-0.9919281005859375,0.2029571533203125
1749568119363468300,4.28146826171875,0.078033447265625,-1.01123046875,0.1601409912109375
1749568119373459200,4.291459228515625,0.118560791015625,-1.024810791015625,0.1141357421875
1749568119383450000,4.3014501953125,0.1226959228515625,-1.0209197998046875,0.060333251953125
1749568119393442000,4.311442138671875,0.104034423828125,-1.0056915283203125,0.0127105712890625
1749568119403433000,4.321432861328125,0.0920257568359375,-0.9901275634765625,-0.0134735107421875
1749568119413424000,4.331424072265625,0.0903167724609375,-0.9853363037109375,-0.02545166015625
1749568119423415300,4.341415283203125,0.098297119140625,-0.9918212890625,-0.020416259765625
1749568119433406200,4.35140625,0.09881591796875,-1.0004730224609375,-0.0009613037109375
1749568119443397000,4.361397216796875,0.0864105224609375,-1.001495361328125,0.0296478271484375
1749568119453389000,4.37138916015625,0.068939208984375,-0.99945068359375,0.0603790283203125
1749568119463380200,4.381380126953125,0.0584564208984375,-0.9993896484375,0.0807952880859375
1749568119473371100,4.39137109375,0.062744140625,-1.0008697509765625,0.0896759033203125
1749568119483362300,4.4013623046875,0.0708160400390625,-1.0025634765625,0.0860748291015625
1749568119493353200,4.411353271484375,0.075103759765625,-1.00384521484375,0.0749664306640625
1749568119503344000,4.42134423828125,0.0754852294921875,-0.9947052001953125,0.064483642578125
1749568119513336000,4.431336181640625,0.0792388916015625,-0.997039794921875,0.0489654541015625
1749568119523327200,4.4413271484375,0.0718231201171875,-1.0572357177734375,-0.0334014892578125
1749568119533318100,4.451318115234375,0.096923828125,-1.0410308837890625,-0.0688629150390625
1749568119543309300,4.461309326171875,0.11798095703125,-0.934967041015625,0.0921630859375
1749568119553300200,4.47130029296875,0.0041046142578125,-1.001129150390625,0.13555908203125
1749568119563292200,4.481292236328125,0.065643310546875,-1.0955657958984375,0.1160888671875
1749568119573283000,4.491282958984375,0.1240997314453125,-1.0513458251953125,0.176666259765625
1749568119583274200,4.501274169921875,0.0484161376953125,-1.015533447265625,0.0500946044921875
1749568119593265200,4.51126513671875,0.0709686279296875,-0.9945831298828125,0.028717041015625
1749568119603256300,4.52125634765625,0.0436248779296875,-0.9701080322265625,0.0906219482421875
1749568119613247200,4.531247314453125,0.044403076171875,-1.004669189453125,0.0592041015625
1749568119623239200,4.5412392578125,0.0594329833984375,-1.0284271240234375,0.037750244140625
1749568119633230300,4.551230224609375,0.072998046875,-1.02252197265625,0.0325469970703125
1749568119643221200,4.56122119140625,0.0455474853515625,-0.98974609375,0.03826904296875
1749568119653212200,4.571212158203125,0.0132598876953125,-0.9192962646484375,0.0453338623046875
1749568119663203600,4.58120361328125,0.002471923828125,-0.864593505859375,0.047607421875
1749568119673195300,4.5911953125,0.0040740966796875,-0.8798980712890625,0.05865478515625
1749568119683186200,4.601186279296875,0.0282440185546875,-0.95135498046875,0.0610198974609375
1749568119693177300,4.61117724609375,0.0251617431640625,-0.9940948486328125,0.0826416015625
1749568119703168500,4.62116845703125,0.0037078857421875,-0.9785003662109375,0.1174163818359375
1749568119713159400,4.631159423828125,0.007720947265625,-1.01239013671875,0.1309356689453125
1749568119723150600,4.641150634765625,-0.00506591796875,-1.073822021484375,0.1279449462890625
1749568119733142300,4.651142333984375,0.020538330078125,-1.0696868896484375,0.135711669921875
1749568119743133200,4.66113330078125,0.026275634765625,-1.009613037109375,0.13739013671875
1749568119753124400,4.671124267578125,0.02783203125,-0.9886016845703125,0.131134033203125
1749568119763115500,4.681115478515625,0.036285400390625,-1.03436279296875,0.1280670166015625
1749568119773106400,4.6911064453125,0.04937744140625,-1.0831756591796875,0.1346282958984375
1749568119783098400,4.701098388671875,0.0294036865234375,-1.051971435546875,0.147430419921875
1749568119793089300,4.71108935546875,-0.00042724609375,-1.0208282470703125,0.13946533203125
1749568119803080400,4.72108056640625,-0.0130767822265625,-1.0377655029296875,0.1365203857421875
1749568119813071600,4.731071533203125,-0.024017333984375,-0.9978790283203125,0.1121063232421875
1749568119823062500,4.7410625,-0.0244903564453125,-0.8860626220703125,0.027435302734375
1749568119833054200,4.75105419921875,-0.0388946533203125,-0.7978363037109375,0.02398681640625
1749568119843045400,4.76104541015625,-0.049102783203125,-0.827392578125,0.029937744140625
1749568119853036300,4.771036376953125,-0.0389862060546875,-0.949432373046875,0.0071258544921875
1749568119863027500,4.78102734375,0.016448974609375,-1.0925140380859375,0.0120849609375
1749568119873018600,4.7910185546875,0.04425048828125,-1.142822265625,0.088592529296875
1749568119883009500,4.801009521484375,0.0072021484375,-1.0926666259765625,0.1771697998046875
1749568119893001200,4.811001220703125,-0.016815185546875,-1.0309906005859375,0.2117919921875
1749568119902992400,4.820992431640625,-0.025177001953125,-0.9793701171875,0.190155029296875
1749568119912983300,4.8309833984375,-0.02911376953125,-0.94482421875,0.1896514892578125
1749568119922974500,4.840974365234375,-0.0176849365234375,-0.9619140625,0.18426513671875
1749568119932965400,4.85096533203125,-0.022186279296875,-0.9922637939453125,0.1489715576171875
1749568119942957300,4.860957275390625,-0.0177764892578125,-0.992950439453125,0.1063690185546875
1749568119952948200,4.8709482421875,-0.02398681640625,-0.992706298828125,0.073577880859375
1749568119962939400,4.880939453125,-0.0330657958984375,-1.0294036865234375,0.0657806396484375
1749568119972930300,4.890930419921875,-0.0174407958984375,-1.055908203125,0.0897216796875
1749568119982921500,4.90092138671875,0.010650634765625,-1.0929718017578125,0.08258056640625
1749568119992913400,4.910913330078125,0.03485107421875,-1.0695343017578125,0.02178955078125
1749568120002904300,4.920904296875,0.0303802490234375,-0.974884033203125,0.0379791259765625
1749568120012895200,4.930895263671875,0.0350189208984375,-0.9278717041015625,0.018890380859375
1749568120022886400,4.940886474609375,-0.0088348388671875,-0.93548583984375,-0.03173828125
1749568120032877600,4.950877685546875,-0.0212554931640625,-0.98602294921875,-0.027801513671875
1749568120042868500,4.960868408203125,-0.0409393310546875,-1.0194244384765625,0.0452117919921875
1749568120052860400,4.9708603515625,-0.0503997802734375,-0.9999847412109375,0.1090087890625
1749568120062851300,4.980851318359375,-0.0584716796875,-0.9770965576171875,0.14581298828125
1749568120072842200,4.99084228515625,-0.07672119140625,-0.9745941162109375,0.19146728515625
1749568120082833400,5.00083349609375,-0.0753326416015625,-1.001495361328125,0.21038818359375
1749568120092824600,5.010824462890625,-0.0625457763671875,-1.004150390625,0.2328643798828125
1749568120102816300,5.020816162109375,-0.0640869140625,-0.981689453125,0.2323455810546875
1749568120112807400,5.030807373046875,-0.0526275634765625,-0.9605255126953125,0.198577880859375
1749568120122798300,5.04079833984375,-0.0359954833984375,-0.9756317138671875,0.18048095703125
1749568120132789200,5.050789306640625,-0.029815673828125,-1.04248046875,0.143707275390625
1749568120142780400,5.060780517578125,-0.008087158203125,-1.077056884765625,0.08819580078125
1749568120152772400,5.0707724609375,-0.0280609130859375,-1.0396881103515625,0.064300537109375
1749568120162763300,5.08076318359375,-0.0345306396484375,-0.998504638671875,0.07061767578125
1749568120172754200,5.090754150390625,-0.0677642822265625,-0.9528961181640625,0.072509765625
1749568120182745300,5.100745361328125,-0.090484619140625,-0.900146484375,0.05267333984375
1749568120192736500,5.110736572265625,-0.054779052734375,-0.9004364013671875,0.0149383544921875
1749568120202728400,5.120728515625,-0.126007080078125,-0.951324462890625,0.0204010009765625
1749568120212719400,5.13071923828125,-0.0785980224609375,-0.919036865234375,0.0892486572265625
1749568120222710300,5.140710205078125,-0.075775146484375,-1.022979736328125,0.0664825439453125
1749568120232701200,5.150701171875,-0.025054931640625,-1.0887298583984375,0.094024658203125
1749568120242692400,5.1606923828125,-0.04443359375,-1.043914794921875,0.163299560546875
1749568120252684300,5.170684326171875,-0.0401763916015625,-0.9840850830078125,0.1663055419921875
1749568120262675200,5.18067529296875,-0.054168701171875,-0.951873779296875,0.1270294189453125
1749568120272666400,5.190666259765625,-0.0196533203125,-0.9649505615234375,0.1204986572265625
1749568120282657300,5.2006572265625,-0.01409912109375,-1.00616455078125,0.10882568359375
1749568120292648200,5.210648193359375,-0.030609130859375,-1.0184173583984375,0.1031951904296875
1749568120302639400,5.220639404296875,-0.051971435546875,-0.996551513671875,0.1056365966796875
1749568120312631300,5.23063134765625,-0.0460052490234375,-0.980865478515625,0.1011199951171875
1749568120322622200,5.240622314453125,-0.0521087646484375,-0.9970855712890625,0.1068572998046875
1749568120332613400,5.25061328125,-0.0309600830078125,-1.0361175537109375,0.0976715087890625
1749568120342604300,5.260604248046875,-0.0265655517578125,-1.045318603515625,0.073944091796875
1749568120352595500,5.270595458984375,-0.029510498046875,-1.016082763671875,0.088897705078125
1749568120362587400,5.28058740234375,-0.0486907958984375,-0.970916748046875,0.15325927734375
1749568120372578300,5.290578369140625,0.00360107421875,-0.9451446533203125,0.1689453125
1749568120382569200,5.3005693359375,-0.0209503173828125,-0.9979248046875,0.0961761474609375
1749568120392560400,5.310560302734375,-0.030181884765625,-1.06201171875,0.084564208984375
1749568120402551300,5.32055126953125,-0.0037384033203125,-1.057464599609375,0.10711669921875
1749568120412543200,5.330543212890625,-0.0089874267578125,-1.01495361328125,0.0704345703125
1749568120422534400,5.340534423828125,0.0043487548828125,-0.9932403564453125,0.0402679443359375
1749568120432525300,5.350525390625,-0.0331573486328125,-0.9750823974609375,0.0624542236328125
1749568120442516200,5.36051611328125,-0.011749267578125,-0.99639892578125,0.0587921142578125
1749568120452507400,5.37050732421875,0.0133514404296875,-1.0145263671875,0.0558319091796875
1749568120462499300,5.380499267578125,-0.0037689208984375,-1.0167388916015625,0.0770416259765625
1749568120472490200,5.390490234375,-0.012939453125,-1.0402374267578125,0.1178131103515625
1749568120482481400,5.4004814453125,-0.022735595703125,-1.061370849609375,0.1188812255859375
1749568120492472300,5.410472412109375,-0.0079193115234375,-1.0492706298828125,0.093841552734375
1749568120502463200,5.420463134765625,0.0081024169921875,-1.02691650390625,0.0777130126953125
1749568120512455400,5.430455322265625,0.0122833251953125,-1.0152130126953125,0.0636749267578125
1749568120522446300,5.4404462890625,0.019317626953125,-0.944976806640625,0.0673980712890625
1749568120532437200,5.450437255859375,0.020599365234375,-0.8431243896484375,0.1278228759765625
1749568120542428400,5.460428466796875,0.0048370361328125,-0.8377838134765625,0.1910552978515625
1749568120552419300,5.47041943359375,0.006378173828125,-0.9543914794921875,0.18829345703125
1749568120562411300,5.480411376953125,0.0517730712890625,-1.0673675537109375,0.2004241943359375
1749568120572402400,5.49040234375,0.1685791015625,-1.1332244873046875,0.1911773681640625
1749568120582393300,5.500393310546875,0.1563720703125,-1.1130218505859375,0.0437469482421875
1749568120592384300,5.51038427734375,0.0590972900390625,-0.9806976318359375,-0.004486083984375
1749568120602375400,5.52037548828125,-0.0142822265625,-0.9145050048828125,0.0281219482421875
1749568120612367400,5.530367431640625,-0.0765228271484375,-0.9387054443359375,-0.004302978515625
1749568120622358300,5.540358154296875,-0.034332275390625,-1.0010833740234375,-0.0015869140625
1749568120632349400,5.550349365234375,0.0511932373046875,-1.07073974609375,0.04632568359375
1749568120642340400,5.56034033203125,0.0278778076171875,-1.07012939453125,0.1217803955078125
1749568120652331300,5.570331298828125,-0.02471923828125,-0.9731292724609375,0.1999359130859375
1749568120662323500,5.580323486328125,-0.054107666015625,-0.9343414306640625,0.2027435302734375
1749568120672314400,5.590314453125,-0.016204833984375,-0.9593658447265625,0.1075286865234375
1749568120682305500,5.600305419921875,0.013916015625,-1.0179443359375,0.0774383544921875
1749568120692296400,5.61029638671875,0.001678466796875,-1.0642547607421875,0.0980072021484375
1749568120702287400,5.620287353515625,-0.0050048828125,-1.0775146484375,0.0749969482421875
1749568120712279600,5.630279541015625,-0.030242919921875,-1.085205078125,0.064666748046875
1749568120722270500,5.6402705078125,-0.056488037109375,-1.045684814453125,0.091583251953125
1749568120732261400,5.650261474609375,-0.0163726806640625,-0.9736480712890625,0.0905303955078125
1749568120742252500,5.66025244140625,-0.01104736328125,-0.98553466796875,0.0931549072265625
1749568120752243500,5.670243408203125,0.0037384033203125,-1.016143798828125,0.1135711669921875
1749568120762235400,5.6802353515625,0.046417236328125,-1.0237274169921875,0.0894622802734375
1749568120772226600,5.6902265625,0.0272064208984375,-1.004791259765625,0.0901641845703125
1749568120782217500,5.700217529296875,0.0448455810546875,-1.0055694580078125,0.1136474609375
1749568120792208400,5.71020849609375,0.0344085693359375,-0.9919586181640625,0.107757568359375
1749568120802199600,5.720199462890625,0.030548095703125,-0.9487762451171875,0.0335540771484375
1749568120812191500,5.73019140625,0.038330078125,-0.9358978271484375,-0.0099639892578125
1749568120822182400,5.740182373046875,0.0251312255859375,-0.9479217529296875,-0.0440216064453125
1749568120832173600,5.750173583984375,0.001190185546875,-0.9190826416015625,-0.051727294921875
1749568120842164500,5.76016455078125,-0.0149688720703125,-0.8552093505859375,-0.01507568359375
1749568120852155400,5.7701552734375,-0.0265350341796875,-0.83905029296875,0.0311126708984375
1749568120862147600,5.780147705078125,-0.0217437744140625,-0.8830413818359375,0.0470123291015625
1749568120872138500,5.790138427734375,-0.0032501220703125,-0.9932708740234375,-0.016510009765625
1749568120882129400,5.80012939453125,0.004669189453125,-1.0168914794921875,0.016998291015625
1749568120892120600,5.81012060546875,-0.003326416015625,-0.937255859375,0.0052032470703125
1749568120902111500,5.820111572265625,0.0001678466796875,-0.8656158447265625,-0.0176849365234375
1749568120912103400,5.830103515625,0.00494384765625,-0.8416900634765625,-0.018157958984375
1749568120922094600,5.840094482421875,0.0249176025390625,-0.826385498046875,0.0094757080078125
1749568120932085500,5.85008544921875,0.0384368896484375,-0.8726348876953125,-0.0137939453125
1749568120942076400,5.860076416015625,0.0885772705078125,-0.8895111083984375,-0.0880584716796875
1749568120952067600,5.870067626953125,-0.14556884765625,-0.8736419677734375,-0.3076324462890625
1749568120962059500,5.8800595703125,0.065460205078125,-1.2257080078125,0.2355804443359375
1749568120972050400,5.890050537109375,0.083587646484375,-1.591827392578125,0.3025970458984375
1749568120982041600,5.90004150390625,-0.0471038818359375,-1.5405426025390625,0.1327056884765625
1749568120992032500,5.910032470703125,0.0329132080078125,-1.1787872314453125,0.165679931640625
1749568121002023400,5.9200234375,0.035614013671875,-0.876129150390625,0.1793212890625
1749568121012015600,5.930015625,0.03009033203125,-0.8194732666015625,0.1294403076171875
1749568121022006500,5.940006591796875,0.0430450439453125,-0.920074462890625,0.077728271484375
1749568121031997400,5.94999755859375,0.067840576171875,-1.0360870361328125,0.05816650390625
1749568121041988600,5.959988525390625,0.0837554931640625,-1.07318115234375,0.0540924072265625
1749568121051979500,5.9699794921875,0.0789337158203125,-1.0085296630859375,0.036285400390625
1749568121061971500,5.979971435546875,0.157562255859375,-1.0396881103515625,-0.02093505859375
1749568121071962600,5.989962646484375,0.18365478515625,-1.082305908203125,-0.02972412109375
1749568121081953500,5.99995361328125,0.1480560302734375,-1.03656005859375,0.02215576171875
1749568121091944400,6.0099443359375,0.1358184814453125,-0.9610595703125,0.1022491455078125
1749568121101936600,6.0199365234375,0.165496826171875,-0.9469146728515625,0.0845184326171875
1749568121111927600,6.029927490234375,0.163818359375,-1.0001678466796875,0.0195770263671875
1749568121121918500,6.03991845703125,0.1353759765625,-1.0155181884765625,0.044708251953125
1749568121131909600,6.04990966796875,0.143218994140625,-0.9946136474609375,0.0697174072265625
1749568121141900500,6.059900634765625,0.1133575439453125,-0.950469970703125,0.088714599609375
1749568121151892500,6.069892578125,0.0850830078125,-0.9522705078125,0.1172943115234375
1749568121161883600,6.079883544921875,0.0657806396484375,-1.004547119140625,0.1210479736328125
1749568121171874600,6.08987451171875,0.0127410888671875,-1.0030059814453125,0.1376953125
1749568121181865500,6.099865478515625,-0.0370941162109375,-0.9600982666015625,0.1556396484375
1749568121191856600,6.109856689453125,-0.07159423828125,-0.9261322021484375,0.14837646484375
1749568121201848600,6.1198486328125,-0.0620574951171875,-0.9609222412109375,0.0836944580078125
1749568121211839500,6.129839599609375,-0.0303192138671875,-1.033538818359375,-0.0151519775390625
1749568121221830700,6.13983056640625,0.02392578125,-1.0984954833984375,-0.1082611083984375
1749568121231821600,6.149821533203125,0.0615692138671875,-1.1298675537109375,-0.1689453125
1749568121241812500,6.1598125,0.0557861328125,-1.0909881591796875,-0.1497650146484375
1749568121251804700,6.1698046875,0.0732574462890625,-1.00518798828125,-0.097686767578125
1749568121261795600,6.179795654296875,0.042388916015625,-0.9168853759765625,-0.0276031494140625
1749568121271786500,6.189786376953125,-0.0068359375,-0.863616943359375,0.1232452392578125
1749568121281777700,6.199777587890625,-0.0394439697265625,-0.901824951171875,0.2255096435546875
1749568121291768600,6.2097685546875,-0.0440826416015625,-0.984619140625,0.2578125
1749568121301760500,6.219760498046875,-0.0037689208984375,-1.0563812255859375,0.2219085693359375
1749568121311751700,6.229751708984375,0.019622802734375,-1.07586669921875,0.1937408447265625
1749568121321742600,6.23974267578125,0.10723876953125,-1.1277618408203125,0.1038665771484375
1749568121331733500,6.2497333984375,0.054840087890625,-1.09466552734375,0.0594329833984375
1749568121341725700,6.2597255859375,-0.0442047119140625,-0.9196014404296875,0.209716796875
1749568121351716600,6.269716552734375,0.2255096435546875,-0.9526214599609375,0.0896453857421875
1749568121361707500,6.27970751953125,0.148193359375,-1.1416778564453125,-0.279052734375
1749568121371698700,6.28969873046875,0.042755126953125,-1.028472900390625,-0.1738739013671875
1749568121381689600,6.299689697265625,0.0153045654296875,-0.875457763671875,0.0106353759765625
1749568121391681500,6.309681640625,-0.0124969482421875,-0.8330078125,-0.0170135498046875
1749568121401672700,6.319672607421875,-0.006927490234375,-0.8719940185546875,-0.08648681640625
1749568121411663600,6.32966357421875,-0.030792236328125,-0.915924072265625,-0.0366363525390625
1749568121421654500,6.339654541015625,-0.0571746826171875,-0.9356842041015625,0.150054931640625
1749568121431645700,6.349645751953125,0.0340576171875,-1.02032470703125,0.28826904296875
1749568121441637600,6.3596376953125,0.04351806640625,-1.1405792236328125,0.197174072265625
1749568121451628500,6.369628662109375,0.0923614501953125,-1.183685302734375,-0.0478668212890625
1749568121461619700,6.37961962890625,0.1499176025390625,-1.0765380859375,-0.1748504638671875
1749568121471610600,6.389610595703125,0.1454925537109375,-0.93768310546875,-0.13232421875
1749568121481601500,6.3996015625,0.09490966796875,-0.8889617919921875,-0.024810791015625
1749568121491593500,6.409593505859375,0.0442657470703125,-0.8791961669921875,0.1122589111328125
1749568121501584600,6.419584716796875,-0.0273895263671875,-0.8996734619140625,0.1641693115234375
1749568121511575600,6.429575439453125,-0.021148681640625,-0.8640899658203125,0.226531982421875
1749568121521566700,6.439566650390625,0.05889892578125,-1.04217529296875,0.1727294921875
1749568121531558400,6.449558349609375,0.05926513671875,-1.28338623046875,0.14898681640625
1749568121541549600,6.459549560546875,0.0819854736328125,-1.263214111328125,0.1077423095703125
1749568121551540700,6.469540771484375,0.0923614501953125,-1.0256805419921875,0.0484161376953125
1749568121561531600,6.47953173828125,0.0746002197265625,-0.879150390625,-0.0032958984375
1749568121571522600,6.4895224609375,0.0744476318359375,-0.8931732177734375,-0.007080078125
1749568121581514500,6.499514404296875,0.0795745849609375,-0.9665374755859375,0.0388336181640625
1749568121591505400,6.50950537109375,0.0578155517578125,-1.0390167236328125,0.075286865234375
1749568121601496600,6.51949658203125,0.0411529541015625,-1.063751220703125,0.0821990966796875
1749568121611487700,6.52948779296875,0.0452423095703125,-1.027252197265625,0.08984375
1749568121621479400,6.5394794921875,0.03997802734375,-0.9813690185546875,0.0834808349609375
1749568121631470300,6.54947021484375,0.031158447265625,-0.9722900390625,0.07440185546875
1749568121641461500,6.55946142578125,0.027618408203125,-0.9966583251953125,0.0711822509765625
1749568121651452400,6.569452392578125,0.03094482421875,-1.0195770263671875,0.05889892578125
1749568121661442600,6.579442626953125,0.0325164794921875,-1.015594482421875,0.04052734375
1749568121671434500,6.5894345703125,0.040557861328125,-0.9960479736328125,0.0345001220703125
1749568121681425400,6.59942529296875,0.0438385009765625,-0.9847259521484375,0.0434417724609375
1749568121691416600,6.60941650390625,0.0467071533203125,-0.991729736328125,0.0604248046875
1749568121701407500,6.619407470703125,0.0472564697265625,-1.0078125,0.0780487060546875
1749568121711398400,6.6293984375,0.054412841796875,-1.0151214599609375,0.0866851806640625
1749568121721390600,6.639390625,0.0587615966796875,-1.0107879638671875,0.0847625732421875
1749568121731381500,6.649381591796875,0.060577392578125,-1.0001220703125,0.0867156982421875
1749568121741372400,6.659372314453125,0.057830810546875,-1.0010833740234375,0.085601806640625
1749568121751363600,6.669363525390625,0.0570526123046875,-1.0064239501953125,0.0821075439453125
1749568121761355500,6.67935546875,0.0550537109375,-1.0065460205078125,0.0763702392578125
1749568121771346400,6.689346435546875,0.050018310546875,-1.003570556640625,0.07598876953125
1749568121781337600,6.699337646484375,0.0496368408203125,-1.0038299560546875,0.073699951171875
1749568121791328500,6.70932861328125,0.053802490234375,-1.0048828125,0.06854248046875
1749568121801319400,6.7193193359375,0.0530242919921875,-1.0059051513671875,0.0633544921875
1749568121811311400,6.729311279296875,0.0488739013671875,-1.00433349609375,0.056640625
1749568121821302500,6.739302490234375,0.0503997802734375,-1.003143310546875,0.0501251220703125
1749568121831293400,6.74929345703125,0.0430755615234375,-1.00048828125,0.0449981689453125
1749568121841284600,6.75928466796875,0.0373077392578125,-0.9986572265625,0.0394287109375
1749568121851275500,6.769275634765625,0.0403900146484375,-0.9980621337890625,0.0352935791015625
1749568121861267500,6.779267333984375,0.0348663330078125,-0.99591064453125,0.0311279296875
1749568121871258600,6.789258544921875,0.037261962890625,-0.998046875,0.0282135009765625
1749568121881249500,6.79924951171875,0.03204345703125,-1.0015411376953125,0.024017333984375
1749568121891240400,6.809240478515625,0.020721435546875,-1.0042266845703125,0.0244598388671875
1749568121901232400,6.819232421875,0.0319976806640625,-1.0052947998046875,0.02587890625
1749568121911223300,6.829223388671875,0.0279388427734375,-0.99774169921875,0.033172607421875
1749568121921214500,6.83921435546875,0.030120849609375,-0.996490478515625,0.0396728515625
1749568121931205600,6.84920556640625,0.030609130859375,-0.9977569580078125,0.0449676513671875
1749568121941197300,6.859197265625,0.023712158203125,-1.0012054443359375,0.0471954345703125
1749568121951188200,6.869188232421875,0.027252197265625,-1.0071868896484375,0.041107177734375
1749568121961179400,6.879179443359375,0.0272674560546875,-1.003326416015625,0.0349884033203125
1749568121971170300,6.88917041015625,0.029327392578125,-0.99725341796875,0.0258331298828125
1749568121981161500,6.899161376953125,0.0328369140625,-0.9974365234375,0.01800537109375
1749568121991153400,6.9091533203125,0.0307464599609375,-0.9984130859375,0.021575927734375
1749568122001144300,6.919144287109375,0.023895263671875,-1.005828857421875,0.029541015625
1749568122011135200,6.92913525390625,0.025177001953125,-1.01104736328125,0.036834716796875
1749568122021126400,6.93912646484375,0.014312744140625,-1.0060577392578125,0.0367279052734375
1749568122031118300,6.949118408203125,0.004791259765625,-1.001434326171875,0.0293731689453125
1749568122041109200,6.959109130859375,0.0104827880859375,-0.996673583984375,0.027252197265625
1749568122051100400,6.969100341796875,0.0017852783203125,-0.9936370849609375,0.0351104736328125
1749568122061091300,6.97909130859375,0.0048065185546875,-0.9991607666015625,0.043365478515625
1749568122071082200,6.989082275390625,-0.00079345703125,-0.9998016357421875,0.054656982421875
1749568122081074400,6.999074462890625,0.0053863525390625,-0.99700927734375,0.066558837890625
1749568122091065300,7.0090654296875,-0.0049591064453125,-1.0024566650390625,0.0754547119140625
1749568122101056300,7.01905615234375,-0.0145111083984375,-1.0063934326171875,0.08349609375
1749568122111047400,7.02904736328125,-0.004150390625,-1.005126953125,0.0832061767578125
1749568122121038300,7.039038330078125,-0.000335693359375,-1.0010528564453125,0.0770263671875
1749568122131030300,7.0490302734375,-0.0094757080078125,-0.9986572265625,0.07281494140625
1749568122141021400,7.059021484375,0.0084381103515625,-0.99603271484375,0.0692291259765625
1749568122151012400,7.069012451171875,-0.006011962890625,-0.99658203125,0.073394775390625
1749568122161003300,7.079003173828125,0.00445556640625,-0.9988861083984375,0.0757598876953125
1749568122170995500,7.088995361328125,-0.0011444091796875,-1.000762939453125,0.068695068359375
1749568122180986400,7.098986328125,-0.0038299560546875,-1.0035247802734375,0.0614166259765625
1749568122190977300,7.108977294921875,0.01031494140625,-1.00018310546875,0.062744140625
1749568122200968400,7.118968505859375,-0.001953125,-1.0015106201171875,0.0598602294921875
1749568122210959400,7.12895947265625,0.000396728515625,-1.003173828125,0.053436279296875
1749568122220951300,7.138951416015625,-0.0046539306640625,-0.9966888427734375,0.0581512451171875
1749568122230942500,7.1489423828125,-0.00238037109375,-0.9945831298828125,0.0670318603515625
1749568122240933400,7.158933349609375,-0.0036468505859375,-0.9964599609375,0.076629638671875
1749568122250924300,7.16892431640625,-0.0068511962890625,-1.00030517578125,0.08172607421875
1749568122260916500,7.17891650390625,-0.0080108642578125,-1.0009307861328125,0.0824432373046875
1749568122270907400,7.188907470703125,-0.008270263671875,-0.9990234375,0.0791473388671875
1749568122280898300,7.198898193359375,-0.01458740234375,-0.999481201171875,0.06732177734375
1749568122290889500,7.208889404296875,-0.0109710693359375,-0.9980621337890625,0.0493316650390625
1749568122300881400,7.21888134765625,-0.005645751953125,-0.99554443359375,0.043426513671875
1749568122310872600,7.22887255859375,-0.0049896240234375,-0.998016357421875,0.0419464111328125
1749568122320863500,7.238863525390625,-0.0072784423828125,-0.9992828369140625,0.0391845703125
1749568122330854400,7.2488544921875,-0.0060882568359375,-0.9954376220703125,0.040313720703125
1749568122340845300,7.25884521484375,-0.0169677734375,-0.9939422607421875,0.0460357666015625
1749568122350837500,7.26883740234375,-0.022186279296875,-0.9961395263671875,0.04248046875
1749568122360828400,7.278828369140625,-0.015777587890625,-0.9969635009765625,0.0325927734375
1749568122370819300,7.2888193359375,-0.0015716552734375,-0.9959716796875,0.02545166015625
1749568122380810500,7.298810546875,-0.005584716796875,-0.9943695068359375,0.032440185546875
1749568122390802400,7.308802490234375,-0.0115203857421875,-0.99566650390625,0.0498809814453125
1749568122400793600,7.318793701171875,-0.012542724609375,-0.9954071044921875,0.06512451171875
1749568122410784500,7.328784423828125,-0.016876220703125,-1.0002593994140625,0.0653076171875
1749568122420775400,7.338775390625,-0.0173797607421875,-1.007965087890625,0.0552825927734375
1749568122430766300,7.348766357421875,0.011505126953125,-1.0041351318359375,0.0392913818359375
1749568122440758500,7.358758544921875,0.025299072265625,-1.0032196044921875,0.0167236328125
1749568122450749400,7.36874951171875,0.033721923828125,-1.0016021728515625,-0.00091552734375
1749568122460740400,7.378740234375,0.0335693359375,-0.9903564453125,0.005126953125
1749568122470731500,7.3887314453125,0.0247802734375,-0.990234375,0.030792236328125
1749568122480723500,7.398723388671875,0.0147857666015625,-0.997100830078125,0.060028076171875
1749568122490714600,7.408714599609375,0.010955810546875,-0.998687744140625,0.081329345703125
1749568122500705500,7.41870556640625,0.0141448974609375,-1.001220703125,0.097076416015625
1749568122510696400,7.428696533203125,0.0294342041015625,-0.9996337890625,0.1099395751953125
1749568122520688600,7.438688720703125,0.0241851806640625,-0.9976959228515625,0.115478515625
1749568122530679600,7.448679443359375,0.04144287109375,-0.999359130859375,0.119720458984375
1749568122540670500,7.45867041015625,0.03863525390625,-1.0003662109375,0.12237548828125
1749568122550661400,7.468661376953125,0.0467071533203125,-1.0008392333984375,0.1150970458984375
1749568122560652500,7.478652587890625,0.0465240478515625,-0.9947662353515625,0.1081390380859375
1749568122570644500,7.48864453125,0.0566253662109375,-0.9881744384765625,0.1167449951171875
1749568122580635600,7.4986357421875,0.0559539794921875,-0.986419677734375,0.1346893310546875
1749568122590626600,7.50862646484375,0.04296875,-0.9960174560546875,0.1415863037109375
1749568122600617500,7.518617431640625,0.0428619384765625,-1.0117034912109375,0.1273345947265625
1749568122610609400,7.528609375,0.063385009765625,-1.012542724609375,0.0953521728515625
1749568122620600600,7.5386005859375,0.0764617919921875,-1.00054931640625,0.0607452392578125
1749568122630591500,7.548591552734375,0.0889129638671875,-0.99395751953125,0.0363006591796875
1749568122640582400,7.55858251953125,0.091583251953125,-0.9897308349609375,0.025634765625
1749568122650573600,7.568573486328125,0.0813140869140625,-0.9891357421875,0.0342559814453125
1749568122660565800,7.578565673828125,0.0748291015625,-0.99462890625,0.064300537109375
1749568122670556700,7.588556640625,0.07244873046875,-0.999114990234375,0.10693359375
1749568122680547800,7.5985478515625,0.06195068359375,-1.001617431640625,0.145660400390625
1749568122690539000,7.6085390625,0.066864013671875,-0.99920654296875,0.16571044921875
1749568122700531000,7.618531005859375,0.0824127197265625,-0.9967041015625,0.1727752685546875
1749568122710521900,7.62852197265625,0.093017578125,-0.99700927734375,0.1741943359375
1749568122720512800,7.6385126953125,0.103240966796875,-0.999908447265625,0.168426513671875
1749568122730503700,7.648503662109375,0.100830078125,-1.007476806640625,0.1390380859375
1749568122740496000,7.658495849609375,0.1033477783203125,-1.0120391845703125,0.1021728515625
1749568122750486800,7.66848681640625,0.10748291015625,-1.0054168701171875,0.0655059814453125
1749568122760477700,7.678477783203125,0.09771728515625,-0.9960174560546875,0.042266845703125
1749568122770468900,7.68846875,0.0946807861328125,-0.9945526123046875,0.028564453125
1749568122780459800,7.698459716796875,0.080535888671875,-0.9973602294921875,0.0198516845703125
1749568122790452000,7.708451904296875,0.0794677734375,-0.9979400634765625,0.0234375
1749568122800443000,7.71844287109375,0.0861663818359375,-0.9904327392578125,0.0423736572265625
1749568122810433800,7.728433837890625,0.09130859375,-0.9853363037109375,0.0753936767578125
1749568122820424700,7.7384248046875,0.094024658203125,-0.9934844970703125,0.1012725830078125
1749568122830417000,7.7484169921875,0.0982818603515625,-1.0011444091796875,0.1123046875
1749568122840407800,7.75840771484375,0.097686767578125,-1.0033721923828125,0.102020263671875
1749568122850398700,7.768398681640625,0.0978240966796875,-1.00616455078125,0.0669097900390625
1749568122860390000,7.778389892578125,0.11737060546875,-1.006591796875,0.031219482421875
1749568122870381800,7.7883818359375,0.14208984375,-0.9985504150390625,0.0126800537109375
1749568122880373000,7.798373046875,0.140716552734375,-0.99847412109375,0.0126953125
1749568122890364000,7.808364013671875,0.1298370361328125,-1.0051727294921875,0.0233612060546875
1749568122900354800,7.818354736328125,0.119964599609375,-0.9980010986328125,0.0361175537109375
1749568122910345700,7.828345703125,0.1130828857421875,-0.985992431640625,0.0478973388671875
1749568122920338000,7.838337890625,0.10028076171875,-0.985137939453125,0.0545196533203125
1749568122930328800,7.848328857421875,0.1025390625,-0.9910125732421875,0.05841064453125
1749568122940320000,7.858320068359375,0.1071014404296875,-0.99334716796875,0.0580902099609375
1749568122950311000,7.868310791015625,0.1074981689453125,-0.9965667724609375,0.0517425537109375
1749568122960302800,7.878302734375,0.11737060546875,-0.9982757568359375,0.0455169677734375
1749568122970294000,7.8882939453125,0.1218109130859375,-0.998809814453125,0.042724609375
1749568122980285000,7.898284912109375,0.13275146484375,-1.0014190673828125,0.04522705078125
1749568122990275800,7.90827587890625,0.1401214599609375,-1.004058837890625,0.04541015625
1749568123000266800,7.918266845703125,0.1386260986328125,-1.0027313232421875,0.0477142333984375
1749568123010259000,7.928259033203125,0.132720947265625,-0.999176025390625,0.0431060791015625
1749568123020249900,7.938249755859375,0.125274658203125,-0.99560546875,0.027801513671875
1749568123030241000,7.948240966796875,0.11700439453125,-0.9912261962890625,0.0085296630859375
1749568123040232000,7.95823193359375,0.11688232421875,-0.98846435546875,-0.00970458984375
1749568123050223900,7.968223876953125,0.124481201171875,-0.988189697265625,-0.014190673828125
1749568123060215000,7.978215087890625,0.142425537109375,-0.984283447265625,0.007293701171875
1749568123070206000,7.9882060546875,0.154388427734375,-0.993194580078125,0.034149169921875
1749568123080196900,7.99819677734375,0.1427154541015625,-1.009063720703125,0.050689697265625
1749568123090189000,8.00818896484375,0.14105224609375,-1.0092620849609375,0.057891845703125
1749568123100180000,8.018179931640624,0.1448211669921875,-0.9945831298828125,0.0625
1749568123110171000,8.0281708984375,0.1446685791015625,-0.9833526611328125,0.061065673828125
1749568123120162000,8.038162109375,0.143310546875,-0.992828369140625,0.050140380859375
1749568123130154000,8.048154052734375,0.1401214599609375,-1.012542724609375,0.01824951171875
1749568123140145000,8.058144775390625,0.1427154541015625,-1.0176544189453125,-0.032501220703125
1749568123150136000,8.068135986328125,0.14984130859375,-0.9965057373046875,-0.067962646484375
1749568123160127000,8.078126953125,0.1529693603515625,-0.969451904296875,-0.0717926025390625
1749568123170118000,8.088117919921874,0.1618194580078125,-0.9657135009765625,-0.04180908203125
1749568123180110000,8.098110107421874,0.1544036865234375,-0.9874114990234375,0.0185089111328125
1749568123190101000,8.10810107421875,0.151153564453125,-1.0084686279296875,0.0667877197265625
1749568123200092000,8.118091796875,0.1385040283203125,-1.0137786865234375,0.1031494140625
1749568123210083000,8.1280830078125,0.140716552734375,-1.020660400390625,0.10565185546875
1749568123220075000,8.138074951171875,0.1442108154296875,-1.0182342529296875,0.06512451171875
1749568123230066000,8.14806591796875,0.150726318359375,-1.00177001953125,0.0261383056640625
1749568123240057000,8.15805712890625,0.1568450927734375,-0.99334716796875,-0.0115509033203125
1749568123250048000,8.168048095703124,0.148712158203125,-0.9955291748046875,-0.0453338623046875
1749568123260039700,8.178039794921874,0.1472625732421875,-0.999114990234375,-0.0713653564453125
1749568123270030800,8.18803076171875,0.14697265625,-0.9920196533203125,-0.0847930908203125
1749568123280022000,8.19802197265625,0.1389007568359375,-0.9864349365234375,-0.07830810546875
1749568123290013000,8.208012939453125,0.130767822265625,-0.994537353515625,-0.0805206298828125
1749568123300004000,8.218004150390625,0.1301422119140625,-0.994171142578125,-0.0958251953125
1749568123309995800,8.227995849609375,0.141632080078125,-0.9811859130859375,-0.0943756103515625
1749568123319987000,8.237987060546875,0.16961669921875,-0.970306396484375,-0.065582275390625
1749568123329978000,8.24797802734375,0.1720733642578125,-0.984619140625,-0.0189971923828125
1749568123339969000,8.257968994140626,0.1718902587890625,-1.014404296875,0.0357818603515625
1749568123349960700,8.267960693359376,0.1650543212890625,-1.0228118896484375,0.0709991455078125
1749568123359952000,8.277951904296875,0.1497802734375,-1.003509521484375,0.0845489501953125
1749568123369942800,8.28794287109375,0.13714599609375,-0.9818878173828125,0.066802978515625
1749568123379934000,8.297933837890625,0.127716064453125,-0.976226806640625,0.0365753173828125
1749568123389926000,8.30792578125,0.1175994873046875,-0.986083984375,0.00909423828125
1749568123399916800,8.317916748046875,0.119049072265625,-1.0009002685546875,-0.0192413330078125
1749568123409907700,8.32790771484375,0.124481201171875,-1.0014495849609375,-0.03546142578125
1749568123419899000,8.33789892578125,0.1270294189453125,-0.991363525390625,-0.043487548828125
1749568123429890800,8.347890869140626,0.1273956298828125,-0.978851318359375,-0.02752685546875
1749568123439881700,8.3578818359375,0.1272125244140625,-0.9800567626953125,0.002777099609375
1749568123449873000,8.367872802734375,0.13262939453125,-0.9977569580078125,0.0190582275390625
1749568123459863800,8.37786376953125,0.13934326171875,-1.00811767578125,0.022064208984375
1749568123469854700,8.387854736328125,0.142730712890625,-1.0081024169921875,0.008544921875
1749568123479847000,8.397846923828125,0.1433868408203125,-0.997467041015625,-0.0178375244140625
1749568123489837800,8.407837890625,0.1505889892578125,-0.991790771484375,-0.03472900390625
1749568123499828700,8.417828857421876,0.140533447265625,-1.0013580322265625,-0.0562591552734375
1749568123509820000,8.42781982421875,0.137542724609375,-1.0062408447265625,-0.0848388671875
1749568123519811800,8.437811767578125,0.1537933349609375,-0.9917144775390625,-0.10711669921875
1749568123529802800,8.447802734375,0.1628875732421875,-0.9730377197265625,-0.108245849609375
1749568123539794000,8.4577939453125,0.162841796875,-0.9701995849609375,-0.0932464599609375
1749568123549784800,8.467784912109375,0.1571807861328125,-0.983917236328125,-0.0689697265625
1749568123559776800,8.47777685546875,0.152618408203125,-0.9973297119140625,-0.0368194580078125
1749568123569768000,8.487767822265624,0.1503753662109375,-1.0024566650390625,-0.02508544921875
1749568123579758800,8.4977587890625,0.1435546875,-0.9921112060546875,-0.0336151123046875
1749568123589749800,8.507749755859376,0.150604248046875,-0.9772186279296875,-0.0530242919921875
1749568123599742000,8.517741943359376,0.157379150390625,-0.969940185546875,-0.0802459716796875
1749568123609732900,8.52773291015625,0.1528167724609375,-0.96636962890625,-0.1052093505859375
1749568123619723800,8.537723876953125,0.147918701171875,-0.9615325927734375,-0.102294921875
1749568123629715000,8.54771484375,0.15936279296875,-0.96612548828125,-0.059417724609375
1749568123639705900,8.557705810546874,0.1710662841796875,-0.991455078125,-0.000396728515625
1749568123649697800,8.56769775390625,0.166015625,-1.0216827392578125,0.043182373046875
1749568123659689000,8.57768896484375,0.156097412109375,-1.0251312255859375,0.071746826171875
1749568123669680400,8.587680419921876,0.149658203125,-1.0027923583984375,0.0775299072265625
1749568123679671600,8.597671630859375,0.136383056640625,-0.9869232177734375,0.0672454833984375
1749568123689663500,8.60766357421875,0.1462249755859375,-0.989898681640625,0.043792724609375
1749568123699654400,8.617654296875,0.1766815185546875,-1.0010528564453125,0.0019378662109375
1749568123709645600,8.6276455078125,0.1826171875,-1.005889892578125,-0.037109375
1749568123719636500,8.637636474609375,0.1793212890625,-0.996673583984375,-0.0604705810546875
1749568123729628400,8.64762841796875,0.1757965087890625,-0.9794464111328125,-0.065826416015625
1749568123739619600,8.65761962890625,0.196746826171875,-0.9869537353515625,-0.0484771728515625
1749568123749610500,8.667610595703126,0.2139739990234375,-1.0031585693359375,-0.011688232421875
1749568123759601400,8.677601318359375,0.19989013671875,-1.00439453125,0.029876708984375
1749568123769593600,8.687593505859375,0.1900177001953125,-1.001922607421875,0.0531463623046875
1749568123779584500,8.69758447265625,0.1866302490234375,-0.990020751953125,0.0573577880859375
1749568123789575400,8.707575439453125,0.187469482421875,-0.97418212890625,0.0491180419921875
1749568123799566600,8.717566650390625,0.1858673095703125,-0.9798126220703125,0.030487060546875
1749568123809558300,8.727558349609374,0.1945953369140625,-0.99969482421875,-0.0002593994140625
1749568123819549400,8.737549560546874,0.202239990234375,-1.005279541015625,-0.03363037109375
1749568123829540600,8.74754052734375,0.19805908203125,-0.992828369140625,-0.048309326171875
1749568123839531500,8.757531494140625,0.1977996826171875,-0.9801483154296875,-0.0537872314453125
1749568123849522400,8.7675224609375,0.1922760009765625,-0.976593017578125,-0.0549468994140625
1749568123859514400,8.777514404296875,0.1797332763671875,-0.9750823974609375,-0.0461883544921875
1749568123869505300,8.78750537109375,0.1770782470703125,-0.9742584228515625,-0.0332489013671875
1749568123879496400,8.797496337890625,0.1782379150390625,-0.979888916015625,-0.021881103515625
1749568123889487600,8.807487548828124,0.175445556640625,-0.987152099609375,-0.0141448974609375
1749568123899479300,8.817479248046874,0.16693115234375,-0.990234375,-0.014495849609375
1749568123909470200,8.82747021484375,0.182647705078125,-0.987457275390625,-0.030242919921875
1749568123919461400,8.83746142578125,0.2300262451171875,-0.980560302734375,-0.041259765625
1749568123929452500,8.84745263671875,0.24481201171875,-0.9855499267578125,-0.0304107666015625
1749568123939444500,8.857444580078125,0.2421112060546875,-1.0027618408203125,-0.0123443603515625
1749568123949435400,8.867435302734375,0.2439117431640625,-1.00836181640625,-0.0003509521484375
1749568123959426300,8.87742626953125,0.2397918701171875,-0.9962310791015625,0.00982666015625
1749568123969417200,8.887417236328124,0.239410400390625,-0.9821929931640625,0.0174560546875
1749568123979409400,8.897409423828124,0.233184814453125,-0.9791717529296875,0.0187835693359375
1749568123989400300,8.907400390625,0.226959228515625,-0.9840087890625,0.0108184814453125
1749568123999391500,8.9173916015625,0.2248992919921875,-0.987060546875,-0.003265380859375
1749568124009382400,8.92738232421875,0.214569091796875,-0.99078369140625,-0.02008056640625
1749568124019374300,8.937374267578125,0.2055816650390625,-0.9887237548828125,-0.0326385498046875
1749568124029365500,8.947365478515625,0.1939849853515625,-0.9842529296875,-0.0350799560546875
1749568124039356400,8.9573564453125,0.1804962158203125,-0.9814300537109375,-0.033935546875
1749568124049347300,8.967347412109374,0.1754150390625,-0.9759674072265625,-0.024932861328125
1749568124059339500,8.977339599609374,0.17950439453125,-0.9720611572265625,-0.018524169921875
1749568124069330400,8.987330322265626,0.187896728515625,-0.967987060546875,-0.01495361328125
1749568124079321300,8.9973212890625,0.1872100830078125,-0.967529296875,-0.001007080078125
1749568124089312500,9.0073125,0.185699462890625,-0.9802703857421875,0.0112762451171875
1749568124099303400,9.017303466796875,0.1844482421875,-0.993133544921875,0.0043182373046875
1749568124109295400,9.02729541015625,0.193695068359375,-0.993896484375,-0.0204925537109375
1749568124119286500,9.03728662109375,0.1958465576171875,-0.97930908203125,-0.0424041748046875
1749568124129277400,9.04727734375,0.20416259765625,-0.96337890625,-0.0443115234375
1749568124139268400,9.057268310546876,0.211273193359375,-0.9648895263671875,-0.0330047607421875
1749568124149260500,9.067260498046876,0.2024078369140625,-0.9803619384765625,-0.024139404296875
1749568124159251500,9.07725146484375,0.197845458984375,-0.9916534423828125,-0.0235137939453125
1749568124169242400,9.087242431640625,0.18798828125,-0.984283447265625,-0.013885498046875
1749568124179233500,9.097233642578125,0.17291259765625,-0.9852752685546875,-0.001373291015625
1749568124189225500,9.1072255859375,0.1356964111328125,-1.0200958251953125,-0.0312957763671875
1749568124199216400,9.11721630859375,0.0947418212890625,-1.0428619384765625,-0.0797119140625
1749568124209207600,9.12720751953125,0.0819549560546875,-1.01055908203125,-0.0843658447265625
1749568124219198500,9.137198486328124,0.095306396484375,-0.983306884765625,-0.0435333251953125
1749568124229190400,9.1471904296875,0.090362548828125,-0.991546630859375,0.014678955078125
1749568124239181600,9.157181640625,0.076568603515625,-1.0267791748046875,0.05035400390625
1749568124249172500,9.16717236328125,0.1043548583984375,-1.063934326171875,0.06231689453125
1749568124259163400,9.177163330078125,0.1643524169921875,-1.0827484130859375,0.068023681640625
1749568124269155600,9.187155517578125,0.220367431640625,-1.09613037109375,0.0726470947265625
1749568124279146500,9.197146484375,0.2780303955078125,-1.1150665283203125,0.080535888671875
1749568124289137400,9.207137451171874,0.3218231201171875,-1.1204376220703125,0.0824432373046875
1749568124299128600,9.217128662109374,0.3960418701171875,-1.0811920166015625,0.108001708984375
1749568124309120500,9.22712060546875,0.46038818359375,-1.0187835693359375,0.1461944580078125
1749568124319111400,9.237111328125,0.5099334716796875,-0.9573974609375,0.16131591796875
1749568124329102600,9.2471025390625,0.5353546142578125,-0.910736083984375,0.166778564453125
1749568124339093500,9.257093505859375,0.5743255615234375,-0.8741455078125,0.1763458251953125
1749568124349084400,9.26708447265625,0.596099853515625,-0.8448944091796875,0.1855926513671875
1749568124359076600,9.27707666015625,0.590545654296875,-0.8178863525390625,0.1883087158203125
1749568124369067500,9.287067626953124,0.5804443359375,-0.79522705078125,0.1826934814453125
1749568124379058400,9.297058349609374,0.613250732421875,-0.7684326171875,0.169647216796875
1749568124389049600,9.307049560546876,0.674072265625,-0.725372314453125,0.148345947265625
1749568124399041500,9.31704150390625,0.7035369873046875,-0.6841888427734375,0.1146697998046875
1749568124409032400,9.327032470703125,0.7180938720703125,-0.648773193359375,0.0968017578125
1749568124419023600,9.337023681640625,0.754241943359375,-0.627777099609375,0.0938873291015625
1749568124429014500,9.3470146484375,0.7694244384765625,-0.6357879638671875,0.082763671875
1749568124439006200,9.357006103515625,0.753509521484375,-0.6697235107421875,0.082763671875
1749568124448997400,9.366997314453124,0.72222900390625,-0.7039947509765625,0.0977020263671875
1749568124458988500,9.376988525390624,0.710540771484375,-0.7350006103515625,0.1018218994140625
1749568124468979500,9.3869794921875,0.668060302734375,-0.7724151611328125,0.0848388671875
1749568124478971400,9.396971435546876,0.6182708740234375,-0.811798095703125,0.069671630859375
1749568124488962300,9.40696240234375,0.6118927001953125,-0.8400115966796875,0.0642242431640625
1749568124498953200,9.416953125,0.602264404296875,-0.858978271484375,0.0670166015625
1749568124508944400,9.4269443359375,0.5683135986328125,-0.88812255859375,0.048095703125
1749568124518936300,9.436936279296875,0.5435028076171875,-0.9293975830078125,0.02459716796875
1749568124528927200,9.44692724609375,0.52764892578125,-0.9570159912109375,0.0227508544921875
1749568124538918400,9.45691845703125,0.511444091796875,-0.979278564453125,0.020660400390625
1749568124548909300,9.466909423828126,0.4983978271484375,-1.0082855224609375,-0.001190185546875
1749568124558901500,9.476901611328126,0.47882080078125,-1.02593994140625,-0.0034027099609375
1749568124568892400,9.486892333984375,0.4730987548828125,-1.023681640625,0.0196380615234375
1749568124578883300,9.49688330078125,0.483856201171875,-0.983795166015625,0.0513153076171875
1749568124588874200,9.506874267578125,0.4311065673828125,-0.943023681640625,0.072967529296875
1749568124598866400,9.516866455078125,0.43115234375,-0.9497528076171875,0.068267822265625
1749568124608857300,9.526857421875,0.4376220703125,-0.97900390625,0.0572509765625
1749568124618848300,9.53684814453125,0.44171142578125,-1.000518798828125,0.0576171875
1749568124628839400,9.54683935546875,0.480438232421875,-0.9896697998046875,0.0626373291015625
1749568124638831400,9.556831298828126,0.506011962890625,-0.96136474609375,0.054351806640625
1749568124648822500,9.566822509765625,0.4900970458984375,-0.945068359375,0.03759765625
1749568124658813400,9.5768134765625,0.4504547119140625,-0.9431304931640625,0.02734375
1749568124668803600,9.586803466796875,0.3693389892578125,-0.94891357421875,0.032806396484375
1749568124678795500,9.59679541015625,0.287567138671875,-0.9715423583984375,0.0433807373046875
1749568124688786700,9.60678662109375,0.1977081298828125,-0.9858856201171875,0.0913238525390625
1749568124698777600,9.616777587890626,0.194854736328125,-0.969970703125,0.150115966796875
1749568124708768500,9.6267685546875,0.20050048828125,-0.9399261474609375,0.1769866943359375
1749568124718760700,9.6367607421875,0.2172088623046875,-0.904876708984375,0.1940765380859375
1749568124728751600,9.646751708984375,0.2190399169921875,-0.8748626708984375,0.2098388671875
1749568124738742500,9.656742431640625,0.2244720458984375,-0.8649749755859375,0.2053070068359375
1749568124748733700,9.666733642578125,0.23846435546875,-0.8792266845703125,0.186187744140625
1749568124758724600,9.676724609375,0.264068603515625,-0.897552490234375,0.1756591796875
1749568124768716500,9.686716552734374,0.2776336669921875,-0.908905029296875,0.1681671142578125
1749568124778707700,9.696707763671874,0.31170654296875,-0.91973876953125,0.146575927734375
1749568124788698600,9.70669873046875,0.303619384765625,-0.934661865234375,0.13671875
1749568124798689500,9.716689453125,0.284912109375,-0.96044921875,0.1518096923828125
1749568124808681700,9.726681640625,0.272796630859375,-0.98321533203125,0.177947998046875
1749568124818672600,9.736672607421875,0.2762298583984375,-0.9974517822265625,0.210723876953125
1749568124828663600,9.74666357421875,0.2871246337890625,-1.0131378173828125,0.2369537353515625
1749568124838654700,9.75665478515625,0.27679443359375,-1.04248046875,0.2531890869140625
1749568124848646700,9.766646728515624,0.2837066650390625,-1.0834197998046875,0.2550201416015625
1749568124858637600,9.776637451171876,0.2741241455078125,-1.12335205078125,0.2503509521484375
1749568124868628700,9.786628662109376,0.2948150634765625,-1.1430206298828125,0.24371337890625
1749568124878619600,9.79661962890625,0.303253173828125,-1.1373138427734375,0.24151611328125
1749568124888611600,9.806611572265625,0.284881591796875,-1.1292877197265625,0.23931884765625
1749568124898602800,9.816602783203125,0.275665283203125,-1.1269378662109375,0.2373046875
1749568124908593700,9.82659375,0.2674102783203125,-1.126556396484375,0.23455810546875
1749568124918584600,9.83658447265625,0.2694854736328125,-1.131500244140625,0.223480224609375
1749568124928576800,9.84657666015625,0.2728729248046875,-1.125946044921875,0.2099609375
1749568124938567700,9.856567626953124,0.282135009765625,-1.0866546630859375,0.203094482421875
1749568124948558600,9.86655859375,0.2656402587890625,-1.0401458740234375,0.2010345458984375
1749568124958549800,9.8765498046875,0.31988525390625,-0.985443115234375,0.1991729736328125
1749568124968541700,9.886541748046875,0.2652130126953125,-0.953125,0.196807861328125
1749568124978532600,9.89653271484375,0.2213592529296875,-0.966644287109375,0.18389892578125
1749568124988523800,9.906523681640625,0.2199859619140625,-0.9811248779296875,0.17364501953125
1749568124998514700,9.9165146484375,0.23944091796875,-0.959197998046875,0.1627655029296875
1749568125008506600,9.926506591796874,0.2557830810546875,-0.919403076171875,0.140899658203125
1749568125018497800,9.936497802734374,0.228973388671875,-0.88470458984375,0.1158599853515625
1749568125028488700,9.94648876953125,0.215545654296875,-0.863250732421875,0.100738525390625
1749568125038479600,9.956479736328125,0.240509033203125,-0.844573974609375,0.1018218994140625
1749568125048471800,9.966471923828125,0.250457763671875,-0.825225830078125,0.104339599609375
1749568125058462700,9.976462646484375,0.3162994384765625,-0.8016815185546875,0.09722900390625
1749568125068453600,9.98645361328125,0.304473876953125,-0.8059844970703125,0.0941162109375
1749568125078444800,9.99644482421875,0.3390045166015625,-0.8230743408203125,0.101898193359375
1749568125088436500,10.0064365234375,0.373504638671875,-0.8325042724609375,0.087677001953125
1749568125098427600,10.016427734375,0.4329071044921875,-0.8414764404296875,0.0503387451171875
1749568125108418800,10.026418701171876,0.50201416015625,-0.8230133056640625,0.0357208251953125
1749568125118409700,10.03640966796875,0.5142822265625,-0.77215576171875,0.0223388671875
1749568125128401700,10.046401611328125,0.52349853515625,-0.7465972900390625,-0.023468017578125
1749568125138392600,10.056392578125,0.589599609375,-0.7580718994140625,-0.056915283203125
1749568125148383700,10.0663837890625,0.650238037109375,-0.7746124267578125,-0.054962158203125
1749568125158374700,10.076374755859375,0.7057037353515625,-0.77197265625,-0.045196533203125
1749568125168366600,10.08636669921875,0.7000885009765625,-0.7416534423828125,-0.036468505859375
1749568125178357500,10.096357421875,0.3980712890625,-0.788116455078125,0.000885009765625
1749568125188348400,10.106348388671876,-0.1273193359375,-1.1024627685546875,0.1067962646484375
1749568125198339600,10.116339599609375,-0.3482818603515625,-1.6357269287109375,0.2577667236328125
1749568125208331500,10.12633154296875,-0.1283111572265625,-1.9737396240234375,0.3322906494140625
1749568125218322700,10.13632275390625,0.1511688232421875,-1.671112060546875,0.2217864990234375
1749568125228313600,10.146313720703125,0.7773895263671875,-0.9803466796875,0.0712738037109375
1749568125238304500,10.156304443359375,1.101409912109375,-0.4864501953125,-0.0289154052734375
1749568125248296700,10.166296630859375,0.9283905029296875,-0.3530731201171875,-0.0474853515625
1749568125258287600,10.17628759765625,0.501678466796875,-0.60430908203125,0.01806640625
1749568125268278500,10.186278564453126,0.351226806640625,-1.0023956298828125,0.06085205078125
1749568125278269400,10.19626953125,0.480316162109375,-1.2655029296875,0.0908355712890625
1749568125288261600,10.20626171875,0.56524658203125,-1.315185546875,0.136383056640625
1749568125298252500,10.21625244140625,0.437774658203125,-1.1700897216796875,0.1566162109375
1749568125308243700,10.22624365234375,0.350311279296875,-0.976898193359375,0.1284637451171875
1749568125318234600,10.236234619140625,0.345001220703125,-0.8731689453125,0.1066741943359375
1749568125328226600,10.2462265625,0.367095947265625,-0.8679046630859375,0.0936279296875
1749568125338217700,10.2562177734375,0.395355224609375,-0.9243011474609375,0.087371826171875
1749568125348208600,10.266208740234376,0.35906982421875,-0.9920806884765625,0.097564697265625
1749568125358199600,10.276199462890625,0.3150634765625,-1.028961181640625,0.1142730712890625
1749568125368191700,10.286191650390625,0.331451416015625,-1.0326995849609375,0.1324615478515625
1749568125378182700,10.2961826171875,0.3669586181640625,-1.0106048583984375,0.15008544921875
1749568125388173600,10.306173583984375,0.328155517578125,-0.9724578857421875,0.149139404296875
1749568125398164700,10.316164794921875,0.2449493408203125,-0.9467620849609375,0.149993896484375
1749568125408156700,10.32615673828125,0.2174530029296875,-0.9528961181640625,0.1588287353515625
1749568125418147600,10.336147705078124,0.238189697265625,-0.98065185546875,0.15667724609375
1749568125428138800,10.346138671875,0.2515106201171875,-1.0002593994140625,0.1401519775390625
1749568125438129700,10.356129638671876,0.255706787109375,-0.9870452880859375,0.1183319091796875
1749568125448121600,10.36612158203125,0.2572784423828125,-0.951446533203125,0.08685302734375
1749568125458112800,10.37611279296875,0.3053436279296875,-0.9163818359375,0.02032470703125
1749568125468103700,10.386103759765625,0.346771240234375,-0.8948822021484375,-0.0283203125
1749568125478094600,10.396094482421875,0.3810577392578125,-0.918212890625,-0.0569610595703125
1749568125488086800,10.406086669921875,0.3726348876953125,-0.9802398681640625,-0.0845489501953125
1749568125498077700,10.41607763671875,0.358551025390625,-1.027008056640625,-0.094482421875
1749568125508068600,10.426068603515626,0.3794403076171875,-1.0259552001953125,-0.0870208740234375
1749568125518059800,10.436059814453126,0.3586273193359375,-0.9859771728515625,-0.084014892578125
1749568125528050700,10.44605078125,0.338531494140625,-0.958099365234375,-0.06378173828125
1749568125538042600,10.456042724609375,0.3209228515625,-0.959930419921875,-0.01995849609375
1749568125548033800,10.46603369140625,0.2918548583984375,-0.971435546875,0.0495758056640625
1749568125558024700,10.476024658203125,0.29150390625,-1.002899169921875,0.0902862548828125
1749568125568016600,10.4860166015625,0.3109283447265625,-1.0353851318359375,0.09344482421875
1749568125578007800,10.4960078125,0.3272857666015625,-1.05169677734375,0.0744781494140625
1749568125587998700,10.505998779296876,0.3573760986328125,-1.05731201171875,0.0487060546875
1749568125597989600,10.51598974609375,0.3697509765625,-1.068115234375,0.0258026123046875
1749568125607981600,10.525981689453126,0.3506011962890625,-1.0977783203125,0.0095367431640625
1749568125617972700,10.53597265625,0.2541351318359375,-1.1534423828125,0.0074615478515625
1749568125627963600,10.545963623046875,0.1658172607421875,-1.186431884765625,0.00225830078125
1749568125637954800,10.555954833984375,0.0806732177734375,-1.1707763671875,-0.0282440185546875
1749568125647946500,10.565946533203125,0.0539093017578125,-1.1154937744140625,-0.0247039794921875
1749568125657937700,10.575937744140624,0.081451416015625,-1.10858154296875,0.049346923828125
1749568125667932200,10.58593212890625,0.0974273681640625,-1.1815948486328125,0.076934814453125
1749568125677923300,10.59592333984375,0.1147003173828125,-1.27850341796875,0.094940185546875
1749568125687914500,10.60591455078125,0.1900177001953125,-1.3372955322265625,0.119903564453125
1749568125697906200,10.61590625,0.23333740234375,-1.3394317626953125,0.1624603271484375
1749568125707897000,10.62589697265625,0.2297515869140625,-1.29620361328125,0.2072296142578125
1749568125717888300,10.63588818359375,0.1907501220703125,-1.26361083984375,0.1999664306640625
1749568125727880200,10.645880126953125,0.1315460205078125,-1.33404541015625,0.1528472900390625
1749568125737871000,10.65587109375,0.0369720458984375,-1.55078125,0.0941619873046875
1749568125747862300,10.6658623046875,-0.1282196044921875,-1.708770751953125,0.1337127685546875
1749568125757853200,10.675853271484375,-0.373046875,-1.7220611572265625,0.177490234375
1749568125767844000,10.685843994140624,-0.627410888671875,-1.725067138671875,0.199615478515625
1749568125777836300,10.695836181640624,-0.7752685546875,-1.765106201171875,0.2841339111328125
1749568125787827200,10.7058271484375,-0.6844940185546875,-1.7529754638671875,0.356231689453125
1749568125797818000,10.715818115234375,-0.2581787109375,-1.602264404296875,0.3368072509765625
1749568125807809300,10.725809326171875,-0.063690185546875,-1.4627227783203125,0.1622772216796875
1749568125817801200,10.73580126953125,0.1410980224609375,-1.610809326171875,-0.28509521484375
1749568125827792100,10.745792236328125,0.458648681640625,-1.8519439697265625,-0.610595703125
1749568125837783300,10.755783203125,0.7570037841796875,-1.783966064453125,-0.49432373046875
1749568125847774200,10.765774169921874,0.99420166015625,-1.4833221435546875,-0.139251708984375
1749568125857766400,10.775766357421874,1.009246826171875,-1.1593170166015625,0.0181732177734375
1749568125867757300,10.78575732421875,0.3843994140625,-1.1302337646484375,-0.120086669921875
1749568125877748200,10.795748291015625,-0.197113037109375,-1.25286865234375,-0.2758026123046875
1749568125887740400,10.805740478515625,-0.3415069580078125,-1.1755218505859375,-0.223297119140625
1749568125897731300,10.8157314453125,-0.22705078125,-0.8938446044921875,0.006134033203125
1749568125907722200,10.82572216796875,-0.0428924560546875,-0.7148590087890625,0.0904388427734375
1749568125917713200,10.835713134765625,0.1403961181640625,-0.697021484375,-0.0142974853515625
1749568125927705300,10.845705322265625,0.25177001953125,-0.734954833984375,-0.113677978515625
1749568125937696300,10.8556962890625,0.40460205078125,-0.7234344482421875,-0.110107421875
1749568125947687400,10.8656875,0.397430419921875,-0.6931304931640625,-0.0829925537109375
1749568125957678300,10.87567822265625,0.3375396728515625,-0.6874237060546875,-0.0986785888671875
1749568125967670300,10.885670166015625,0.2769317626953125,-0.6712493896484375,-0.06793212890625
1749568125977661400,10.895661376953125,0.356414794921875,-0.6788787841796875,0.0029754638671875
1749568125987652400,10.90565234375,0.6236724853515625,-0.8769378662109375,0.004913330078125
1749568125997643300,10.915643310546875,0.9043121337890625,-1.187347412109375,0.03692626953125
1749568126007635500,10.925635498046875,1.0723724365234375,-1.4168853759765625,0.111480712890625
1749568126017626400,10.93562646484375,1.0207061767578125,-1.4694061279296875,0.1332244873046875
1749568126027617300,10.9456171875,0.921875,-1.33648681640625,0.055633544921875
1749568126037608400,10.9556083984375,0.9438934326171875,-1.063140869140625,-0.0103912353515625
1749568126047599400,10.965599365234375,1.0399322509765625,-0.7593536376953125,0.03912353515625
1749568126057591300,10.97559130859375,1.1650238037109375,-0.56842041015625,0.1298980712890625
1749568126067582500,10.98558251953125,1.3853759765625,-0.5137176513671875,0.1926116943359375
1749568126077573400,10.995573486328125,1.624969482421875,-0.57489013671875,0.1924591064453125
1749568126087565000,11.00556494140625,1.782073974609375,-0.6964111328125,0.1283721923828125
1749568126097556500,11.015556396484374,1.8277435302734375,-0.8141326904296875,0.0386962890625
1749568126107547400,11.02554736328125,1.7531890869140625,-0.8676300048828125,-0.00311279296875
1749568126117538300,11.035538330078126,1.8728179931640625,-0.7794036865234375,0.05523681640625
1749568126127530200,11.0455302734375,2.001129150390625,-0.610809326171875,0.066314697265625
1749568126137521200,11.055521240234375,1.9235076904296875,-0.472747802734375,-0.102630615234375
1749568126147512300,11.06551220703125,1.7566986083984375,-0.33544921875,-0.2526702880859375
1749568126157503500,11.07550341796875,1.6942596435546875,-0.190582275390625,-0.2508697509765625
1749568126167495200,11.0854951171875,1.7028350830078125,-0.077667236328125,-0.18511962890625
1749568126177486000,11.095486083984374,1.561553955078125,-0.07196044921875,-0.1458892822265625
1749568126187477200,11.105477294921876,1.315093994140625,-0.1883392333984375,-0.0853424072265625
1749568126197468200,11.11546826171875,0.555206298828125,-0.4219818115234375,0.0402069091796875
1749568126207460000,11.125460205078125,-1.6331024169921875,-1.2755584716796875,0.0601654052734375
1749568126217451300,11.135451171875,0.2618408203125,-3.666717529296875,-0.1705474853515625
1749568126227442200,11.145442138671875,1.6241607666015625,-3.9515838623046875,0.7405548095703125
1749568126237433000,11.15543310546875,1.7813720703125,-1.632598876953125,0.8193206787109375
1749568126247425300,11.16542529296875,0.345428466796875,-0.3627166748046875,0.21209716796875
1749568126257416200,11.175416259765624,0.1568145751953125,0.09716796875,-0.32415771484375
1749568126267407000,11.185406982421876,1.1101837158203125,0.2431793212890625,-0.0294036865234375
1749568126277398300,11.195398193359376,0.8751373291015625,-0.2261810302734375,0.732757568359375
1749568126287390200,11.20539013671875,0.51287841796875,-1.0197601318359375,0.819671630859375
1749568126297381000,11.215381103515625,0.4789276123046875,-1.617919921875,0.4020538330078125
1749568126307372300,11.225372314453125,0.5131683349609375,-1.8515625,0.2301483154296875
1749568126317363200,11.23536328125,0.2505035400390625,-1.50909423828125,0.276519775390625
1749568126327355400,11.24535546875,0.236328125,-1.0325927734375,0.1019439697265625
1749568126337346300,11.25534619140625,0.49859619140625,-0.8257598876953125,-0.0958099365234375
1749568126347337200,11.265337158203126,0.5233154296875,-0.771392822265625,-0.190155029296875
1749568126357328100,11.275328125,0.45050048828125,-0.8381805419921875,-0.25738525390625
1749568126367320300,11.2853203125,0.396331787109375,-1.014617919921875,-0.2720489501953125
1749568126377311200,11.295311279296875,0.3811187744140625,-1.089141845703125,-0.1571197509765625
1749568126387302100,11.30530224609375,0.3277587890625,-1.02008056640625,-0.05596923828125
1749568126397293300,11.315293212890625,0.2480316162109375,-0.9390411376953125,-0.028717041015625
1749568126407285200,11.32528515625,0.149383544921875,-0.898529052734375,0.0120849609375
1749568126417276400,11.3352763671875,0.1199951171875,-0.909881591796875,0.0813140869140625
1749568126427267300,11.345267333984374,0.182525634765625,-0.981201171875,0.1508331298828125
1749568126437258200,11.35525830078125,0.2521820068359375,-1.0898284912109375,0.2059783935546875
1749568126447250400,11.36525048828125,0.266082763671875,-1.177337646484375,0.2159881591796875
1749568126457241300,11.375241455078125,0.2569580078125,-1.19720458984375,0.1803436279296875
1749568126467232300,11.385232177734375,0.2272796630859375,-1.1434783935546875,0.1133270263671875
1749568126477223200,11.39522314453125,0.1646728515625,-1.0724029541015625,0.0525665283203125
1749568126487215400,11.40521533203125,0.1759033203125,-1.0464324951171875,-0.01287841796875
1749568126497206300,11.415206298828124,0.183319091796875,-1.0867767333984375,-0.0792999267578125
1749568126507197400,11.425197509765624,0.1468048095703125,-1.15252685546875,-0.1005859375
1749568126517188400,11.435188232421876,0.08880615234375,-1.1749267578125,-0.0406646728515625
1749568126527180300,11.44518017578125,0.025421142578125,-1.12060546875,0.03851318359375
1749568126537171500,11.45517138671875,-0.020843505859375,-1.04254150390625,0.0798492431640625
1749568126547162400,11.465162353515625,-0.0184326171875,-1.050872802734375,0.1080169677734375
1749568126557153300,11.4751533203125,-0.0189361572265625,-1.190155029296875,0.118560791015625
1749568126567145500,11.4851455078125,-0.0242462158203125,-1.3541259765625,0.13671875
1749568126577136400,11.495136474609374,0.012115478515625,-1.444549560546875,0.185455322265625
1749568126587127300,11.505127197265624,0.014404296875,-1.4710693359375,0.2563018798828125
1749568126597118500,11.515118408203126,-0.0575714111328125,-1.498138427734375,0.3052825927734375
1749568126607110100,11.525110107421876,-0.1308746337890625,-1.6244049072265625,0.2637939453125
1749568126617101300,11.535101318359375,-0.2064056396484375,-1.934539794921875,0.1706695556640625
1749568126627092500,11.545092529296875,-0.2827301025390625,-2.29656982421875,0.186737060546875
1749568126637083400,11.55508349609375,-0.72320556640625,-2.4935302734375,0.22845458984375
1749568126647075000,11.565074951171875,-1.18536376953125,-2.2150726318359375,0.233184814453125
1749568126657066200,11.575066162109374,-0.6303558349609375,-1.388946533203125,0.2433624267578125
1749568126667057700,11.5850576171875,0.413604736328125,-0.6991119384765625,0.0074005126953125
1749568126677048600,11.595048583984376,0.903228759765625,-0.6328582763671875,-0.271575927734375
1749568126687040800,11.605040771484376,0.1551971435546875,-1.5062713623046875,-0.5053863525390625
1749568126697031700,11.61503173828125,-0.3060760498046875,-2.431182861328125,-0.6703033447265625
1749568126707022600,11.625022705078125,-0.305206298828125,-1.9185791015625,-0.402252197265625
1749568126717013500,11.635013427734375,0.3110198974609375,-0.945556640625,-0.178741455078125
1749568126727005700,11.645005615234375,0.2195587158203125,-0.664276123046875,-0.30145263671875
1749568126736996600,11.65499658203125,-0.06903076171875,-0.71209716796875,-0.4249114990234375
1749568126746987500,11.664987548828124,-0.0894927978515625,-0.7775726318359375,-0.3250885009765625
1749568126756978700,11.674978759765626,0.139007568359375,-0.8824310302734375,-0.1654205322265625
1749568126766970600,11.684970703125,0.2619781494140625,-0.996978759765625,-0.1287384033203125
1749568126776961800,11.6949619140625,0.2784271240234375,-1.037750244140625,-0.145843505859375
1749568126786952700,11.70495263671875,0.4763946533203125,-0.9971771240234375,-0.1221466064453125
1749568126796944600,11.714944580078125,0.5596160888671875,-0.916748046875,-0.050079345703125
1749568126806935800,11.724935791015625,0.529144287109375,-0.895294189453125,-0.01617431640625
1749568126816926700,11.7349267578125,0.4516754150390625,-0.914215087890625,0.0019073486328125
1749568126826917600,11.744917724609374,0.47833251953125,-0.95782470703125,0.012725830078125
1749568126836909800,11.754909912109374,0.60205078125,-1.0373687744140625,0.0459442138671875
1749568126846900700,11.764900634765626,0.6977691650390625,-1.1595611572265625,0.095306396484375
1749568126856891600,11.7748916015625,0.6552581787109375,-1.3306732177734375,0.1346435546875
1749568126866882800,11.7848828125,0.5670623779296875,-1.5117034912109375,0.158538818359375
1749568126876874800,11.794874755859375,0.59051513671875,-1.6119384765625,0.2137298583984375
1749568126886865700,11.80486572265625,0.78887939453125,-1.554473876953125,0.285430908203125
1749568126896856800,11.81485693359375,0.9557342529296875,-1.4177703857421875,0.2774658203125
1749568126906847700,11.82484765625,1.1971893310546875,-1.34356689453125,0.1716156005859375
1749568126916839700,11.834839599609374,1.582794189453125,-1.2774200439453125,0.0846710205078125
1749568126926830800,11.844830810546876,1.9701080322265625,-1.1278533935546875,0.08331298828125
1749568126936821800,11.85482177734375,2.193359375,-0.9643096923828125,0.101776123046875
1749568126946812700,11.864812744140625,2.0182952880859375,-0.8475189208984375,0.0675048828125
1749568126956804900,11.874804931640625,1.7630157470703125,-0.7044677734375,0.0229339599609375
1749568126966795800,11.884795654296875,1.8577728271484375,-0.519989013671875,0.0189208984375
1749568126976786700,11.89478662109375,1.97991943359375,-0.351806640625,0.0308990478515625
1749568126986777900,11.90477783203125,1.994415283203125,-0.2362518310546875,0.0340118408203125
1749568126996769800,11.914769775390624,1.8303070068359375,-0.200836181640625,0.09576416015625
1749568127006760700,11.9247607421875,1.6050262451171875,-0.2610626220703125,0.2472381591796875
1749568127016751900,11.934751953125,1.0863037109375,-0.4496917724609375,0.4177703857421875
1749568127026742800,11.94474267578125,-0.5599212646484375,-1.0273895263671875,0.438507080078125
1749568127036734500,11.954734375,0.5218353271484375,-2.0482940673828125,0.1155548095703125
1749568127046725600,11.9647255859375,0.552703857421875,-2.60833740234375,0.4868621826171875
1749568127056716800,11.974716796875,1.0455169677734375,-2.0780181884765625,1.10736083984375
1749568127066707700,11.984707763671874,0.23394775390625,-1.0964508056640625,0.7514801025390625
1749568127076699600,11.99469970703125,0.7596282958984375,-0.6146240234375,0.0980682373046875
1749568127086690600,12.004690673828126,1.04071044921875,-0.4977874755859375,-0.0627288818359375
1749568127096681500,12.014681396484375,0.8277435302734375,-0.6669921875,0.346405029296875
1749568127106672600,12.024672607421875,0.7119140625,-0.9735565185546875,0.501556396484375
1749568127116664600,12.03466455078125,0.8121337890625,-1.2437896728515625,0.2951507568359375
1749568127126655500,12.044655517578125,0.5272979736328125,-1.414642333984375,0.194244384765625
1749568127136646700,12.054646728515625,0.2867889404296875,-1.3209075927734375,0.14117431640625
1749568127146637600,12.064637451171874,0.3365478515625,-1.1467742919921875,0.00323486328125
1749568127156629800,12.074629638671874,0.436248779296875,-1.061614990234375,-0.15728759765625
1749568127166620700,12.08462060546875,0.3762054443359375,-0.9962158203125,-0.2957916259765625
1749568127176611600,12.094611572265626,0.359344482421875,-0.95245361328125,-0.3921051025390625
1749568127186602500,12.1046025390625,0.3196868896484375,-0.933624267578125,-0.4246368408203125
1749568127196594700,12.1145947265625,0.206878662109375,-0.8822784423828125,-0.372039794921875
1749568127206585600,12.124585693359375,0.1335906982421875,-0.8471832275390625,-0.2674407958984375
1749568127216576500,12.134576416015625,0.094818115234375,-0.89208984375,-0.1685791015625
1749568127226567700,12.144567626953124,0.0434722900390625,-0.9605865478515625,-0.070281982421875
1749568127236559600,12.1545595703125,0.05926513671875,-1.016510009765625,0.02056884765625
1749568127246550800,12.16455078125,0.0746612548828125,-1.060577392578125,0.0980072021484375
1749568127256541700,12.174541748046876,0.0863189697265625,-1.0921783447265625,0.1542205810546875
1749568127266532600,12.18453271484375,0.0943145751953125,-1.082794189453125,0.14837646484375
1749568127276524800,12.19452490234375,0.069000244140625,-1.0460357666015625,0.0709381103515625
1749568127286515700,12.204515625,0.06829833984375,-1.00579833984375,-0.029052734375
1749568127296506600,12.214506591796875,0.12298583984375,-0.9931488037109375,-0.1292266845703125
1749568127306497500,12.22449755859375,0.20233154296875,-1.0319061279296875,-0.179595947265625
1749568127316489700,12.23448974609375,0.2511444091796875,-1.1022796630859375,-0.1400909423828125
1749568127326480600,12.244480712890624,0.288330078125,-1.147613525390625,-0.0665283203125
1749568127336471800,12.254471923828126,0.262054443359375,-1.1449737548828125,0.0150909423828125
1749568127346462700,12.264462646484375,0.2547149658203125,-1.0907440185546875,0.1338043212890625
1749568127356454700,12.27445458984375,0.21502685546875,-1.031768798828125,0.193572998046875
1749568127366445800,12.28444580078125,0.1703033447265625,-1.0291748046875,0.187408447265625
1749568127376436700,12.294436767578125,0.150604248046875,-1.1268157958984375,0.1829376220703125
1749568127386427600,12.304427734375,0.116455078125,-1.2530059814453125,0.191986083984375
1749568127396419800,12.314419921875,0.1115570068359375,-1.3266143798828125,0.201202392578125
1749568127406410800,12.32441064453125,0.1080322265625,-1.3103790283203125,0.2069091796875
1749568127416401700,12.334401611328126,0.0557403564453125,-1.2677154541015625,0.19818115234375
1749568127426393900,12.344393798828126,-0.0609283447265625,-1.330291748046875,0.18035888671875
1749568127436384800,12.354384765625,-0.1754608154296875,-1.534576416015625,0.1728668212890625
1749568127446375700,12.364375732421875,-0.2628326416015625,-1.93487548828125,0.1038360595703125
1749568127456366800,12.374366943359375,-0.2313079833984375,-2.41790771484375,0.125335693359375
1749568127466358800,12.38435888671875,-0.2917633056640625,-2.6744842529296875,0.2881927490234375
1749568127476349700,12.394349609375,-0.8072357177734375,-2.39727783203125,0.3928375244140625
1749568127486340900,12.4043408203125,-1.0967254638671875,-1.651580810546875,0.378326416015625
1749568127496331800,12.414331787109376,-0.71343994140625,-0.994842529296875,0.1149444580078125
1749568127506323500,12.424323486328126,0.509796142578125,-0.651275634765625,-0.193267822265625
1749568127516314600,12.434314697265625,0.6236419677734375,-0.7557220458984375,-0.2635650634765625
1749568127526305800,12.444305908203125,-0.3857269287109375,-1.4998321533203125,-0.3933563232421875
1749568127536296700,12.454296630859375,-0.9600982666015625,-1.8836822509765625,-0.7223358154296875
1749568127546288600,12.46428857421875,-0.3882598876953125,-1.3672027587890625,-0.80181884765625
1749568127556279600,12.474279541015624,0.6159820556640625,-0.7757415771484375,-0.5343170166015625
1749568127566270500,12.4842705078125,0.6033172607421875,-0.782318115234375,-0.3689117431640625
1749568127576261600,12.49426171875,0.350067138671875,-1.217529296875,-0.4133758544921875
1749568127586253600,12.504253662109376,0.4037322998046875,-1.4560699462890625,-0.3340301513671875
1749568127596244500,12.514244384765625,0.528106689453125,-1.24920654296875,-0.02587890625
1749568127606235600,12.524235595703125,0.342041015625,-1.0598907470703125,0.1012115478515625
1749568127616226600,12.5342265625,0.557281494140625,-0.9366455078125,0.15380859375
1749568127626218800,12.54421875,0.741363525390625,-0.84466552734375,0.1551971435546875
1749568127636209700,12.554209716796874,0.4780426025390625,-0.9052276611328125,0.1203155517578125
1749568127646200600,12.56420068359375,0.206695556640625,-0.998779296875,0.22918701171875
1749568127656191500,12.57419140625,0.2433013916015625,-1.0101318359375,0.4395751953125
1749568127666180000,12.58418017578125,0.250030517578125,-1.1101226806640625,0.49261474609375
1749568127676171000,12.5941708984375,0.3697052001953125,-1.2735443115234375,0.327117919921875
1749568127686162000,12.604161865234374,0.5059967041015625,-1.363006591796875,0.0808258056640625
1749568127696152800,12.61415283203125,0.5933837890625,-1.40435791015625,-0.146697998046875
1749568127706145000,12.62414501953125,0.6428070068359375,-1.331298828125,-0.25323486328125
1749568127716136000,12.634135986328126,0.6787109375,-1.1523895263671875,-0.240203857421875
1749568127726126800,12.644126953125,0.7612152099609375,-1.0677032470703125,-0.22357177734375
1749568127736118000,12.654117919921875,1.146087646484375,-1.1162261962890625,-0.1433563232421875
1749568127746110000,12.66410986328125,1.4939422607421875,-1.2213134765625,-0.0000457763671875
1749568127756101000,12.67410107421875,1.7047882080078125,-1.275360107421875,0.1113739013671875
1749568127766092000,12.684092041015624,1.5056915283203125,-1.195770263671875,0.1556854248046875
1749568127776083000,12.6940830078125,1.3504638671875,-1.003326416015625,0.1410675048828125
1749568127786075100,12.7040751953125,1.3577117919921875,-0.8125457763671875,0.1645355224609375
1749568127796066000,12.714066162109376,1.3828582763671875,-0.705108642578125,0.2383270263671875
1749568127806057000,12.724056884765625,1.566131591796875,-0.6483001708984375,0.231842041015625
1749568127816049200,12.734049072265625,1.649810791015625,-0.564239501953125,0.133270263671875
1749568127826040000,12.7440400390625,1.6759185791015625,-0.4492034912109375,0.0839385986328125
1749568127836031000,12.754031005859375,1.7574462890625,-0.323883056640625,0.16357421875
1749568127846022100,12.764022216796874,1.550933837890625,-0.25518798828125,0.35076904296875
1749568127856014000,12.77401416015625,1.024871826171875,-0.3906707763671875,0.533416748046875
1749568127866005000,12.7840048828125,-0.025115966796875,-0.95391845703125,0.4870147705078125
1749568127875996200,12.79399609375,0.94775390625,-1.90106201171875,0.2289581298828125
1749568127885987000,12.803987060546875,0.51318359375,-2.4446258544921875,0.7677764892578125
1749568127895979000,12.81397900390625,0.3752899169921875,-2.0677947998046875,1.19268798828125
1749568127905970200,12.82397021484375,-0.12164306640625,-1.2360076904296875,0.583709716796875
1749568127915961000,12.833961181640625,1.1413421630859375,-0.690399169921875,-0.0418548583984375
1749568127925952000,12.843951904296874,1.5023956298828125,-0.4315948486328125,-0.206268310546875
1749568127935944200,12.853944091796874,1.03265380859375,-0.55560302734375,-0.0643310546875
1749568127945935000,12.86393505859375,0.6027374267578125,-0.87298583984375,0.0531158447265625
1749568127955926000,12.873926025390626,0.7701416015625,-1.1093902587890625,0.0817718505859375
1749568127965917200,12.883917236328125,0.7034912109375,-1.3047943115234375,0.0927734375
1749568127975909000,12.8939091796875,0.443328857421875,-1.3827667236328125,0.108245849609375
1749568127985900000,12.903900146484375,0.33709716796875,-1.290130615234375,0.1196746826171875
1749568127995891200,12.91389111328125,0.4201812744140625,-1.1358795166015625,0.08428955078125
1749568128005882000,12.923882080078124,0.406341552734375,-1.0101318359375,-0.0412750244140625
1749568128015873800,12.933873779296874,0.3583221435546875,-0.9771270751953125,-0.1943511962890625
1749568128025865000,12.943864990234376,0.346435546875,-0.9851531982421875,-0.2689971923828125
1749568128035856100,12.953856201171876,0.257293701171875,-0.9491119384765625,-0.256195068359375
1749568128045847000,12.963846923828125,0.187347412109375,-0.927093505859375,-0.2385406494140625
1749568128055839000,12.9738388671875,0.210052490234375,-0.950225830078125,-0.2437286376953125
1749568128065830000,12.983829833984375,0.1558380126953125,-0.9547882080078125,-0.2348480224609375
1749568128075820800,12.99382080078125,0.1292877197265625,-0.92010498046875,-0.15130615234375
1749568128085812000,13.00381201171875,0.179534912109375,-0.928497314453125,-0.0723876953125
1749568128095804000,13.013803955078124,0.1544647216796875,-1.022613525390625,-0.05914306640625
1749568128105794800,13.023794921875,0.1857452392578125,-1.11846923828125,-0.0244293212890625
1749568128115786000,13.033785888671876,0.24310302734375,-1.1472015380859375,0.0115203857421875
1749568128125777000,13.04377685546875,0.1670379638671875,-1.1304168701171875,0.0186309814453125
1749568128135769000,13.05376904296875,0.12139892578125,-1.0695648193359375,0.060791015625
1749568128145760000,13.063760009765625,0.0980072021484375,-1.0275726318359375,0.07489013671875
1749568128155751000,13.0737509765625,0.0506744384765625,-1.0667266845703125,0.0578765869140625
1749568128165741800,13.083741943359374,0.1055450439453125,-1.1019134521484375,0.0569305419921875
1749568128175734000,13.093734130859374,0.1230010986328125,-1.133148193359375,0.0072174072265625
1749568128185725000,13.103724853515626,0.1830291748046875,-1.13995361328125,-0.0303192138671875
1749568128195715800,13.1137158203125,0.2696990966796875,-1.113067626953125,-0.066650390625
1749568128205707000,13.12370703125,0.2049560546875,-1.121612548828125,-0.1011962890625
1749568128215699000,13.133698974609375,0.1469573974609375,-1.1179656982421875,-0.0299835205078125
1749568128225690000,13.143690185546875,0.092926025390625,-1.1003265380859375,-0.01702880859375
1749568128235681000,13.153680908203125,0.0327606201171875,-1.1240997314453125,-0.0335540771484375
1749568128245673000,13.1636728515625,0.064666748046875,-1.15625,0.0019989013671875
1749568128255664000,13.1736640625,0.070281982421875,-1.1610260009765625,0.0231170654296875
1749568128265655000,13.183655029296874,0.0534515380859375,-1.1783599853515625,0.0528564453125
1749568128275646000,13.19364599609375,0.016815185546875,-1.2457122802734375,0.093353271484375
1749568128285638100,13.20363818359375,-0.082611083984375,-1.382904052734375,0.119964599609375
1749568128295629000,13.213629150390625,-0.1450653076171875,-1.513824462890625,0.117645263671875
1749568128305620000,13.223619873046875,-0.1126861572265625,-1.5958709716796875,0.12548828125
1749568128315611100,13.233611083984375,-0.1400299072265625,-1.8196868896484375,0.09478759765625
1749568128325603000,13.24360302734375,-0.442657470703125,-2.2740936279296875,0.1132354736328125
1749568128335594000,13.253593994140624,-0.8632659912109375,-2.635528564453125,0.2998504638671875
1749568128345585200,13.263585205078124,-0.709136962890625,-2.2803955078125,0.36004638671875
1749568128355576000,13.273576171875,0.139678955078125,-1.448333740234375,0.0064697265625
1749568128365568000,13.283568115234376,0.2966766357421875,-1.1832275390625,-0.492279052734375
1749568128375559200,13.29355908203125,0.9248046875,-1.446868896484375,-0.6858367919921875
1749568128385550000,13.303550048828125,0.84747314453125,-1.9227142333984375,-0.5833282470703125
1749568128395541000,13.313541015625,0.17529296875,-1.9570770263671875,-0.4444732666015625
1749568128405533200,13.323533203125,-0.379730224609375,-1.4802398681640625,-0.4100341796875
1749568128415524000,13.333524169921875,-0.43292236328125,-1.0593109130859375,-0.4494171142578125
1749568128425515000,13.343514892578124,-0.1809844970703125,-0.76116943359375,-0.2558746337890625
1749568128435506200,13.353506103515626,-0.0484161376953125,-0.6633148193359375,-0.032470703125
1749568128445498000,13.363498046875,-0.0068206787109375,-0.807952880859375,0.0270843505859375
1749568128455489000,13.373489013671875,0.13525390625,-1.034637451171875,-0.0010528564453125
1749568128465480200,13.383480224609375,0.212799072265625,-1.1206817626953125,0.015960693359375
1749568128475471000,13.39347119140625,0.3265228271484375,-0.98590087890625,0.0883026123046875
1749568128485462800,13.403462890625,0.3725738525390625,-0.840057373046875,0.09979248046875
1749568128495454000,13.413453857421874,0.5413360595703125,-0.8156890869140625,0.036590576171875
1749568128505445000,13.423445068359374,0.7315216064453125,-0.9299774169921875,-0.0375518798828125
1749568128515436000,13.43343603515625,0.829864501953125,-1.106597900390625,-0.0719757080078125
1749568128525428000,13.443427978515626,0.90252685546875,-1.1652069091796875,-0.012542724609375
1749568128535419000,13.4534189453125,0.7702178955078125,-1.178192138671875,0.083282470703125
1749568128545409800,13.463409912109375,0.8069305419921875,-1.23760986328125,0.2082366943359375
1749568128555401000,13.47340087890625,0.8470916748046875,-1.325714111328125,0.2972564697265625
1749568128565393000,13.483392822265625,0.6507110595703125,-1.435089111328125,0.368499755859375
1749568128575384000,13.493384033203125,0.7130279541015625,-1.4686737060546875,0.4716796875
1749568128585375000,13.503375,0.80438232421875,-1.3617401123046875,0.5913238525390625
1749568128595367000,13.513366943359374,0.9351959228515625,-1.2236785888671875,0.61431884765625
1749568128605358000,13.523358154296876,1.0811614990234375,-1.1446990966796875,0.5562744140625
1749568128615349000,13.533348876953125,1.3111572265625,-1.1325225830078125,0.50592041015625
1749568128625340000,13.54333984375,1.602264404296875,-1.1679534912109375,0.460540771484375
1749568128635332000,13.55333203125,1.767852783203125,-1.2349090576171875,0.4259185791015625
1749568128645323000,13.563322998046875,1.80712890625,-1.292724609375,0.32562255859375
1749568128655314000,13.57331396484375,1.8005523681640625,-1.26800537109375,0.0709381103515625
1749568128665305000,13.58330517578125,1.8399810791015625,-1.029815673828125,-0.2102813720703125
1749568128675296500,13.593296630859374,1.825531005859375,-0.5930633544921875,-0.3123321533203125
1749568128685287700,13.60328759765625,1.6556549072265625,-0.250640869140625,-0.2745361328125
1749568128695278600,13.613278564453125,1.459442138671875,-0.15447998046875,-0.101898193359375
1749568128705269500,13.62326953125,1.4477081298828125,-0.240814208984375,0.1515350341796875
1749568128715261700,13.63326171875,1.4728546142578125,-0.4306793212890625,0.421630859375
1749568128725252600,13.643252685546875,1.4784393310546875,-0.6939239501953125,0.5404205322265625
1749568128735243500,13.653243408203124,1.290130615234375,-0.9220428466796875,0.42230224609375
1749568128745234700,13.663234619140624,-0.667724609375,-1.263275146484375,0.1755828857421875
1749568128755226600,13.6732265625,-3.7481689453125,-2.638336181640625,-0.302093505859375
1749568128765217500,13.683217529296876,0.20184326171875,-3.0224151611328125,-0.26397705078125
1749568128775208700,13.693208740234375,1.538177490234375,-1.6584320068359375,0.4073028564453125
1749568128785199600,13.70319970703125,2.1901092529296875,-0.5344085693359375,0.136688232421875
1749568128795191800,13.71319189453125,0.7823028564453125,-0.175750732421875,-0.7764434814453125
1749568128805182700,13.7231826171875,-0.062591552734375,-0.631622314453125,-1.499755859375
1749568128815173600,13.733173583984374,1.2616424560546875,-0.85272216796875,-0.56036376953125
1749568128825164500,13.74316455078125,1.3587799072265625,-0.8868560791015625,0.336181640625
1749568128835156700,13.75315673828125,1.04541015625,-1.05224609375,0.3932037353515625
1749568128845147600,13.763147705078126,0.464935302734375,-1.3053436279296875,0.1839447021484375
1749568128855138600,13.773138671875,0.580596923828125,-1.396392822265625,0.1353759765625
1749568128865129700,13.783129638671875,0.4164581298828125,-1.2278594970703125,0.1852874755859375
1749568128875121700,13.79312158203125,0.29217529296875,-1.0168304443359375,0.142822265625
1749568128885112800,13.80311279296875,0.358428955078125,-0.9443206787109375,0.0971221923828125
1749568128895103700,13.813103759765625,0.38726806640625,-0.9934539794921875,0.063568115234375
1749568128905095700,13.823095703125,0.41961669921875,-1.078704833984375,-0.0114898681640625
1749568128915086800,13.8330869140625,0.4352569580078125,-1.1473236083984375,-0.0393829345703125
1749568128925077800,13.843077880859376,0.4345703125,-1.1572113037109375,-0.00689697265625
1749568128935068700,13.853068603515625,0.413116455078125,-1.1092681884765625,0.0000152587890625
1749568128945060600,13.863060546875,0.3367767333984375,-1.0332794189453125,-0.0069732666015625
1749568128955051800,13.8730517578125,0.2417755126953125,-0.9662017822265625,0.0376129150390625
1749568128965042700,13.883042724609375,0.2002410888671875,-0.9384918212890625,0.120361328125
1749568128975033900,13.893033935546875,0.2332000732421875,-0.975860595703125,0.1678619384765625
1749568128985025500,13.903025634765624,0.24078369140625,-1.05145263671875,0.15252685546875
1749568128995016400,13.913016357421874,0.2085113525390625,-1.1272735595703125,0.11175537109375
1749568129005007600,13.923007568359376,0.1660919189453125,-1.1525421142578125,0.068115234375
1749568129014998800,13.932998779296875,0.1391754150390625,-1.101898193359375,0.012603759765625
1749568129024990500,13.942990478515625,0.1322784423828125,-1.0281982421875,-0.0806732177734375
1749568129034981600,13.952981689453125,0.112396240234375,-0.9592132568359375,-0.1751708984375
1749568129044972500,13.96297265625,0.103240966796875,-0.9151763916015625,-0.23345947265625
1749568129054963700,13.972963623046875,0.129730224609375,-0.9551849365234375,-0.2447357177734375
1749568129064955600,13.98295556640625,0.1498260498046875,-1.0353546142578125,-0.198394775390625
1749568129074946600,13.992946533203124,0.14520263671875,-1.0662841796875,-0.145843505859375
1749568129084937500,14.0029375,0.13525390625,-1.0466766357421875,-0.1160125732421875
1749568129094928600,14.0129287109375,0.14422607421875,-1.0162200927734375,-0.07769775390625
1749568129104920600,14.022920654296875,0.1249237060546875,-1.0392303466796875,-0.0518951416015625
1749568129114911500,14.032911376953125,0.1063385009765625,-1.0868988037109375,0.0030975341796875
1749568129124902700,14.042902587890625,0.1191253662109375,-1.0775146484375,0.0618743896484375
1749568129134893600,14.0528935546875,0.1216278076171875,-1.0154876708984375,0.0903472900390625
1749568129144885500,14.062885498046874,0.1366119384765625,-0.99566650390625,0.100433349609375
1749568129154876700,14.072876708984374,0.1710357666015625,-1.0487060546875,0.1244659423828125
1749568129164867600,14.08286767578125,0.1932525634765625,-1.06512451171875,0.1632843017578125
1749568129174859800,14.09285986328125,0.1646728515625,-1.0390472412109375,0.1775665283203125
1749568129184850700,14.1028505859375,0.0599822998046875,-1.0658416748046875,0.1613922119140625
1749568129194841600,14.112841552734375,-0.0299835205078125,-1.194793701171875,0.1339569091796875
1749568129204832500,14.12283251953125,-0.0725555419921875,-1.381378173828125,0.1368408203125
1749568129214824700,14.13282470703125,-0.090240478515625,-1.6189422607421875,0.1730804443359375
1749568129224815600,14.142815673828125,-0.234466552734375,-2.0675048828125,0.2209014892578125
1749568129234806500,14.152806640625,-0.296539306640625,-2.512298583984375,0.46502685546875
1749568129244797700,14.162797607421876,-0.4608306884765625,-2.5460662841796875,0.6584320068359375
1749568129254789600,14.17278955078125,-0.0733184814453125,-2.0372161865234375,0.3822479248046875
1749568129264780800,14.18278076171875,0.4559478759765625,-1.4437103271484375,-0.103790283203125
1749568129274771700,14.192771728515625,0.473907470703125,-1.383819580078125,-0.5314483642578125
1749568129284762600,14.2027626953125,1.00555419921875,-1.73480224609375,-0.6282501220703125
1749568129294754800,14.2127548828125,0.9408416748046875,-1.7917938232421875,-0.226226806640625
1749568129304745700,14.222745849609375,0.61090087890625,-1.5295562744140625,-0.0027618408203125
1749568129314736600,14.232736572265624,0.171417236328125,-1.2980194091796875,-0.159149169921875
1749568129324727600,14.2427275390625,0.087127685546875,-1.07366943359375,-0.253662109375
1749568129334719700,14.2527197265625,0.126434326171875,-0.8327484130859375,-0.0795440673828125
1749568129344710700,14.262710693359375,0.1864471435546875,-0.6362457275390625,0.1583404541015625
1749568129354701800,14.272701904296875,0.211761474609375,-0.530914306640625,0.2025909423828125
1749568129364692700,14.282692626953125,0.2121734619140625,-0.486846923828125,0.129486083984375
1749568129374684700,14.2926845703125,0.2122650146484375,-0.4542999267578125,0.0792388916015625
1749568129384675800,14.30267578125,0.2889556884765625,-0.416168212890625,0.057708740234375
1749568129394666800,14.312666748046874,0.314697265625,-0.385223388671875,0.0394744873046875
1749568129404657700,14.32265771484375,0.316162109375,-0.39239501953125,0.0108795166015625
1749568129414649600,14.332649658203126,0.3996124267578125,-0.426422119140625,-0.0089263916015625
1749568129424640800,14.342640869140626,0.412139892578125,-0.475799560546875,-0.0095367431640625
1749568129434631700,14.352631591796875,0.4324951171875,-0.544189453125,-0.009033203125
1749568129444623600,14.36262353515625,0.47796630859375,-0.6231536865234375,-0.0055084228515625
1749568129454614500,14.372614501953125,0.5202484130859375,-0.68231201171875,0.03790283203125
1749568129464605700,14.382605712890625,0.5620269775390625,-0.7628021240234375,0.102813720703125
1749568129474596900,14.392596923828124,0.6277008056640625,-0.9191741943359375,0.179412841796875
1749568129484588500,14.402588623046874,0.5819091796875,-1.1512451171875,0.269439697265625
1749568129494579500,14.412579345703126,0.4528656005859375,-1.3588714599609375,0.404296875
1749568129504570600,14.422570556640625,0.577301025390625,-1.43817138671875,0.5011444091796875
1749568129514561500,14.4325615234375,0.73126220703125,-1.4768829345703125,0.4716949462890625
1749568129524553500,14.442553466796875,0.8991241455078125,-1.5648956298828125,0.361297607421875
1749568129534544600,14.452544677734375,1.1616058349609375,-1.6479339599609375,0.246734619140625
1749568129544535600,14.46253564453125,1.49212646484375,-1.601165771484375,0.2149658203125
1749568129554526500,14.4725263671875,1.6602020263671875,-1.4445953369140625,0.136474609375
1749568129564518700,14.4825185546875,1.6619720458984375,-1.3357086181640625,-0.080230712890625
1749568129574509600,14.492509521484376,1.5800628662109375,-1.198638916015625,-0.1313629150390625
1749568129584500500,14.50250048828125,1.5309295654296875,-0.9717559814453125,0.062744140625
1749568129594491600,14.51249169921875,1.557342529296875,-0.779541015625,0.1836395263671875
1749568129604483600,14.522483642578125,1.8309326171875,-0.6266632080078125,0.11492919921875
1749568129614474500,14.532474609375,1.97216796875,-0.3405609130859375,0.011962890625
1749568129624465700,14.542465576171875,1.5634918212890625,0.0373382568359375,0.1600341796875
1749568129634456600,14.55245654296875,1.2671051025390625,0.262420654296875,0.4343414306640625
1749568129644448800,14.56244873046875,1.278228759765625,0.314300537109375,0.655731201171875
1749568129654439700,14.572439697265626,0.4611663818359375,0.0124053955078125,0.775848388671875
1749568129664430600,14.5824306640625,-5.3746795654296875,-1.4552154541015625,0.961517333984375
1749568129674423300,14.59242333984375,-0.01788330078125,-4.499053955078125,0.5001220703125
1749568129684414500,14.60241455078125,2.607696533203125,-4.497833251953125,0.525115966796875
1749568129694405400,14.6124052734375,4.21832275390625,-0.9355316162109375,0.664337158203125
1749568129704396300,14.622396240234375,-0.365386962890625,-0.180908203125,1.0124053955078125
1749568129714388500,14.632388427734375,-1.1960906982421875,-0.778289794921875,1.38824462890625
1749568129724379400,14.64237939453125,1.0262451171875,-0.99267578125,0.908721923828125
1749568129734370300,14.652370361328124,1.5684356689453125,-0.8122100830078125,-0.2697906494140625
1749568129744361200,14.662361328125,0.4788970947265625,-0.75164794921875,-0.5968780517578125
1749568129754353400,14.672353515625,0.134307861328125,-0.6664581298828125,0.273040771484375
1749568129764344300,14.68234423828125,0.1365509033203125,-0.7821044921875,0.5307769775390625
1749568129774335500,14.69233544921875,0.86834716796875,-1.0415496826171875,0.13201904296875
1749568129784326400,14.702326416015625,1.0694122314453125,-1.443145751953125,-0.1107330322265625
1749568129794318000,14.712318115234375,0.807861328125,-1.5955657958984375,-0.33953857421875
1749568129804309200,14.722309326171874,0.5493011474609375,-1.559600830078125,-0.620574951171875
1749568129814300400,14.732300537109374,0.5281982421875,-1.2240142822265625,-0.6405181884765625
1749568129824291300,14.742291259765626,0.490386962890625,-0.8890380859375,-0.412628173828125
1749568129834283300,14.752283203125,0.289031982421875,-0.815032958984375,-0.1774139404296875
1749568129844274200,14.762274169921875,0.1446990966796875,-0.8881072998046875,-0.017822265625
1749568129854265000,14.77226513671875,0.09417724609375,-0.9610137939453125,0.1014251708984375
1749568129864256300,14.78225634765625,0.1221466064453125,-0.9774169921875,0.2081756591796875
1749568129874248200,14.792248291015625,0.163482666015625,-0.966705322265625,0.2361602783203125
1749568129884239000,14.802239013671874,0.1840057373046875,-0.9686431884765625,0.1500396728515625
1749568129894230300,14.812230224609374,0.2162322998046875,-0.9588623046875,0.0245361328125
1749568129904221200,14.82222119140625,0.2459716796875,-0.9426727294921875,-0.083892822265625
1749568129914213000,14.832213134765626,0.2598876953125,-0.9365692138671875,-0.1889495849609375
1749568129924204300,14.842204345703125,0.286468505859375,-0.9298858642578125,-0.2710723876953125
1749568129934195200,14.8521953125,0.294097900390625,-0.9000396728515625,-0.3084259033203125
1749568129944187100,14.862187255859375,0.2953948974609375,-0.8385009765625,-0.313018798828125
1749568129954178300,14.87217822265625,0.2989044189453125,-0.7588348388671875,-0.3062591552734375
1749568129964169200,14.882169189453125,0.2762451171875,-0.696441650390625,-0.2886962890625
1749568129974160100,14.89216015625,0.254364013671875,-0.681304931640625,-0.227508544921875
1749568129984152300,14.90215234375,0.259002685546875,-0.7423248291015625,-0.1390380859375
1749568129994143200,14.912143310546876,0.282958984375,-0.836761474609375,-0.0550079345703125
1749568130004134100,14.922134033203125,0.2884521484375,-0.8748931884765625,0.0360870361328125
1749568130014125300,14.932125244140625,0.2855987548828125,-0.829925537109375,0.0839996337890625
1749568130024117200,14.9421171875,0.2807769775390625,-0.7801055908203125,0.036224365234375
1749568130034108200,14.952108154296875,0.2513275146484375,-0.8144378662109375,-0.05078125
1749568130044099300,14.962099365234375,0.3300628662109375,-0.9506378173828125,-0.1464691162109375
1749568130054090200,14.97209033203125,0.4287567138671875,-1.140350341796875,-0.2535552978515625
1749568130064082400,14.98208251953125,0.4874725341796875,-1.215606689453125,-0.30120849609375
1749568130074073300,14.9920732421875,0.45220947265625,-1.1026153564453125,-0.2712860107421875
1749568130084064300,15.002064208984375,0.3604888916015625,-0.9615020751953125,-0.234527587890625
1749568130094055200,15.01205517578125,0.271209716796875,-0.91839599609375,-0.1917266845703125
1749568130104047400,15.02204736328125,0.236297607421875,-0.9896240234375,-0.12811279296875
1749568130114038300,15.032038330078125,0.310516357421875,-1.149749755859375,-0.084442138671875
1749568130124029200,15.042029296875,0.4752197265625,-1.2947540283203125,-0.09881591796875
1749568130134021400,15.052021484375,0.5811920166015625,-1.3194122314453125,-0.1333465576171875
1749568130144012300,15.06201220703125,0.6181793212890625,-1.2105560302734375,-0.1531524658203125
1749568130154003500,15.07200341796875,0.6574859619140625,-1.0556793212890625,-0.1727752685546875
1749568130163994400,15.081994384765625,0.6421966552734375,-0.936248779296875,-0.1627197265625
1749568130173986300,15.091986328125,0.5994110107421875,-0.8526611328125,-0.096588134765625
1749568130183977500,15.1019775390625,0.5286102294921875,-0.8098907470703125,-0.0122528076171875
1749568130193968400,15.111968505859375,0.465576171875,-0.811614990234375,0.0733795166015625
1749568130203959300,15.121959228515625,0.41845703125,-0.8475189208984375,0.153289794921875
1749568130213951200,15.131951171875,0.404541015625,-0.885498046875,0.2119293212890625
1749568130223942400,15.1419423828125,0.4000701904296875,-0.8918914794921875,0.238006591796875
1749568130233933300,15.151933349609376,0.3846893310546875,-0.8571319580078125,0.236358642578125
1749568130243924500,15.161924560546876,0.364501953125,-0.799591064453125,0.236053466796875
1749568130253916200,15.171916259765625,0.3547210693359375,-0.7562713623046875,0.2423858642578125
1749568130263907000,15.181906982421875,0.356964111328125,-0.7511749267578125,0.238067626953125
1749568130273898200,15.191898193359375,0.3618011474609375,-0.7747802734375,0.22076416015625
1749568130283889400,15.201889404296875,0.356658935546875,-0.8135223388671875,0.1920013427734375
1749568130293881000,15.211881103515625,0.329010009765625,-0.8361358642578125,0.1828765869140625
1749568130303872300,15.221872314453124,0.304656982421875,-0.837738037109375,0.201202392578125
1749568130313863200,15.23186328125,0.284820556640625,-0.846923828125,0.223236083984375
1749568130323855000,15.241855224609376,0.272369384765625,-0.86962890625,0.2501983642578125
1749568130333846300,15.25184619140625,0.2697296142578125,-0.895660400390625,0.285736083984375
1749568130343837200,15.261837158203125,0.268035888671875,-0.9220428466796875,0.323577880859375
1749568130353828000,15.271828125,0.2752532958984375,-0.945556640625,0.3551788330078125
1749568130363820300,15.2818203125,0.2796630859375,-0.9660491943359375,0.365478515625
1749568130373811200,15.291811279296875,0.2801971435546875,-0.9886627197265625,0.35260009765625
1749568130383802000,15.301802001953124,0.289520263671875,-1.0181427001953125,0.3182220458984375
1749568130393793300,15.311793212890626,0.3069305419921875,-1.0537872314453125,0.264373779296875
1749568130403785200,15.32178515625,0.2852783203125,-1.09259033203125,0.1998443603515625
1749568130413776100,15.331776123046875,0.23284912109375,-1.108734130859375,0.1333770751953125
1749568130423767300,15.341767333984375,0.2108917236328125,-1.081329345703125,0.0982513427734375
1749568130433758200,15.35175830078125,0.2042999267578125,-1.025360107421875,0.1031036376953125
1749568130443750400,15.36175048828125,0.2044830322265625,-0.982879638671875,0.1381683349609375
1749568130453741300,15.3717412109375,0.1992645263671875,-0.969390869140625,0.1726531982421875
1749568130463732200,15.381732177734374,0.1928558349609375,-0.972625732421875,0.185516357421875
1749568130473723100,15.39172314453125,0.206573486328125,-0.9786529541015625,0.183319091796875
1749568130483715300,15.40171533203125,0.227264404296875,-0.974151611328125,0.17047119140625
1749568130493706200,15.411706298828125,0.24420166015625,-0.953277587890625,0.14947509765625
1749568130503697200,15.421697265625,0.25164794921875,-0.9304962158203125,0.12158203125
1749568130513689300,15.431689453125,0.26202392578125,-0.915924072265625,0.09698486328125
1749568130523680300,15.44168017578125,0.277069091796875,-0.9094085693359375,0.0761871337890625
1749568130533671400,15.45167138671875,0.2780303955078125,-0.912933349609375,0.0694427490234375
1749568130543662300,15.461662353515624,0.2612762451171875,-0.928131103515625,0.085968017578125
1749568130553654300,15.471654296875,0.25048828125,-0.961761474609375,0.113861083984375
1749568130563645400,15.4816455078125,0.2443084716796875,-0.9971771240234375,0.138427734375
1749568130573636400,15.49163623046875,0.239013671875,-1.0110626220703125,0.164398193359375
1749568130583627300,15.501627197265625,0.24188232421875,-0.9987335205078125,0.1887969970703125
1749568130593619500,15.511619384765625,0.25042724609375,-0.9868927001953125,0.19647216796875
1749568130603610400,15.5216103515625,0.2516021728515625,-0.988250732421875,0.19378662109375
1749568130613601300,15.531601318359375,0.264862060546875,-0.9885711669921875,0.1934967041015625
1749568130623592400,15.541592529296874,0.27423095703125,-0.9752349853515625,0.185882568359375
1749568130633584400,15.55158447265625,0.274658203125,-0.9566192626953125,0.1735076904296875
1749568130643575300,15.5615751953125,0.2696380615234375,-0.939666748046875,0.16949462890625
1749568130653566500,15.57156640625,0.267120361328125,-0.930328369140625,0.163787841796875
1749568130663557400,15.581557373046875,0.26263427734375,-0.93450927734375,0.155975341796875
1749568130673550600,15.591550537109375,0.2583160400390625,-0.9488525390625,0.150054931640625
1749568130683541500,15.60154150390625,0.2586212158203125,-0.95733642578125,0.148223876953125
1749568130693532400,15.611532470703125,0.26068115234375,-0.957275390625,0.1436614990234375
1749568130703523600,15.621523681640625,0.25933837890625,-0.956695556640625,0.140289306640625
1749568130713515500,15.631515625,0.25860595703125,-0.9598236083984375,0.14373779296875
1749568130723506400,15.64150634765625,0.2543487548828125,-0.96112060546875,0.147674560546875
1749568130733497600,15.65149755859375,0.2458648681640625,-0.9596405029296875,0.147613525390625
1749568130743489500,15.661489501953126,0.2429656982421875,-0.961456298828125,0.14935302734375
1749568130753480400,15.67148046875,0.2436981201171875,-0.9664459228515625,0.1542510986328125
1749568130763471600,15.6814716796875,0.2468719482421875,-0.9662628173828125,0.16094970703125
1749568130773462500,15.691462646484375,0.251373291015625,-0.9683380126953125,0.16424560546875
1749568130783454500,15.701454345703125,0.2540740966796875,-0.9727783203125,0.1666107177734375
1749568130793445600,15.711445556640625,0.2606658935546875,-0.9747467041015625,0.162933349609375
1749568130803436500,15.7214365234375,0.269134521484375,-0.9681549072265625,0.1534576416015625
1749568130813427500,15.731427490234376,0.2762908935546875,-0.9576568603515625,0.14752197265625
1749568130823419600,15.741419677734376,0.2801971435546875,-0.95257568359375,0.1537322998046875
1749568130833410600,15.75141064453125,0.282012939453125,-0.9603271484375,0.16485595703125
1749568130843401500,15.7614013671875,0.2807769775390625,-0.9683074951171875,0.1776123046875
1749568130853392600,15.771392578125,0.2838134765625,-0.96282958984375,0.1849822998046875
1749568130863384600,15.781384521484375,0.2850494384765625,-0.951324462890625,0.183685302734375
1749568130873375500,15.79137548828125,0.279632568359375,-0.9447021484375,0.1794586181640625
1749568130883366700,15.80136669921875,0.2761688232421875,-0.9487152099609375,0.1706085205078125
1749568130893357600,15.811357666015626,0.2700347900390625,-0.96697998046875,0.1615142822265625
1749568130903349800,15.821349853515626,0.2642974853515625,-0.9788055419921875,0.15521240234375
1749568130913340700,15.831340576171876,0.266571044921875,-0.9739227294921875,0.1494903564453125
1749568130923331600,15.84133154296875,0.268096923828125,-0.9616241455078125,0.143829345703125
1749568130933323500,15.851323486328125,0.25933837890625,-0.9528045654296875,0.1471405029296875
1749568130943314400,15.861314453125,0.252044677734375,-0.9510040283203125,0.1572418212890625
1749568130953305600,15.8713056640625,0.251617431640625,-0.955963134765625,0.161834716796875
1749568130963296500,15.881296630859374,0.2500762939453125,-0.959503173828125,0.16259765625
1749568130973288400,15.891288330078124,0.2459716796875,-0.958526611328125,0.1642303466796875
1749568130983279400,15.901279296875,0.25091552734375,-0.9557037353515625,0.1580657958984375
1749568130993270500,15.9112705078125,0.2545928955078125,-0.9553680419921875,0.14801025390625
1749568131003261400,15.921261474609375,0.2609100341796875,-0.96014404296875,0.143218994140625
1749568131013253400,15.93125341796875,0.26654052734375,-0.9675140380859375,0.1431121826171875
1749568131023244500,15.94124462890625,0.2694854736328125,-0.9748382568359375,0.1453094482421875
1749568131033235500,15.9512353515625,0.265533447265625,-0.9781494140625,0.1540069580078125
1749568131043226400,15.961226318359374,0.2603607177734375,-0.97265625,0.1651153564453125
1749568131053218600,15.971218505859374,0.2586822509765625,-0.964324951171875,0.1714935302734375
1749568131063209500,15.98120947265625,0.2546844482421875,-0.95880126953125,0.1721038818359375
1749568131073200400,15.991200439453126,0.2530517578125,-0.9595947265625,0.171051025390625
1749568131083191600,16.001191650390624,0.2622528076171875,-0.961151123046875,0.16217041015625
1749568131093183500,16.01118359375,0.266693115234375,-0.962249755859375,0.150238037109375
1749568131103174400,16.02117431640625,0.2655029296875,-0.9628753662109375,0.143157958984375
1749568131113165600,16.03116552734375,0.2652740478515625,-0.963287353515625,0.139129638671875
1749568131123157500,16.041157470703126,0.268402099609375,-0.9606170654296875,0.1335601806640625
1749568131133148400,16.0511484375,0.265655517578125,-0.9584503173828125,0.1311798095703125
1749568131143139600,16.0611396484375,0.2648162841796875,-0.9576416015625,0.135711669921875
1749568131153130500,16.071130615234374,0.2642059326171875,-0.9586334228515625,0.1380157470703125
1749568131163122400,16.081122314453125,0.26324462890625,-0.9569091796875,0.136505126953125
1749568131173113600,16.091113525390625,0.261077880859375,-0.9556732177734375,0.1369476318359375
1749568131183104500,16.1011044921875,0.2634735107421875,-0.9585723876953125,0.134033203125
1749568131193095400,16.111095458984376,0.267333984375,-0.962158203125,0.133514404296875
1749568131203087600,16.121087646484376,0.26666259765625,-0.9625701904296875,0.1375579833984375
1749568131213078500,16.13107861328125,0.267852783203125,-0.96392822265625,0.1420135498046875
1749568131223069400,16.1410693359375,0.2705841064453125,-0.9648895263671875,0.14453125
1749568131233060600,16.151060546875,0.26837158203125,-0.9617156982421875,0.14483642578125
1749568131243052500,16.161052490234376,0.2678070068359375,-0.959320068359375,0.1460418701171875
1749568131253043500,16.17104345703125,0.2687530517578125,-0.95709228515625,0.14508056640625
1749568131263034600,16.18103466796875,0.274169921875,-0.9550933837890625,0.1505584716796875
1749568131273025500,16.191025634765627,0.2734527587890625,-0.9592437744140625,0.1626129150390625
1749568131283017700,16.201017822265626,0.270660400390625,-0.970703125,0.1769561767578125
1749568131293008600,16.211008544921874,0.270538330078125,-0.978515625,0.1862945556640625
1749568131302999600,16.22099951171875,0.26678466796875,-0.9735260009765625,0.182586669921875
1749568131312990500,16.230990478515626,0.265777587890625,-0.96368408203125,0.1701202392578125
1749568131322982700,16.240982666015626,0.27069091796875,-0.9590301513671875,0.155914306640625
1749568131332973600,16.2509736328125,0.2689208984375,-0.9606475830078125,0.14215087890625
1749568131342964500,16.260964599609373,0.2672882080078125,-0.9608917236328125,0.1322021484375
1749568131352956400,16.270956298828125,0.27093505859375,-0.9587249755859375,0.124542236328125
1749568131362947600,16.280947509765625,0.2724609375,-0.9567108154296875,0.118072509765625
1749568131372938800,16.290938720703124,0.2722625732421875,-0.9594573974609375,0.113739013671875
1749568131382929700,16.3009296875,0.2713470458984375,-0.961883544921875,0.111480712890625
1749568131392921300,16.31092138671875,0.272979736328125,-0.960662841796875,0.1104736328125
1749568131402912500,16.32091259765625,0.2700958251953125,-0.9591217041015625,0.115966796875
1749568131412903400,16.3309033203125,0.262847900390625,-0.960479736328125,0.1283111572265625
1749568131422894600,16.34089453125,0.2583770751953125,-0.9659423828125,0.1426239013671875
1749568131432886500,16.350886474609375,0.2623748779296875,-0.9773712158203125,0.1522979736328125
1749568131442877400,16.36087744140625,0.2664794921875,-0.9810028076171875,0.1561431884765625
1749568131452868400,16.370868408203126,0.264495849609375,-0.9759521484375,0.156280517578125
1749568131462859500,16.380859619140626,0.2637939453125,-0.968017578125,0.1567840576171875
1749568131472851500,16.3908515625,0.2658843994140625,-0.968170166015625,0.1575927734375
1749568131482842400,16.40084228515625,0.2662506103515625,-0.972412109375,0.1607666015625
1749568131492833500,16.41083349609375,0.2646484375,-0.9759368896484375,0.1564788818359375
1749568131502824400,16.420824462890625,0.2646331787109375,-0.9743194580078125,0.1441192626953125
1749568131512816400,16.43081640625,0.265106201171875,-0.97198486328125,0.1306304931640625
1749568131522807600,16.4408076171875,0.267578125,-0.9686737060546875,0.11761474609375
1749568131532798500,16.450798583984376,0.2648468017578125,-0.96893310546875,0.1093597412109375
1749568131542790400,16.460790283203124,0.2707672119140625,-0.9721221923828125,0.1062164306640625
1749568131552781600,16.470781494140624,0.2738189697265625,-0.9741363525390625,0.10791015625
1749568131562772500,16.4807724609375,0.2698211669921875,-0.9712677001953125,0.114776611328125
1749568131572763400,16.490763427734375,0.2580718994140625,-0.9691162109375,0.125946044921875
1749568131582755600,16.500755615234375,0.254730224609375,-0.969818115234375,0.131011962890625
1749568131592746500,16.51074658203125,0.247039794921875,-0.97119140625,0.1277008056640625
1749568131602737400,16.5207373046875,0.2411956787109375,-0.973480224609375,0.124237060546875
1749568131612728600,16.530728515625,0.2374267578125,-0.974945068359375,0.12469482421875
1749568131622720500,16.540720458984374,0.236419677734375,-0.9717254638671875,0.125640869140625
1749568131632711400,16.55071142578125,0.2295684814453125,-0.9731292724609375,0.124847412109375
1749568131642702600,16.56070263671875,0.230712890625,-0.9748992919921875,0.1250152587890625
1749568131652693500,16.570693603515625,0.219696044921875,-0.9709930419921875,0.1208953857421875
1749568131662685700,16.580685791015625,0.216033935546875,-0.968231201171875,0.1186981201171875
1749568131672675800,16.59067578125,0.216156005859375,-0.9679107666015625,0.116302490234375
1749568131682666800,16.600666748046876,0.2129974365234375,-0.968902587890625,0.1122283935546875
1749568131692658700,16.61065869140625,0.2081451416015625,-0.9722747802734375,0.110137939453125
1749568131702649900,16.62064990234375,0.212921142578125,-0.9725341796875,0.11273193359375
1749568131712640800,16.630640869140624,0.212677001953125,-0.9707489013671875,0.11016845703125
1749568131722631700,16.640631591796875,0.2172698974609375,-0.9710540771484375,0.107940673828125
1749568131732624000,16.650623779296875,0.2230072021484375,-0.97308349609375,0.107513427734375
1749568131742614800,16.66061474609375,0.222625732421875,-0.976226806640625,0.1123809814453125
1749568131752605700,16.670605712890627,0.2234649658203125,-0.977935791015625,0.12054443359375
1749568131762596900,16.680596923828126,0.2161712646484375,-0.976776123046875,0.1284027099609375
1749568131772588800,16.6905888671875,0.2174835205078125,-0.9751129150390625,0.1321563720703125
1749568131782579700,16.700579833984374,0.2241058349609375,-0.97412109375,0.1298980712890625
1749568131792571000,16.71057080078125,0.222991943359375,-0.971282958984375,0.1297607421875
1749568131802561800,16.720561767578126,0.2166900634765625,-0.968841552734375,0.12957763671875
1749568131812554000,16.730553955078125,0.21270751953125,-0.9701995849609375,0.1239166259765625
1749568131822545000,16.740544921875,0.2128448486328125,-0.97802734375,0.1168060302734375
1749568131832535800,16.750535888671877,0.21875,-0.9792938232421875,0.1144256591796875
1749568131842526700,16.760526611328125,0.2274932861328125,-0.9729461669921875,0.1141204833984375
1749568131852519000,16.770518798828125,0.233489990234375,-0.9733123779296875,0.117767333984375
1749568131862509800,16.780509765625,0.2339630126953125,-0.97528076171875,0.12286376953125
1749568131872500700,16.790500732421876,0.2340240478515625,-0.9772796630859375,0.1246185302734375
1749568131882492000,16.800491943359376,0.235107421875,-0.97857666015625,0.1258544921875
1749568131892483600,16.810483642578124,0.2350921630859375,-0.9750213623046875,0.130126953125
1749568131902475000,16.82047509765625,0.2310638427734375,-0.9742889404296875,0.1347503662109375
1749568131912466000,16.8304658203125,0.223541259765625,-0.9804534912109375,0.1327056884765625
1749568131922457600,16.84045751953125,0.2218170166015625,-0.9821319580078125,0.129180908203125
1749568131932448800,16.85044873046875,0.221405029296875,-0.9750518798828125,0.12603759765625
1749568131942439700,16.860439697265626,0.211517333984375,-0.969970703125,0.1234893798828125
1749568131952430800,16.870430908203126,0.2139739990234375,-0.9721527099609375,0.122589111328125
1749568131962422800,16.8804228515625,0.219329833984375,-0.9773712158203125,0.1195220947265625
1749568131972413700,16.89041357421875,0.2195587158203125,-0.976287841796875,0.118316650390625
1749568131982404600,16.900404541015625,0.2204437255859375,-0.976715087890625,0.119659423828125
1749568131992395800,16.910395751953125,0.22210693359375,-0.9802398681640625,0.1183013916015625
1749568132002387700,16.9203876953125,0.2248992919921875,-0.978912353515625,0.1191253662109375
1749568132012378600,16.930378662109376,0.2255401611328125,-0.976409912109375,0.11627197265625
1749568132022369800,16.940369873046876,0.2169036865234375,-0.9715423583984375,0.1114044189453125
1749568132032360700,16.950360595703124,0.209716796875,-0.9723052978515625,0.113555908203125
1749568132042352600,16.9603525390625,0.212646484375,-0.9771575927734375,0.1164093017578125
1749568132052343800,16.97034375,0.2113037109375,-0.981414794921875,0.1169891357421875
1749568132062334700,16.980334716796875,0.2104034423828125,-0.981231689453125,0.124267578125
1749568132072326700,16.99032666015625,0.2121429443359375,-0.981048583984375,0.1294403076171875
1749568132082317800,17.00031787109375,0.215057373046875,-0.979095458984375,0.1272125244140625
1749568132092308700,17.010308837890626,0.2191619873046875,-0.9759368896484375,0.12261962890625
1749568132102299600,17.020299560546874,0.223846435546875,-0.9754791259765625,0.1187896728515625
1749568132112291800,17.030291748046874,0.2183380126953125,-0.9763946533203125,0.1172332763671875
1749568132122282800,17.04028271484375,0.216949462890625,-0.9772186279296875,0.11761474609375
1749568132132273700,17.050273681640626,0.217742919921875,-0.9762115478515625,0.114410400390625
1749568132142264800,17.060264892578125,0.2133636474609375,-0.97210693359375,0.111785888671875
1749568132152256800,17.0702568359375,0.2119140625,-0.9722900390625,0.1138153076171875
1749568132162247700,17.08024755859375,0.204925537109375,-0.9740142822265625,0.1147613525390625
1749568132172238800,17.09023876953125,0.199615478515625,-0.975677490234375,0.1168670654296875
1749568132182229800,17.100229736328124,0.20367431640625,-0.9809722900390625,0.1194610595703125
1749568132192222000,17.110221923828124,0.202606201171875,-0.9832305908203125,0.1179962158203125
1749568132202212900,17.120212890625,0.2034759521484375,-0.9788818359375,0.1203765869140625
1749568132212203800,17.130203857421876,0.2051544189453125,-0.97607421875,0.1230621337890625
1749568132222194700,17.140194580078123,0.20599365234375,-0.97821044921875,0.1234130859375
1749568132232187000,17.150186767578123,0.206634521484375,-0.9770660400390625,0.122039794921875
1749568132242177800,17.160177734375,0.2064208984375,-0.9753265380859375,0.1207122802734375
1749568132252168700,17.170168701171875,0.20654296875,-0.975982666015625,0.1194610595703125
1749568132262161000,17.180160888671875,0.2054443359375,-0.975250244140625,0.1185150146484375
1749568132272151800,17.19015185546875,0.206756591796875,-0.9762115478515625,0.115447998046875
1749568132282143000,17.20014306640625,0.2099151611328125,-0.9790191650390625,0.1087188720703125
1749568132292134000,17.2101337890625,0.2114105224609375,-0.978057861328125,0.105621337890625
1749568132302125600,17.22012548828125,0.2142791748046875,-0.9776458740234375,0.1099853515625
1749568132312116700,17.23011669921875,0.213623046875,-0.9772796630859375,0.1128387451171875
1749568132322108000,17.24010791015625,0.211517333984375,-0.976654052734375,0.114959716796875
1749568132332098800,17.250098876953125,0.2117156982421875,-0.9755401611328125,0.12066650390625
1749568132342090800,17.2600908203125,0.2080078125,-0.9748992919921875,0.1215667724609375
1749568132352081700,17.27008154296875,0.205352783203125,-0.9745330810546875,0.1209869384765625
1749568132362072800,17.28007275390625,0.2067718505859375,-0.9762115478515625,0.1206817626953125
1749568132372064000,17.29006396484375,0.209136962890625,-0.9786529541015625,0.116180419921875
1749568132382055700,17.3000556640625,0.2132568359375,-0.9830474853515625,0.112823486328125
1749568132392046600,17.310046630859375,0.2162628173828125,-0.983154296875,0.1126556396484375
1749568132402037800,17.320037841796875,0.2166900634765625,-0.979766845703125,0.1115875244140625
1749568132412028700,17.330028564453126,0.21661376953125,-0.97552490234375,0.1129913330078125
1749568132422020600,17.3400205078125,0.217742919921875,-0.9734039306640625,0.1191253662109375
1749568132432011800,17.35001171875,0.2163848876953125,-0.9739990234375,0.1218109130859375
1749568132442002700,17.360002685546874,0.2166595458984375,-0.9742431640625,0.1177215576171875
1749568132451993600,17.36999365234375,0.2204437255859375,-0.97509765625,0.1136474609375
1749568132461985800,17.37998583984375,0.2200164794921875,-0.97967529296875,0.107147216796875
1749568132471976700,17.389976806640625,0.2203826904296875,-0.979278564453125,0.10577392578125
1749568132481967600,17.399967529296877,0.2207489013671875,-0.9765472412109375,0.107940673828125
1749568132491959800,17.409959716796877,0.220977783203125,-0.9763031005859375,0.1100311279296875
1749568132501950700,17.41995068359375,0.221221923828125,-0.97845458984375,0.11224365234375
1749568132511941600,17.429941650390624,0.22259521484375,-0.9797821044921875,0.1161346435546875
1749568132521932800,17.439932861328124,0.224884033203125,-0.97900390625,0.1170501708984375
1749568132531924700,17.4499248046875,0.228302001953125,-0.9785308837890625,0.11700439453125
1749568132541915600,17.45991552734375,0.2253570556640625,-0.9761810302734375,0.1149139404296875
1749568132551906800,17.46990673828125,0.226104736328125,-0.973602294921875,0.111419677734375
1749568132561897700,17.479897705078123,0.2289886474609375,-0.9758453369140625,0.107879638671875
1749568132571890000,17.489889892578127,0.2282867431640625,-0.977783203125,0.1080780029296875
1749568132581880800,17.499880859375,0.2285614013671875,-0.9783477783203125,0.10791015625
1749568132591871700,17.509871826171874,0.2294769287109375,-0.9767913818359375,0.1078948974609375
1749568132601862700,17.519862548828126,0.2292938232421875,-0.97601318359375,0.1074981689453125
1749568132611854800,17.529854736328126,0.22869873046875,-0.9767913818359375,0.1055145263671875
1749568132621845800,17.539845703125,0.230499267578125,-0.9788970947265625,0.105499267578125
1749568132631836700,17.549836669921874,0.2303619384765625,-0.9776458740234375,0.10772705078125
1749568132641827800,17.559827880859373,0.2306060791015625,-0.974639892578125,0.11181640625
1749568132651819800,17.56981982421875,0.22998046875,-0.97662353515625,0.1168060302734375
1749568132661811000,17.57981103515625,0.22821044921875,-0.9786224365234375,0.12091064453125
1749568132671800800,17.58980078125,0.2289886474609375,-0.9794921875,0.121795654296875
1749568132681793000,17.59979296875,0.225189208984375,-0.978424072265625,0.1179046630859375
1749568132691784000,17.609783935546876,0.2219085693359375,-0.9779815673828125,0.1136627197265625
1749568132701774800,17.61977490234375,0.2193145751953125,-0.9776611328125,0.1080474853515625
1749568132711766000,17.62976611328125,0.21826171875,-0.97607421875,0.106903076171875
1749568132721758000,17.639758056640623,0.2192535400390625,-0.9777679443359375,0.10894775390625
1749568132731748900,17.649748779296875,0.2235870361328125,-0.9821014404296875,0.110565185546875
1749568132741740000,17.659739990234375,0.2246551513671875,-0.9821929931640625,0.11224365234375
1749568132751731000,17.66973095703125,0.226226806640625,-0.9785614013671875,0.1101531982421875
1749568132761723000,17.679722900390626,0.2248077392578125,-0.97607421875,0.108062744140625
1749568132771714000,17.689714111328126,0.2218017578125,-0.972686767578125,0.107330322265625
1749568132781705000,17.699705078125,0.2201995849609375,-0.9719390869140625,0.10748291015625
1749568132791696000,17.70969580078125,0.2161102294921875,-0.9732208251953125,0.110137939453125
1749568132801688000,17.71968798828125,0.217010498046875,-0.97802734375,0.1109161376953125
1749568132811679000,17.729678955078125,0.218658447265625,-0.982177734375,0.108856201171875
1749568132821670000,17.739669921875,0.221435546875,-0.98175048828125,0.1103515625
1749568132831661000,17.7496611328125,0.2210845947265625,-0.97967529296875,0.110687255859375
1749568132841653000,17.759653076171876,0.218231201171875,-0.978363037109375,0.1107940673828125
1749568132851644000,17.769643798828124,0.21612548828125,-0.9736328125,0.1115570068359375
1749568132861635000,17.779635009765624,0.2101287841796875,-0.9722747802734375,0.110809326171875
1749568132871626800,17.789626708984375,0.204193115234375,-0.9726715087890625,0.1102294921875
1749568132881617700,17.79961767578125,0.205596923828125,-0.9730987548828125,0.1138916015625
1749568132891608800,17.80960888671875,0.2084197998046875,-0.9817657470703125,0.114166259765625
1749568132901600000,17.81960009765625,0.2078857421875,-0.9863433837890625,0.1089324951171875
1749568132911592000,17.829592041015626,0.212310791015625,-0.9847259521484375,0.10394287109375
1749568132921582800,17.839582763671874,0.2206573486328125,-0.97802734375,0.1038360595703125
1749568132931573800,17.84957373046875,0.2179412841796875,-0.97344970703125,0.1044158935546875
1749568132941564700,17.859564697265625,0.21563720703125,-0.9743499755859375,0.1066741943359375
1749568132951556900,17.869556884765625,0.2119140625,-0.97381591796875,0.1100006103515625
1749568132961547800,17.8795478515625,0.20916748046875,-0.9764251708984375,0.1118927001953125
1749568132971538700,17.88953857421875,0.20941162109375,-0.977813720703125,0.110565185546875
1749568132981529900,17.89952978515625,0.2114715576171875,-0.974853515625,0.1081085205078125
1749568132991521800,17.909521728515625,0.213134765625,-0.9761199951171875,0.1047515869140625
1749568133001513000,17.919512939453124,0.215179443359375,-0.9745635986328125,0.1052093505859375
1749568133011503900,17.92950390625,0.2174224853515625,-0.980377197265625,0.1062774658203125
1749568133021494800,17.939494873046876,0.21337890625,-0.99224853515625,0.122314453125
1749568133031487000,17.949487060546875,0.202880859375,-0.9857025146484375,0.13421630859375
1749568133041478000,17.959477783203123,0.202239990234375,-0.973388671875,0.1325225830078125
1749568133051468800,17.96946875,0.20697021484375,-0.9674835205078125,0.1291046142578125
1749568133061461000,17.9794609375,0.203704833984375,-0.9736480712890625,0.1238861083984375
1749568133071452000,17.989451904296875,0.20245361328125,-0.97979736328125,0.120819091796875
1749568133081442800,17.99944287109375,0.2054901123046875,-0.9778289794921875,0.1174468994140625
1749568133091434000,18.00943408203125,0.2057952880859375,-0.969940185546875,0.1130828857421875
1749568133101426000,18.019426025390626,0.2034759521484375,-0.964019775390625,0.1127471923828125
1749568133111416800,18.029416748046874,0.1995697021484375,-0.9716033935546875,0.11407470703125
1749568133121408000,18.039407958984373,0.2047882080078125,-0.991424560546875,0.11383056640625
1749568133131399000,18.04939892578125,0.203826904296875,-0.9926300048828125,0.1178436279296875
1749568133141390800,18.059390869140625,0.198822021484375,-0.985748291015625,0.11798095703125
1749568133151382000,18.069382080078125,0.2064361572265625,-0.9869232177734375,0.1180877685546875
1749568133161373000,18.079373046875,0.21014404296875,-0.9866180419921875,0.1208648681640625
1749568133171363800,18.08936376953125,0.20599365234375,-0.9827117919921875,0.1239776611328125
1749568133181356000,18.09935595703125,0.204376220703125,-0.9772186279296875,0.1257781982421875
1749568133191347000,18.109346923828124,0.2070770263671875,-0.9743194580078125,0.126068115234375
1749568133201337900,18.119337890625,0.209716796875,-0.978729248046875,0.1240386962890625
1749568133211329000,18.1293291015625,0.2113189697265625,-0.98150634765625,0.123565673828125
1749568133221321000,18.139321044921875,0.2111053466796875,-0.980865478515625,0.1199951171875
1749568133231312000,18.149311767578126,0.209625244140625,-0.9796295166015625,0.11553955078125
1749568133241303000,18.159302978515626,0.208343505859375,-0.97784423828125,0.1190032958984375
1749568133251294000,18.1692939453125,0.20599365234375,-0.9797515869140625,0.124755859375
1749568133261286000,18.179285888671874,0.2074737548828125,-0.9864959716796875,0.12847900390625
1749568133271277000,18.189277099609374,0.2072296142578125,-0.9915618896484375,0.1331329345703125
1749568133281268000,18.19926806640625,0.20367431640625,-0.9927978515625,0.1402435302734375
1749568133291260000,18.209260009765625,0.2040252685546875,-0.99127197265625,0.144012451171875
1749568133301250800,18.219250732421877,0.20263671875,-0.9882659912109375,0.1418609619140625
1749568133311242000,18.229241943359376,0.1989288330078125,-0.9854736328125,0.1381683349609375
1749568133321233000,18.23923291015625,0.194305419921875,-0.983184814453125,0.13323974609375
1749568133331224800,18.249224853515624,0.190948486328125,-0.9825286865234375,0.13250732421875
1749568133341215700,18.2592158203125,0.1881866455078125,-0.9852142333984375,0.135833740234375
1749568133351206700,18.26920654296875,0.191986083984375,-0.9864501953125,0.1419219970703125
1749568133361197800,18.27919775390625,0.1935577392578125,-0.9880828857421875,0.1460723876953125
1749568133371189800,18.289189697265623,0.1895751953125,-0.992584228515625,0.1519317626953125
1749568133381181000,18.299180908203127,0.1847381591796875,-0.989166259765625,0.154693603515625
1749568133391171800,18.309171875,0.17669677734375,-0.9814300537109375,0.1506195068359375
1749568133401162800,18.319162841796874,0.173431396484375,-0.9744720458984375,0.143798828125
1749568133411155000,18.329155029296874,0.168914794921875,-0.97601318359375,0.1416778564453125
1749568133421145900,18.339145751953126,0.1584014892578125,-0.9832000732421875,0.139678955078125
1749568133431136800,18.34913671875,0.1534423828125,-0.9892425537109375,0.137054443359375
1749568133441129000,18.35912890625,0.15228271484375,-0.994384765625,0.1400146484375
1749568133451119900,18.369119873046873,0.1475067138671875,-0.9934234619140625,0.143646240234375
1749568133461110800,18.37911083984375,0.13970947265625,-0.9861907958984375,0.1474609375
1749568133471102000,18.38910205078125,0.1295166015625,-0.9785919189453125,0.1488037109375
1749568133481094000,18.399093994140625,0.120574951171875,-0.983245849609375,0.1457672119140625
1749568133491084800,18.409084716796876,0.1127777099609375,-0.99884033203125,0.1476898193359375
1749568133501076000,18.419075927734376,0.104339599609375,-0.99835205078125,0.15179443359375
1749568133511067000,18.42906689453125,0.0996856689453125,-0.9825286865234375,0.148345947265625
1749568133521058800,18.439058837890624,0.09375,-0.9767303466796875,0.142303466796875
1749568133531050000,18.449050048828123,0.0904083251953125,-0.98046875,0.141510009765625
1749568133541041000,18.459041015625,0.087799072265625,-0.9815826416015625,0.1364898681640625
1749568133551031800,18.46903173828125,0.0886688232421875,-0.9870452880859375,0.133148193359375
1749568133561024000,18.47902392578125,0.086181640625,-0.9915313720703125,0.1368560791015625
1749568133571015000,18.489014892578126,0.07733154296875,-0.98974609375,0.1365814208984375
1749568133581005800,18.499005859375,0.0749969482421875,-0.9875030517578125,0.1320953369140625
1749568133590997000,18.5089970703125,0.07318115234375,-0.9853057861328125,0.1300506591796875
1749568133600989000,18.518989013671874,0.0684356689453125,-0.9840545654296875,0.1298065185546875
1749568133610979800,18.528979736328125,0.0657501220703125,-0.9842376708984375,0.1308746337890625
1749568133620971000,18.538970947265625,0.0594482421875,-0.987762451171875,0.1295013427734375
1749568133630962000,18.5489619140625,0.0587310791015625,-0.9922637939453125,0.13006591796875
1749568133640953900,18.558953857421876,0.0656585693359375,-0.9928436279296875,0.13385009765625
1749568133650945000,18.568945068359376,0.065032958984375,-0.9899749755859375,0.1358642578125
1749568133660936000,18.57893603515625,0.05841064453125,-0.985443115234375,0.138153076171875
1749568133670928100,18.58892822265625,0.0533294677734375,-0.9834442138671875,0.1383819580078125
1749568133680919300,18.598919189453124,0.0484771728515625,-0.9872894287109375,0.1392974853515625
1749568133690910500,18.608910400390624,0.04547119140625,-0.9913482666015625,0.13861083984375
1749568133700901400,18.6189013671875,0.044708251953125,-0.994781494140625,0.141571044921875
1749568133710893300,18.628893310546875,0.0461273193359375,-0.9943084716796875,0.143524169921875
1749568133720884200,18.63888427734375,0.0502471923828125,-0.993743896484375,0.14154052734375
1749568133730875100,18.648875244140626,0.0516815185546875,-0.9938507080078125,0.1386260986328125
1749568133740866300,18.6588662109375,0.0511627197265625,-0.992706298828125,0.14263916015625
1749568133750858200,18.668858154296874,0.050323486328125,-0.9894256591796875,0.151519775390625
1749568133760849200,18.67884912109375,0.059600830078125,-0.9498443603515625,0.164764404296875
1749568133770840300,18.68884033203125,0.055145263671875,-0.9884185791015625,0.11773681640625
1749568133780831200,18.698831298828125,0.0678253173828125,-0.99560546875,0.1780853271484375
1749568133790823200,18.7088232421875,0.071014404296875,-0.999176025390625,0.186737060546875
1749568133800814300,18.718814453125,0.0305633544921875,-1.0390167236328125,0.1182098388671875
1749568133810805200,18.72880517578125,0.0571441650390625,-0.990447998046875,0.145416259765625
1749568133820796200,18.738796142578124,0.0606842041015625,-1.014678955078125,0.14447021484375
1749568133830788400,18.748788330078124,0.0056610107421875,-0.9959869384765625,0.1423187255859375
1749568133840779300,18.758779296875,0.0231781005859375,-0.961822509765625,0.1986541748046875
1749568133850770200,18.768770263671875,0.028656005859375,-0.9833984375,0.1807098388671875
1749568133860762400,18.778762451171875,0.011627197265625,-0.9393157958984375,0.0614776611328125
1749568133870753300,18.788753173828123,0.0154876708984375,-0.9881134033203125,-0.0238037109375
1749568133880744200,18.798744140625,0.032196044921875,-1.05413818359375,0.0490875244140625
1749568133890735400,18.8087353515625,-0.005401611328125,-1.0382080078125,0.1195068359375
1749568133900727300,18.818727294921874,-0.06158447265625,-1.016448974609375,0.1711578369140625
1749568133910718200,18.82871826171875,-0.0531158447265625,-0.984619140625,0.178192138671875
1749568133920709400,18.83870947265625,-0.020477294921875,-1.0059967041015625,0.1688385009765625
1749568133930700300,18.8487001953125,-0.01446533203125,-1.0337066650390625,0.1603851318359375
1749568133940692500,18.8586923828125,-0.019622802734375,-1.0252532958984375,0.1460418701171875
1749568133950683400,18.868683349609373,-0.012603759765625,-1.0652923583984375,0.1335601806640625
1749568133960674300,18.87867431640625,0.0010223388671875,-1.08941650390625,0.172821044921875
1749568133970665200,18.888665283203125,-0.0020904541015625,-1.060577392578125,0.21234130859375
1749568133980657400,18.898657470703125,0.0129241943359375,-0.96148681640625,0.241729736328125
1749568133990648300,18.9086484375,0.000732421875,-0.9528656005859375,0.208984375
1749568134000639200,18.91863916015625,0.0120697021484375,-1.0081787109375,0.1805267333984375
1749568134010630400,18.92863037109375,0.0479888916015625,-0.91595458984375,0.204254150390625
1749568134020622300,18.938622314453124,0.0055694580078125,-0.960723876953125,0.1196746826171875
1749568134030613500,18.948613525390623,-0.0031585693359375,-1.0970916748046875,0.08892822265625
1749568134040604400,18.9586044921875,0.045318603515625,-1.0662689208984375,0.16668701171875
1749568134050596400,18.968596435546875,0.0558319091796875,-0.8721466064453125,0.189849853515625
1749568134060587500,18.97858740234375,0.0228271484375,-0.8253173828125,0.144195556640625
1749568134070578400,18.988578369140626,0.048431396484375,-0.73919677734375,0.1388702392578125
1749568134080569300,18.9985693359375,0.017242431640625,-0.6724853515625,0.106048583984375
1749568134090561300,19.008561279296874,-0.0641021728515625,-1.0006103515625,0.013092041015625
1749568134100552400,19.018552490234374,-0.0219879150390625,-1.20721435546875,0.1119384765625
1749568134110543400,19.02854345703125,0.0098724365234375,-1.1955413818359375,0.2420196533203125
1749568134120534500,19.038534423828125,-0.000335693359375,-1.1384429931640625,0.1805419921875
1749568134130526200,19.048526123046877,-0.00201416015625,-1.0816650390625,0.0806884765625
1749568134140517000,19.05851708984375,-0.0113677978515625,-0.9784088134765625,0.100006103515625
1749568134150508300,19.06850830078125,-0.0303497314453125,-0.95355224609375,0.1349029541015625
1749568134160499500,19.07849951171875,-0.0298614501953125,-0.9652252197265625,0.190948486328125
1749568134170491100,19.0884912109375,-0.0483551025390625,-1.0112762451171875,0.2129058837890625
1749568134180482300,19.098482421875,-0.060394287109375,-1.016082763671875,0.208648681640625
1749568134190473200,19.10847314453125,-0.0367584228515625,-1.0658416748046875,0.192108154296875
1749568134200464100,19.118464111328127,-0.023468017578125,-1.0735015869140625,0.174072265625
1749568134210456300,19.128456298828127,-0.03363037109375,-1.072601318359375,0.151885986328125
1749568134220447200,19.138447265625,-0.03204345703125,-1.097808837890625,0.1540374755859375
1749568134230438100,19.148438232421874,-0.020050048828125,-1.0819091796875,0.161773681640625
1749568134240429300,19.15842919921875,-0.016204833984375,-1.0466156005859375,0.1495819091796875
1749568134250421200,19.168421142578126,-0.00311279296875,-0.99871826171875,0.13824462890625
1749568134260412200,19.178412109375,-0.01678466796875,-0.9462432861328125,0.1478271484375
1749568134270403300,19.1884033203125,0.0305938720703125,-1.02691650390625,0.098358154296875
1749568134280394200,19.198394287109377,-0.0129547119140625,-0.8397064208984375,0.1087493896484375
1749568134290386200,19.20838623046875,-0.03656005859375,-0.7852630615234375,0.135345458984375
1749568134300377300,19.21837744140625,-0.00262451171875,-0.969207763671875,0.1059417724609375
1749568134310368300,19.2283681640625,0.04632568359375,-0.9771270751953125,0.1178741455078125
1749568134320360400,19.2383603515625,0.03369140625,-0.710113525390625,0.0735321044921875
1749568134330351400,19.248351318359376,0.0106353759765625,-0.93963623046875,-0.0882568359375
1749568134340342300,19.25834228515625,0.0369873046875,-1.1710205078125,0.00726318359375
1749568134350333200,19.268333251953123,-0.073822021484375,-1.10809326171875,0.0589447021484375
1749568134360325400,19.278325439453123,-0.0189056396484375,-1.037353515625,0.0642242431640625
1749568134370316300,19.28831640625,0.0515289306640625,-0.9216766357421875,0.0268402099609375
1749568134380307200,19.29830712890625,0.0392303466796875,-0.8999481201171875,0.004913330078125
1749568134390298400,19.30829833984375,0.0288848876953125,-0.979949951171875,0.03985595703125
1749568134400290300,19.318290283203126,0.004730224609375,-1.100250244140625,0.0499114990234375
1749568134410281500,19.328281494140626,0.0517730712890625,-0.884765625,0.133514404296875
1749568134420272400,19.3382724609375,0.0089263916015625,-0.8683319091796875,0.1199188232421875
1749568134430263300,19.34826318359375,-0.018890380859375,-1.021209716796875,0.058502197265625
1749568134440255500,19.35825537109375,-0.0159149169921875,-1.150909423828125,0.06475830078125
1749568134450246400,19.368246337890625,-0.0191650390625,-1.121185302734375,0.097625732421875
1749568134460237300,19.3782373046875,-0.019775390625,-1.0266571044921875,0.1764984130859375
1749568134470228200,19.388228271484376,-0.0208282470703125,-1.0006561279296875,0.1779022216796875
1749568134480220400,19.398220458984376,-0.0196533203125,-0.944091796875,0.133941650390625
1749568134490211300,19.40821142578125,0.005401611328125,-0.939056396484375,0.0728759765625
1749568134500202500,19.418202392578124,0.0263214111328125,-0.951324462890625,0.077789306640625
1749568134510193400,19.428193359375,0.0010528564453125,-0.96331787109375,0.1318359375
1749568134520185300,19.438185302734375,-0.008941650390625,-0.97637939453125,0.1670074462890625
1749568134530176500,19.448176513671875,-0.0269622802734375,-1.0252227783203125,0.142791748046875
1749568134540167400,19.45816748046875,-0.0534210205078125,-1.0461883544921875,0.118408203125
1749568134550158300,19.468158447265626,-0.0383758544921875,-1.0246429443359375,0.1410675048828125
1749568134560150300,19.478150390625,-0.0198974609375,-1.036163330078125,0.1242828369140625
1749568134570141400,19.488141357421874,-0.029571533203125,-1.0150146484375,0.1143646240234375
1749568134580132400,19.49813232421875,-0.0400543212890625,-0.9837646484375,0.131500244140625
1749568134590123500,19.50812353515625,-0.0145721435546875,-0.958526611328125,0.1379852294921875
1749568134600115200,19.518115234375,-0.0216217041015625,-0.9772186279296875,0.1273040771484375
1749568134610106000,19.528106201171877,-0.0171356201171875,-0.9758453369140625,0.110809326171875
1749568134620097300,19.53809716796875,-0.0318756103515625,-0.97613525390625,0.100494384765625
1749568134630088400,19.54808837890625,-0.03936767578125,-0.9705657958984375,0.1248931884765625
1749568134640080100,19.558080078125,-0.0401458740234375,-0.986724853515625,0.1021728515625
1749568134650071300,19.5680712890625,-0.026214599609375,-0.9914093017578125,0.066253662109375
1749568134660062200,19.578062255859376,-0.0179443359375,-0.96490478515625,0.065093994140625
1749568134670053000,19.58805322265625,-0.0193328857421875,-0.9602813720703125,0.0487213134765625
1749568134680044500,19.59804443359375,-0.0150604248046875,-0.96368408203125,0.017242431640625
1749568134690035500,19.608035400390627,-0.01947021484375,-0.955230712890625,0.0179595947265625
1749568134700026600,19.618026611328126,-0.028594970703125,-0.9627685546875,0.0418853759765625
1749568134710018600,19.6280185546875,-0.0060577392578125,-0.85760498046875,0.0802154541015625
1749568134720009500,19.638009521484374,-0.06634521484375,-0.8246307373046875,0.1189117431640625
1749568134730000600,19.648000732421874,-0.12615966796875,-1.153106689453125,0.0505828857421875
1749568134739991600,19.657991455078125,-0.059478759765625,-1.2991943359375,-0.021331787109375
1749568134749983500,19.6679833984375,-0.0332489013671875,-1.019989013671875,0.149658203125
1749568134759974700,19.677974609375,-0.05401611328125,-0.818084716796875,0.2490386962890625
1749568134769965600,19.687965576171877,-0.0806884765625,-0.9327850341796875,0.172332763671875
1749568134779956500,19.69795654296875,-0.034698486328125,-0.96588134765625,0.2046661376953125
1749568134789948700,19.70794873046875,-0.0682830810546875,-0.9749298095703125,0.188690185546875
1749568134799939600,19.717939697265624,-0.0506591796875,-0.99835205078125,0.17279052734375
1749568134809930500,19.727930419921876,-0.0400543212890625,-1.0001678466796875,0.1345367431640625
1749568134819921700,19.737921630859375,-0.0428466796875,-1.012603759765625,0.1046295166015625
1749568134829913600,19.74791357421875,-0.04119873046875,-1.01654052734375,0.0927581787109375
1749568134839904500,19.757904541015623,-0.03887939453125,-1.018341064453125,0.0915985107421875
1749568134849895700,19.767895751953127,-0.03497314453125,-1.0334014892578125,0.0975799560546875
1749568134859886600,19.777886474609375,-0.0361175537109375,-1.0430755615234375,0.105499267578125
1749568134869878500,19.78787841796875,-0.045501708984375,-1.0166473388671875,0.1087646484375
1749568134879869700,19.79786962890625,-0.043426513671875,-0.9914093017578125,0.1021270751953125
1749568134889860600,19.807860595703126,-0.0389862060546875,-0.9820556640625,0.086822509765625
1749568134899851500,19.8178515625,-0.0464019775390625,-0.9684906005859375,0.08416748046875
1749568134909843700,19.82784375,-0.0565185546875,-0.967559814453125,0.0922088623046875
1749568134919834600,19.837834716796873,-0.0652313232421875,-0.975830078125,0.0997467041015625
1749568134929825500,19.847825439453125,-0.068511962890625,-0.9898681640625,0.1102752685546875
1749568134939816700,19.857816650390625,-0.0651397705078125,-1.00738525390625,0.115814208984375
1749568134949808600,19.86780859375,-0.0651702880859375,-1.016998291015625,0.11468505859375
1749568134959799600,19.877799560546876,-0.064178466796875,-1.0078887939453125,0.1171875
1749568134969790700,19.887790771484376,-0.057159423828125,-0.9962921142578125,0.1165313720703125
1749568134979781600,19.89778173828125,-0.0478363037109375,-0.9947967529296875,0.106292724609375
1749568134989773800,19.90777392578125,-0.0454864501953125,-0.9822540283203125,0.107818603515625
1749568134999764700,19.9177646484375,-0.0431060791015625,-0.983184814453125,0.10833740234375
1749568135009755600,19.927755615234375,-0.0423583984375,-0.996307373046875,0.1050567626953125
1749568135019746600,19.93774658203125,-0.03314208984375,-1.0123138427734375,0.102691650390625
1749568135029738800,19.94773876953125,-0.03363037109375,-1.03094482421875,0.1102142333984375
1749568135039729700,19.957729736328126,-0.0353851318359375,-1.0310516357421875,0.111663818359375
1749568135049720800,19.967720947265626,-0.0399017333984375,-1.0233154296875,0.112548828125
1749568135059711700,19.977711669921874,-0.0335235595703125,-0.9777069091796875,0.1202850341796875
1749568135069703700,19.98770361328125,-0.033538818359375,-0.9434814453125,0.1124725341796875
1749568135079694800,19.99769482421875,-0.037261962890625,-0.9767303466796875,0.0677032470703125
1749568135089685800,20.007685791015625,-0.0447235107421875,-0.997161865234375,0.04193115234375
1749568135099676700,20.0176767578125,-0.05218505859375,-0.990966796875,0.084197998046875
1749568135109668600,20.027668701171876,-0.059783935546875,-0.9965057373046875,0.14349365234375
1749568135119659800,20.03765966796875,-0.0614166259765625,-1.0039215087890625,0.170562744140625
1749568135129650700,20.047650634765624,-0.062591552734375,-0.994903564453125,0.1418914794921875
1749568135139641900,20.057641845703124,-0.058380126953125,-0.9680938720703125,0.1092376708984375
1749568135149633500,20.067633544921875,-0.0576171875,-0.975921630859375,0.119293212890625
1749568135159624700,20.077624755859375,-0.0661773681640625,-0.968353271484375,0.09747314453125
1749568135169616000,20.087615966796875,-0.0772705078125,-0.971527099609375,0.0971832275390625
1749568135179606800,20.097606689453126,-0.07855224609375,-1.001373291015625,0.1050872802734375
1749568135189598500,20.107598388671875,-0.0539093017578125,-1.0340728759765625,0.080535888671875
1749568135199589600,20.117589599609374,-0.0490570068359375,-1.0546112060546875,0.083099365234375
1749568135209580500,20.12758056640625,-0.0585479736328125,-1.0423583984375,0.103363037109375
1749568135219571700,20.13757177734375,-0.062530517578125,-1.016204833984375,0.1146392822265625
1749568135229563600,20.147563720703126,-0.053070068359375,-1.02020263671875,0.0951385498046875
1749568135239554600,20.157554443359373,-0.0279388427734375,-1.035003662109375,0.0751190185546875
1749568135249545500,20.16754541015625,-0.0157623291015625,-1.018310546875,0.07257080078125
1749568135259536600,20.17753662109375,-0.0345306396484375,-1.0043792724609375,0.071014404296875
1749568135269528600,20.187528564453125,-0.054351806640625,-1.0072479248046875,0.089813232421875
1749568135279519500,20.19751953125,-0.0538177490234375,-0.991485595703125,0.0963592529296875
1749568135289510700,20.2075107421875,-0.04254150390625,-1.008026123046875,0.08917236328125
1749568135299501600,20.21750146484375,-0.07647705078125,-1.1059417724609375,0.033721923828125
1749568135309493500,20.227493408203124,-0.0052032470703125,-0.959197998046875,0.135162353515625
1749568135319484700,20.237484619140623,-0.0800018310546875,-0.952362060546875,0.3018798828125
1749568135329475600,20.2474755859375,-0.074249267578125,-0.989013671875,0.242919921875
1749568135339466500,20.257466552734375,-0.0380401611328125,-0.9827728271484375,0.063812255859375
1749568135349458700,20.267458740234375,-0.075439453125,-0.981414794921875,0.0879058837890625
1749568135359449600,20.27744970703125,-0.06158447265625,-0.937347412109375,0.1225738525390625
1749568135369440500,20.2874404296875,-0.0513916015625,-0.938446044921875,0.1279754638671875
1749568135379431700,20.297431640625,-0.07513427734375,-0.954742431640625,0.079315185546875
1749568135389423600,20.307423583984374,-0.0577392578125,-0.958038330078125,0.0353546142578125
1749568135399414500,20.31741455078125,-0.0499114990234375,-0.9844512939453125,0.0562591552734375
1749568135409405700,20.32740576171875,-0.020355224609375,-1.00579833984375,0.0920257568359375
1749568135419396600,20.337396728515625,-0.026458740234375,-1.0113067626953125,0.103485107421875
1749568135429388800,20.347388916015625,-0.03863525390625,-0.990234375,0.0839996337890625
1749568135439379700,20.357379638671876,-0.0460205078125,-0.9741668701171875,0.069854736328125
1749568135449370600,20.36737060546875,-0.03326416015625,-0.9840240478515625,0.0749664306640625
1749568135459361500,20.377361572265624,-0.0194244384765625,-1.0051727294921875,0.0873870849609375
1749568135469353700,20.387353759765624,-0.0406036376953125,-1.011688232421875,0.097930908203125
1749568135479344600,20.3973447265625,-0.045135498046875,-1.00213623046875,0.1118316650390625
1749568135489335600,20.40733544921875,-0.0308990478515625,-1.0256500244140625,0.1071624755859375
1749568135499326700,20.41732666015625,-0.025726318359375,-1.0517120361328125,0.11846923828125
1749568135509318700,20.427318603515626,-0.007781982421875,-1.031890869140625,0.2023162841796875
1749568135519309800,20.437309814453126,-0.0487060546875,-1.0157928466796875,0.2840423583984375
1749568135529300700,20.44730078125,-0.0555572509765625,-1.0142974853515625,0.2613372802734375
1749568135539291600,20.457291748046874,-0.048095703125,-1.01141357421875,0.1490325927734375
1749568135549283800,20.467283935546874,-0.1110382080078125,-1.05181884765625,0.08587646484375
1749568135559274800,20.477274658203125,-0.4225311279296875,-1.172119140625,-0.0144195556640625
1749568135569265700,20.487265625,-0.4368438720703125,-1.4410858154296875,-0.100250244140625
1749568135579256600,20.497256591796877,0.549072265625,-2.896087646484375,0.280792236328125
1749568135589248800,20.507248779296877,0.1199798583984375,-1.28680419921875,-0.566162109375
1749568135599239700,20.51723974609375,0.4246063232421875,-1.87310791015625,-0.80731201171875
1749568135609230800,20.52723095703125,0.3885650634765625,-1.659912109375,-0.684814453125
1749568135619221800,20.5372216796875,-0.292724609375,-1.150482177734375,-0.285552978515625
1749568135629213700,20.547213623046876,-0.675079345703125,-1.124542236328125,0.2371063232421875
1749568135639204900,20.557204833984375,-0.18438720703125,-1.0046539306640625,0.2025909423828125
1749568135649195800,20.56719580078125,0.1929931640625,-0.58453369140625,0.204498291015625
1749568135659187500,20.5771875,0.292877197265625,-0.5073089599609375,0.3399658203125
1749568135669178600,20.5871787109375,0.298126220703125,-0.479156494140625,0.47967529296875
1749568135679170300,20.59717041015625,0.2509613037109375,-0.294952392578125,0.619049072265625
1749568135689161200,20.6071611328125,0.0574188232421875,-0.1274261474609375,0.742034912109375
1749568135699152100,20.617152099609374,-0.44012451171875,-0.1689605712890625,0.6754913330078125
1749568135709144300,20.627144287109374,-0.502716064453125,-0.5542755126953125,0.3232421875
1749568135719135200,20.63713525390625,-0.166259765625,-0.72711181640625,0.3435211181640625
1749568135729126100,20.647126220703125,-0.0597991943359375,-0.7299041748046875,0.4286956787109375
1749568135739117300,20.657117431640625,0.0277557373046875,-0.762298583984375,0.304656982421875
1749568135749109200,20.667109130859377,0.106964111328125,-0.8595123291015625,0.222015380859375
1749568135759100200,20.67710009765625,0.0676727294921875,-0.88897705078125,0.151947021484375
1749568135769091300,20.68709130859375,-0.0135345458984375,-0.9237213134765625,0.099365234375
1749568135779083300,20.697083251953124,-0.1563568115234375,-1.0500030517578125,-0.0908355712890625
1749568135789074400,20.707074462890624,-0.244110107421875,-1.1461334228515625,-0.228271484375
1749568135799065300,20.7170654296875,-0.2288970947265625,-1.090576171875,-0.1429290771484375
1749568135809056300,20.72705615234375,-0.199310302734375,-1.03997802734375,-0.0263824462890625
1749568135819048400,20.73704833984375,-0.156158447265625,-1.09637451171875,-0.0569000244140625
1749568135829039400,20.747039306640627,-0.0777740478515625,-1.0991668701171875,-0.08319091796875
1749568135839030300,20.7570302734375,-0.0655975341796875,-1.0823822021484375,-0.1028594970703125
1749568135849021200,20.767021240234374,-0.099945068359375,-1.073028564453125,-0.1031341552734375
1749568135859013400,20.777013427734374,-0.11895751953125,-1.055633544921875,-0.0789947509765625
1749568135869004300,20.78700439453125,-0.110504150390625,-1.05914306640625,-0.0694122314453125
1749568135878995500,20.796995361328126,-0.096282958984375,-1.066070556640625,-0.069915771484375
1749568135888986400,20.806986328125,-0.085052490234375,-1.06817626953125,-0.0633544921875
1749568135898978300,20.816978271484373,-0.089996337890625,-1.079498291015625,-0.0457611083984375
1749568135908969500,20.826969482421877,-0.0886077880859375,-1.0867156982421875,-0.0161285400390625
1749568135918960400,20.83696044921875,-0.09576416015625,-1.09033203125,0.0357818603515625
1749568135928951300,20.846951416015624,-0.09442138671875,-1.095947265625,0.0782623291015625
1749568135938943500,20.856943603515624,-0.0702667236328125,-1.070892333984375,0.097564697265625
1749568135948934400,20.866934326171876,-0.027679443359375,-1.04388427734375,0.1533050537109375
1749568135958925300,20.87692529296875,0.08892822265625,-1.031646728515625,0.2658843994140625
1749568135968916500,20.88691650390625,0.027130126953125,-0.97332763671875,0.1027679443359375
1749568135978908400,20.896908447265623,0.046295166015625,-1.0170135498046875,0.10382080078125
1749568135988899300,20.9068994140625,-0.0071563720703125,-1.0026092529296875,0.0801239013671875
1749568135998890500,20.916890380859375,-0.130615234375,-0.977691650390625,0.0639190673828125
1749568136008881400,20.92688134765625,-0.207183837890625,-0.9952850341796875,0.05755615234375
1749568136018873000,20.936873046875,-0.22674560546875,-1.00048828125,0.0363616943359375
1749568136028864300,20.9468642578125,-0.19683837890625,-0.9588165283203125,0.0252685546875
1749568136038855400,20.95685546875,-0.1424560546875,-0.9311981201171875,0.028411865234375
1749568136048846300,20.966846435546874,-0.118743896484375,-0.917816162109375,0.043853759765625
1749568136058838300,20.97683837890625,-0.1750335693359375,-0.9280853271484375,0.0998077392578125
1749568136068829200,20.9868291015625,-0.212738037109375,-0.953765869140625,0.1326751708984375
1749568136078820400,20.9968203125,-0.0718231201171875,-0.897186279296875,-0.010711669921875
1749568136088811500,21.0068115234375,-0.1508026123046875,-0.9807586669921875,-0.023834228515625
1749568136098802400,21.016802490234376,-0.199066162109375,-1.0234527587890625,0.005218505859375
1749568136108794000,21.026794189453124,-0.1925201416015625,-1.0101470947265625,0.009796142578125
1749568136118785300,21.036785400390624,-0.1808319091796875,-1.004913330078125,-0.004791259765625
1749568136128776200,21.046776123046875,-0.1773529052734375,-0.99859619140625,0.001373291015625
1749568136138768100,21.05676806640625,-0.208648681640625,-0.9890594482421875,0.0132598876953125
1749568136148759300,21.06675927734375,-0.2398223876953125,-0.98431396484375,0.0098419189453125
1749568136158750200,21.076750244140626,-0.2527923583984375,-0.9667205810546875,0.0140380859375
1749568136168741000,21.0867412109375,-0.2678070068359375,-0.95220947265625,0.01287841796875
1749568136178732300,21.096732177734374,-0.280059814453125,-0.95751953125,0.0030670166015625
1749568136188724200,21.10672412109375,-0.2734527587890625,-0.9850006103515625,0.002960205078125
1749568136198715100,21.116715087890626,-0.264984130859375,-1.010162353515625,0.007232666015625
1749568136208706300,21.126706298828125,-0.2588958740234375,-1.0136260986328125,0.010986328125
1749568136218697200,21.136697265625,-0.256256103515625,-1.0045623779296875,0.0192108154296875
1749568136228689200,21.146689208984377,-0.2476043701171875,-0.97674560546875,0.0242156982421875
1749568136238680300,21.156680419921877,-0.237640380859375,-0.9473876953125,0.0145416259765625
1749568136248671200,21.166671142578124,-0.2322540283203125,-0.9271240234375,0.002716064453125
1749568136258662100,21.176662109375,-0.228424072265625,-0.9114990234375,0.0061492919921875
1749568136268654300,21.186654296875,-0.2352447509765625,-0.904571533203125,0.01690673828125
1749568136278645200,21.196645263671876,-0.253265380859375,-0.9137115478515625,0.0254364013671875
1749568136288636200,21.20663623046875,-0.2689208984375,-0.9390869140625,0.026336669921875
1749568136298627300,21.21662744140625,-0.2799530029296875,-0.960205078125,0.025970458984375
1749568136308619300,21.226619384765623,-0.2736968994140625,-0.9588165283203125,0.03375244140625
1749568136318610400,21.2366103515625,-0.2646331787109375,-0.940673828125,0.037200927734375
1749568136328601300,21.246601318359374,-0.2595062255859375,-0.9332427978515625,0.0322265625
1749568136338592300,21.25659228515625,-0.2628021240234375,-0.9261474609375,0.02508544921875
1749568136348584400,21.26658447265625,-0.27099609375,-0.914764404296875,0.02374267578125
1749568136358575400,21.276575439453126,-0.3140716552734375,-0.91973876953125,0.027099609375
1749568136368566300,21.286566162109374,-0.3421478271484375,-0.941131591796875,0.024566650390625
1749568136378557200,21.29655712890625,-0.3431549072265625,-0.952239990234375,0.007568359375
1749568136388549400,21.30654931640625,-0.330810546875,-0.95196533203125,-0.0109405517578125
1749568136398540300,21.316540283203125,-0.324615478515625,-0.9653167724609375,-0.029388427734375
1749568136408531500,21.326531494140625,-0.30926513671875,-0.96954345703125,-0.0457000732421875
1749568136418522400,21.3365224609375,-0.3193359375,-0.9661865234375,-0.0572967529296875
1749568136428514300,21.346514404296876,-0.3779296875,-0.9694671630859375,-0.0533905029296875
1749568136438505500,21.35650537109375,-0.4085540771484375,-0.9672698974609375,-0.03631591796875
1749568136448496400,21.366496337890624,-0.388275146484375,-0.9441070556640625,-0.0146331787109375
1749568136458487300,21.3764873046875,-0.3532867431640625,-0.91546630859375,-0.0048828125
