time,seconds_elapsed,z,y,x
1749568115102235000,0.02023486328125,0.033838655799627304,-1.3063877820968628,1.3413162231445312
1749568115112227000,0.03022705078125,-0.15974785387516022,-1.0057867765426636,1.5023328065872192
1749568115122218000,0.040218017578125,-0.448675274848938,-0.5667502284049988,1.4938032627105713
1749568115132209000,0.050208984375,-0.7587931752204895,-0.21723617613315582,1.3939504623413086
1749568115142200000,0.060199951171875,-1.0556749105453491,-0.12379144877195358,1.268989086151123
1749568115152191000,0.07019091796875,-1.3106368780136108,-0.2642180621623993,1.085210919380188
1749568115162182000,0.080181884765625,-1.5218915939331055,-0.534910261631012,0.8357484340667725
1749568115172172800,0.0901728515625,-1.673141360282898,-0.7105215191841125,0.5788455009460449
1749568115182164000,0.1001640625,-1.7519147396087646,-0.6746588349342346,0.3072417080402374
1749568115192155000,0.11015478515625,-1.7818739414215088,-0.45020791888237,0.0929589718580246
1749568115202147000,0.12014697265625,-1.802539587020874,-0.07616694271564484,0.016750751063227654
1749568115212138000,0.130137939453125,-1.8391374349594116,0.26258474588394165,0.023753533139824867
1749568115222129000,0.14012890625,-1.8082882165908813,0.23056210577487946,-0.010241718962788582
1749568115232119800,0.150119873046875,-1.5634502172470093,0.2086448222398758,-0.03382880240678787
1749568115242111000,0.160111083984375,-1.1053426265716553,0.6726441979408264,-0.09065107256174088
1749568115252102000,0.170101806640625,-0.7489493489265442,1.3298503160476685,-0.1531306952238083
1749568115262092800,0.1800927734375,-0.5970327854156494,1.7372316122055054,-0.10490511357784271
1749568115272084000,0.190083984375,-0.6287693977355957,2.136129856109619,0.006623015273362398
1749568115282076000,0.200075927734375,-0.6072401404380798,2.4147348403930664,0.18275010585784912
1749568115292066800,0.21006689453125,-0.46615493297576904,2.4627366065979004,0.3007723391056061
1749568115302058000,0.22005810546875,-0.4135849177837372,2.309333562850952,0.24266377091407776
1749568115312049000,0.230048828125,-0.5169334411621094,2.242137908935547,0.04079856351017952
1749568115322039800,0.240039794921875,-0.6850590109825134,2.474144458770752,-0.19580598175525665
1749568115332031000,0.250031005859375,-0.8036815524101257,2.8615317344665527,-0.36434653401374817
1749568115342022000,0.26002197265625,-0.8131690621376038,3.083500862121582,-0.4614594876766205
1749568115352012800,0.2700126953125,-0.6785244345664978,3.056321382522583,-0.46102967858314514
1749568115362005000,0.2800048828125,-0.44480621814727783,3.0140700340270996,-0.4054742753505707
1749568115371996000,0.289995849609375,-0.24815760552883148,2.907076358795166,-0.41718950867652893
1749568115381986800,0.29998681640625,-0.10456422716379166,2.5265557765960693,-0.5778851509094238
1749568115391977700,0.309977783203125,-0.07791104167699814,2.186737060546875,-0.8291150331497192
1749568115401969000,0.319968994140625,-0.09709326177835464,2.1782755851745605,-1.087446928024292
1749568115411959800,0.329959716796875,-0.09408894926309586,2.1558732986450195,-1.2048790454864502
1749568115421950700,0.33995068359375,-0.07463402301073074,2.1148979663848877,-1.0954633951187134
1749568115431942000,0.34994189453125,-0.07709318399429321,2.0883734226226807,-0.8443949222564697
1749568115441933800,0.359933837890625,-0.09177253395318985,1.881836175918579,-0.5762649178504944
1749568115451924700,0.3699248046875,-0.11425067484378815,1.44667649269104,-0.287661612033844
1749568115461916000,0.379916015625,-0.1062590628862381,0.9016262292861938,-0.10356207937002182
1749568115471906800,0.38990673828125,0.042765308171510696,0.25452920794487,-0.050640806555747986
1749568115481897700,0.399897705078125,0.3345617353916168,0.1982627511024475,0.07051358371973038
1749568115491889000,0.409888916015625,0.8308559060096741,-0.5173802971839905,0.32894885540008545
1749568115501879800,0.4198798828125,1.3387737274169922,-1.2132126092910767,1.0666180849075317
1749568115511871700,0.429871826171875,1.4112412929534912,-1.4618122577667236,1.9732564687728882
1749568115521863000,0.43986279296875,1.3351808786392212,-1.1497303247451782,2.6822280883789062
1749568115531853800,0.449853759765625,1.1924737691879272,-0.29710012674331665,3.2330565452575684
1749568115541844700,0.4598447265625,0.8473531603813171,1.1032533645629883,3.743298292160034
1749568115551836000,0.4698359375,0.5703020691871643,3.268137216567993,4.473111152648926
1749568115561827000,0.4798271484375,0.6999852657318115,3.7993133068084717,5.305622577667236
1749568115571818000,0.48981787109375,0.9604796767234802,3.762843370437622,5.931181907653809
1749568115581809000,0.499808837890625,1.2914350032806396,3.7724599838256836,6.316439628601074
1749568115591800800,0.50980078125,2.1003360748291016,4.040408134460449,6.391834735870361
1749568115601791700,0.519791748046875,2.79944109916687,3.857198476791382,6.2463507652282715
1749568115611783000,0.529782958984375,2.716489315032959,3.318908929824829,6.0519914627075195
1749568115621774000,0.539774169921875,2.6353812217712402,3.689150810241699,6.0899200439453125
1749568115631765000,0.549764892578125,2.174271821975708,2.80153489112854,5.691476821899414
1749568115641756000,0.559755859375,1.3094065189361572,1.3436046838760376,4.370696067810059
1749568115651747000,0.5697470703125,0.6862731575965881,0.9632360935211182,3.027007818222046
1749568115661742800,0.579742919921875,0.288817435503006,0.7128384709358215,2.009267568588257
1749568115671733800,0.589733642578125,0.02388056553900242,0.32005229592323303,1.4988832473754883
1749568115681724700,0.599724609375,-0.26845329999923706,0.6601765751838684,1.5885177850723267
1749568115691715800,0.6097158203125,-0.5367502570152283,0.9346179962158203,1.9626370668411255
1749568115701707000,0.61970703125,-0.7573486566543579,0.6167665123939514,2.197122573852539
1749568115711698000,0.629697998046875,-0.8420683741569519,0.43364331126213074,2.1674370765686035
1749568115721688800,0.639688720703125,-0.785365641117096,0.7705973982810974,2.016406536102295
1749568115731680800,0.6496806640625,-0.7530391812324524,0.8753376603126526,1.9114735126495361
1749568115741671700,0.659671630859375,-0.7709323763847351,0.8474282622337341,1.9843660593032837
1749568115751662800,0.669662841796875,-0.7875023484230042,0.6723179221153259,2.180117607116699
1749568115761654000,0.679654052734375,-0.8291581273078918,0.4099678099155426,2.3486697673797607
1749568115771645000,0.68964501953125,-0.9120501279830933,0.4337064325809479,2.4317970275878906
1749568115781635800,0.6996357421875,-0.9219126105308533,0.528113067150116,2.513819694519043
1749568115791627000,0.709626953125,-0.7401838302612305,0.2901953458786011,2.557145595550537
1749568115801618700,0.71961865234375,-0.3403991162776947,-0.2016953080892563,2.4077882766723633
1749568115811609900,0.72960986328125,0.025478195399045944,-0.19389277696609497,2.016963243484497
1749568115821601000,0.73960107421875,0.24274472892284393,-0.5629627108573914,1.173361897468567
1749568115831592000,0.749592041015625,0.17458991706371307,-1.1919752359390259,-0.6723858714103699
1749568115841582800,0.759582763671875,-0.06650631874799728,0.3572750389575958,-1.36305832862854
1749568115851573800,0.76957373046875,-0.2993883192539215,0.4650891125202179,-1.2196308374404907
1749568115861565000,0.77956494140625,-0.1972867101430893,-0.34355229139328003,-0.9054044485092163
1749568115871556900,0.789556884765625,0.27384939789772034,-0.654155969619751,-0.6659279465675354
1749568115881548000,0.799548095703125,0.8475440740585327,-0.3570694327354431,-0.45975932478904724
1749568115891539000,0.8095390625,1.419342041015625,-0.04787857457995415,-0.2421460598707199
1749568115901529900,0.81952978515625,1.8072232007980347,0.178519144654274,-0.0140170156955719
1749568115911520800,0.829520751953125,1.8004904985427856,0.6707198023796082,0.17059384286403656
1749568115921512000,0.839511962890625,1.548592209815979,0.9493609666824341,0.2051427662372589
1749568115931502800,0.8495029296875,1.194969654083252,0.8476024270057678,0.06523892283439636
1749568115941494800,0.859494873046875,0.7757015824317932,1.117492437362671,-0.10167229920625687
1749568115951486000,0.86948583984375,0.5800164937973022,1.3288148641586304,-0.17869730293750763
1749568115961476900,0.879476806640625,0.6573480367660522,1.2571076154708862,-0.21541404724121094
1749568115971467800,0.8894677734375,0.8909123539924622,1.3082581758499146,-0.2280435562133789
1749568115981459000,0.899458984375,1.1620283126831055,1.3154513835906982,-0.2755815088748932
1749568115991449900,0.909449951171875,1.3059779405593872,1.2927393913269043,-0.36231082677841187
1749568116001441800,0.91944189453125,1.1805611848831177,1.4735829830169678,-0.4269702434539795
1749568116011433000,0.929432861328125,1.154747486114502,1.430237889289856,-0.4666081964969635
1749568116021423900,0.939423828125,1.3955528736114502,1.2706907987594604,-0.5690194964408875
1749568116031414800,0.949414794921875,1.6369808912277222,1.1364976167678833,-0.7041752338409424
1749568116041406000,0.959406005859375,1.7733746767044067,0.699657142162323,-0.7654995322227478
1749568116051396900,0.96939697265625,2.038489580154419,0.6771755218505859,-0.48613741993904114
1749568116061387800,0.9793876953125,2.1872193813323975,0.39445704221725464,-0.29127737879753113
1749568116071380000,0.9893798828125,2.187312126159668,0.10090823471546173,-0.38516339659690857
1749568116081371000,0.999370849609375,2.4365296363830566,0.15531449019908905,-0.38619351387023926
1749568116091361800,1.00936181640625,2.7783236503601074,-0.12020444124937057,-0.4813922047615051
1749568116101353000,1.01935302734375,3.1018869876861572,-0.0449347160756588,-0.529376208782196
1749568116111343900,1.02934375,3.170189142227173,0.04713129252195358,-0.6564481854438782
1749568116121334800,1.039334716796875,3.0777831077575684,0.023448068648576736,-0.657589316368103
1749568116131327000,1.049326904296875,2.781574010848999,-0.11116646975278854,-0.6416207551956177
1749568116141318000,1.05931787109375,2.425499677658081,-0.24727770686149597,-0.641668438911438
1749568116151308800,1.069308837890625,2.194314479827881,-0.5068192481994629,-0.6908644437789917
1749568116161299700,1.0792998046875,2.121889352798462,-0.800669252872467,-0.6932815313339233
1749568116171291000,1.089290771484375,1.9208126068115234,-0.8891575932502747,-0.6502763032913208
1749568116181281800,1.09928173828125,1.619880199432373,-1.0467866659164429,-0.5184402465820312
1749568116191272700,1.109272705078125,1.147059440612793,-0.9895627498626709,-0.2958950400352478
1749568116201265000,1.119264892578125,0.6971556544303894,-1.0206581354141235,-0.019110310822725296
1749568116211255800,1.129255859375,0.4868900179862976,-1.0633288621902466,0.07628944516181946
1749568116221246700,1.139246826171875,0.5152212381362915,-0.8906918168067932,0.0467536561191082
1749568116231238000,1.14923779296875,0.6418063640594482,-0.7582014203071594,0.05309357866644859
1749568116241228800,1.159228759765625,0.665503203868866,-0.6494160890579224,-0.011127219535410404
1749568116251219700,1.1692197265625,0.7140107750892639,-0.3582489490509033,-0.0020000338554382324
1749568116261212000,1.1792119140625,0.763545036315918,-0.19993388652801514,-0.028057467192411423
1749568116271202800,1.189202880859375,0.8430798053741455,-0.22045673429965973,0.059610333293676376
1749568116281193700,1.19919384765625,1.0193259716033936,-0.19887687265872955,0.09820912778377533
1749568116291185000,1.209184814453125,0.9757116436958313,0.03729597106575966,0.09026943892240524
1749568116301175800,1.21917578125,0.9386492371559143,-0.10206697881221771,0.16730563342571259
1749568116311166700,1.229166748046875,0.9965101480484009,-0.10001714527606964,0.23405671119689941
1749568116321159000,1.239158935546875,1.118593692779541,0.08332604914903641,0.11460620909929276
1749568116331149800,1.24914990234375,1.5589271783828735,0.2222013771533966,0.1689583957195282
1749568116341140700,1.259140625,1.6911152601242065,0.4092918932437897,0.10650593787431717
1749568116351132000,1.2691318359375,1.814579725265503,0.4140309989452362,0.18942078948020935
1749568116361122800,1.279122802734375,1.9706153869628906,0.4085366427898407,0.11927632987499237
1749568116371113700,1.28911376953125,1.7911454439163208,0.3897317945957184,0.07507797330617905
1749568116381106000,1.29910595703125,1.393624186515808,0.20162846148014069,0.002930276095867157
1749568116391096800,1.309096923828125,0.8646053671836853,0.011179417371749878,-0.051181960850954056
1749568116401087700,1.319087646484375,0.4493764638900757,-0.1543906331062317,-0.11545335501432419
1749568116411079000,1.329078857421875,0.1671181470155716,-0.2834266424179077,-0.19878500699996948
1749568116421069800,1.33906982421875,0.03281120955944061,-0.3538789749145508,-0.2530018985271454
1749568116431060700,1.349060791015625,0.1915350705385208,-0.3643989861011505,-0.2550607919692993
1749568116441053000,1.359052978515625,0.3823966383934021,-0.26546815037727356,-0.23031309247016907
1749568116451043800,1.3690439453125,0.49371835589408875,-0.37388357520103455,-0.21381588280200958
1749568116461034800,1.37903466796875,0.5234270095825195,-0.347846657037735,-0.14650395512580872
1749568116471025700,1.389025634765625,0.5402512550354004,-0.3676704168319702,-0.1282581090927124
1749568116481016800,1.399016845703125,0.5302814245223999,-0.3158296048641205,-0.019952669739723206
1749568116491007700,1.4090078125,0.45270010828971863,-0.49376365542411804,-0.10517648607492447
1749568116500998700,1.41899853515625,0.3311976492404938,-0.5451493263244629,-0.0013251889031380415
1749568116510990800,1.428990966796875,0.021885856986045837,-0.3812967538833618,-0.03620647266507149
1749568116520981800,1.438981689453125,-0.16597884893417358,-0.35611897706985474,0.01648336835205555
1749568116530972700,1.44897265625,-0.17675507068634033,-0.1972121298313141,0.05023440718650818
1749568116540963800,1.4589638671875,0.015295865945518017,0.13446886837482452,0.020262394100427628
1749568116550954800,1.468954833984375,-0.07870279997587204,0.41102081537246704,0.12933774292469025
1749568116560945700,1.478945556640625,-0.14458034932613373,1.0875567197799683,0.25962892174720764
1749568116570937900,1.488937744140625,-0.0037848844658583403,1.606073021888733,0.19336865842342377
1749568116580928800,1.4989287109375,0.16112257540225983,1.9807868003845215,0.34544047713279724
1749568116590919700,1.508919677734375,0.1889752447605133,2.320225715637207,0.34419307112693787
1749568116600910800,1.518910888671875,0.12466230243444443,2.062673568725586,0.38971981406211853
1749568116610901800,1.52890185546875,-0.0054152715019881725,2.2835543155670166,0.44859617948532104
1749568116620893700,1.538893798828125,-0.1438639611005783,2.230828285217285,0.36147645115852356
1749568116630884900,1.548884765625,-0.3558872640132904,1.4266873598098755,0.5167491436004639
1749568116640875800,1.558875732421875,-0.556344747543335,-0.7466161251068115,0.6066611409187317
1749568116650866700,1.56886669921875,-0.786257266998291,-2.0320091247558594,0.5434025526046753
1749568116660857900,1.57885791015625,-0.9044856429100037,-2.014228343963623,0.39293184876441956
1749568116670848800,1.588848876953125,-0.7497290968894958,-1.31060791015625,0.20301729440689087
1749568116680841000,1.598841064453125,-0.4304075837135315,-0.4172385036945343,0.015926769003272057
1749568116690832000,1.608831787109375,-0.10962077230215073,0.25343331694602966,-0.14081090688705444
1749568116700822800,1.61882275390625,0.08652903139591217,0.4834449589252472,-0.24494211375713348
1749568116710814000,1.62881396484375,0.1490137130022049,0.3522704243659973,-0.31947386264801025
1749568116720804900,1.638804931640625,0.14907097816467285,0.06863418966531754,-0.3660839796066284
1749568116730795800,1.648795654296875,0.12897396087646484,-0.17675639688968658,-0.3699820339679718
1749568116740788000,1.6587880859375,0.12332433462142944,-0.3203873336315155,-0.3317502439022064
1749568116750779000,1.66877880859375,0.13360999524593353,-0.3411610424518585,-0.2506556510925293
1749568116760769800,1.678769775390625,0.13466380536556244,-0.29368487000465393,-0.1214582547545433
1749568116770761000,1.688760986328125,0.10854538530111313,-0.20272088050842285,0.013126987032592297
1749568116780752000,1.698751953125,0.05606673285365105,-0.11362030357122421,0.11893197894096375
1749568116790742800,1.70874267578125,0.0005917543894611299,-0.03623683378100395,0.18509076535701752
1749568116800735000,1.71873486328125,-0.04803463816642761,0.015172561630606651,0.22045886516571045
1749568116810726000,1.728725830078125,-0.06742750853300095,0.0342559739947319,0.2393803596496582
1749568116820716800,1.738716796875,-0.05914481356739998,0.023610787466168404,0.24110981822013855
1749568116830707700,1.748707763671875,-0.039752207696437836,-0.003460777923464775,0.23775902390480042
1749568116840699000,1.758698974609375,-0.016170980408787727,-0.038482144474983215,0.236124649643898
1749568116850689800,1.768689697265625,0.0067636300809681416,-0.08362192660570145,0.23881204426288605
1749568116860682000,1.778681884765625,0.014643125236034393,-0.12954866886138916,0.2328990250825882
1749568116870673000,1.7886728515625,0.015237542800605297,-0.1590852588415146,0.22329886257648468
1749568116880663800,1.798663818359375,0.13775493204593658,-0.10047121345996857,0.20159703493118286
1749568116890654700,1.80865478515625,0.2954995632171631,0.09805359691381454,0.22312043607234955
1749568116900646000,1.81864599609375,0.20300477743148804,0.19794531166553497,0.18373733758926392
1749568116910637800,1.828637939453125,0.07557199150323868,0.1514800637960434,0.1836228221654892
1749568116920628700,1.838628662109375,-0.11278700083494186,-0.0734313428401947,0.19799856841564178
1749568116930620000,1.848619873046875,-0.19622650742530823,-0.1515144258737564,0.18730570375919342
1749568116940610800,1.85861083984375,-0.2165355086326599,0.10421667993068695,0.14121492207050323
1749568116950601700,1.868601806640625,-0.2327917069196701,0.3797942101955414,0.10161343961954117
1749568116960593000,1.878593017578125,-0.21904392540454865,0.5472782850265503,0.06302503496408463
1749568116970584800,1.888584716796875,-0.19373831152915955,0.7269787788391113,0.055697083473205566
1749568116980575700,1.89857568359375,-0.3133629858493805,0.8766098022460938,0.05977252125740051
1749568116990567000,1.90856689453125,-0.47465094923973083,0.49728700518608093,0.11317209154367447
1749568117000557800,1.918557861328125,-0.5954146385192871,-0.1160389855504036,0.13546967506408691
1749568117010548700,1.928548828125,-0.5828277468681335,-0.43551018834114075,0.15188327431678772
1749568117020541000,1.938541015625,-0.4799612760543823,-0.4752695858478546,0.16250821948051453
1749568117030531800,1.94853173828125,-0.38505101203918457,-0.4487687349319458,0.162396639585495
1749568117040522800,1.958522705078125,-0.3068089485168457,-0.4724482297897339,0.1473897248506546
1749568117050514000,1.968513916015625,-0.19334949553012848,-0.4574306607246399,0.11452018469572067
1749568117060504800,1.9785048828125,-0.0007443535141646862,-0.3326985836029053,0.02135322615504265
1749568117070495700,1.988495849609375,0.12850737571716309,-0.4137710630893707,-0.047621048986911774
1749568117080488000,1.998488037109375,0.09577739238739014,-0.21759064495563507,-0.09464900940656662
1749568117090478800,2.008478759765625,0.07622978836297989,0.12385563552379608,-0.10399750620126724
1749568117100469800,2.0184697265625,0.15888525545597076,0.3728332221508026,-0.04222654923796654
1749568117110461000,2.0284609375,0.16463768482208252,0.31029900908470154,-0.07396077364683151
1749568117120451800,2.038451904296875,0.02664972096681595,0.11454548686742783,0.004336957819759846
1749568117130442800,2.04844287109375,-0.12241033464670181,-0.14807601273059845,0.08578760921955109
1749568117140435000,2.05843505859375,-0.13007251918315887,-0.4300941228866577,0.13635464012622833
1749568117150425900,2.06842578125,-0.01380982156842947,-0.531985878944397,0.21187549829483032
1749568117160416800,2.078416748046875,0.23159940540790558,-0.612311601638794,0.2661603093147278
1749568117170408000,2.088407958984375,0.4834654629230499,-0.6494794487953186,0.25049108266830444
1749568117180398800,2.09839892578125,0.6202555298805237,-0.5567777752876282,0.24006666243076324
1749568117190390800,2.108390869140625,0.6981375813484192,-0.2652095556259155,0.22164344787597656
1749568117200382000,2.1183818359375,0.7959786057472229,-0.007003048434853554,0.13560204207897186
1749568117210372900,2.128372802734375,0.7836641669273376,0.11015073955059052,0.1227663978934288
1749568117220363800,2.13836376953125,0.7350391149520874,0.17084844410419464,0.08822440356016159
1749568117230354700,2.148354736328125,0.6431483626365662,0.2815139591693878,0.07137724757194519
1749568117240345900,2.158345947265625,0.5248973369598389,0.38185733556747437,0.03434598818421364
1749568117250337800,2.168337890625,0.3828810751438141,0.4617234170436859,-0.01721573807299137
1749568117260329000,2.178328857421875,0.24548672139644623,0.5908206701278687,-0.0752745121717453
1749568117270319900,2.18831982421875,0.12337626516819,0.6189433932304382,-0.18815365433692932
1749568117280310800,2.198310791015625,0.006370547693222761,0.6319201588630676,-0.22609464824199677
1749568117290301700,2.2083017578125,-0.10980452597141266,0.5028085112571716,-0.2547294795513153
1749568117300294000,2.2182939453125,-0.22403575479984283,0.32198843359947205,-0.25954848527908325
1749568117310284800,2.228284912109375,-0.30460357666015625,0.2822979986667633,-0.2729218006134033
1749568117320275700,2.238275634765625,-0.32216179370880127,0.38550320267677307,-0.3080126941204071
1749568117330267000,2.248266845703125,-0.29545828700065613,0.45831990242004395,-0.3647119104862213
1749568117340257800,2.2582578125,-0.23708444833755493,0.3469800651073456,-0.3667588233947754
1749568117350248700,2.268248779296875,-0.1538715809583664,0.12587670981884003,-0.33267754316329956
1749568117360241000,2.278240966796875,-0.049190983176231384,-0.03833939880132675,-0.24633601307868958
1749568117370231800,2.288231689453125,0.09629084914922714,0.004318315535783768,-0.1657213270664215
1749568117380222700,2.29822265625,0.2582770884037018,0.16657060384750366,-0.1232399120926857
1749568117390214000,2.3082138671875,0.3443579077720642,0.2513033449649811,-0.05636313930153847
1749568117400204800,2.318204833984375,0.29212453961372375,0.175400048494339,-0.002817890839651227
1749568117410195700,2.32819580078125,0.0815047100186348,0.14465251564979553,0.030254840850830078
1749568117420188000,2.33818798828125,-0.15957048535346985,0.008992429822683334,0.04373922571539879
1749568117430178800,2.3481787109375,-0.2991480827331543,-0.22701716423034668,0.03954873979091644
1749568117440169700,2.358169677734375,-0.3647273778915405,-0.2728392481803894,0.01450064592063427
1749568117450161000,2.368160888671875,-0.48136502504348755,-0.42930981516838074,-0.07990442216396332
1749568117460151800,2.37815185546875,-0.5404720306396484,-0.6475614905357361,0.004531634971499443
1749568117470143700,2.388143798828125,-0.4094008207321167,-0.9352177381515503,-0.0450148805975914
1749568117480135000,2.398135009765625,-0.29273706674575806,-0.9040997624397278,-0.13876880705356598
1749568117490125800,2.408125732421875,-0.21233490109443665,-0.4573949873447418,-0.2075960636138916
1749568117500116700,2.41811669921875,-0.09122897684574127,0.20755958557128906,-0.24764467775821686
1749568117510108000,2.42810791015625,0.13808782398700714,0.796712338924408,-0.22984305024147034
1749568117520098800,2.438098876953125,0.19789737462997437,1.1147397756576538,-0.1765899509191513
1749568117530090800,2.4480908203125,-0.10023871809244156,1.0544581413269043,0.019755860790610313
1749568117540082000,2.45808203125,-1.075762391090393,0.43640315532684326,0.24553360044956207
1749568117550072800,2.46807275390625,-1.8359347581863403,-0.9580727219581604,0.31197813153266907
1749568117560063700,2.478063720703125,-1.8908406496047974,-2.1041553020477295,0.3963974118232727
1749568117570055000,2.488054931640625,-1.424183964729309,-1.9737099409103394,0.5180426239967346
1749568117580046800,2.498046875,-0.7741604447364807,-1.0354177951812744,0.47431111335754395
1749568117590037800,2.508037841796875,-0.2406296581029892,-0.2435562014579773,0.32755976915359497
1749568117600029000,2.51802880859375,0.1316421777009964,-0.1285792738199234,0.18047577142715454
1749568117610019800,2.528019775390625,0.27625662088394165,-0.27517643570899963,0.05709018558263779
1749568117620010800,2.5380107421875,0.3338533341884613,-0.4910599887371063,-0.026440661400556564
1749568117630001700,2.548001708984375,0.4528532326221466,-0.5282867550849915,-0.1084524393081665
1749568117639993900,2.557993896484375,0.6421595215797424,-0.009831058792769909,-0.2098320573568344
1749568117649984800,2.56798486328125,0.8024002909660339,0.7753170132637024,-0.32275888323783875
1749568117659971800,2.577971923828125,0.9757606387138367,1.5706037282943726,-0.364398717880249
1749568117669963000,2.587962890625,0.7090789079666138,2.2092466354370117,-0.3243647515773773
1749568117679954000,2.597953857421875,0.38867583870887756,1.895111322402954,-0.2722400426864624
1749568117689945600,2.607945556640625,0.18577039241790771,0.8318870663642883,-0.15343590080738068
1749568117699936800,2.617936767578125,-0.07388141751289368,0.13258041441440582,0.04078498110175133
1749568117709927700,2.627927734375,-0.22893890738487244,0.059060391038656235,0.10392213612794876
1749568117719918800,2.6379189453125,-0.24651363492012024,0.16969849169254303,0.0970248132944107
1749568117729910000,2.647909912109375,-0.23778219521045685,0.18010851740837097,0.05013560503721237
1749568117739901000,2.65790087890625,-0.22619958221912384,0.12181218713521957,-0.02401319146156311
1749568117749892600,2.667892578125,-0.1513114869594574,0.05655036121606827,-0.08845289796590805
1749568117759883800,2.6778837890625,-0.11401525139808655,-0.005708485841751099,-0.14593909680843353
1749568117769874700,2.687874755859375,-0.09057064354419708,-0.16128529608249664,-0.13880687952041626
1749568117779865900,2.697865966796875,-0.0016069513512775302,-0.3786327838897705,-0.09781230986118317
1749568117789857000,2.70785693359375,-0.02256869152188301,-0.4536348581314087,0.0011624698527157307
1749568117799848700,2.7178486328125,0.0720110759139061,-0.5608566403388977,0.0735812783241272
1749568117809839600,2.727839599609375,-0.009953564032912254,-0.5922015309333801,0.11147885769605637
1749568117819830800,2.737830810546875,0.030244987457990646,-0.7163618206977844,0.08969420194625854
1749568117829822000,2.747822021484375,-0.08499585092067719,-0.5967345237731934,0.031266842037439346
1749568117839812900,2.757812744140625,-0.05230368301272392,-0.5788580179214478,0.016018647700548172
1749568117849804000,2.767803955078125,-0.17269667983055115,-0.5435966849327087,0.03215287625789642
1749568117859795700,2.777795654296875,-0.17722564935684204,-0.5162559151649475,0.060390640050172806
1749568117869786600,2.78778662109375,-0.22768428921699524,-0.16317640244960785,0.07576639950275421
1749568117879777800,2.79777783203125,-0.1457979530096054,-0.361299067735672,-0.041621480137109756
1749568117889769000,2.80776904296875,-0.1263430267572403,-0.4011724591255188,-0.017857294529676437
1749568117899759900,2.817759765625,-0.19331885874271393,-0.3475041687488556,-0.09797663241624832
1749568117909751800,2.827751708984375,-0.20029661059379578,-0.47001489996910095,-0.0897703692317009
1749568117919742700,2.83774267578125,-0.23165692389011383,-0.6286002993583679,-0.054417967796325684
1749568117929733600,2.847733642578125,-0.17963820695877075,-0.6832001209259033,-0.04927780106663704
1749568117939724800,2.857724853515625,-0.027341077104210854,-0.6880388259887695,-0.0829838290810585
1749568117949716000,2.867716064453125,0.18128590285778046,-0.5089370012283325,-0.1259336918592453
1749568117959707000,2.877706787109375,0.3303808569908142,-0.3946461081504822,-0.18200336396694183
1749568117969698800,2.88769873046875,0.4546048045158386,-0.34938862919807434,-0.20933350920677185
1749568117979689700,2.897689697265625,0.3697485029697418,-0.515091061592102,-0.11472950875759125
1749568117989680600,2.9076806640625,0.2114616483449936,-0.5650322437286377,-0.09037596732378006
1749568117999671800,2.917671875,0.03152037411928177,-0.4846425950527191,-0.08205332607030869
1749568118009663000,2.9276630859375,-0.1102689802646637,-0.6366720795631409,-0.04012105241417885
1749568118019654000,2.93765380859375,-0.14193689823150635,-0.8137911558151245,0.03563283011317253
1749568118029645800,2.947645751953125,0.07809746265411377,-1.0729146003723145,0.134902685880661
1749568118039636700,2.95763671875,-0.027048395946621895,-1.317624807357788,0.15950284898281097
1749568118049628000,2.9676279296875,-0.14068840444087982,-1.2513184547424316,0.17424237728118896
1749568118059618800,2.977618896484375,-0.24787159264087677,-1.3314719200134277,0.21948282420635223
1749568118069610000,2.98760986328125,-0.4669669270515442,-1.6892297267913818,0.2116864174604416
1749568118079601700,2.9976015625,-0.6841330528259277,-2.018343210220337,0.16430425643920898
1749568118089592600,3.007592529296875,-0.7956318855285645,-2.339578628540039,0.19917036592960358
1749568118099583700,3.017583740234375,-0.7381241321563721,-2.353940010070801,0.2510034739971161
1749568118109575000,3.027574951171875,-0.5422781705856323,-1.970584750175476,0.2513371706008911
1749568118119565800,3.03756591796875,-0.3025955557823181,-1.479570746421814,0.2563364505767822
1749568118129557000,3.047556884765625,-0.14446450769901276,-1.0430831909179688,0.21252425014972687
1749568118139548700,3.057548583984375,-0.13836267590522766,-0.6772943139076233,0.19510051608085632
1749568118149539600,3.06753955078125,-0.18527425825595856,-0.5446755886077881,0.2677627503871918
1749568118159530800,3.07753076171875,-0.1169457957148552,-0.11870267987251282,0.36740198731422424
1749568118169522000,3.08752197265625,0.17628395557403564,1.0522661209106445,0.3108132779598236
1749568118179512800,3.097512939453125,0.4871174693107605,1.518324613571167,0.1155654788017273
1749568118189504800,3.1075048828125,0.49028316140174866,1.5570837259292603,-0.05895599350333214
1749568118199495700,3.11749560546875,0.20539788901805878,1.518768310546875,-0.09639871120452881
1749568118209486800,3.12748681640625,-0.178163081407547,1.5165653228759766,-0.02918238565325737
1749568118219478000,3.13747802734375,-0.4408285319805145,1.1050976514816284,0.06541416049003601
1749568118229469000,3.147468994140625,-0.5850810408592224,0.3880699574947357,0.17880862951278687
1749568118239459800,3.1574599609375,-0.490516722202301,0.4775671064853668,0.09698646515607834
1749568118249451800,3.16745166015625,-0.17551696300506592,0.7649592161178589,-0.12033653259277344
1749568118259442700,3.177442626953125,0.15186196565628052,0.986946702003479,-0.4684779942035675
1749568118269433900,3.187433837890625,0.33357077836990356,0.9635084867477417,-0.747327983379364
1749568118279425000,3.197425048828125,0.32337620854377747,0.9090665578842163,-0.7163064479827881
1749568118289416000,3.207416015625,0.1852380335330963,0.44083037972450256,-0.2392517328262329
1749568118299407600,3.21740771484375,-0.0668615847826004,-0.4486851096153259,0.407060444355011
1749568118309398800,3.227398681640625,-0.24099929630756378,-0.8415061831474304,0.6709972620010376
1749568118319389700,3.2373896484375,-0.18817496299743652,-0.5890832543373108,0.5571088194847107
1749568118329380900,3.247380859375,-0.010069145821034908,-0.19178888201713562,0.28761181235313416
1749568118339372000,3.2573720703125,0.14394518733024597,0.16669124364852905,0.022531142458319664
1749568118349363000,3.267363037109375,0.16348107159137726,0.4166153371334076,-0.19245892763137817
1749568118359354600,3.277354736328125,0.19477801024913788,0.5724941492080688,-0.2601993680000305
1749568118369345800,3.287345703125,0.20145589113235474,0.9559347629547119,-0.15577761828899384
1749568118379337000,3.2973369140625,0.16738633811473846,1.5550192594528198,-0.01883973367512226
1749568118389328000,3.307327880859375,0.12018020451068878,1.8959938287734985,0.02485261857509613
1749568118399318800,3.31731884765625,0.04336851090192795,1.6557079553604126,-0.06842806190252304
1749568118409310000,3.32731005859375,-0.08391860127449036,1.2390133142471313,-0.18869827687740326
1749568118419301600,3.337301513671875,-0.1359916627407074,0.849606454372406,-0.20793269574642181
1749568118429292800,3.347292724609375,-0.016079900786280632,0.7650433778762817,-0.16030924022197723
1749568118439284000,3.357283935546875,0.20848263800144196,1.0136404037475586,-0.0920843854546547
1749568118449275000,3.36727490234375,0.35422733426094055,1.1452229022979736,-0.11312122642993927
1749568118459265800,3.377265869140625,0.33165544271469116,0.9745627641677856,-0.1922578513622284
1749568118469257700,3.3872578125,0.1255510002374649,0.30189061164855957,-0.10375276207923889
1749568118479248600,3.39724853515625,-0.09717608243227005,-0.5520972609519958,0.07847669720649719
1749568118489239800,3.40723974609375,-0.17761819064617157,-1.0552704334259033,0.08831921219825745
1749568118499231000,3.41723095703125,-0.13996882736682892,-1.1391011476516724,0.03299097344279289
1749568118509222000,3.427221923828125,-0.08136089891195297,-1.54537832736969,0.05354231968522072
1749568118519212800,3.437212890625,-0.19506455957889557,-2.3365538120269775,0.10888627171516418
1749568118529204700,3.447204833984375,-0.304508775472641,-2.320164203643799,-0.002229332225397229
1749568118539195600,3.457195556640625,-0.1587267965078354,-2.2969236373901367,0.007990282028913498
1749568118549186800,3.467186767578125,0.18109947443008423,-1.5826367139816284,-0.02309652976691723
1749568118559178000,3.477177978515625,0.2752784490585327,-1.0121163129806519,0.005962018854916096
1749568118569169000,3.4871689453125,0.13544490933418274,-0.7519952058792114,0.026216156780719757
1749568118579159800,3.497159912109375,-0.008479771204292774,-0.4889758229255676,0.06421307474374771
1749568118589151700,3.50715185546875,-0.20744746923446655,-0.6990161538124084,0.2348460704088211
1749568118599143000,3.517142822265625,-0.14439259469509125,-0.5202333331108093,0.32506170868873596
1749568118609133800,3.5271337890625,0.10968708246946335,-0.17922461032867432,0.37124013900756836
1749568118619125000,3.537125,0.11397264152765274,0.03622804582118988,0.403698205947876
1749568118629116000,3.547115966796875,0.0673992782831192,0.2717074155807495,0.4220007658004761
1749568118639107600,3.557107666015625,0.03412361443042755,0.48417866230010986,0.39284953474998474
1749568118649098800,3.5670986328125,0.04482046887278557,0.6381059288978577,0.3459957540035248
1749568118659090000,3.57708984375,0.007159109693020582,0.595057487487793,0.2841518223285675
1749568118669081000,3.5870810546875,-0.0411200076341629,0.4725257456302643,0.26579785346984863
1749568118679072300,3.597072265625,0.007547931279987097,0.42492812871932983,0.27639058232307434
1749568118689063200,3.607063232421875,0.10889266431331635,0.37982454895973206,0.308620423078537
1749568118699055000,3.61705517578125,0.2238200455904007,0.3261115252971649,0.33288341760635376
1749568118709046000,3.6270458984375,0.30566030740737915,0.3157627582550049,0.3627864420413971
1749568118719037000,3.637036865234375,0.3284947872161865,0.28724563121795654,0.3853199779987335
1749568118729028400,3.6470283203125,0.29672595858573914,0.26449131965637207,0.40005072951316833
1749568118739019300,3.657019287109375,0.21592271327972412,0.24067918956279755,0.4070812165737152
1749568118749010200,3.66701025390625,0.10067974030971527,0.19471968710422516,0.4087589979171753
1749568118759002000,3.677002197265625,-0.026462234556674957,0.2209922969341278,0.4032585024833679
1749568118768993000,3.686992919921875,-0.1486656367778778,0.30137234926223755,0.37481167912483215
1749568118778984200,3.696984130859375,-0.23905758559703827,0.4132663905620575,0.3292713761329651
1749568118788975400,3.706975341796875,-0.2968718707561493,0.5802921652793884,0.26070642471313477
1749568118798966300,3.71696630859375,-0.3402465283870697,0.7660518884658813,0.16186480224132538
1749568118808958000,3.7269580078125,-0.3601970672607422,0.8452766537666321,0.04693688079714775
1749568118818949000,3.73694921875,-0.3521255552768707,0.8381732106208801,-0.10548035055398941
1749568118828940000,3.74693994140625,-0.22500967979431152,0.9979804754257202,-0.3333934247493744
1749568118838931200,3.75693115234375,0.07573311030864716,1.2184693813323975,-0.6354941725730896
1749568118848922400,3.76692236328125,0.14946618676185608,0.7684583067893982,-0.8524344563484192
1749568118858913300,3.776913330078125,0.05337826907634735,-0.8466945290565491,-0.802091658115387
1749568118868905000,3.786905029296875,-0.04342736676335335,-2.063246250152588,-0.7856754064559937
1749568118878896000,3.796896240234375,0.054427821189165115,-2.2908642292022705,-0.6116950511932373
1749568118888887000,3.806886962890625,0.1574183851480484,-1.9811513423919678,0.10354050993919373
1749568118898878200,3.816878173828125,-0.2446472942829132,-1.0747077465057373,0.47437024116516113
1749568118908869000,3.826869140625,-0.7090517282485962,-0.8087218403816223,0.16736795008182526
1749568118918861000,3.836861083984375,-1.1151326894760132,-1.2178723812103271,-0.23095917701721191
1749568118928852000,3.84685205078125,-1.3486024141311646,-1.4018115997314453,-0.3148548901081085
1749568118938843100,3.856843017578125,-1.1058565378189087,-2.0410876274108887,-0.019278090447187424
1749568118948834300,3.866834228515625,-0.4668811559677124,-2.092398166656494,0.4861781597137451
1749568118958825200,3.8768251953125,0.46126535534858704,1.158642292022705,0.774899423122406
1749568118968816000,3.886816162109375,1.2754677534103394,4.147023677825928,0.6771318912506104
1749568118978808000,3.89680810546875,1.4072548151016235,2.8772475719451904,-0.3088262975215912
1749568118988799000,3.906799072265625,0.6739144921302795,0.31819209456443787,-1.1504744291305542
1749568118998790100,3.9167900390625,-0.5336095690727234,-0.9445145726203918,-1.2086820602416992
1749568119008781300,3.92678125,-0.8841244578361511,-0.576144814491272,-0.26929566264152527
1749568119018772200,3.936772216796875,0.14899374544620514,0.05445897951722145,0.45857876539230347
1749568119028763100,3.94676318359375,0.9417246580123901,0.4852045178413391,0.1017543226480484
1749568119038755000,3.956755126953125,0.7794718146324158,0.78273606300354,-0.6064164042472839
1749568119048746000,3.96674609375,0.4183133542537689,0.8494860529899597,-0.5761469602584839
1749568119058737200,3.976737060546875,0.45423781871795654,1.2145096063613892,-0.08163946866989136
1749568119068728300,3.986728271484375,2.549955368041992,4.730367183685303,0.7369520664215088
1749568119078719200,3.99671923828125,2.0819573402404785,1.5398756265640259,-0.2729220688343048
1749568119088711200,4.006711181640625,0.6954712271690369,3.848998785018921,-0.9296054244041443
1749568119098702000,4.0167021484375,0.767568826675415,3.9773521423339844,0.4529392421245575
1749568119108693200,4.026693359375,0.5446199178695679,1.181820034980774,0.2359941601753235
1749568119118684200,4.03668408203125,-0.5846831798553467,0.7160323858261108,-0.22480088472366333
1749568119128675300,4.04667529296875,-1.131090521812439,-0.6371250748634338,-0.06917721033096313
1749568119138666200,4.056666259765625,-1.0433719158172607,-1.0316039323806763,0.318151593208313
1749568119148658000,4.066657958984375,-0.6060044169425964,-0.6842571496963501,0.4613947868347168
1749568119158649000,4.076649169921875,-0.16843828558921814,-0.7489908933639526,0.2834479510784149
1749568119168640300,4.08664013671875,0.13657063245773315,-1.2176140546798706,0.043107256293296814
1749568119178631200,4.096631103515625,0.34903496503829956,-1.6665241718292236,-0.11499129980802536
1749568119188622300,4.106622314453125,0.46195751428604126,-1.940847635269165,-0.12387879937887192
1749568119198614000,4.116614013671875,0.4419552981853485,-2.160097360610962,0.02213859185576439
1749568119208605000,4.12660498046875,0.29235410690307617,-2.311335563659668,0.20159544050693512
1749568119218596000,4.13659619140625,0.18574748933315277,-2.2853875160217285,0.2910459637641907
1749568119228587300,4.146587158203125,0.14474360644817352,-2.166290044784546,0.2428818941116333
1749568119238578200,4.156578125,0.021092236042022705,-1.9099509716033936,0.17381812632083893
1749568119248569300,4.1665693359375,-0.22873571515083313,-1.4010480642318726,0.12385190278291702
1749568119258561000,4.17656103515625,-0.5063025951385498,-0.8088579177856445,0.13980956375598907
1749568119268552200,4.18655224609375,-0.7142030596733093,-0.35101449489593506,0.19001947343349457
1749568119278543400,4.19654345703125,-0.7987080812454224,-0.09388361871242523,0.18804579973220825
1749568119288534300,4.2065341796875,-0.6997138857841492,0.44988781213760376,0.12959660589694977
1749568119298525200,4.216525146484375,-0.525556743144989,0.9811082482337952,-0.10528887063264847
1749568119308516400,4.226516357421875,-0.37906554341316223,1.1238462924957275,-0.26429131627082825
1749568119318508000,4.236508056640625,-0.3088816702365875,0.9391986131668091,-0.27112656831741333
1749568119328499200,4.246499267578125,-0.26004889607429504,0.5713276863098145,-0.11631941795349121
1749568119338490400,4.256490478515625,-0.18045419454574585,0.17509032785892487,0.061949387192726135
1749568119348481300,4.266481201171875,-0.06829330325126648,-0.12343139201402664,0.14139601588249207
1749568119358472200,4.27647216796875,0.05874214321374893,-0.30983108282089233,0.08664887398481369
1749568119368464100,4.286464111328125,0.1557922661304474,-0.3530123829841614,-0.01637364737689495
1749568119378455000,4.296455078125,0.1897643357515335,-0.32162410020828247,-0.08611198514699936
1749568119388446200,4.3064462890625,0.1559901386499405,-0.2600709795951843,-0.08674900978803635
1749568119398437400,4.316437255859375,0.06786240637302399,-0.18248192965984344,-0.05314098298549652
1749568119408428300,4.32642822265625,-0.034598458558321,-0.0965702161192894,-0.04078498110175133
1749568119418419200,4.336419189453125,-0.10876323282718658,-0.0013579458463937044,-0.05973843112587929
1749568119428411100,4.3464111328125,-0.1381506770849228,0.07463322579860687,-0.09557845443487167
1749568119438402000,4.356402099609375,-0.14663417637348175,0.11260244250297546,-0.11229191720485687
1749568119448393200,4.366393310546875,-0.14242158830165863,0.09418801963329315,-0.10669049620628357
1749568119458384100,4.376384033203125,-0.1262897551059723,0.042823631316423416,-0.09484608471393585
1749568119468375300,4.386375244140625,-0.09539230167865753,-0.003890611929818988,-0.08122401684522629
1749568119478367000,4.396366943359375,-0.0601767860352993,-0.04422418773174286,-0.08581530302762985
1749568119488358100,4.406358154296875,-0.038062430918216705,-0.06384050101041794,-0.10347872227430344
1749568119498349300,4.416349365234375,-0.0489070899784565,-0.07402735203504562,-0.11222214251756668
1749568119508340200,4.42634033203125,-0.06756732612848282,-0.059360794723033905,-0.11804301291704178
1749568119518331100,4.4363310546875,0.03603736311197281,0.04946129396557808,-0.20760592818260193
1749568119528322300,4.446322265625,0.1383645385503769,0.09337735176086426,-0.1964704394340515
1749568119538314000,4.45631396484375,-0.09283512830734253,0.0373511016368866,-0.0661579817533493
1749568119548305200,4.46630517578125,-0.29465028643608093,-0.23904134333133698,-0.08187675476074219
1749568119558296300,4.47629638671875,-0.3147163987159729,-0.23917023837566376,-0.15155942738056183
1749568119568287200,4.486287353515625,-0.3430825173854828,-0.07889801263809204,-0.2154281586408615
1749568119578278100,4.496278076171875,-0.15665645897388458,-0.13112765550613403,-0.2689651548862457
1749568119588270000,4.50627001953125,0.019045863300561905,-0.03705975040793419,-0.24412211775779724
1749568119598261000,4.516260986328125,0.008334096521139145,0.007556453347206116,-0.23057489097118378
1749568119608252200,4.526252197265625,-0.026792464777827263,0.01407693699002266,-0.18855872750282288
1749568119618243300,4.536243408203125,-0.04759122058749199,0.08471781760454178,-0.18885673582553864
1749568119628234200,4.546234130859375,-0.06654307246208191,0.22210390865802765,-0.2203584760427475
1749568119638225200,4.55622509765625,-0.1291063129901886,0.249724879860878,-0.2564046084880829
1749568119648217000,4.566217041015625,-0.20799341797828674,0.14932477474212646,-0.2542874217033386
1749568119658208300,4.576208251953125,-0.2619341313838959,0.03828240931034088,-0.22529304027557373
1749568119668199400,4.586199462890625,-0.2715316414833069,-0.020539630204439163,-0.20259571075439453
1749568119678190600,4.596190673828125,-0.21329496800899506,0.05272366479039192,-0.1915886104106903
1749568119688181500,4.606181396484375,-0.17813405394554138,0.09697448462247849,-0.18861518800258636
1749568119698173200,4.616173095703125,-0.20877930521965027,0.03903208673000336,-0.19728723168373108
1749568119708164400,4.626164306640625,-0.226093590259552,0.0008175904513336718,-0.17565278708934784
1749568119718155300,4.6361552734375,-0.187729150056839,-0.05684783682227135,-0.15900535881519318
1749568119728146400,4.646146484375,-0.13005787134170532,-0.06703761965036392,-0.13108158111572266
1749568119738137600,4.6561376953125,-0.08529332280158997,-0.1187564805150032,-0.12942376732826233
1749568119748128500,4.66612841796875,-0.0601046159863472,-0.17851248383522034,-0.15881042182445526
1749568119758120200,4.6761201171875,-0.03645334765315056,-0.25309139490127563,-0.18285396695137024
1749568119768111400,4.686111328125,0.004024302586913109,-0.30490878224372864,-0.18245716392993927
1749568119778102300,4.696102294921875,0.034862909466028214,-0.3455533981323242,-0.19876928627490997
1749568119788093400,4.706093505859375,0.08632344007492065,-0.42126893997192383,-0.21912063658237457
1749568119798084600,4.716084716796875,0.13067013025283813,-0.47882357239723206,-0.2400759756565094
1749568119808076300,4.726076171875,0.14188869297504425,-0.5234315395355225,-0.2908182442188263
1749568119818067200,4.736067138671875,0.17209772765636444,-0.49524277448654175,-0.31345540285110474
1749568119828058400,4.746058349609375,0.07000172138214111,-0.42793217301368713,-0.2570163607597351
1749568119838049500,4.756049560546875,-0.11884995549917221,-0.3474937975406647,-0.14738039672374725
1749568119848040400,4.76604052734375,-0.2238440215587616,-0.20960116386413574,-0.06309641152620316
1749568119858032400,4.776032470703125,-0.2019975781440735,0.04554138705134392,-0.029156288132071495
1749568119868023300,4.786023193359375,-0.2004593312740326,0.23768340051174164,-0.053038716316223145
1749568119878014200,4.79601416015625,-0.2711111307144165,0.16523130238056183,-0.11080428212881088
1749568119888005400,4.80600537109375,-0.3212733566761017,-0.046536609530448914,-0.13015852868556976
1749568119897996500,4.81599658203125,-0.25504401326179504,-0.2361917644739151,-0.10848812758922577
1749568119907987500,4.825987548828125,-0.16445685923099518,-0.3937544822692871,-0.0796000212430954
1749568119917979400,4.8359794921875,-0.08710134774446487,-0.5328652262687683,-0.06772977858781815
1749568119927970300,4.84597021484375,-0.03368153050541878,-0.6694678068161011,-0.08978527784347534
1749568119937961200,4.855961181640625,-0.007467770017683506,-0.7316270470619202,-0.1079094186425209
1749568119947952400,4.865952392578125,-0.0051835766062140465,-0.7480803728103638,-0.08183760941028595
1749568119957943600,4.875943603515625,-0.0064776064828038216,-0.7136214375495911,-0.034808047115802765
1749568119967935200,4.885935302734375,-0.04074982553720474,-0.5940979719161987,-0.003579554846510291
1749568119977926400,4.895926513671875,-0.03634016588330269,-0.4311455488204956,0.0062515041790902615
1749568119987917300,4.905917236328125,0.0629749745130539,-0.1315058320760727,-0.03777800500392914
1749568119997908500,4.915908447265625,0.09633638709783554,0.19834531843662262,-0.11627814173698425
1749568120007899400,4.9258994140625,0.09784107655286789,0.4781913459300995,-0.11311190575361252
1749568120017891300,4.935891357421875,0.11035820096731186,0.7193514704704285,-0.12580373883247375
1749568120027882200,4.94588232421875,0.08909472078084946,0.9702907800674438,-0.13081340491771698
1749568120037873400,4.955873291015625,-0.041302699595689774,1.0341813564300537,-0.127450093626976
1749568120047864300,4.9658642578125,-0.22213107347488403,0.9041429162025452,-0.1130053773522377
1749568120057855500,4.97585546875,-0.3313235938549042,0.7301008105278015,-0.0985923558473587
1749568120067847400,4.985847412109375,-0.334252268075943,0.5379502773284912,-0.08673089742660522
1749568120077838300,4.99583837890625,-0.2035195678472519,0.39078691601753235,-0.07789506763219833
1749568120087829200,5.005829345703125,-0.05335057154297829,0.2140561044216156,-0.039323437958955765
1749568120097820200,5.015820068359375,0.05781669542193413,0.005649097263813019,-0.02389441430568695
1749568120107811300,5.025811279296875,0.1474911868572235,-0.12085504829883575,-0.03356621414422989
1749568120117802500,5.035802490234375,0.17743682861328125,-0.1905350536108017,-0.02863324247300625
1749568120127794400,5.04579443359375,0.17526769638061523,-0.15118685364723206,-0.037042707204818726
1749568120137785300,5.055785400390625,0.17284581065177917,-0.054370030760765076,-0.043652672320604324
1749568120147776300,5.0657763671875,0.15047845244407654,-0.004397145472466946,-0.0679851770401001
1749568120157767200,5.07576708984375,0.0992237851023674,0.027750404551625252,-0.08521156758069992
1749568120167758600,5.085758544921875,0.04700106382369995,-0.025837723165750504,-0.0879005640745163
1749568120177750300,5.095750244140625,0.03784991055727005,-0.059845488518476486,-0.05829286575317383
1749568120187741200,5.1057412109375,0.08483419567346573,0.07813555002212524,0.0181686170399189
1749568120197732400,5.115732421875,0.12320581823587418,0.020123643800616264,-0.014756308868527412
1749568120207723300,5.12572314453125,0.05271487683057785,-0.0981161817908287,-0.01293417438864708
1749568120217714400,5.13571435546875,0.12051789462566376,-0.14529354870319366,-0.040220122784376144
1749568120227706400,5.145706298828125,0.22905981540679932,0.015263108536601067,-0.012015117332339287
1749568120237697300,5.155697265625,0.20024947822093964,0.13844123482704163,0.02623506635427475
1749568120247688200,5.165688232421875,0.06816094368696213,0.15024569630622864,0.09578591585159302
1749568120257679400,5.175679443359375,-0.05463980883359909,0.024835841730237007,0.11292947828769684
1749568120267670300,5.185670166015625,-0.10438046604394913,0.056951966136693954,0.09174483269453049
1749568120277661400,5.195661376953125,-0.053881607949733734,0.20295950770378113,0.05697194114327431
1749568120287653400,5.2056533203125,0.02588432841002941,0.3115549683570862,0.06615292280912399
1749568120297644300,5.215644287109375,0.05949688330292702,0.3147622048854828,0.09680484235286713
1749568120307635200,5.22563525390625,0.05873335525393486,0.29802370071411133,0.12483035027980804
1749568120317626400,5.23562646484375,0.035954803228378296,0.20747995376586914,0.12330781668424606
1749568120327618300,5.245618408203125,0.04362231120467186,0.1987415850162506,0.11539450287818909
1749568120337609200,5.255609130859375,0.08104798197746277,0.20727169513702393,0.10683882981538773
1749568120347600400,5.265600341796875,0.077454574406147,0.18252800405025482,0.09664105623960495
1749568120357591300,5.27559130859375,-0.03912023827433586,0.015794143080711365,0.09660696983337402
1749568120367582200,5.285582275390625,-0.1112775206565857,0.011452924460172653,0.13962234556674957
1749568120377573400,5.295573486328125,-0.01625353842973709,-0.0009986853692680597,0.14056484401226044
1749568120387565300,5.3055654296875,0.11020506918430328,-0.019521769136190414,0.14959189295768738
1749568120397556200,5.31555615234375,0.14860571920871735,-0.01601145789027214,0.16107144951820374
1749568120407547400,5.32554736328125,0.16742388904094696,0.018205102533102036,0.1390545517206192
1749568120417538300,5.335538330078125,0.15087419748306274,-0.033071666955947876,0.17200984060764313
1749568120427529200,5.345529296875,0.08052360266447067,-0.13100355863571167,0.19488799571990967
1749568120437521400,5.355521484375,0.04663088545203209,-0.03519020974636078,0.18637973070144653
1749568120447512300,5.36551220703125,0.055701080709695816,0.07693392783403397,0.16489706933498383
1749568120457503200,5.375503173828125,0.04627295583486557,0.16074201464653015,0.1279670149087906
1749568120467494400,5.385494384765625,-0.06508179754018784,0.12953269481658936,0.14466078579425812
1749568120477485300,5.3954853515625,-0.1802230328321457,0.06835029274225235,0.18903303146362305
1749568120487477200,5.405477294921875,-0.22318248450756073,0.07993610948324203,0.2265913337469101
1749568120497468400,5.415468505859375,-0.21324463188648224,0.0908883586525917,0.2486758679151535
1749568120507459300,5.425459228515625,-0.19051428139209747,0.08997569233179092,0.24453464150428772
1749568120517450200,5.4354501953125,-0.1239621564745903,0.13315245509147644,0.21148695051670074
1749568120527441400,5.44544140625,-0.0472806952893734,0.16244323551654816,0.19072015583515167
1749568120537433300,5.455433349609375,0.013577860780060291,0.14793726801872253,0.17514358460903168
1749568120547424300,5.46542431640625,0.12358425557613373,0.11340751498937607,0.16251593828201294
1749568120557415400,5.47541552734375,0.24887533485889435,0.19708137214183807,0.16245335340499878
1749568120567406300,5.48540625,0.3841830790042877,0.6739104986190796,0.15905915200710297
1749568120577397200,5.495397216796875,0.5831273198127747,1.2365752458572388,0.004319380968809128
1749568120587389400,5.505389404296875,0.5745455622673035,1.4219125509262085,-0.10881116986274719
1749568120597380400,5.51538037109375,0.3813231289386749,1.2430479526519775,-0.1265811175107956
1749568120607371300,5.525371337890625,0.18259111046791077,0.7798265814781189,-0.025792447850108147
1749568120617362400,5.535362548828125,0.03134141117334366,0.5336455702781677,0.04753529280424118
1749568120627353300,5.545353271484375,-0.008736499585211277,0.669917643070221,-0.007276821415871382
1749568120637345300,5.55534521484375,-0.0010479538468644023,0.616862952709198,-0.0734715536236763
1749568120647336400,5.56533642578125,-0.06576117128133774,0.3059564530849457,-0.027849741280078888
1749568120657327400,5.575327392578125,-0.11058057099580765,-0.1639588475227356,0.05186213180422783
1749568120667318500,5.585318603515625,-0.027173297479748726,-0.423129141330719,0.06296884268522263
1749568120677309400,5.595309326171875,0.03069239854812622,-0.49294739961624146,0.03963768854737282
1749568120687301600,5.605301513671875,0.007074421271681786,-0.5483957529067993,0.034025344997644424
1749568120697292500,5.61529248046875,-0.017648234963417053,-0.5518530607223511,0.04254000261425972
1749568120707283500,5.625283447265625,-0.025300296023488045,-0.7085002064704895,0.07164622098207474
1749568120717274400,5.6352744140625,-0.12155359238386154,-1.0786678791046143,0.10260680317878723
1749568120727265500,5.645265625,-0.22389407455921173,-1.1216914653778076,0.10741354525089264
1749568120737257500,5.655257568359375,-0.24405688047409058,-1.160962462425232,0.13586515188217163
1749568120747248400,5.665248291015625,-0.15478292107582092,-1.1275690793991089,0.14587171375751495
1749568120757239600,5.675239501953125,0.07214316725730896,-0.7636070847511292,0.07878189533948898
1749568120767230500,5.68523046875,0.2614734172821045,-0.6687098741531372,0.0922313928604126
1749568120777221400,5.695221435546875,0.41006556153297424,-0.5109322667121887,0.057501908391714096
1749568120787213600,5.705213623046875,0.4466555118560791,-0.4114927351474762,0.011668107472360134
1749568120797204500,5.71520458984375,0.456861287355423,-0.20472784340381622,0.010575945489108562
1749568120807195400,5.7251953125,0.41846463084220886,0.06076587736606598,-0.0010391654213890433
1749568120817186600,5.7351865234375,0.37744981050491333,0.251008003950119,-0.02123977430164814
1749568120827177500,5.745177490234375,0.2675691246986389,0.34748658537864685,0.0025393241085112095
1749568120837169400,5.75516943359375,0.100130595266819,0.36776602268218994,0.06767118722200394
1749568120847160600,5.76516064453125,-0.016147810965776443,0.27161234617233276,0.11469542235136032
1749568120857151500,5.7751513671875,-0.026026541367173195,0.2167823761701584,0.14922916889190674
1749568120867142400,5.785142333984375,0.10223369300365448,0.3490179181098938,0.14172491431236267
1749568120877133600,5.795133544921875,0.16659164428710938,0.4963541030883789,0.12486736476421356
1749568120887125500,5.80512548828125,0.14521285891532898,0.5662093758583069,0.14434786140918732
1749568120897116400,5.815116455078125,0.08208874613046646,0.5898007154464722,0.14814259111881256
1749568120907107600,5.825107666015625,0.022184131667017937,0.6293286681175232,0.15619465708732605
1749568120917098500,5.835098388671875,-0.0046605318784713745,0.6678962707519531,0.1402319371700287
1749568120927089400,5.84508935546875,0.06059437245130539,0.818674623966217,0.10994194447994232
1749568120937081600,5.85508154296875,0.09516220539808273,0.8893887400627136,0.03142024204134941
1749568120947072500,5.865072509765625,0.21375197172164917,-0.05883641913533211,-0.08511941879987717
1749568120957063400,5.8750634765625,-0.036373455077409744,0.864024817943573,0.2766087055206299
1749568120967054600,5.8850546875,-0.14166311919689178,1.2192460298538208,0.390169620513916
1749568120977045500,5.89504541015625,0.008479504846036434,0.630756139755249,0.31140077114105225
1749568120987037400,5.905037353515625,0.07784952223300934,0.4113670289516449,0.2833680510520935
1749568120997028600,5.915028564453125,0.054129548370838165,0.41268929839134216,0.35442280769348145
1749568121007019500,5.92501953125,0.0051710596308112144,0.3462887108325958,0.4016108214855194
1749568121017010400,5.935010498046875,-0.02160516008734703,0.16292047500610352,0.36938390135765076
1749568121027001600,5.945001708984375,-0.04767830669879913,0.001062068622559309,0.31609323620796204
1749568121036993500,5.95499365234375,-0.07314904779195786,-0.13987374305725098,0.2972268760204315
1749568121046984400,5.964984375,-0.14495745301246643,-0.33462297916412354,0.2948204576969147
1749568121056975600,5.9749755859375,-0.10708197951316833,-0.2142166942358017,0.2200082689523697
1749568121066966500,5.984966552734375,-0.01347745954990387,-0.03521977365016937,0.06813164800405502
1749568121076957400,5.99495751953125,0.007450725883245468,-0.039033420383930206,-0.002739860210567713
1749568121086949600,6.00494970703125,-0.11351990699768066,-0.146501824259758,0.007655522786080837
1749568121096940500,6.0149404296875,-0.1803191751241684,-0.1872282177209854,-0.029512351378798485
1749568121106931500,6.024931396484375,-0.12589721381664276,-0.22146713733673096,-0.15550677478313446
1749568121116922600,6.034922607421875,-0.10821355879306793,-0.33775168657302856,-0.19711439311504364
1749568121126914600,6.04491455078125,-0.15211257338523865,-0.300325483083725,-0.21471630036830902
1749568121136905500,6.054905517578125,-0.1984180212020874,-0.3556278645992279,-0.26780349016189575
1749568121146896600,6.064896728515625,-0.1484222263097763,-0.537668764591217,-0.27605074644088745
1749568121156887600,6.074887451171875,0.024279506877064705,-0.6351096034049988,-0.26823732256889343
1749568121166878500,6.08487841796875,0.13262754678726196,-0.7611375451087952,-0.26979926228523254
1749568121176870700,6.09487060546875,0.11657534539699554,-0.9047778248786926,-0.2063630223274231
1749568121186861600,6.104861572265625,0.07195381820201874,-1.0892581939697266,-0.1249920055270195
1749568121196852500,6.1148525390625,0.13912220299243927,-1.0855233669281006,-0.0686967745423317
1749568121206843600,6.12484375,0.31324073672294617,-0.7847009301185608,-0.022423284128308296
1749568121216834600,6.13483447265625,0.433881938457489,-0.15962587296962738,0.00418462511152029
1749568121226826500,6.144826416015625,0.3694598078727722,0.5058535933494568,0.02371971122920513
1749568121236817700,6.154817626953125,0.13683108985424042,0.8906380534172058,0.01013865415006876
1749568121246808600,6.16480859375,-0.0736803486943245,1.2112642526626587,0.00905634555965662
1749568121256799500,6.174799560546875,-0.2052418291568756,1.2152094841003418,0.009004414081573486
1749568121266790700,6.184790771484375,-0.2804034352302551,0.7799381613731384,0.012572783045470715
1749568121276782600,6.194782470703125,-0.21240094304084778,0.11458117514848709,0.04147553816437721
1749568121286773500,6.2047734375,-0.0696461871266365,-0.5932297706604004,0.0538451224565506
1749568121296764700,6.2147646484375,0.025725603103637695,-1.1278226375579834,0.057253703474998474
1749568121306755600,6.224755615234375,-0.015791479498147964,-1.5971133708953857,0.06897507607936859
1749568121316746500,6.23474658203125,-0.034328147768974304,-1.5253838300704956,0.0498620979487896
1749568121326738700,6.24473876953125,-0.10415276885032654,-1.6354637145996094,0.06494197994470596
1749568121336729600,6.2547294921875,-0.3905256688594818,-2.2891383171081543,0.1300208568572998
1749568121346720500,6.264720458984375,-0.38484594225883484,-1.2842828035354614,0.03303464874625206
1749568121356711700,6.274711669921875,0.0919075533747673,-0.44997143745422363,0.019513780251145363
1749568121366703600,6.28470361328125,0.1827184110879898,-0.015982162207365036,-0.035472240298986435
1749568121376694500,6.294694580078125,-0.08567921817302704,0.05072442814707756,0.013064669445157051
1749568121386685700,6.304685791015625,-0.20196188986301422,0.06584266573190689,0.05865425989031792
1749568121396676600,6.314676513671875,-0.07224756479263306,0.28128066658973694,0.08545977622270584
1749568121406667500,6.32466748046875,0.12634168565273285,0.5384759902954102,0.09930607676506042
1749568121416659700,6.33465966796875,0.28915324807167053,0.6115507483482361,0.11548452079296112
1749568121426650600,6.344650634765625,0.3739336431026459,0.5574179887771606,0.11698600649833679
1749568121436641500,6.3546416015625,0.3817470967769623,0.4209269881248474,0.0934966579079628
1749568121446632700,6.3646328125,0.20860673487186432,0.3924500644207001,0.11666669696569443
1749568121456623600,6.37462353515625,-0.15375547111034393,0.617530882358551,0.10292798280715942
1749568121466615600,6.384615478515625,-0.3467691242694855,0.9860116839408875,0.05434872582554817
1749568121476606700,6.394606689453125,-0.2690109610557556,1.0178940296173096,-0.004716191906481981
1749568121486597600,6.40459765625,-0.16466031968593597,0.8828522562980652,-0.011778095737099648
1749568121496588500,6.414588623046875,-0.10946870595216751,0.48987117409706116,0.02612454444169998
1749568121506579700,6.424579833984375,-0.1750088334083557,0.038411304354667664,0.09443382918834686
1749568121516571600,6.434571533203125,-0.04390620440244675,-0.3928689956665039,0.003166498616337776
1749568121526562600,6.4445625,0.16781802475452423,-0.3808844983577728,0.03193076699972153
1749568121536553700,6.4545537109375,0.178965762257576,-0.19167649745941162,0.026262762024998665
1749568121546544600,6.464544677734375,0.025431057438254356,-0.144057035446167,-0.0008748483960516751
1749568121556536300,6.474536376953125,-0.05404805392026901,-0.12574434280395508,0.00965502392500639
1749568121566527500,6.484527587890625,-0.014197045005857944,0.03609462082386017,-0.0119706429541111
1749568121576518700,6.4945185546875,0.029317408800125122,0.17158693075180054,-0.0488508976995945
1749568121586509600,6.504509521484375,0.013892379589378834,0.16314977407455444,-0.04410221427679062
1749568121596500700,6.514500732421875,-0.011680890806019306,0.0752745121717453,-0.03500086069107056
1749568121606492400,6.524492431640625,-0.004315918777137995,0.024223048239946365,-0.04514084756374359
1749568121616483300,6.5344833984375,0.025462748482823372,-0.02208426408469677,-0.03477875143289566
1749568121626474500,6.544474609375,0.04500369355082512,-0.10312505066394806,-0.025511484593153
1749568121636465700,6.554465576171875,0.0455070324242115,-0.16246560215950012,-0.019111642614006996
1749568121646457300,6.564457275390625,0.04056260734796524,-0.1801934689283371,-0.011319499462842941
1749568121656448500,6.574448486328125,0.03844006732106209,-0.16138435900211334,-0.0021228056866675615
1749568121666438400,6.5844384765625,0.024803616106510162,-0.12588362395763397,-0.00007909588020993397
1749568121676429600,6.5944296875,0.010715228505432606,-0.08972775191068649,0.008528240956366062
1749568121686420500,6.60442041015625,0.0031380027066916227,-0.06876281648874283,0.00803022924810648
1749568121696412400,6.614412353515625,0.006611297372728586,-0.07873662561178207,0.010087521746754646
1749568121706403600,6.624403564453125,0.018617892637848854,-0.09853589534759521,0.004470914602279663
1749568121716394500,6.63439453125,0.026518160477280617,-0.1259440779685974,-0.007933557033538818
1749568121726385400,6.644385498046875,0.025594575330615044,-0.16535913944244385,-0.012003665789961815
1749568121736376600,6.65437646484375,0.02443370409309864,-0.20725785195827484,-0.01956304907798767
1749568121746368500,6.664368408203125,0.034444794058799744,-0.2324492186307907,-0.029760025441646576
1749568121756359400,6.674359375,0.04199618473649025,-0.24386778473854065,-0.0327206626534462
1749568121766350600,6.6843505859375,0.032828520983457565,-0.2712448239326477,-0.034821897745132446
1749568121776341500,6.694341552734375,0.024388963356614113,-0.2915801703929901,-0.035235218703746796
1749568121786333400,6.70433349609375,0.02894856035709381,-0.29748600721359253,-0.03581445664167404
1749568121796324600,6.71432470703125,0.03183223307132721,-0.317246675491333,-0.039802804589271545
1749568121806315500,6.7243154296875,0.03471670299768448,-0.340939998626709,-0.05614955350756645
1749568121816306400,6.734306396484375,0.04019775241613388,-0.3588183522224426,-0.06523919105529785
1749568121826297600,6.744297607421875,0.03662991523742676,-0.37641143798828125,-0.07068828493356705
1749568121836289300,6.754289306640625,0.037454165518283844,-0.38043975830078125,-0.0792229175567627
1749568121846280400,6.764280517578125,0.039808664470911026,-0.3703565001487732,-0.07561939209699631
1749568121856271600,6.774271728515625,0.029925674200057983,-0.3603861331939697,-0.07328486442565918
1749568121866262500,6.784262451171875,0.02371118776500225,-0.3376683294773102,-0.07543031126260757
1749568121876254200,6.794254150390625,0.020839234814047813,-0.33059442043304443,-0.08072387427091599
1749568121886245400,6.804245361328125,0.01739603467285633,-0.3168852627277374,-0.09911459684371948
1749568121896236500,6.814236572265625,0.01835104450583458,-0.2962958514690399,-0.09202366322278976
1749568121906227500,6.8242275390625,0.005690109916031361,-0.2846820652484894,-0.09276136010885239
1749568121916218600,6.834218505859375,-0.002633866388350725,-0.27921804785728455,-0.09571294486522675
1749568121926210300,6.844210205078125,-0.003931891173124313,-0.28144606947898865,-0.09021750837564468
1749568121936201200,6.854201171875,0.004493285436183214,-0.2908172011375427,-0.09480613470077515
1749568121946192400,6.8641923828125,0.007333280518651009,-0.2905237078666687,-0.10021102428436279
1749568121956183600,6.87418359375,0.004110589157789946,-0.27351754903793335,-0.09277760982513428
1749568121966175500,6.884175537109375,-0.005456816870719194,-0.24154524505138397,-0.08767259120941162
1749568121976166400,6.89416650390625,-0.006457632873207331,-0.20186680555343628,-0.09546153992414474
1749568121986157300,6.9041572265625,-0.015529424883425236,-0.17116375267505646,-0.09931673109531403
1749568121996148200,6.914148193359375,-0.02425766922533512,-0.1666739284992218,-0.11897086352109909
1749568122006139400,6.924139404296875,-0.02317003346979618,-0.16394951939582825,-0.11965183168649673
1749568122016131300,6.93413134765625,-0.01787673495709896,-0.16595621407032013,-0.126832515001297
1749568122026122200,6.944122314453125,-0.006572947837412357,-0.16002535820007324,-0.13875842094421387
1749568122036113400,6.954113525390625,-0.014297179877758026,-0.13871952891349792,-0.129654660820961
1749568122046104300,6.964104248046875,-0.033006418496370316,-0.13097426295280457,-0.13881513476371765
1749568122056096500,6.974096435546875,-0.046965911984443665,-0.11829521507024765,-0.11879029870033264
1749568122066087400,6.98408740234375,-0.05169834941625595,-0.09743041545152664,-0.102979376912117
1749568122076078300,6.994078369140625,-0.05335856229066849,-0.10727319121360779,-0.09653186798095703
1749568122086069200,7.0040693359375,-0.052512478083372116,-0.14518168568611145,-0.09734918922185898
1749568122096060400,7.014060302734375,-0.05085066333413124,-0.1963745802640915,-0.09089954942464828
1749568122106052400,7.02405224609375,-0.05264909565448761,-0.21456822752952576,-0.06404982507228851
1749568122116043300,7.034043212890625,-0.05848514661192894,-0.22245198488235474,-0.059841763228178024
1749568122126034400,7.044034423828125,-0.06445089727640152,-0.22738122940063477,-0.053525008261203766
1749568122136025300,7.054025390625,-0.07447343319654465,-0.22023862600326538,-0.020534036681056023
1749568122146017500,7.064017578125,-0.08859191834926605,-0.20506739616394043,-0.026563167572021484
1749568122156008400,7.074008544921875,-0.09456858038902283,-0.19696420431137085,-0.0041617220267653465
1749568122165999400,7.083999267578125,-0.09105134755373001,-0.20659765601158142,-0.0068419273011386395
1749568122175990300,7.093990234375,-0.08366560190916061,-0.22869735956192017,-0.009050752967596054
1749568122185981400,7.1039814453125,-0.09250516444444656,-0.2408786565065384,0.006958307232707739
1749568122195973400,7.113973388671875,-0.10342545807361603,-0.23366069793701172,-0.000907338981050998
1749568122205964300,7.12396435546875,-0.10806228965520859,-0.21479086577892303,0.007444334216415882
1749568122215955500,7.13395556640625,-0.11498544365167618,-0.20316936075687408,0.009394301101565361
1749568122225946400,7.1439462890625,-0.12406308948993683,-0.2031312733888626,0.014939268119633198
1749568122235938600,7.1539384765625,-0.13504090905189514,-0.1961521953344345,0.027995415031909943
1749568122245929500,7.163929443359375,-0.13915549218654633,-0.1970563381910324,0.04008457064628601
1749568122255920400,7.17392041015625,-0.14004072546958923,-0.2167821079492569,0.05070845037698746
1749568122265911300,7.183911376953125,-0.1415344923734665,-0.24958986043930054,0.05621453747153282
1749568122275902500,7.19390234375,-0.1395038366317749,-0.28150784969329834,0.06963633745908737
1749568122285894400,7.203894287109375,-0.14196725189685822,-0.2944643795490265,0.08786993473768234
1749568122295885300,7.21388525390625,-0.1538739800453186,-0.27161288261413574,0.09256428480148315
1749568122305876500,7.22387646484375,-0.16289730370044708,-0.23078207671642303,0.08973361551761627
1749568122315867400,7.233867431640625,-0.16350317001342773,-0.1894325166940689,0.09599337726831436
1749568122325859600,7.243859619140625,-0.16215720772743225,-0.15756087005138397,0.10642284899950027
1749568122335850500,7.2538505859375,-0.1571693867444992,-0.12031762301921844,0.11202693730592728
1749568122345841400,7.26384130859375,-0.14660701155662537,-0.0934162363409996,0.11938365548849106
1749568122355832300,7.273832275390625,-0.13325685262680054,-0.057020142674446106,0.12558189034461975
1749568122365823500,7.283823486328125,-0.13375167548656464,-0.007980694994330406,0.1437702178955078
1749568122375815400,7.2938154296875,-0.15185637772083282,0.0431503988802433,0.14320217072963715
1749568122385806300,7.303806396484375,-0.16505925357341766,0.05650242418050766,0.15735021233558655
1749568122395797500,7.313797607421875,-0.15226037800312042,0.020852817222476006,0.17641285061836243
1749568122405788400,7.323788330078125,-0.12036369740962982,-0.02738022617995739,0.18365664780139923
1749568122415780600,7.333780517578125,-0.09553983807563782,-0.05272313207387924,0.19432367384433746
1749568122425771500,7.343771484375,-0.07934409379959106,-0.013638047501444817,0.20384420454502106
1749568122435762400,7.353762451171875,-0.07573524117469788,0.11126261204481125,0.18714246153831482
1749568122445753300,7.36375341796875,-0.08157341927289963,0.30241766571998596,0.18345105648040771
1749568122455745500,7.37374560546875,-0.10953474789857864,0.482262521982193,0.17489351332187653
1749568122465736400,7.383736328125,-0.12278717011213303,0.6009483933448792,0.17199546098709106
1749568122475727400,7.393727294921875,-0.10673363506793976,0.6492259502410889,0.18232613801956177
1749568122485718500,7.403718505859375,-0.0792791098356247,0.6457494497299194,0.19440889358520508
1749568122495709400,7.41370947265625,-0.05819805711507797,0.6088151335716248,0.1965671181678772
1749568122505701600,7.42370166015625,-0.04821786284446716,0.54103022813797,0.2029949277639389
1749568122515692500,7.433692626953125,-0.032587237656116486,0.4759811758995056,0.2020108848810196
1749568122525683500,7.443683349609375,-0.021512748673558235,0.44391167163848877,0.2102685570716858
1749568122535674400,7.45367431640625,-0.005401689559221268,0.43040117621421814,0.20227347314357758
1749568122545666600,7.46366650390625,0.012403672561049461,0.4594610631465912,0.20626448094844818
1749568122555657500,7.473657470703125,0.014553642831742764,0.5266856551170349,0.20918305218219757
1749568122565648600,7.483648681640625,-0.0024258734192699194,0.5841177701950073,0.2220088243484497
1749568122575639600,7.4936396484375,-0.015686551108956337,0.5791333913803101,0.22620676457881927
1749568122585630500,7.50363037109375,-0.003254649229347706,0.5229542851448059,0.23207664489746094
1749568122595622700,7.51362255859375,0.04543645679950714,0.4573292136192322,0.23354724049568176
1749568122605613600,7.523613525390625,0.09416963905096054,0.4236026704311371,0.2380559742450714
1749568122615604500,7.5336044921875,0.10671499371528625,0.4257694184780121,0.2406988888978958
1749568122625595400,7.543595458984375,0.09689006209373474,0.472068190574646,0.2400355041027069
1749568122635587300,7.55358740234375,0.08816155046224594,0.5311024785041809,0.24373197555541992
1749568122645578500,7.56357861328125,0.09289425611495972,0.569641649723053,0.23333792388439178
1749568122655569700,7.573569580078125,0.09443515539169312,0.562238335609436,0.2133953720331192
1749568122665561000,7.58356103515625,0.0942109227180481,0.5162867903709412,0.2055419683456421
1749568122675552800,7.593552734375,0.09480293840169907,0.4721994996070862,0.2119988054037094
1749568122685544000,7.6035439453125,0.11092066019773483,0.4427896738052368,0.21674509346485138
1749568122695534800,7.613534912109375,0.13532213866710663,0.39796948432922363,0.2111375331878662
1749568122705525800,7.62352587890625,0.1492757648229599,0.3421482741832733,0.19422966241836548
1749568122715517000,7.633516845703125,0.14789731800556183,0.29621702432632446,0.18827909231185913
1749568122725508900,7.6435087890625,0.15958087146282196,0.23858407139778137,0.16760258376598358
1749568122735499800,7.653499755859375,0.1749419867992401,0.21793872117996216,0.15518373250961304
1749568122745490700,7.66349072265625,0.18439887464046478,0.19762678444385529,0.13449256122112274
1749568122755481900,7.67348193359375,0.17634306848049164,0.1985543668270111,0.12297039479017258
1749568122765473800,7.683473876953125,0.16325071454048157,0.22657908499240875,0.12153548747301102
1749568122775465000,7.69346484375,0.15217222273349762,0.2679890990257263,0.12345695495605469
1749568122785455900,7.703455810546875,0.1464592069387436,0.3122399151325226,0.1323295384645462
1749568122795446800,7.71344677734375,0.13441772758960724,0.32237324118614197,0.14145806431770325
1749568122805439000,7.72343896484375,0.11916234344244003,0.30725687742233276,0.15466228127479553
1749568122815430000,7.733429931640625,0.11121946573257446,0.2673528790473938,0.1641593724489212
1749568122825420800,7.7434208984375,0.1224268451333046,0.21905457973480225,0.16764865815639496
1749568122835411700,7.75341162109375,0.14786456525325775,0.17613933980464935,0.16564089059829712
1749568122845403000,7.76340283203125,0.16926385462284088,0.17140930891036987,0.1693030148744583
1749568122855394800,7.773394775390625,0.16480626165866852,0.21356900036334991,0.16477243602275848
1749568122865386000,7.783385986328125,0.13676290214061737,0.2430424690246582,0.14441576600074768
1749568122875377000,7.793376953125,0.09883523732423782,0.23501411080360413,0.11951307952404022
1749568122885367800,7.803367919921875,0.10061582177877426,0.23289424180984497,0.10985672473907471
1749568122895360000,7.813360107421875,0.11819375306367874,0.23065185546875,0.09829061478376389
1749568122905351000,7.823350830078125,0.11544057726860046,0.21491044759750366,0.10161077976226807
1749568122915341800,7.833341796875,0.10780902206897736,0.19787685573101044,0.11252334713935852
1749568122925332700,7.843332763671875,0.10484679043292999,0.20249424874782562,0.1291968673467636
1749568122935324000,7.853323974609375,0.10644575208425522,0.2107287496328354,0.14229083061218262
1749568122945315800,7.86331591796875,0.11105914413928986,0.23627245426177979,0.1436285376548767
1749568122955307000,7.87330712890625,0.10658689588308334,0.26587721705436707,0.16087943315505981
1749568122965298000,7.8832978515625,0.10094419121742249,0.27738845348358154,0.15365827083587646
1749568122975288800,7.893288818359375,0.10216391831636429,0.2938651740550995,0.1449209749698639
1749568122985281000,7.903281005859375,0.10882128775119781,0.2841606140136719,0.13530829548835754
1749568122995272000,7.91327197265625,0.11413083225488663,0.2587953507900238,0.12532223761081696
1749568123005262800,7.923262939453125,0.11967713385820389,0.2232770323753357,0.11786644905805588
1749568123015253800,7.933253662109375,0.1348704695701599,0.20691776275634766,0.1164586991071701
1749568123025246000,7.943245849609375,0.15365853905677795,0.23035144805908203,0.11118724197149277
1749568123035236900,7.95323681640625,0.15230032801628113,0.278020977973938,0.11820493638515472
1749568123045228000,7.96322802734375,0.14579901099205017,0.33168739080429077,0.12221592664718628
1749568123055219000,7.973218994140625,0.12368865311145782,0.3719775676727295,0.11955462396144867
1749568123065209900,7.9832099609375,0.10165125876665115,0.3747032880783081,0.11144663393497467
1749568123075202000,7.9932021484375,0.10606545209884644,0.35400307178497314,0.10376980155706406
1749568123085193000,8.00319287109375,0.13500122725963593,0.3322618305683136,0.1050419956445694
1749568123095184000,8.013183837890624,0.15155863761901855,0.3083721995353699,0.09990555793046951
1749568123105174800,8.0231748046875,0.15570197999477386,0.26966342329978943,0.09663280099630356
1749568123115167000,8.0331669921875,0.15578986704349518,0.21593283116817474,0.08976291120052338
1749568123125158000,8.043157958984375,0.1846097856760025,0.1911126971244812,0.07345450669527054
1749568123135149000,8.053149169921875,0.22217367589473724,0.2282307744026184,0.06533000618219376
1749568123145140000,8.063139892578125,0.2209494262933731,0.301299124956131,0.05145493522286415
1749568123155132000,8.0731318359375,0.17712311446666718,0.37787753343582153,0.050453852862119675
1749568123165123000,8.083123046875,0.12810470163822174,0.391108900308609,0.04464869573712349
1749568123175114000,8.093114013671874,0.10964633524417877,0.4002475440502167,0.04110269621014595
1749568123185105000,8.10310498046875,0.1253424733877182,0.34877821803092957,0.041846781969070435
1749568123195097000,8.11309716796875,0.13845321536064148,0.21512721478939056,0.03471723571419716
1749568123205088000,8.123087890625,0.17092673480510712,0.08419397473335266,0.04080122709274292
1749568123215079000,8.133078857421875,0.20398269593715668,-0.02690724842250347,0.03891943767666817
1749568123225070000,8.143070068359375,0.19420330226421356,-0.10184860229492188,0.032820798456668854
1749568123235061000,8.15306103515625,0.16263818740844727,-0.14211879670619965,0.03139414265751839
1749568123245053000,8.163052978515625,0.14006762206554413,-0.14409619569778442,0.01996784843504429
1749568123255044000,8.173044189453124,0.13119584321975708,-0.10387047380208969,0.024216655641794205
1749568123265035000,8.183034912109376,0.11294545978307724,-0.06654254347085953,0.02279719151556492
1749568123275026000,8.19302587890625,0.06957375258207321,-0.05342700704932213,0.0175614170730114
1749568123285017900,8.203017822265625,0.04929457977414131,-0.03596439212560654,0.025670476257801056
1749568123295009000,8.213009033203125,0.06827306002378464,-0.02045787125825882,0.02262808009982109
1749568123305000000,8.223,0.08001147955656052,0.02034015953540802,0.015351791866123676
1749568123314991000,8.2329912109375,0.0390496626496315,0.07427156716585159,0.010182596743106842
1749568123324982800,8.242982666015624,-0.03111211210489273,0.06255792081356049,-0.0033992587123066187
1749568123334973700,8.2529736328125,-0.05060538649559021,0.03611699119210243,-0.015678295865654945
1749568123344964900,8.26296484375,-0.012921124696731567,-0.012239089235663414,-0.022119682282209396
1749568123354956000,8.2729560546875,0.03196778520941734,-0.0842275321483612,-0.022578811272978783
1749568123364947700,8.28294775390625,0.060673199594020844,-0.16499455273151398,-0.016108395531773567
1749568123374939000,8.29293896484375,0.0641837790608406,-0.23966318368911743,0.000901480030734092
1749568123384929800,8.3029296875,0.05879354104399681,-0.26185184717178345,0.016290822997689247
1749568123394920700,8.312920654296875,0.053877878934144974,-0.26530784368515015,0.03503894433379173
1749568123404911900,8.322911865234374,0.04477732628583908,-0.21644149720668793,0.04525935649871826
1749568123414903800,8.33290380859375,0.03923901543021202,-0.1692819744348526,0.0630684494972229
1749568123424894700,8.342894775390626,0.02665850892663002,-0.14157071709632874,0.07576160877943039
1749568123434886000,8.352885986328126,0.017422400414943695,-0.13893604278564453,0.08771813660860062
1749568123444876800,8.362876708984375,0.026439862325787544,-0.1425217241048813,0.0980735719203949
1749568123454868700,8.37286865234375,0.04454003646969795,-0.14711540937423706,0.10589074343442917
1749568123464860000,8.38285986328125,0.05703079700469971,-0.15684394538402557,0.11154650151729584
1749568123474850800,8.392850830078125,0.05973789840936661,-0.17430496215820312,0.10949213802814484
1749568123484841700,8.402841796875,0.039932768791913986,-0.19709523022174835,0.1075645461678505
1749568123494834000,8.412833984375,0.01696593314409256,-0.22452285885810852,0.10635040700435638
1749568123504824800,8.422824951171876,0.028604745864868164,-0.19694076478481293,0.10896296799182892
1749568123514815700,8.432815673828125,0.030486537143588066,-0.11882732063531876,0.10914832353591919
1749568123524807000,8.442806884765625,0.00041811628034338355,-0.01768312230706215,0.10116363316774368
1749568123534798800,8.452798828125,-0.036975860595703125,0.08499345183372498,0.0965355932712555
1749568123544789800,8.462789794921875,-0.05738978832960129,0.14821210503578186,0.10100491344928741
1749568123554781000,8.472781005859375,-0.05962204933166504,0.195275217294693,0.09933058172464371
1749568123564771800,8.482771728515624,-0.040938377380371094,0.20571854710578918,0.1055770292878151
1749568123574762800,8.4927626953125,-0.01649135909974575,0.20221035182476044,0.10981091856956482
1749568123584755000,8.5027548828125,0.00803129468113184,0.2170814424753189,0.10826095938682556
1749568123594745900,8.512745849609376,0.02797091379761696,0.2675691246986389,0.10950332134962082
1749568123604736800,8.52273681640625,0.03431003540754318,0.3344387114048004,0.11300031840801239
1749568123614728000,8.53272802734375,0.011005247011780739,0.4197048544883728,0.12913428246974945
1749568123624720000,8.542719970703125,-0.05060086026787758,0.47367462515830994,0.15006300806999207
1749568123634710800,8.552710693359375,-0.1056758314371109,0.4711025357246399,0.1455920934677124
1749568123644702000,8.562701904296874,-0.09623412787914276,0.4337083101272583,0.14888614416122437
1749568123654692900,8.57269287109375,-0.04294906556606293,0.3818773329257965,0.16613464057445526
1749568123664685600,8.582685546875,-0.004286091309040785,0.30010122060775757,0.18255303800106049
1749568123674676500,8.592676513671876,0.00749147217720747,0.2012084722518921,0.1931643933057785
1749568123684667400,8.60266748046875,0.005878395400941372,0.13583506643772125,0.21403932571411133
1749568123694658600,8.612658447265625,0.013581056147813797,0.09859129041433334,0.2121010720729828
1749568123704650500,8.622650390625,0.016204802319407463,0.09120500832796097,0.19945824146270752
1749568123714641400,8.632641357421875,-0.0022205437999218702,0.12593476474285126,0.19713756442070007
1749568123724632600,8.642632568359375,-0.03549966961145401,0.1862204670906067,0.19408026337623596
1749568123734623500,8.65262353515625,-0.06246790662407875,0.29202625155448914,0.1885872185230255
1749568123744614400,8.662614501953126,-0.08721879124641418,0.3392249345779419,0.1636408567428589
1749568123754606600,8.672606689453126,-0.0965193510055542,0.29318687319755554,0.14157870411872864
1749568123764597500,8.682597412109375,-0.05796769633889198,0.21664096415042877,0.15249019861221313
1749568123774588400,8.69258837890625,-0.003751062322407961,0.11335185915231705,0.1483151614665985
1749568123784579600,8.70257958984375,0.021290374919772148,-0.0190178994089365,0.1399371325969696
1749568123794571500,8.712571533203125,0.022649120539426804,-0.12078207731246948,0.15545430779457092
1749568123804562400,8.7225625,0.027459055185317993,-0.16433808207511902,0.15186862647533417
1749568123814553600,8.7325537109375,0.031093737110495567,-0.1651599258184433,0.14177444577217102
1749568123824544500,8.74254443359375,0.01852921023964882,-0.13410614430904388,0.1448216289281845
1749568123834536400,8.752536376953126,0.0007843009079806507,-0.08750241994857788,0.14945553243160248
1749568123844527400,8.76252734375,-0.010585798881947994,-0.04039109870791435,0.1434977799654007
1749568123854518500,8.7725185546875,-0.010573015548288822,-0.008125836960971355,0.1589672863483429
1749568123864509400,8.782509521484375,-0.013419668190181255,0.022997461259365082,0.17340613901615143
1749568123874501400,8.79250146484375,-0.012695555575191975,0.019998209550976753,0.18554696440696716
1749568123884492300,8.8024921875,-0.018983811140060425,-0.01582636684179306,0.18928231298923492
1749568123894483200,8.812483154296874,-0.017950771376490593,-0.06112433969974518,0.2088155299425125
1749568123904474600,8.822474609375,-0.0010689928894862533,-0.08620279282331467,0.23196744918823242
1749568123914466300,8.83246630859375,-0.003862382611259818,-0.08289195597171783,0.2148451954126358
1749568123924457500,8.84245751953125,-0.030595459043979645,-0.08927927911281586,0.17783524096012115
1749568123934448400,8.852448486328125,-0.04330779239535332,-0.07766922563314438,0.16714957356452942
1749568123944439300,8.862439208984375,-0.033478330820798874,-0.058628957718610764,0.15329527854919434
1749568123954430500,8.872430419921875,-0.017469538375735283,-0.06443305313587189,0.1276399791240692
1749568123964422400,8.88242236328125,-0.00948245171457529,-0.07820052653551102,0.11919376999139786
1749568123974413300,8.892413330078124,0.003698065411299467,-0.10673549771308899,0.10459352284669876
1749568123984404200,8.902404296875,0.019771574065089226,-0.14401443302631378,0.0991140678524971
1749568123994395400,8.9123955078125,0.03241732716560364,-0.16474926471710205,0.09850873053073883
1749568124004387300,8.92238720703125,0.028018318116664886,-0.1800137162208557,0.10361374169588089
1749568124014378500,8.93237841796875,0.012582903727889061,-0.17591483891010284,0.11536227911710739
1749568124024369400,8.942369384765625,0.0018903117161244154,-0.1622224599123001,0.13764894008636475
1749568124034360300,8.9523603515625,-0.005199822131544352,-0.14292386174201965,0.17149266600608826
1749568124044352500,8.9623525390625,-0.011738414876163006,-0.1127992495894432,0.19528241455554962
1749568124054343400,8.972343505859374,-0.016474846750497818,-0.07876112312078476,0.23366601765155792
1749568124064334300,8.982334228515626,-0.02208932302892208,-0.05982498452067375,0.2598842978477478
1749568124074325200,8.9923251953125,-0.03735855594277382,-0.08885503560304642,0.28761500120162964
1749568124084317400,9.0023173828125,-0.0437549389898777,-0.1456272453069687,0.3247069716453552
1749568124094308400,9.012308349609375,-0.036503151059150696,-0.21442574262619019,0.36149081587791443
1749568124104299500,9.022299560546875,-0.033179789781570435,-0.27666062116622925,0.3932921588420868
1749568124114290400,9.03229052734375,-0.04204545542597771,-0.32798293232917786,0.4181455969810486
1749568124124282400,9.042282470703125,-0.06267216801643372,-0.336635023355484,0.45627114176750183
1749568124134273500,9.0522734375,-0.07857683300971985,-0.3324008584022522,0.48398903012275696
1749568124144264400,9.062264404296876,-0.08987316489219666,-0.3354027569293976,0.5134348273277283
1749568124154255400,9.07225537109375,-0.09297654777765274,-0.3403328061103821,0.5641262531280518
1749568124164247600,9.08224755859375,-0.10255087912082672,-0.3482051193714142,0.6057919263839722
1749568124174238500,9.092238525390625,-0.14071477949619293,-0.3724057972431183,0.6666781902313232
1749568124184229400,9.1022294921875,-0.21821781992912292,-0.43471577763557434,0.7665312886238098
1749568124194220500,9.112220458984375,-0.2966463267803192,-0.44955357909202576,0.901835024356842
1749568124204211500,9.12221142578125,-0.3330240249633789,-0.414908766746521,1.0377180576324463
1749568124214203400,9.132203369140624,-0.3261091411113739,-0.3620719313621521,1.187466025352478
1749568124224194600,9.142194580078124,-0.3118998408317566,-0.3463832437992096,1.340131402015686
1749568124234185500,9.152185546875,-0.28258028626441956,-0.38730964064598083,1.4985601902008057
1749568124244176400,9.16217626953125,-0.22146500647068024,-0.4484342336654663,1.6569269895553589
1749568124254168600,9.17216845703125,-0.14857110381126404,-0.516751766204834,1.7744789123535156
1749568124264159500,9.182159423828125,-0.06818278133869171,-0.6318485736846924,1.8421809673309326
1749568124274150400,9.192150390625,0.0380144938826561,-0.764350950717926,1.8966540098190308
1749568124284141600,9.2021416015625,0.19147223234176636,-0.8922263383865356,1.9202576875686646
1749568124294133500,9.212133544921874,0.32111597061157227,-0.9727677702903748,1.935626745223999
1749568124304124400,9.22212451171875,0.38804998993873596,-1.050095558166504,1.893196702003479
1749568124314115600,9.232115478515626,0.42926374077796936,-1.152793526649475,1.8111425638198853
1749568124324106500,9.2421064453125,0.46278735995292664,-1.252265214920044,1.747780203819275
1749568124334098400,9.252098388671875,0.5000007748603821,-1.317251443862915,1.6913546323776245
1749568124344089600,9.262089599609375,0.5278190970420837,-1.3379156589508057,1.5807768106460571
1749568124354080500,9.27208056640625,0.5344780683517456,-1.3398025035858154,1.4606813192367554
1749568124364071400,9.282071533203125,0.5094190239906311,-1.3092321157455444,1.3736566305160522
1749568124374063600,9.292063720703124,0.45533397793769836,-1.1766092777252197,1.3086150884628296
1749568124384054500,9.302054443359374,0.37320661544799805,-0.9835972785949707,1.1910947561264038
1749568124394045400,9.31204541015625,0.27650296688079834,-0.7939772605895996,1.0575686693191528
1749568124404036600,9.32203662109375,0.15850575268268585,-0.5726746916770935,0.962288498878479
1749568124414028300,9.3320283203125,0.016891898587346077,-0.3137075901031494,0.8730872869491577
1749568124424019500,9.34201953125,-0.09900327771902084,-0.08611597865819931,0.7257814407348633
1749568124434010600,9.3520107421875,-0.17712657153606415,0.0584140419960022,0.5879985094070435
1749568124444001500,9.36200146484375,-0.2294161468744278,0.14187803864479065,0.4919814467430115
1749568124453993200,9.3719931640625,-0.24435275793075562,0.2506260871887207,0.41382619738578796
1749568124463984400,9.381984375,-0.2178143560886383,0.19040749967098236,0.31652334332466125
1749568124473975300,9.391975341796876,-0.17287670075893402,0.054120227694511414,0.3102388381958008
1749568124483966500,9.401966552734375,-0.14912503957748413,-0.06790181994438171,0.308247834444046
1749568124493958400,9.41195849609375,-0.1512579619884491,-0.19408930838108063,0.31439709663391113
1749568124503949300,9.42194921875,-0.129767045378685,-0.38236361742019653,0.3258412182331085
1749568124513940200,9.431940185546875,-0.05030258372426033,-0.5631690621376038,0.3656565546989441
1749568124523931400,9.441931396484375,0.027174629271030426,-0.6770024299621582,0.41534075140953064
1749568124533922600,9.451922607421874,0.0929320678114891,-0.7462494373321533,0.45921632647514343
1749568124543914500,9.46191455078125,0.16249996423721313,-0.8030751347541809,0.4975959360599518
1749568124553905400,9.471905517578126,0.22342483699321747,-0.8434023261070251,0.4999954402446747
1749568124563896300,9.481896240234375,0.26720452308654785,-0.8522360324859619,0.493545800447464
1749568124573887200,9.49188720703125,0.2937543988227844,-0.8447171449661255,0.5916185975074768
1749568124583879400,9.50187939453125,0.3143414258956909,-0.8843066096305847,0.6431528925895691
1749568124593870300,9.511870361328125,0.3564760982990265,-0.965190052986145,0.6901616454124451
1749568124603861200,9.521861328125,0.40534642338752747,-1.035122275352478,0.7511562705039978
1749568124613852400,9.531852294921874,0.427272766828537,-1.071065068244934,0.8321672677993774
1749568124623844400,9.54184423828125,0.4171586036682129,-1.054776906967163,0.91535484790802
1749568124633835500,9.55183544921875,0.41379663348197937,-1.0375763177871704,0.9382505416870117
1749568124643826400,9.561826416015625,0.4457404613494873,-1.0535494089126587,0.8772631287574768
1749568124653817300,9.5718173828125,0.5173414349555969,-1.09527587890625,0.7848599553108215
1749568124663808500,9.58180859375,0.6100010275840759,-1.197490930557251,0.5879945158958435
1749568124673799700,9.591799560546875,0.7006022930145264,-1.369361162185669,0.35911422967910767
1749568124683790600,9.60179052734375,0.742163896560669,-1.5586360692977905,0.13360679149627686
1749568124693781500,9.611781494140626,0.7443718910217285,-1.7550820112228394,-0.018432004377245903
1749568124703773700,9.621773681640626,0.7690181136131287,-1.9899916648864746,-0.23556086421012878
1749568124713764600,9.6317646484375,0.8140367269515991,-2.1687238216400146,-0.46690618991851807
1749568124723755500,9.641755615234375,0.8670083284378052,-2.266453742980957,-0.6838944554328918
1749568124733746400,9.651746337890625,0.928062915802002,-2.272339344024658,-0.906767725944519
1749568124743738600,9.661738525390625,0.9879438281059265,-2.184823513031006,-1.158323049545288
1749568124753729500,9.6717294921875,1.0241189002990723,-1.986809492111206,-1.3960665464401245
1749568124763720700,9.681720703125,1.0386370420455933,-1.7035977840423584,-1.6387591361999512
1749568124773711600,9.691711669921874,1.059866189956665,-1.3863463401794434,-1.8531172275543213
1749568124783703600,9.70170361328125,1.067021369934082,-1.0614992380142212,-2.085056781768799
1749568124793694700,9.71169482421875,1.0407263040542603,-0.7644010186195374,-2.299415111541748
1749568124803685600,9.721685546875,0.9928509593009949,-0.5158748030662537,-2.4777073860168457
1749568124813676500,9.731676513671875,0.9350009560585022,-0.3367748260498047,-2.6555721759796143
1749568124823668700,9.741668701171875,0.8867724537849426,-0.23593848943710327,-2.801300048828125
1749568124833659600,9.75165966796875,0.8476229310035706,-0.1982867270708084,-2.9227499961853027
1749568124843650600,9.761650634765624,0.8067668080329895,-0.18128404021263123,-2.9989700317382812
1749568124853641700,9.771641845703124,0.7454766035079956,-0.171850323677063,-3.0858354568481445
1749568124863633700,9.781633544921876,0.6680725812911987,-0.13213486969470978,-3.1003546714782715
1749568124873624600,9.79162451171875,0.5689609050750732,-0.10124832391738892,-3.0987086296081543
1749568124883615700,9.80161572265625,0.4769662916660309,-0.07375917583703995,-3.1047170162200928
1749568124893606700,9.811606689453125,0.4009314477443695,-0.03135259449481964,-3.067437171936035
1749568124903598600,9.8215986328125,0.3389780521392822,0.03014698252081871,-3.0217835903167725
1749568124913589800,9.83158984375,0.2880634665489197,0.091062530875206,-2.987642526626587
1749568124923580700,9.84158056640625,0.23111790418624878,0.1688912808895111,-2.893899440765381
1749568124933571600,9.851571533203124,0.14813007414340973,0.2557404339313507,-2.7762014865875244
1749568124943563800,9.861563720703124,0.05624356493353844,0.364359587430954,-2.656573534011841
1749568124953554700,9.8715546875,-0.04843171313405037,0.4852577745914459,-2.441561222076416
1749568124963545600,9.881545654296875,-0.15473204851150513,0.5821806192398071,-2.330319881439209
1749568124973536800,9.891536865234375,-0.23664423823356628,0.6840108036994934,-2.1910102367401123
1749568124983528700,9.90152880859375,-0.2907106578350067,0.819945216178894,-1.9637523889541626
1749568124993519600,9.91151953125,-0.3424161970615387,0.9791191816329956,-1.7585142850875854
1749568125003510800,9.9215107421875,-0.3813460171222687,1.1071370840072632,-1.5786643028259277
1749568125013501700,9.931501708984374,-0.3926127851009369,1.1755739450454712,-1.3859063386917114
1749568125023492600,9.94149267578125,-0.37966904044151306,1.2207584381103516,-1.1569125652313232
1749568125033484800,9.95148486328125,-0.3603573739528656,1.252928614616394,-0.9526547789573669
1749568125043475700,9.961475830078125,-0.33115288615226746,1.2753978967666626,-0.7473154664039612
1749568125053466600,9.971466552734375,-0.29816803336143494,1.2542684078216553,-0.46951690316200256
1749568125063457800,9.981457763671875,-0.2774670422077179,1.1896758079528809,-0.29773688316345215
1749568125073449700,9.99144970703125,-0.26225265860557556,1.1770617961883545,-0.10415489971637726
1749568125083440600,10.001440673828125,-0.23586232960224152,1.2056177854537964,0.10824497789144516
1749568125093431800,10.011431884765624,-0.18603484332561493,1.2095640897750854,0.310971200466156
1749568125103422700,10.021422607421876,-0.15121588110923767,1.2150073051452637,0.5150140523910522
1749568125113414700,10.03141455078125,-0.12184973806142807,1.1932170391082764,0.7194622755050659
1749568125123405600,10.041405517578125,-0.04629452899098396,1.1402838230133057,0.9413797855377197
1749568125133396700,10.051396728515625,0.05403687059879303,1.0980199575424194,1.1577445268630981
1749568125143387600,10.0613876953125,0.14567837119102478,1.0506212711334229,1.3395087718963623
1749568125153379600,10.071379638671875,0.2559846341609955,0.9559903740882874,1.5542104244232178
1749568125163370500,10.08137060546875,0.3881267011165619,0.7480611801147461,1.7386183738708496
1749568125173361700,10.091361572265624,0.49781855940818787,0.31834015250205994,1.6259764432907104
1749568125183352800,10.101352783203126,0.5214903354644775,-0.19823558628559113,1.5586885213851929
1749568125193344500,10.111344482421876,0.4976949989795685,-0.3703745901584625,1.8207225799560547
1749568125203335700,10.121335693359375,0.44330498576164246,-0.024578314274549484,1.7072103023529053
1749568125213326600,10.13132666015625,0.4105462431907654,0.6021358966827393,1.5039451122283936
1749568125223317500,10.1413173828125,0.3734883666038513,1.2103095054626465,1.8392384052276611
1749568125233309700,10.151309814453125,0.29860106110572815,1.3564176559448242,1.6647510528564453
1749568125243300600,10.161300537109375,0.2270083874464035,1.3436808586120605,1.2815037965774536
1749568125253291500,10.17129150390625,0.19523687660694122,1.3388339281082153,1.0949351787567139
1749568125263282400,10.181282470703126,0.24277588725090027,1.274607539176941,1.0727145671844482
1749568125273274600,10.191274658203126,0.277124285697937,1.184343934059143,0.8671196699142456
1749568125283265500,10.201265625,0.20846852660179138,1.0313969850540161,0.7874788641929626
1749568125293256700,10.211256591796875,0.06822565943002701,0.6964882612228394,0.803356945514679
1749568125303247600,10.22124755859375,-0.0025033713318407536,0.35225579142570496,0.7483416199684143
1749568125313239600,10.231239501953125,0.06639047712087631,0.2004028707742691,0.6754301190376282
1749568125323230700,10.241230712890625,0.20942752063274384,0.27727529406547546,0.6219639778137207
1749568125333221600,10.2512216796875,0.27705052495002747,0.4697701632976532,0.5568084120750427
1749568125343212500,10.261212646484376,0.21488220989704132,0.6748120188713074,0.5129112601280212
1749568125353204700,10.271204833984376,0.12798672914505005,0.790127158164978,0.49442118406295776
1749568125363195600,10.281195556640625,0.12133947759866714,0.8499859571456909,0.4615338146686554
1749568125373186600,10.2911865234375,0.17686478793621063,0.8218075633049011,0.44464749097824097
1749568125383177700,10.301177734375,0.25707653164863586,0.6038352847099304,0.41780123114585876
1749568125393169700,10.311169677734375,0.30487626791000366,0.24187548458576202,0.41450372338294983
1749568125403160600,10.32116064453125,0.3432101011276245,-0.10459565371274948,0.43330803513526917
1749568125413151700,10.33115185546875,0.38788408041000366,-0.3313062787055969,0.45081591606140137
1749568125423142700,10.341142578125,0.43178310990333557,-0.4607313871383667,0.4756387174129486
1749568125433134600,10.351134521484376,0.45890286564826965,-0.5321128964424133,0.4745239019393921
1749568125443125800,10.361125732421876,0.45874229073524475,-0.5532757043838501,0.46739116311073303
1749568125453116700,10.37111669921875,0.46796026825904846,-0.5458210110664368,0.4902818202972412
1749568125463107600,10.381107666015625,0.4374958574771881,-0.48739203810691833,0.4839317798614502
1749568125473099800,10.391099853515625,0.3656866252422333,-0.38079023361206055,0.47122132778167725
1749568125483090700,10.401090576171875,0.3040405809879303,-0.27655383944511414,0.4856148958206177
1749568125493081600,10.41108154296875,0.2610694169998169,-0.17353689670562744,0.49135294556617737
1749568125503072800,10.42107275390625,0.21752247214317322,-0.0030565098859369755,0.49852269887924194
1749568125513064700,10.431064697265626,0.178575336933136,0.07563004642724991,0.5040559768676758
1749568125523055600,10.4410556640625,0.15929219126701355,0.06918066740036011,0.5271130800247192
1749568125533046800,10.451046875,0.16796477138996124,-0.017973940819501877,0.5694615840911865
1749568125543037700,10.46103759765625,0.18538476526737213,-0.08444537222385406,0.6353657841682434
1749568125553029600,10.471029541015625,0.2145005762577057,-0.1574825644493103,0.7253827452659607
1749568125563020800,10.481020751953125,0.2520679235458374,-0.23556138575077057,0.7905361652374268
1749568125573011700,10.49101171875,0.2717367112636566,-0.30326560139656067,0.8668376207351685
1749568125583002600,10.501002685546876,0.253774493932724,-0.28784802556037903,0.9570338129997253
1749568125592994800,10.510994873046876,0.19766220450401306,-0.26561063528060913,1.0071899890899658
1749568125602985700,10.52098583984375,0.12505938112735748,-0.20016425848007202,1.061223030090332
1749568125612976600,10.5309765625,0.06075948849320412,-0.07967618852853775,1.1032546758651733
1749568125622967800,10.5409677734375,0.0329238623380661,-0.009429986588656902,1.1929731369018555
1749568125632959500,10.55095947265625,0.07845539599657059,-0.0028602350503206253,1.384350061416626
1749568125642950700,10.56095068359375,0.08617269992828369,-0.1244383305311203,1.5875904560089111
1749568125652941800,10.57094189453125,0.0395178496837616,-0.16331462562084198,1.8007123470306396
1749568125662936300,10.580936279296875,0.03674549609422684,-0.24248667061328888,2.007507801055908
1749568125672928300,10.59092822265625,0.08458173274993896,-0.31066012382507324,2.2096681594848633
1749568125682919200,10.600919189453125,0.14225567877292633,-0.37504419684410095,2.3768646717071533
1749568125692910000,10.61091015625,0.13818609714508057,-0.5073428153991699,2.4469075202941895
1749568125702901200,10.6209013671875,0.0659414678812027,-0.6157558560371399,2.535527467727661
1749568125712893200,10.63089306640625,-0.028665732592344284,-0.7115148901939392,2.6226842403411865
1749568125722884000,10.640884033203125,-0.13102379441261292,-0.7762091755867004,2.666626453399658
1749568125732875300,10.650875244140625,-0.2273615151643753,-0.7206825613975525,2.7399981021881104
1749568125742866200,10.6608662109375,-0.2666873633861542,-0.542156994342804,2.8617868423461914
1749568125752858000,10.670858154296875,-0.13385553658008575,-0.4543651044368744,3.022078037261963
1749568125762849300,10.680849365234375,0.09851378947496414,-0.6904146671295166,3.1417486667633057
1749568125772840200,10.690840087890624,0.29846659302711487,-1.0506426095962524,3.1777939796447754
1749568125782831000,10.7008310546875,0.4201107323169708,-1.363301396369934,3.2785427570343018
1749568125792823300,10.7108232421875,0.44434788823127747,-1.5331549644470215,3.562548875808716
1749568125802814200,10.720814208984375,0.4346904754638672,-1.9152735471725464,3.749356508255005
1749568125812805000,10.73080517578125,0.6040355563163757,-2.485990047454834,3.7613108158111572
1749568125822796300,10.74079638671875,0.6751019954681396,-2.815830945968628,3.550089120864868
1749568125832788200,10.750788330078125,0.2297772765159607,-2.311654806137085,3.120360851287842
1749568125842779100,10.760779052734375,-0.6994885802268982,-0.9512342810630798,2.4001920223236084
1749568125852770300,10.770770263671874,-1.306575059890747,0.4694252908229828,1.6955560445785522
1749568125862761200,10.78076123046875,-1.1329997777938843,1.0069302320480347,0.5226650834083557
1749568125872753400,10.79075341796875,-0.30214014649391174,0.8598161935806274,-0.45420610904693604
1749568125882744300,10.800744384765625,0.5678663849830627,0.6268482208251953,-0.8536664247512817
1749568125892735200,10.8107353515625,0.9114636778831482,0.40277034044265747,-1.3831665515899658
1749568125902726100,10.82072607421875,0.8733037710189819,-0.030788538977503777,-2.21097731590271
1749568125912718300,10.83071826171875,0.7948100566864014,-0.5859146118164062,-2.9775846004486084
1749568125922709200,10.840709228515625,0.7477847337722778,-0.9492619037628174,-3.604238748550415
1749568125932700200,10.8507001953125,0.6528185606002808,-0.8239285349845886,-4.194701671600342
1749568125942691300,10.86069140625,0.520264744758606,-0.3405708968639374,-4.931613922119141
1749568125952683300,10.870683349609376,0.4574250876903534,0.19843453168869019,-5.4502644538879395
1749568125962674400,10.88067431640625,0.39349058270454407,0.5749919414520264,-5.60468053817749
1749568125972665300,10.890665283203125,0.3148080110549927,0.7141396999359131,-5.507413387298584
1749568125982656300,10.90065625,0.26645752787590027,0.5960660576820374,-5.783407211303711
1749568125992648400,10.9106484375,0.19435429573059082,0.6312503814697266,-6.1375041007995605
1749568126002639400,10.920639404296875,0.07668039947748184,0.8351539969444275,-6.229371070861816
1749568126012630300,10.93063037109375,-0.014696122147142887,1.0659466981887817,-6.15226411819458
1749568126022621200,10.94062109375,0.0336889885365963,1.166410207748413,-5.975775718688965
1749568126032613400,10.95061328125,0.10607024282217026,1.082275629043579,-5.790951251983643
1749568126042604300,10.960604248046875,-0.0006490123341791332,0.7628081440925598,-5.655755043029785
1749568126052595500,10.970595458984375,-0.27135854959487915,0.2718488276004791,-5.439515113830566
1749568126062586400,10.98058642578125,-0.5650213360786438,-0.09426631778478622,-5.182300567626953
1749568126072578300,10.990578369140625,-0.6641007661819458,-0.0968189537525177,-4.969610691070557
1749568126082569500,11.000569580078125,-0.4530564248561859,0.3164927363395691,-4.670803070068359
1749568126092560400,11.010560302734374,-0.046364303678274155,0.8833745121955872,-4.084141254425049
1749568126102551300,11.02055126953125,0.24648354947566986,1.1730058193206787,-3.314035415649414
1749568126112543200,11.030543212890626,0.1658124029636383,1.3169621229171753,-2.320770502090454
1749568126122534400,11.040534423828126,-0.18090640008449554,1.3560680150985718,-1.3859971761703491
1749568126132525300,11.050525390625,-0.40481939911842346,1.3609848022460938,-0.7084740996360779
1749568126142516500,11.0605166015625,-0.41898420453071594,1.3752262592315674,-0.15828152000904083
1749568126152508200,11.070508056640625,-0.3294050693511963,1.5340933799743652,0.48211339116096497
1749568126162499000,11.0804990234375,-0.19902974367141724,1.8188351392745972,1.079728603363037
1749568126172490200,11.090490234375,-0.04096021503210068,1.9360840320587158,1.3213409185409546
1749568126182481400,11.1004814453125,0.06928293406963348,1.7878694534301758,1.2056100368499756
1749568126192473000,11.11047314453125,0.011666242964565754,1.1435978412628174,0.40499117970466614
1749568126202464300,11.12046435546875,-0.10313624143600464,-0.4665544033050537,0.49118542671203613
1749568126212455200,11.130455078125,0.5522589087486267,-0.09815239906311035,4.6697773933410645
1749568126222446000,11.140446044921875,-0.4637138545513153,1.2735753059387207,2.284903049468994
1749568126232438300,11.150438232421875,-1.1535508632659912,3.7484071254730225,0.8408198952674866
1749568126242429200,11.16042919921875,-0.6738942861557007,4.252403736114502,3.29451847076416
1749568126252420000,11.170420166015624,0.17730900645256042,1.8507273197174072,2.7034006118774414
1749568126262411300,11.180411376953124,0.49643826484680176,0.8172402381896973,1.3292137384414673
1749568126272403200,11.1904033203125,0.35053539276123047,1.482168197631836,1.3321759700775146
1749568126282394000,11.20039404296875,0.5340178608894348,1.255790114402771,1.6952754259109497
1749568126292385300,11.21038525390625,0.9039546251296997,-0.1186550110578537,1.1491864919662476
1749568126302376200,11.220376220703125,1.0081441402435303,-1.4176150560379028,0.9988595843315125
1749568126312368000,11.2303681640625,0.6746582984924316,-1.822210669517517,1.4202907085418701
1749568126322359300,11.240359375,0.32553789019584656,-1.988682746887207,1.3893413543701172
1749568126332350200,11.25035009765625,0.21801595389842987,-1.7335103750228882,1.1044914722442627
1749568126342341000,11.260341064453126,0.24078623950481415,-0.9449952840805054,0.945777177810669
1749568126352333300,11.270333251953126,0.2640380263328552,-0.10941970348358154,0.8385878801345825
1749568126362324200,11.28032421875,0.2044636607170105,0.4744349420070648,0.6847876310348511
1749568126372315100,11.290315185546875,0.013375460170209408,0.9733941555023193,0.6972291469573975
1749568126382307300,11.300307373046875,-0.15248169004917145,1.1423349380493164,0.7279137969017029
1749568126392298200,11.31029833984375,-0.1925034075975418,0.9943750500679016,0.7300925850868225
1749568126402289200,11.3202890625,-0.14080558717250824,0.6557437777519226,0.7664433717727661
1749568126412280300,11.3302802734375,-0.044059868901968,0.3045623004436493,0.8394938707351685
1749568126422271200,11.340271240234374,0.05722494050860405,0.05518336221575737,0.9050577282905579
1749568126432263400,11.350263427734374,0.13608193397521973,-0.07766257226467133,0.9375445246696472
1749568126442254300,11.36025439453125,0.19322805106639862,-0.19688697159290314,0.9783226251602173
1749568126452245200,11.370245361328125,0.22925209999084473,-0.2991821765899658,1.0529781579971313
1749568126462236200,11.380236083984375,0.23143136501312256,-0.4819629192352295,1.1238845586776733
1749568126472228400,11.390228271484375,0.19268369674682617,-0.6528619527816772,1.2170741558074951
1749568126482219300,11.40021923828125,0.1463303118944168,-0.6472322940826416,1.3546991348266602
1749568126492210400,11.41021044921875,0.1253800243139267,-0.5509204268455505,1.4777835607528687
1749568126502202400,11.420202392578124,0.11465387791395187,-0.3870672881603241,1.6237306594848633
1749568126512193300,11.430193359375,0.06638088822364807,-0.24703694880008698,1.8263261318206787
1749568126522184400,11.440184326171876,0.007956726476550102,-0.12720109522342682,2.0994088649749756
1749568126532175400,11.45017529296875,-0.06424237042665482,-0.053580403327941895,2.4049034118652344
1749568126542166300,11.460166259765625,-0.162361741065979,0.022957779467105865,2.7176125049591064
1749568126552158500,11.470158447265625,-0.2333885133266449,0.1429651379585266,3.0287930965423584
1749568126562149400,11.4801494140625,-0.24395939707756042,0.28822246193885803,3.3287007808685303
1749568126572140300,11.490140380859375,-0.20857743918895721,0.41208237409591675,3.608286142349243
1749568126582132200,11.50013232421875,-0.1633865237236023,0.4784395396709442,3.79300856590271
1749568126592123400,11.510123291015624,-0.10045523196458817,0.39287084341049194,3.9502196311950684
1749568126602114300,11.5201142578125,-0.010296579450368881,0.06679447740316391,4.034245491027832
1749568126612105500,11.53010546875,0.05627046152949333,-0.3655835688114166,3.9903318881988525
1749568126622097200,11.54009716796875,0.02707502618432045,-0.7262927889823914,3.7178690433502197
1749568126632088000,11.550088134765625,0.022344985976815224,-1.1487468481063843,3.055814027786255
1749568126642079200,11.560079345703125,0.10769610106945038,-1.5035184621810913,2.876282215118408
1749568126652070400,11.5700703125,0.0985444188117981,-1.5653965473175049,4.3365068435668945
1749568126662062000,11.58006201171875,-0.02178598940372467,-2.2874042987823486,4.824859142303467
1749568126672053500,11.590053466796874,-0.12828633189201355,-3.0748205184936523,2.7691826820373535
1749568126682044700,11.600044677734376,-0.0030503845773637295,-3.6913342475891113,0.3065812289714813
1749568126692035600,11.61003564453125,0.27286696434020996,-2.9010157585144043,0.8022019267082214
1749568126702027800,11.62002783203125,0.03081676922738552,-1.448333740234375,0.5508546233177185
1749568126712018700,11.630018798828125,-0.2947123348712921,-0.3147134780883789,-0.854235827922821
1749568126722009600,11.640009521484375,-0.15359169244766235,0.20182739198207855,-1.983220100402832
1749568126732000500,11.65000048828125,0.3605667054653168,0.48143479228019714,-2.3162245750427246
1749568126741992700,11.65999267578125,0.7306616902351379,0.701365053653717,-2.8479976654052734
1749568126751983600,11.669983642578124,0.766685962677002,1.1294859647750854,-3.514996290206909
1749568126761974500,11.679974609375,0.6443758010864258,1.5807459354400635,-3.989123582839966
1749568126771965700,11.689965576171875,0.5215023159980774,1.8860048055648804,-4.362370491027832
1749568126781957600,11.69995751953125,0.4030398726463318,2.259988784790039,-4.636439800262451
1749568126791948800,11.70994873046875,0.22558225691318512,2.626561403274536,-5.075753688812256
1749568126801939700,11.719939697265625,0.04031413421034813,2.7936830520629883,-5.42351770401001
1749568126811930600,11.7299306640625,-0.10549180209636688,2.6015799045562744,-5.569613456726074
1749568126821922800,11.7399228515625,-0.17309854924678802,2.144918918609619,-5.689931869506836
1749568126831913700,11.749913818359374,-0.17390522360801697,1.6053377389907837,-5.871865272521973
1749568126841904600,11.759904541015626,-0.1354619562625885,1.0892720222473145,-6.071516990661621
1749568126851895600,11.7698955078125,-0.05261021479964256,0.5056861042976379,-6.2537522315979
1749568126861887700,11.7798876953125,0.11993199586868286,-0.2957376539707184,-6.296140670776367
1749568126871878700,11.789878662109375,0.3644368052482605,-1.3419245481491089,-6.168038845062256
1749568126881869800,11.799869873046875,0.6120668649673462,-2.432935953140259,-5.980984687805176
1749568126891860700,11.80986083984375,0.8780450224876404,-3.4179320335388184,-5.896334171295166
1749568126901852700,11.819852783203125,1.2391352653503418,-3.9824490547180176,-5.608469009399414
1749568126911843800,11.82984375,1.582373023033142,-3.9357213973999023,-5.028426170349121
1749568126921834800,11.839834716796876,1.7431361675262451,-3.196810007095337,-4.463432312011719
1749568126931825700,11.84982568359375,1.6965992450714111,-1.9670743942260742,-4.0377092361450195
1749568126941817900,11.85981787109375,1.463791847229004,-0.7945178747177124,-3.576805353164673
1749568126951808800,11.869808837890625,1.0833156108856201,0.19859325885772705,-2.5656750202178955
1749568126961799700,11.879799560546875,0.6099320650100708,1.3237920999526978,-1.1819798946380615
1749568126971790800,11.889790771484375,0.11840254068374634,2.5147016048431396,-0.39422348141670227
1749568126981782800,11.89978271484375,-0.29605162143707275,3.452545404434204,0.05908036231994629
1749568126991773700,11.909773681640624,-0.5587578415870667,3.9326252937316895,0.7660212516784668
1749568127001764900,11.919764892578126,-0.6621286869049072,4.007418155670166,1.522305965423584
1749568127011755800,11.929755859375,-0.6280330419540405,3.427459239959717,1.4352850914001465
1749568127021747700,11.939747802734376,-0.28310707211494446,2.272822141647339,0.6224856972694397
1749568127031739000,11.94973876953125,0.8102526664733887,2.2015082836151123,4.28148078918457
1749568127041729800,11.959729736328125,0.4505962133407593,1.0214647054672241,2.2282111644744873
1749568127051720700,11.969720703125,-0.6550875306129456,1.896040439605713,1.905951976776123
1749568127061712600,11.979712646484375,-0.9089429974555969,1.9725751876831055,3.7205846309661865
1749568127071703600,11.98970361328125,-0.4523043632507324,0.8527670502662659,3.2285315990448
1749568127081694700,11.99969482421875,0.2818996012210846,0.5217236280441284,1.9969079494476318
1749568127091686000,12.009685791015626,0.7726040482521057,0.9810238480567932,2.436594009399414
1749568127101677600,12.019677490234375,0.9385885000228882,0.9847320318222046,2.262807607650757
1749568127111668500,12.02966845703125,0.9580810070037842,0.2788987457752228,1.5547409057617188
1749568127121659600,12.03965966796875,0.8651925921440125,-0.6796717047691345,1.5226389169692993
1749568127131650600,12.049650634765625,0.621878445148468,-1.5329581499099731,1.6790266036987305
1749568127141642500,12.059642578125,0.38510268926620483,-2.0374057292938232,1.3779523372650146
1749568127151633700,12.069633544921874,0.3081602156162262,-1.9822919368743896,1.2204848527908325
1749568127161624600,12.07962451171875,0.30698683857917786,-1.518324375152588,1.1597070693969727
1749568127171616800,12.08961669921875,0.25277525186538696,-0.7578296661376953,0.9583742022514343
1749568127181607700,12.099607666015626,0.10443320125341415,0.07876352220773697,0.7854317426681519
1749568127191598600,12.1095986328125,-0.1084124967455864,0.6778245568275452,0.8109975457191467
1749568127201589500,12.119589599609375,-0.24626649916172028,0.9819410443305969,0.8525066375732422
1749568127211581700,12.129581787109375,-0.24248960614204407,1.0271875858306885,0.9131598472595215
1749568127221572600,12.139572509765625,-0.1672249436378479,0.8626026511192322,1.0167344808578491
1749568127231563800,12.149563720703124,-0.09110141545534134,0.5301533341407776,1.1269499063491821
1749568127241554700,12.1595546875,-0.03880811482667923,0.08057740330696106,1.2087252140045166
1749568127251546600,12.169546630859376,0.020729513838887215,-0.33588001132011414,1.3277291059494019
1749568127261537800,12.179537841796876,0.08738523721694946,-0.6637865304946899,1.4410237073898315
1749568127271528700,12.18952880859375,0.15546256303787231,-0.9259315729141235,1.5528913736343384
1749568127281519600,12.19951953125,0.18933530151844025,-1.0722376108169556,1.6797523498535156
1749568127291511800,12.20951171875,0.17731966078281403,-1.0826325416564941,1.7685967683792114
1749568127301502700,12.219502685546875,0.11776871234178543,-0.9610240459442139,1.810927391052246
1749568127311493600,12.22949365234375,0.020266655832529068,-0.6863943338394165,1.8663581609725952
1749568127321484800,12.23948486328125,-0.05061151087284088,-0.3719024658203125,1.950860857963562
1749568127331476700,12.249476806640626,-0.09501039981842041,-0.15192748606204987,2.037546396255493
1749568127341467600,12.259467529296876,-0.16107437014579773,0.06329162418842316,2.167388439178467
1749568127351458800,12.269458740234375,-0.2175815850496292,0.2178415209054947,2.335697889328003
1749568127361449700,12.27944970703125,-0.25835856795310974,0.2886198163032532,2.518925428390503
1749568127371441700,12.289441650390625,-0.2860221564769745,0.3620767295360565,2.7198376655578613
1749568127381432800,12.299432861328125,-0.298647940158844,0.4876974821090698,2.9327690601348877
1749568127391423700,12.309423828125,-0.28381839394569397,0.5961081385612488,3.175400733947754
1749568127401414700,12.31941455078125,-0.2878386974334717,0.6171811819076538,3.398193597793579
1749568127411406800,12.32940673828125,-0.29776617884635925,0.4869619309902191,3.637178421020508
1749568127421397800,12.339397705078126,-0.2263583093881607,0.21002674102783203,3.8578600883483887
1749568127431388700,12.349388671875,-0.04789668694138527,-0.12952470779418945,3.951037645339966
1749568127441379800,12.3593798828125,0.16164588928222656,-0.5733580589294434,4.122282981872559
1749568127451371800,12.369371826171875,0.2439575344324112,-0.9906114935874939,4.1960906982421875
1749568127461362700,12.37936279296875,0.17807812988758087,-1.3430310487747192,3.5659027099609375
1749568127471353900,12.389353759765624,0.20196402072906494,-1.7381256818771362,2.932176351547241
1749568127481344800,12.3993447265625,0.28401094675064087,-2.005039691925049,3.3986318111419678
1749568127491336700,12.409336669921874,0.30963242053985596,-2.8827457427978516,3.6885690689086914
1749568127501328000,12.419327880859376,0.2965342104434967,-3.706263303756714,3.0597503185272217
1749568127511318800,12.42931884765625,0.061471883207559586,-4.248513221740723,-0.006278668530285358
1749568127521309700,12.439309814453125,-0.16861271858215332,-3.9145421981811523,-1.9333134889602661
1749568127531301600,12.449301513671875,-0.14759212732315063,-2.606797933578491,-1.2965950965881348
1749568127541292500,12.45929248046875,-0.13086266815662384,-1.41500985622406,-1.6060051918029785
1749568127551283700,12.46928369140625,-0.17643095552921295,-0.424503892660141,-2.9935574531555176
1749568127561275000,12.47927490234375,-0.10499139875173569,0.7070764303207397,-3.764782190322876
1749568127571266600,12.4892666015625,0.2597231864929199,1.5921529531478882,-3.6218297481536865
1749568127581257500,12.499257568359376,0.4736354649066925,2.3351776599884033,-3.949704170227051
1749568127591248600,12.50924853515625,0.2495456486940384,3.069658041000366,-4.248162746429443
1749568127601239800,12.51923974609375,0.026226544752717018,3.329854726791382,-4.229612827301025
1749568127611231700,12.529231689453125,-0.02015959657728672,3.292823076248169,-4.3494343757629395
1749568127621222700,12.53922265625,-0.013906228356063366,2.702981948852539,-4.777097225189209
1749568127631213600,12.549213623046874,-0.02088850364089012,1.7685914039611816,-5.011364936828613
1749568127641205800,12.559205810546874,0.012426309287548065,0.8334301114082336,-4.8520684242248535
1749568127651196700,12.56919677734375,0.1469937115907669,-0.2501336634159088,-4.463790416717529
1749568127661187600,12.5791875,0.3594076931476593,-1.6870219707489014,-4.477842807769775
1749568127671175000,12.5891748046875,0.7772693634033203,-2.755998134613037,-4.7010321617126465
1749568127681167000,12.5991669921875,1.2416397333145142,-3.1453006267547607,-4.7564287185668945
1749568127691158000,12.609157958984374,1.5409044027328491,-2.998147487640381,-4.811026573181152
1749568127701149000,12.61914892578125,1.5860410928726196,-2.7147886753082275,-4.992738723754883
1749568127711139800,12.629139892578126,1.455336332321167,-2.5531444549560547,-5.142989158630371
1749568127721132000,12.639132080078125,1.335805058479309,-2.4010422229766846,-4.95003604888916
1749568127731123000,12.649123046875,1.201621413230896,-1.962462306022644,-4.408261775970459
1749568127741114000,12.659114013671875,0.9901326298713684,-1.2676846981048584,-4.179727077484131
1749568127751105000,12.66910498046875,0.813970685005188,-0.5450199246406555,-4.187413215637207
1749568127761097000,12.679096923828125,0.7996711134910583,-0.013583986088633537,-4.166388511657715
1749568127771088100,12.689088134765624,0.948914110660553,0.23917582631111145,-3.6935439109802246
1749568127781079000,12.6990791015625,1.034603238105774,0.42842087149620056,-3.044796943664551
1749568127791070000,12.709070068359376,0.8530027866363525,0.8431434631347656,-2.478154420852661
1749568127801062100,12.719062255859376,0.48807433247566223,1.5560070276260376,-1.6563762426376343
1749568127811053000,12.729052978515625,0.11391884833574295,2.2394556999206543,-0.8628873825073242
1749568127821044000,12.7390439453125,-0.1309308558702469,2.8429713249206543,-0.07818907499313354
1749568127831035100,12.74903515625,-0.22880229353904724,3.2614569664001465,0.8321547508239746
1749568127841027000,12.759027099609375,-0.2993438243865967,3.2249932289123535,1.3970428705215454
1749568127851018000,12.76901806640625,-0.31625330448150635,2.604616165161133,1.4200958013534546
1749568127861009200,12.779009033203126,0.019759856164455414,1.8693492412567139,1.7695258855819702
1749568127871000000,12.789,0.7826790809631348,1.4250074625015259,4.554507255554199
1749568127880992000,12.798991943359376,0.2141844630241394,0.5433687567710876,2.5058352947235107
1749568127890983200,12.808983154296875,-0.5723772048950195,1.1071093082427979,2.515695810317993
1749568127900974000,12.81897412109375,-0.42701950669288635,0.6531530618667603,3.9318714141845703
1749568127910965000,12.828965087890625,0.17554998397827148,-0.38681188225746155,3.6987483501434326
1749568127920957200,12.838957275390625,0.8200709223747253,-0.7092797160148621,2.478612184524536
1749568127930948000,12.848947998046874,1.2307378053665161,-0.2071947306394577,2.4122121334075928
1749568127940939000,12.85893896484375,1.142806053161621,0.14388446509838104,2.3955321311950684
1749568127950930200,12.86893017578125,0.584669291973114,-0.008741559460759163,1.857980728149414
1749568127960922000,12.878922119140626,0.027114707976579666,-0.5091124773025513,1.5354987382888794
1749568127970913000,12.8889130859375,-0.17452892661094666,-0.964739978313446,1.6591733694076538
1749568127980904200,12.898904296875,-0.061102237552404404,-1.0178470611572266,1.5019935369491577
1749568127990895900,12.908895751953125,0.22742143273353577,-0.6379314661026001,1.2412961721420288
1749568128000887000,12.918886962890625,0.4972100555896759,-0.1477399319410324,1.1429435014724731
1749568128010878200,12.928878173828124,0.5347925424575806,0.05200061574578285,1.0536572933197021
1749568128020869000,12.938869140625,0.26786819100379944,0.05043947324156761,0.8616012930870056
1749568128030861000,12.948861083984376,-0.1131095141172409,-0.13021792471408844,0.8175504803657532
1749568128040852000,12.95885205078125,-0.282616525888443,-0.3067910969257355,0.8521921038627625
1749568128050843000,12.9688427734375,-0.17712657153606415,-0.26536962389945984,0.7805256247520447
1749568128060834000,12.978833984375,0.012347746640443802,-0.15453018248081207,0.7803557515144348
1749568128070825200,12.9888251953125,0.011753861792385578,-0.07428887486457825,0.8286039233207703
1749568128080817000,12.99881689453125,-0.11920282244682312,-0.07908549904823303,0.890559732913971
1749568128090807800,13.008807861328124,-0.20063349604606628,-0.17188946902751923,0.9721217155456543
1749568128100799000,13.018799072265624,-0.2037331461906433,-0.17237655818462372,1.0531872510910034
1749568128110791000,13.028791015625,-0.15827539563179016,-0.1276961714029312,1.1298167705535889
1749568128120782000,13.038781982421876,-0.11271989345550537,-0.23816916346549988,1.1955881118774414
1749568128130773000,13.04877294921875,-0.1254279613494873,-0.47886085510253906,1.358438491821289
1749568128140764000,13.058763916015625,-0.12119113653898239,-0.6639721393585205,1.4947060346603394
1749568128150756000,13.068756103515625,-0.07101185619831085,-0.8039302825927734,1.5857784748077393
1749568128160747000,13.0787470703125,-0.01503807120025158,-0.7978966236114502,1.739043116569519
1749568128170738000,13.088738037109374,0.029709426686167717,-0.667518138885498,1.8349437713623047
1749568128180728800,13.098728759765624,-0.02454369328916073,-0.405788779258728,1.9636080265045166
1749568128190721000,13.108720947265626,-0.13430774211883545,-0.12058713287115097,2.0840914249420166
1749568128200712000,13.1187119140625,-0.24753975868225098,0.08502034842967987,2.1656436920166016
1749568128210703000,13.128703125,-0.35101795196533203,0.2697260081768036,2.337806224822998
1749568128220694000,13.138694091796875,-0.39458325505256653,0.399366557598114,2.578402042388916
1749568128230686000,13.14868603515625,-0.432686984539032,0.3916407525539398,2.756760835647583
1749568128240677000,13.158677001953125,-0.4401262402534485,0.4259108304977417,3.006922960281372
1749568128250668000,13.16866796875,-0.3886510729789734,0.47247645258903503,3.2189366817474365
1749568128260659000,13.178658935546874,-0.3556191027164459,0.3861525058746338,3.381875514984131
1749568128270651100,13.188651123046874,-0.34308570623397827,0.18891586363315582,3.607572078704834
1749568128280642000,13.19864208984375,-0.25742220878601074,-0.09604983031749725,3.817593574523926
1749568128290633000,13.208633056640625,-0.03670155629515648,-0.4009900391101837,4.013731479644775
1749568128300624100,13.2186240234375,0.21731553971767426,-0.7496989965438843,4.098226547241211
1749568128310616000,13.228615966796875,0.41032707691192627,-1.3593748807907104,4.098819255828857
1749568128320607000,13.23860693359375,0.5192442536354065,-2.2308309078216553,3.9742109775543213
1749568128330598100,13.24859814453125,0.45637232065200806,-3.1153059005737305,3.3047103881835938
1749568128340589000,13.258589111328124,0.3674917221069336,-3.2721879482269287,3.6449198722839355
1749568128350581000,13.2685810546875,0.328347772359848,-3.306102752685547,5.529946327209473
1749568128360572200,13.278572265625,0.28841474652290344,-3.9580600261688232,5.243851661682129
1749568128370563000,13.28856298828125,0.019246399402618408,-3.496023654937744,3.3329455852508545
1749568128380554000,13.298553955078125,-0.3775656521320343,-2.416517972946167,1.6509909629821777
1749568128390546200,13.308546142578125,-0.5183086395263672,-0.6859594583511353,0.634717583656311
1749568128400537000,13.318537109375,-0.1555003821849823,0.6814243793487549,-0.01860005035996437
1749568128410528000,13.328528076171875,0.40320178866386414,0.8689383268356323,-0.8120905160903931
1749568128420520200,13.338520263671874,0.6229442954063416,0.8732404112815857,-1.7477495670318604
1749568128430511000,13.348510986328124,0.5770313739776611,0.7921492457389832,-2.7282474040985107
1749568128440502000,13.358501953125,0.6082540154457092,0.7531291842460632,-3.5980136394500732
1749568128450493200,13.3684931640625,0.8265831470489502,0.9492480754852295,-4.285933494567871
1749568128460484900,13.37848486328125,1.0131852626800537,1.2835826873779297,-4.923855781555176
1749568128470476000,13.38847607421875,0.9808957576751709,1.6231969594955444,-5.357057571411133
1749568128480467200,13.39846728515625,0.805007815361023,1.8069456815719604,-5.655452728271484
1749568128490458000,13.4084580078125,0.6262122392654419,1.9863733053207397,-5.956051826477051
1749568128500450000,13.418449951171874,0.47915327548980713,2.1715247631073,-6.427856922149658
1749568128510441000,13.42844091796875,0.28532442450523376,2.255885601043701,-6.757720947265625
1749568128520431900,13.438431884765626,-0.002424009144306183,2.1891674995422363,-6.689351558685303
1749568128530423000,13.448423095703125,-0.28140103816986084,1.843269944190979,-6.888338565826416
1749568128540415000,13.4584150390625,-0.49679166078567505,1.4622317552566528,-7.056413650512695
1749568128550406000,13.468406005859375,-0.5557793378829956,0.8612638711929321,-7.0664496421813965
1749568128560396800,13.478396728515625,-0.4544883966445923,0.10660553723573685,-7.008023262023926
1749568128570388000,13.488387939453125,-0.2926640808582306,-0.6927694082260132,-6.716442108154297
1749568128580380000,13.4983798828125,-0.21210134029388428,-1.397292137145996,-6.559784889221191
1749568128590371000,13.50837109375,-0.0857122391462326,-1.898667335510254,-6.388535499572754
1749568128600362000,13.518362060546876,0.19099712371826172,-2.173145294189453,-6.171331405639648
1749568128610353000,13.528352783203125,0.5097804069519043,-2.0916764736175537,-5.930454730987549
1749568128620345000,13.538344970703125,0.7426717281341553,-1.7337738275527954,-5.595939636230469
1749568128630336000,13.5483359375,0.7511892914772034,-1.1038421392440796,-5.166248798370361
1749568128640327000,13.558326904296875,0.46970251202583313,-0.0648421123623848,-4.544147491455078
1749568128650317800,13.56831787109375,-0.03250174969434738,1.2506800889968872,-3.5138542652130127
1749568128660310000,13.57831005859375,-0.6177968978881836,2.699317216873169,-2.1943423748016357
1749568128670300700,13.58830078125,-1.0251185894012451,4.089590072631836,-1.2620400190353394
1749568128680291600,13.59829150390625,-1.1116231679916382,4.776269435882568,-0.5337728261947632
1749568128690282500,13.608282470703125,-0.9407219886779785,4.4243950843811035,0.6513223648071289
1749568128700274700,13.618274658203125,-0.6600263714790344,3.314912796020508,1.846947193145752
1749568128710265600,13.628265625,-0.42422184348106384,1.8636127710342407,2.423511266708374
1749568128720256500,13.638256591796875,-0.14516811072826385,0.6019995808601379,2.8302226066589355
1749568128730247700,13.64824755859375,0.28124284744262695,-0.28036269545555115,3.345094680786133
1749568128740239600,13.658239501953124,0.7695022821426392,-2.3201255798339844,1.4263707399368286
1749568128750230500,13.66823046875,1.9259514808654785,-4.746466636657715,1.1410340070724487
1749568128760221700,13.6782216796875,2.3896238803863525,-3.940930128097534,5.259626865386963
1749568128770213600,13.688213623046876,1.261290431022644,-2.0855541229248047,3.092097759246826
1749568128780204500,13.69820458984375,0.08926649391651154,0.412324458360672,2.440537929534912
1749568128790195700,13.70819580078125,0.04442179203033447,0.22702595591545105,4.506119728088379
1749568128800186600,13.7181865234375,0.6720314025878906,-1.1099916696548462,3.865056276321411
1749568128810178800,13.7281787109375,0.4679701328277588,0.2553289830684662,3.2546768188476562
1749568128820169700,13.738169677734374,-0.1940714716911316,2.7480313777923584,2.6187477111816406
1749568128830160600,13.74816064453125,-0.3763411343097687,3.688108444213867,2.5644524097442627
1749568128840151600,13.758151611328126,-0.03308098763227463,2.5994441509246826,2.0617876052856445
1749568128850143700,13.768143798828126,0.36359044909477234,1.7099461555480957,1.769844651222229
1749568128860134700,13.778134765625,0.4949599504470825,1.038274884223938,1.5789998769760132
1749568128870125600,13.78812548828125,0.38691335916519165,0.31603679060935974,1.5452512502670288
1749568128880116700,13.79811669921875,0.2149685025215149,-0.30555325746536255,1.3752342462539673
1749568128890108700,13.808108642578125,0.15516828000545502,-0.5291498899459839,1.1895335912704468
1749568128900099800,13.818099853515625,0.22020533680915833,-0.38063549995422363,1.0960426330566406
1749568128910090800,13.8280908203125,0.25684431195259094,0.021699968725442886,0.9617081880569458
1749568128920081700,13.83808154296875,0.19211351871490479,0.49656689167022705,0.8235263824462891
1749568128930073900,13.848073974609376,0.10782500356435776,0.8385114669799805,0.6933113932609558
1749568128940064800,13.858064697265625,0.08006660640239716,0.86030113697052,0.6058329343795776
1749568128950055700,13.8680556640625,0.0850624293088913,0.5451748967170715,0.5696064829826355
1749568128960046600,13.878046630859375,0.08725447952747345,0.09187506139278412,0.5561822652816772
1749568128970038500,13.88803857421875,0.14247459173202515,-0.2771860659122467,0.5951741337776184
1749568128980029700,13.89802978515625,0.2582664489746094,-0.4984864890575409,0.6297020316123962
1749568128990020900,13.908020751953124,0.3400185704231262,-0.5573737621307373,0.6602525115013123
1749568129000011800,13.91801171875,0.32331520318984985,-0.5452721118927002,0.7387153506278992
1749568129010003500,13.92800341796875,0.22731544077396393,-0.46063870191574097,0.85163414478302
1749568129019994600,13.93799462890625,0.1519080400466919,-0.3165428042411804,0.9666739106178284
1749568129029985800,13.94798583984375,0.13485422730445862,-0.1674579679965973,1.0853244066238403
1749568129039977500,13.9579775390625,0.16205094754695892,-0.061717692762613297,1.2189104557037354
1749568129049968600,13.96796875,0.19534899294376373,-0.014908641576766968,1.3329222202301025
1749568129059959600,13.97795947265625,0.20233552157878876,-0.040354881435632706,1.4247355461120605
1749568129069950500,13.987950439453124,0.20057624578475952,-0.10610859096050262,1.5531991720199585
1749568129079942700,13.997942626953124,0.2022753357887268,-0.22889868915081024,1.7030712366104126
1749568129089933600,14.00793359375,0.18943144381046295,-0.3546949625015259,1.8269755840301514
1749568129099924500,14.017924560546875,0.18920481204986572,-0.5035302639007568,1.960132122039795
1749568129109915600,14.02791552734375,0.2118171751499176,-0.5583439469337463,2.1492996215820312
1749568129119907600,14.037907470703125,0.23235441744327545,-0.4772384762763977,2.335885524749756
1749568129129898500,14.0478984375,0.18805725872516632,-0.38268107175827026,2.517873764038086
1749568129139889700,14.0578896484375,0.0682685375213623,-0.2964199483394623,2.7162466049194336
1749568129149880600,14.067880615234374,-0.026431074365973473,-0.1566990613937378,2.887995958328247
1749568129159872500,14.07787255859375,-0.07793847471475601,0.07644763588905334,3.0297882556915283
1749568129169863700,14.08786376953125,-0.15915769338607788,0.23381249606609344,3.2062742710113525
1749568129179854600,14.0978544921875,-0.25824299454689026,0.2069992572069168,3.435504674911499
1749568129189845500,14.107845458984375,-0.20520801842212677,0.01013785507529974,3.7000558376312256
1749568129199837700,14.117837646484375,0.08068285882472992,-0.24597914516925812,3.8974037170410156
1749568129209828600,14.12782861328125,0.39644747972488403,-0.7336052656173706,3.9296765327453613
1749568129219819500,14.137819580078125,0.5606635808944702,-1.5062661170959473,4.005455017089844
1749568129229810700,14.147810791015624,0.5015344619750977,-2.447970151901245,4.048440933227539
1749568129239802600,14.157802734375,0.43431124091148376,-3.2266616821289062,3.59499454498291
1749568129249793500,14.16779345703125,0.6773380041122437,-3.207202434539795,4.231560707092285
1749568129259784700,14.17778466796875,1.0240296125411987,-3.1321916580200195,5.567648410797119
1749568129269775600,14.187775634765625,1.2547144889831543,-3.710344076156616,4.962926387786865
1749568129279767800,14.197767822265625,0.9779449701309204,-3.6472361087799072,3.350311517715454
1749568129289758700,14.2077587890625,0.0664549246430397,-2.8256092071533203,2.3163199424743652
1749568129299749600,14.21774951171875,-0.5790370106697083,-1.6488980054855347,2.007892608642578
1749568129309741800,14.227741943359375,-0.3614695072174072,-1.2156933546066284,1.3870313167572021
1749568129319732700,14.237732666015624,0.3578779697418213,-1.0881092548370361,0.6364012360572815
1749568129329723600,14.2477236328125,0.8764085173606873,-0.8822773098945618,-0.22648561000823975
1749568129339714600,14.257714599609375,1.0056226253509521,-0.5854882597923279,-0.9281963109970093
1749568129349706800,14.267706787109375,0.9971093535423279,-0.48809725046157837,-1.4899100065231323
1749568129359697700,14.27769775390625,1.0223063230514526,-0.5854442715644836,-2.026726484298706
1749568129369688800,14.287688720703125,1.103857398033142,-0.6697746515274048,-2.5466325283050537
1749568129379679700,14.2976796875,1.2218971252441406,-0.5424542427062988,-2.941054582595825
1749568129389671700,14.307671630859375,1.3221156597137451,-0.2675797641277313,-3.4028141498565674
1749568129399662800,14.317662841796874,1.3736017942428589,0.06588687002658844,-3.9675519466400146
1749568129409653800,14.32765380859375,1.3468269109725952,0.4731158912181854,-4.463927745819092
1749568129419644700,14.337644775390626,1.2264403104782104,0.9070683717727661,-5.008879661560059
1749568129429636600,14.34763671875,1.075619101524353,1.3249300718307495,-5.597548007965088
1749568129439627500,14.35762744140625,0.9423097372055054,1.6364775896072388,-6.098048686981201
1749568129449618700,14.36761865234375,0.8094494342803955,1.7881948947906494,-6.499319076538086
1749568129459609900,14.37760986328125,0.6511258482933044,1.6854560375213623,-6.882026195526123
1749568129469601500,14.3876015625,0.49897465109825134,1.2701166868209839,-7.215747356414795
1749568129479592400,14.397592529296874,0.39907681941986084,0.4057837128639221,-7.49292516708374
1749568129489583600,14.40758349609375,0.3985559046268463,-0.8572955131530762,-7.420283794403076
1749568129499574800,14.41757470703125,0.5113282799720764,-2.345771312713623,-7.171184062957764
1749568129509566500,14.42756640625,0.7009000778198242,-4.055269718170166,-7.3091936111450195
1749568129519557600,14.4375576171875,1.0815949440002441,-5.479145050048828,-7.4498395919799805
1749568129529548500,14.447548583984375,1.6453235149383545,-6.338845252990723,-7.068154811859131
1749568129539539500,14.45753955078125,2.170504570007324,-6.316808700561523,-6.265575408935547
1749568129549531600,14.46753173828125,2.6284351348876953,-5.549421310424805,-5.596396446228027
1749568129559522600,14.4775224609375,3.0848371982574463,-4.48930549621582,-4.9612298011779785
1749568129569513500,14.487513427734376,3.1883351802825928,-3.2578766345977783,-4.1638102531433105
1749568129579505700,14.497505615234376,2.6182422637939453,-1.692778468132019,-3.221086025238037
1749568129589496600,14.50749658203125,1.568013072013855,0.22169004380702972,-2.2238247394561768
1749568129599487500,14.517487548828125,0.6052755117416382,2.1535861492156982,-1.430829644203186
1749568129609478700,14.527478759765625,-0.08154838532209396,3.3854641914367676,-0.8918740153312683
1749568129619470600,14.537470703125,-0.3903464376926422,3.7777926921844482,0.4752653241157532
1749568129629461800,14.547461669921875,-0.37634193897247314,3.6648941040039062,2.114650011062622
1749568129639452700,14.55745263671875,-0.360253244638443,3.2375659942626953,2.7190585136413574
1749568129649443600,14.567443603515626,-0.25978949666023254,1.8628662824630737,2.0584285259246826
1749568129659435800,14.577435791015626,-0.052443232387304306,-2.359705924987793,-2.3957998752593994
1749568129669427200,14.58742724609375,1.379644751548767,0.693745493888855,5.409383773803711
1749568129679418400,14.59741845703125,0.5692501664161682,1.6367063522338867,4.470099925994873
1749568129689409300,14.6074091796875,-0.9250956177711487,4.000022888183594,3.6047985553741455
1749568129699401500,14.6174013671875,-2.0580737590789795,4.093692302703857,2.9975473880767822
1749568129709392400,14.627392333984375,-2.057070016860962,3.89180064201355,5.892170429229736
1749568129719383300,14.63738330078125,-1.3795278072357178,4.778145790100098,4.67252779006958
1749568129729374200,14.647374267578124,0.23816409707069397,3.7996788024902344,2.108332395553589
1749568129739366400,14.657366455078124,1.9649523496627808,0.6032837629318237,1.2915260791778564
1749568129749357300,14.667357421875,2.0790531635284424,-1.373162865638733,2.4911561012268066
1749568129759348200,14.67734814453125,1.235093355178833,-3.7460403442382812,2.3952620029449463
1749568129769339400,14.68733935546875,0.6974504590034485,-5.074850559234619,1.5259569883346558
1749568129779331300,14.697331298828125,0.5336537957191467,-4.7056121826171875,1.083996295928955
1749568129789322500,14.707322509765625,0.42035067081451416,-2.8210439682006836,1.0785692930221558
1749568129799313400,14.7173134765625,0.23788712918758392,-0.9747081398963928,0.8773952126502991
1749568129809305000,14.72730517578125,-0.09559709578752518,0.3665827810764313,0.6433613896369934
1749568129819296300,14.737296142578124,-0.5140095353126526,1.2364380359649658,0.4998984932899475
1749568129829287200,14.747287109375,-0.7614752650260925,1.5604802370071411,0.45560428500175476
1749568129839278300,14.7572783203125,-0.7388144135475159,1.3365960121154785,0.48777899146080017
1749568129849270300,14.767270263671875,-0.5359348058700562,0.6471236348152161,0.506136953830719
1749568129859261200,14.77726123046875,-0.27763161063194275,-0.1404532492160797,0.5214536190032959
1749568129869252000,14.787252197265625,-0.026380207389593124,-0.8830634355545044,0.5560592412948608
1749568129879243300,14.7972431640625,0.17273129522800446,-1.5797431468963623,0.5861649513244629
1749568129889235200,14.807235107421874,0.28220078349113464,-2.1052346229553223,0.6083083152770996
1749568129899226000,14.81722607421875,0.2962135374546051,-2.334223508834839,0.6088026165962219
1749568129909217300,14.82721728515625,0.24563293159008026,-2.3317711353302,0.6082566380500793
1749568129919208200,14.837208251953125,0.1723957359790802,-2.168076753616333,0.6070380210876465
1749568129929200000,14.8472001953125,0.09674305468797684,-1.9070295095443726,0.6212220191955566
1749568129939191300,14.85719140625,0.049257293343544006,-1.6200320720672607,0.6475664973258972
1749568129949182200,14.86718212890625,0.02461852692067623,-1.3618042469024658,0.6553008556365967
1749568129959173000,14.877173095703125,0.008625712245702744,-1.1873877048492432,0.6593475341796875
1749568129969165300,14.887165283203124,-0.026974625885486603,-1.0427697896957397,0.7377004027366638
1749568129979156200,14.89715625,-0.04849003627896309,-0.9766061902046204,0.8378952145576477
1749568129989147100,14.907147216796876,-0.0005597964627668262,-1.0605086088180542,0.8987268209457397
1749568129999138300,14.91713818359375,0.09858889132738113,-1.2342923879623413,1.0028088092803955
1749568130009130200,14.927130126953125,0.2286267876625061,-1.4649434089660645,1.1071796417236328
1749568130019121200,14.93712109375,0.3871362805366516,-1.7862907648086548,1.1028783321380615
1749568130029112300,14.9471123046875,0.521157443523407,-2.065842390060425,1.121423602104187
1749568130039104300,14.957104248046875,0.5554778575897217,-2.109549045562744,1.1680549383163452
1749568130049095200,14.96709521484375,0.4688037037849426,-2.04529070854187,1.1084710359573364
1749568130059086300,14.97708642578125,0.2996346354484558,-1.8973515033721924,1.0962375402450562
1749568130069077200,14.9870771484375,0.17470097541809082,-1.7903846502304077,1.1085597276687622
1749568130079069400,14.9970693359375,0.25018322467803955,-1.950200080871582,1.0594373941421509
1749568130089060400,15.007060302734375,0.5312076807022095,-2.4459803104400635,0.9885398149490356
1749568130099051300,15.01705126953125,0.9059727787971497,-3.1614019870758057,0.9498720765113831
1749568130109042200,15.027042236328125,1.2422573566436768,-3.919663667678833,0.8801196217536926
1749568130119034400,15.037034423828125,1.4708130359649658,-4.5350213050842285,0.8000223636627197
1749568130129025300,15.047025390625,1.5812753438949585,-4.965524673461914,0.7167330980300903
1749568130139016400,15.057016357421874,1.6323856115341187,-5.144147872924805,0.6278820633888245
1749568130149007400,15.06700732421875,1.7121199369430542,-5.158119201660156,0.5089476704597473
1749568130158999300,15.076999267578126,1.8518929481506348,-5.10091495513916,0.376020222902298
1749568130168990500,15.086990478515625,2.0132975578308105,-5.008412837982178,0.2704155147075653
1749568130178981400,15.0969814453125,2.1573104858398438,-4.992961406707764,0.16141419112682343
1749568130188973300,15.106973388671875,2.2656753063201904,-5.095276832580566,0.06840355694293976
1749568130198964500,15.116964599609375,2.3262128829956055,-5.258654594421387,-0.0440492182970047
1749568130208955400,15.126955322265625,2.3558056354522705,-5.399294376373291,-0.15103451907634735
1749568130218946300,15.1369462890625,2.3695602416992188,-5.463913917541504,-0.2396802306175232
1749568130228938200,15.146938232421874,2.34543776512146,-5.494051456451416,-0.28405967354774475
1749568130238929200,15.15692919921875,2.2326810359954834,-5.528174877166748,-0.3073873817920685
1749568130248920300,15.16692041015625,2.0380024909973145,-5.501817226409912,-0.33530476689338684
1749568130258911500,15.176911376953125,1.8212080001831055,-5.302665710449219,-0.34336721897125244
1749568130268903200,15.186903076171875,1.6320114135742188,-4.916653633117676,-0.3873232305049896
1749568130278894000,15.19689404296875,1.4756085872650146,-4.398637294769287,-0.47880226373672485
1749568130288885200,15.20688525390625,1.2918179035186768,-3.807206392288208,-0.548805832862854
1749568130298876200,15.216876220703124,1.0577292442321777,-3.1970465183258057,-0.5893173217773438
1749568130308868000,15.2268681640625,0.8109647631645203,-2.647406816482544,-0.6502206325531006
1749568130318859300,15.236859375,0.6015598773956299,-2.153419017791748,-0.7040867805480957
1749568130328850200,15.24685009765625,0.42977532744407654,-1.7125691175460815,-0.733510434627533
1749568130338841000,15.256841064453125,0.28458112478256226,-1.3587695360183716,-0.759132981300354
1749568130348833300,15.266833251953125,0.15271763503551483,-1.085500955581665,-0.7701877951622009
1749568130358824200,15.27682421875,0.04623141139745712,-0.8860432505607605,-0.7734219431877136
1749568130368815000,15.286815185546875,-0.05037768557667732,-0.7291489839553833,-0.7502662539482117
1749568130378806300,15.29680615234375,-0.12818939983844757,-0.5708363056182861,-0.7170971035957336
1749568130388798200,15.306798095703124,-0.17935538291931152,-0.39870238304138184,-0.6614208221435547
1749568130398789000,15.3167890625,-0.20527459681034088,-0.20197732746601105,-0.6331977248191833
1749568130408780300,15.3267802734375,-0.20537659525871277,0.026383403688669205,-0.5965789556503296
1749568130418772200,15.336772216796875,-0.21016575396060944,0.18274877965450287,-0.5420446395874023
1749568130428763400,15.346763427734375,-0.2235550582408905,0.18402868509292603,-0.4877869784832001
1749568130438754300,15.35675439453125,-0.2215113490819931,0.051481299102306366,-0.43177351355552673
1749568130448745200,15.3667451171875,-0.18074502050876617,-0.13308508694171906,-0.36925339698791504
1749568130458737400,15.3767373046875,-0.10725641250610352,-0.32453998923301697,-0.309410035610199
1749568130468728300,15.386728271484374,-0.03922330215573311,-0.47862863540649414,-0.2609274685382843
1749568130478719200,15.39671923828125,-0.0065503111109137535,-0.5552131533622742,-0.22554950416088104
1749568130488710100,15.406710205078125,-0.009514675475656986,-0.5493360757827759,-0.19563554227352142
1749568130498702300,15.416702392578125,-0.031146202236413956,-0.48800721764564514,-0.1761944741010666
1749568130508693200,15.426693359375,-0.05702466890215874,-0.3643396198749542,-0.14862090349197388
1749568130518684400,15.436684326171875,-0.06757371872663498,-0.19869312644004822,-0.1358872652053833
1749568130528675300,15.44667529296875,-0.08630745857954025,-0.062487877905368805,-0.13220810890197754
1749568130538667300,15.456667236328125,-0.11035260558128357,0.03588183596730232,-0.11412923783063889
1749568130548658400,15.466658447265624,-0.13365979492664337,0.08975545316934586,-0.09326177090406418
1749568130558649300,15.4766494140625,-0.13408909738063812,0.10523081570863724,-0.08074997365474701
1749568130568640300,15.48664013671875,-0.1219773069024086,0.10396847873926163,-0.06787198781967163
1749568130578632400,15.496632568359376,-0.10999280959367752,0.10106030106544495,-0.05098116025328636
1749568130588623400,15.506623291015625,-0.09485860168933868,0.07249577343463898,-0.04560903087258339
1749568130598614300,15.5166142578125,-0.07779892534017563,0.035222169011831284,-0.041549839079380035
1749568130608605400,15.52660546875,-0.06834922730922699,0.03742513433098793,-0.038000378757715225
1749568130618597400,15.536597412109375,-0.06346339732408524,0.052199289202690125,-0.05006156861782074
1749568130628588300,15.54658837890625,-0.059485163539648056,0.047869786620140076,-0.053579870611429214
1749568130638579500,15.556579345703126,-0.05374125763773918,0.028558406978845596,-0.05049992725253105
1749568130648571100,15.566571044921876,-0.05175027996301651,0.01822987012565136,-0.03999508544802666
1749568130658562300,15.576562255859375,-0.041424937546253204,0.003081809962168336,-0.03199068829417229
1749568130668554500,15.586554443359375,-0.03179201856255531,-0.014612498693168163,-0.03199708089232445
1749568130678545400,15.59654541015625,-0.030288662761449814,-0.023511983454227448,-0.02544517256319523
1749568130688537600,15.60653759765625,-0.026208700612187386,-0.032705482095479965,-0.022117020562291145
1749568130698528500,15.616528564453125,-0.021134046837687492,-0.03278351202607155,-0.02419029176235199
1749568130708519400,15.62651953125,-0.018151307478547096,-0.018437862396240234,-0.020330039784312248
1749568130718510600,15.636510498046874,-0.024829715490341187,0.0019174759509041905,-0.008888832293450832
1749568130728502500,15.64650244140625,-0.029159748926758766,0.017112407833337784,-0.0034261567052453756
1749568130738493400,15.656493408203126,-0.029458822682499886,0.033848244696855545,0.004521781112998724
1749568130748484600,15.666484619140626,-0.023600667715072632,0.05691148713231087,0.016639962792396545
1749568130758475500,15.6764755859375,-0.023389745503664017,0.07206061482429504,0.02522279880940914
1749568130768467500,15.686467529296875,-0.028084898367524147,0.07756509631872177,0.0339779406785965
1749568130778458600,15.696458740234375,-0.02750725857913494,0.0936543196439743,0.040343694388866425
1749568130788449500,15.706449462890625,-0.02592320926487446,0.12777847051620483,0.03868481144309044
1749568130798440400,15.7164404296875,-0.027121100574731827,0.1604381501674652,0.037224866449832916
1749568130808432600,15.7264326171875,-0.034504447132349014,0.1859797239303589,0.030733145773410797
1749568130818423600,15.736423583984376,-0.04712170735001564,0.19972482323646545,0.028313396498560905
1749568130828414500,15.74641455078125,-0.05637698993086815,0.1946461796760559,0.020233100280165672
1749568130838405600,15.756405517578125,-0.05218943580985069,0.16983963549137115,0.0046823699958622456
1749568130848397600,15.7663974609375,-0.03712153434753418,0.1443939357995987,-0.0032144354190677404
1749568130858388500,15.776388427734375,-0.019650133326649666,0.11677615344524384,-0.01188036147505045
1749568130868379600,15.786379638671875,-0.006068544927984476,0.08865822851657867,-0.020963339135050774
1749568130878371600,15.79637158203125,-0.0013960290234535933,0.06743709743022919,-0.025977805256843567
1749568130888362500,15.806362548828124,0.0018106831703335047,0.047625042498111725,-0.03304237127304077
1749568130898353700,15.816353759765626,0.0022831279784440994,0.04410034790635109,-0.035956669598817825
1749568130908344600,15.826344482421876,0.008699748665094376,0.05414313077926636,-0.03467249125242233
1749568130918336500,15.83633642578125,0.009882458485662937,0.06169052794575691,-0.03688691183924675
1749568130928327700,15.84632763671875,0.014510232955217361,0.05102377012372017,-0.034452248364686966
1749568130938318600,15.856318603515625,0.008404670283198357,0.044197287410497665,-0.02419375255703926
1749568130948309500,15.8663095703125,0.01306094042956829,0.03393479809165001,-0.020359333604574203
1749568130958301400,15.876301513671875,0.019716447219252586,0.027882231399416924,-0.015107314102351665
1749568130968292400,15.886292236328124,0.020268786698579788,0.02359880320727825,-0.002326271263882518
1749568130978283500,15.896283447265626,0.021270668134093285,0.03334970027208328,0.008537028916180134
1749568130988274700,15.906274658203126,0.026308570057153702,0.05789472535252571,0.008507734164595604
1749568130998266400,15.916266357421875,0.02467498555779457,0.09002949297428131,0.010267284698784351
1749568131008257500,15.926257568359375,0.016379771754145622,0.11218512803316116,0.006710633169859648
1749568131018248400,15.93624853515625,-0.0016706009628251195,0.11517026275396347,0.004797950852662325
1749568131028239600,15.946239501953125,-0.0018634138396009803,0.099009670317173,0.002357163932174444
1749568131038231600,15.9562314453125,0.0038123151753097773,0.08280060440301895,0.007091199047863483
1749568131048222500,15.966222412109374,0.0157062578946352,0.06137228012084961,0.008331166580319405
1749568131058213400,15.97621337890625,0.027582624927163124,0.020444821566343307,0.01034691371023655
1749568131068205600,15.98620556640625,0.02773628942668438,-0.0009771138429641724,0.02142939157783985
1749568131078196500,15.996196533203126,0.028906216844916344,-0.00926380604505539,0.02401265874505043
1749568131088187400,16.0061875,0.036141492426395416,0.0024719461798667908,0.016149675473570824
1749568131098178600,16.016178466796877,0.032579515129327774,0.02304193563759327,0.020076505839824677
1749568131108170500,16.02617041015625,0.027891019359230995,0.043713923543691635,0.02179024927318096
1749568131118161400,16.036161376953125,0.021153755486011505,0.05661720782518387,0.015867114067077637
1749568131128152600,16.046152587890624,0.01847807690501213,0.05682013928890228,0.015324361622333527
1749568131138143500,16.0561435546875,0.016164056956768036,0.05758180469274521,0.014696388505399227
1749568131148135400,16.066135498046876,0.020060792565345764,0.05739511549472809,0.015679361298680305
1749568131158126600,16.076126708984376,0.02544437348842621,0.05037342384457588,0.014360297471284866
1749568131168117500,16.086117431640623,0.02178652212023735,0.04477599263191223,0.015604792162775993
1749568131178108400,16.0961083984375,0.023495739325881004,0.056832920759916306,0.020416857674717903
1749568131188100600,16.1061005859375,0.02575942501425743,0.07983571290969849,0.014534467831254005
1749568131198091500,16.116091552734375,0.020197147503495216,0.10004457831382751,0.01375149842351675
1749568131208082400,16.12608251953125,0.016405604779720306,0.11742809414863586,0.01384018175303936
1749568131218074600,16.13607470703125,0.011950402520596981,0.12686607241630554,0.012095279060304165
1749568131228065500,16.1460654296875,0.015360048040747643,0.12843653559684753,0.005775863770395517
1749568131238056400,16.156056396484374,0.01763278990983963,0.12154107540845871,0.004140949342399836
1749568131248047600,16.166047607421874,0.01974467560648918,0.11222241073846817,0.00669358903542161
1749568131258039600,16.17603955078125,0.01823785901069641,0.11108524352312088,0.007485879585146904
1749568131268030500,16.186030517578125,0.007666707970201969,0.08566749840974808,-0.0027113643009215593
1749568131278021600,16.196021728515625,0.003183809109032154,0.046424489468336105,-0.005006476305425167
1749568131288012500,16.206012451171876,0.018679944798350334,0.024814801290631294,-0.006984139792621136
1749568131298004700,16.216004638671876,0.04885222762823105,0.01870790682733059,-0.010337059386074543
1749568131307995600,16.22599560546875,0.06767571717500687,0.008710933849215508,-0.008672583848237991
1749568131317986600,16.235986572265624,0.06567062437534332,-0.010587663389742374,-0.012485165148973465
1749568131327977500,16.2459775390625,0.06085029989480972,-0.025648372247815132,-0.01955985277891159
1749568131337969700,16.2559697265625,0.06047932431101799,-0.026324015110731125,-0.018685536459088326
1749568131347960600,16.265960693359375,0.06501202285289764,-0.011655324138700962,-0.024297615513205528
1749568131357951500,16.275951416015626,0.06250865012407303,0.00603392394259572,-0.03032434917986393
1749568131367942700,16.285942626953126,0.060147225856781006,0.017917482182383537,-0.03628237545490265
1749568131377934300,16.295934326171874,0.05162830650806427,0.03930293023586273,-0.04139431193470955
1749568131387925500,16.305925537109374,0.052986517548561096,0.0581224262714386,-0.04856353998184204
1749568131397916700,16.315916748046874,0.04647082835435867,0.07149575650691986,-0.053878143429756165
1749568131407907600,16.325907470703125,0.039500538259744644,0.0755418986082077,-0.04577387869358063
1749568131417899500,16.3358994140625,0.031504396349191666,0.07385744899511337,-0.04625484719872475
1749568131427890400,16.345890380859377,0.03249961882829666,0.06265965104103088,-0.050870902836322784
1749568131437881300,16.35588134765625,0.04505003243684769,0.06368497014045715,-0.05278278887271881
1749568131447873500,16.36587353515625,0.05061417445540428,0.059001535177230835,-0.05944574996829033
1749568131457864400,16.375864501953124,0.048288170248270035,0.03470312058925629,-0.06149691715836525
1749568131467855400,16.38585546875,0.048817604780197144,0.006360693834722042,-0.06924378871917725
1749568131477846500,16.395846435546876,0.05162537842988968,-0.02400094084441662,-0.0726422443985939
1749568131487838500,16.40583837890625,0.06058851256966591,-0.042392730712890625,-0.07835472375154495
1749568131497829400,16.415829345703123,0.07338739931583405,-0.058707788586616516,-0.08286558836698532
1749568131507820500,16.425820556640623,0.07575095444917679,-0.06190278381109238,-0.09197679162025452
1749568131517811500,16.4358115234375,0.07037270069122314,-0.055394817143678665,-0.09377363324165344
1749568131527803400,16.445803466796875,0.060331251472234726,-0.04598400369286537,-0.10759996622800827
1749568131537794600,16.455794677734374,0.05295376107096672,-0.026042519137263298,-0.11602380871772766
1749568131547785500,16.465785400390626,0.042641736567020416,-0.008157528936862946,-0.1348251849412918
1749568131557776400,16.4757763671875,0.04005900397896767,-0.009937851689755917,-0.14589142799377441
1749568131567768600,16.4857685546875,0.03513481840491295,-0.017000820487737656,-0.14897936582565308
1749568131577759500,16.495759521484374,0.034280210733413696,-0.02412930503487587,-0.1567259579896927
1749568131587750400,16.50575048828125,0.040757548063993454,-0.03255341574549675,-0.15943573415279388
1749568131597742600,16.51574267578125,0.046848464757204056,-0.040346890687942505,-0.15748576819896698
1749568131607733500,16.5257333984375,0.04103638231754303,-0.03525519371032715,-0.15568333864212036
1749568131617724400,16.535724365234376,0.03338272497057915,-0.022771624848246574,-0.14456011354923248
1749568131627715600,16.545715576171876,0.025734391063451767,-0.0225034449249506,-0.14632046222686768
1749568131637707500,16.55570751953125,0.026979953050613403,-0.01884479448199272,-0.13748621940612793
1749568131647698400,16.565698486328124,0.030249249190092087,-0.023024093359708786,-0.12994681298732758
1749568131657689600,16.575689697265624,0.031317975372076035,-0.0243183895945549,-0.11719586700201035
1749568131667680500,16.585680419921875,0.0268971286714077,-0.027994615957140923,-0.10811981558799744
1749568131677671700,16.595671630859375,0.02556954137980938,-0.03874819353222847,-0.09479202330112457
1749568131687662800,16.605662841796875,0.019216837361454964,-0.04380154237151146,-0.08148819953203201
1749568131697653800,16.61565380859375,0.01512888539582491,-0.030346719548106194,-0.06352118402719498
1749568131707644700,16.625644775390626,0.01221884973347187,-0.02129676565527916,-0.05842336267232895
1749568131717636900,16.635636962890626,0.008859271183609962,-0.0007448861724697053,-0.050218693912029266
1749568131727627800,16.645627685546874,0.004295678809285164,0.013043097220361233,-0.04595524072647095
1749568131737618700,16.65561865234375,-0.0022144184913486242,0.029213279485702515,-0.039809465408325195
1749568131747609900,16.66560986328125,-0.010455037467181683,0.03002980351448059,-0.038551654666662216
1749568131757601800,16.675601806640625,-0.010086989030241966,0.026037726551294327,-0.03492336347699165
1749568131767592700,16.6855927734375,-0.006624080706387758,0.022935941815376282,-0.023071231320500374
1749568131777583900,16.695583984375,0.003912716172635555,0.020496752113103867,-0.02448776550590992
1749568131787575800,16.705575927734376,0.0006255765329115093,0.014976019971072674,-0.02376578375697136
1749568131797566700,16.715566650390624,-0.0016069513512775302,0.010922422632575035,-0.015023424290120602
1749568131807558000,16.725557861328124,0.0009499495499767363,0.014361894689500332,-0.009940781630575657
1749568131817548800,16.735548828125,0.003466636873781681,0.023841682821512222,-0.0014066817238926888
1749568131827541000,16.745541015625,0.00413482403382659,0.03882728889584541,0.0020237360149621964
1749568131837532000,16.755531982421875,-0.0008751147543080151,0.04758163541555405,-0.0013816480059176683
1749568131847522800,16.765522705078126,-0.007907457649707794,0.04088138788938522,-0.00860467366874218
1749568131857513700,16.775513671875,-0.002811232814565301,0.03063647262752056,-0.012900352478027344
1749568131867505700,16.785505615234374,0.0025033713318407536,0.022766033187508583,-0.02034948021173477
1749568131877496800,16.795496826171874,0.0065167550928890705,0.014602644369006157,-0.027273699641227722
1749568131887488000,16.805488037109374,0.0017896442441269755,0.00697907991707325,-0.03212225064635277
1749568131897479000,16.81547900390625,-0.000107858024421148,-0.0013132047606632113,-0.0387125089764595
1749568131907470600,16.825470703125,0.008538627065718174,-0.003944141324609518,-0.03881317749619484
1749568131917461800,16.835461669921877,0.020554542541503906,0.003338272450491786,-0.03858361020684242
1749568131927453000,16.845452880859376,0.020356403663754463,0.005056543741375208,-0.03906963765621185
1749568131937443800,16.85544384765625,0.010554639622569084,0.003063966752961278,-0.03400057554244995
1749568131947435800,16.865435791015624,0.007526625879108906,0.012763465754687786,-0.023998277261853218
1749568131957426700,16.8754267578125,0.01332858856767416,0.023696275427937508,-0.02678527496755123
1749568131967417600,16.88541748046875,0.015688415616750717,0.02413542941212654,-0.029689185321331024
1749568131977408800,16.89540869140625,0.010250240564346313,0.01665913686156273,-0.028301678597927094
1749568131987400700,16.905400634765623,0.009229717776179314,0.009611082263290882,-0.02966601587831974
1749568131997391600,16.9153916015625,0.013612748123705387,0.016637831926345825,-0.035237349569797516
1749568132007382800,16.9253828125,0.014474013820290565,0.03507809340953827,-0.04013543576002121
1749568132017374700,16.935374755859375,0.008183361031115055,0.033552367240190506,-0.040886711329221725
1749568132027365600,16.94536572265625,0.005311408545821905,0.0377950482070446,-0.0350024588406086
1749568132037356800,16.955356689453126,-0.00037950044497847557,0.044439371675252914,-0.031095601618289948
1749568132047347700,16.96534765625,0.003227484878152609,0.0377764068543911,-0.02895095758140087
1749568132057339600,16.975339599609374,0.003962783608585596,0.028495557606220245,-0.02232234925031662
1749568132067330800,16.985330810546873,0.0046301716938614845,0.02702123112976551,-0.02057291939854622
1749568132077321700,16.99532177734375,0.008783104829490185,0.0347936674952507,-0.025743713602423668
1749568132087312600,17.005312744140625,0.011246263049542904,0.05796609818935394,-0.02557353675365448
1749568132097304800,17.015304931640625,0.010339989326894283,0.058936554938554764,-0.030122216790914536
1749568132107295700,17.025295654296876,0.0036429380998015404,0.03960892930626869,-0.039265647530555725
1749568132117286700,17.03528662109375,0.0019925772212445736,0.019884224981069565,-0.036860015243291855
1749568132127277800,17.04527783203125,0.008333830162882805,0.006164685357362032,-0.03863634169101715
1749568132137269800,17.055269775390624,0.012438027188181877,-0.0059257997199893,-0.03742992877960205
1749568132147260700,17.0652607421875,0.011623633094131947,-0.010492854751646519,-0.03712340071797371
1749568132157251800,17.075251953125,0.006343916058540344,-0.014643657021224499,-0.02749820239841938
1749568132167243800,17.085243896484375,0.0049257827922701836,-0.01907648891210556,-0.02208639308810234
1749568132177235000,17.09523486328125,0.007785751484334469,0.0011635350529104471,-0.01516084372997284
1749568132187225900,17.105225830078126,0.011891813017427921,0.023195067420601845,-0.009795372374355793
1749568132197216800,17.115216796875,0.0062459115870296955,0.036370258778333664,-0.003990747034549713
1749568132207209000,17.125208984375,0.0003230414295103401,0.03560406714677811,-0.0007084008539095521
1749568132217199900,17.135199951171874,0.006984938867390156,0.031562186777591705,0.00782623142004013
1749568132227190800,17.145190673828125,0.007662713527679443,0.027418574318289757,0.010758904740214348
1749568132237181700,17.155181640625,0.01113334484398365,0.015370434150099754,0.015058577992022038
1749568132247174000,17.165173828125,0.013311544433236122,-0.0025803367607295513,0.017792046070098877
1749568132257164800,17.175164794921876,0.010908041149377823,-0.008594021201133728,0.022546321153640747
1749568132267156000,17.185156005859376,0.013100089505314827,0.0012871057260781527,0.028987443074584007
1749568132277147000,17.19514697265625,0.016804546117782593,0.020809674635529518,0.029148031026124954
1749568132287138800,17.205138916015624,0.010327472351491451,0.03768106549978256,0.028919532895088196
1749568132297130000,17.2151298828125,0.0013219931861385703,0.05242299288511276,0.022637667134404182
1749568132307121000,17.225120849609375,0.0003408846096135676,0.05799273028969765,0.026624420657753944
1749568132317111800,17.23511181640625,0.0054578823037445545,0.05074094235897064,0.031079621985554695
1749568132327103700,17.245103759765627,0.003680222202092409,0.03766801580786705,0.033312682062387466
1749568132337094700,17.2550947265625,0.004211789462715387,0.021991051733493805,0.04032984748482704
1749568132347085800,17.2650859375,0.007889348082244396,0.016894826665520668,0.04643647372722626
1749568132357077800,17.275077880859374,0.012265987694263458,0.026993000879883766,0.05005171522498131
1749568132367068700,17.285068603515626,0.01782400533556938,0.03247778117656708,0.05034333094954491
1749568132377059600,17.2950595703125,0.011409248225390911,0.041602570563554764,0.04964718222618103
1749568132387050800,17.30505078125,0.009302155114710331,0.05235881358385086,0.05347787216305733
1749568132397042700,17.315042724609373,0.0037289580795913935,0.05962444841861725,0.050687145441770554
1749568132407033600,17.32503369140625,0.0033547841012477875,0.046060170978307724,0.05110206454992294
1749568132417024800,17.335024658203125,0.0049196574836969376,0.028006866574287415,0.051470380276441574
1749568132427015700,17.345015625,0.009719472378492355,0.015112640336155891,0.05224243178963661
1749568132437007600,17.355007568359376,0.015379754826426506,0.0035001926589757204,0.051303401589393616
1749568132446998800,17.364998779296876,0.015354455448687077,0.010926417075097561,0.052147358655929565
1749568132456989700,17.37498974609375,0.014664163812994957,0.023036077618598938,0.05277639627456665
1749568132466980600,17.384980712890624,0.007741809356957674,0.037510622292757034,0.05191486328840256
1749568132476972800,17.394972900390623,0.0033718282356858253,0.04393709823489189,0.05014332756400108
1749568132486963700,17.404963623046875,0.004216316621750593,0.04951855167746544,0.04761013016104698
1749568132496954600,17.41495458984375,0.004216050263494253,0.05205973982810974,0.04560503363609314
1749568132506945800,17.42494580078125,0.006031793542206287,0.0469302237033844,0.044205810874700546
1749568132516937700,17.434937744140626,0.0035899411886930466,0.036249883472919464,0.041918955743312836
1749568132526928600,17.4449287109375,0.005357481073588133,0.023782294243574142,0.03774338215589523
1749568132536919800,17.454919921875,0.005389705300331116,0.01877475343644619,0.03556518629193306
1749568132546910700,17.46491064453125,0.009341570548713207,0.020132964476943016,0.033608559519052505
1749568132556903000,17.47490283203125,0.007135940250009298,0.01757712848484516,0.03345968946814537
1749568132566893800,17.484893798828125,0.003962250892072916,0.013953899033367634,0.027288611978292465
1749568132576884700,17.494884765625,0.0027779433876276016,0.01207051146775484,0.023212911561131477
1749568132586877000,17.504876953125,0.003037601476535201,0.01630520448088646,0.01471423078328371
1749568132596867800,17.514867919921876,0.0007680556736886501,0.020539630204439163,0.014228736981749535
1749568132606858800,17.524858642578124,-0.005562278442084789,0.015897473320364952,0.009068596176803112
1749568132616849700,17.534849609375,-0.004175037611275911,0.016472715884447098,0.002770752878859639
1749568132626841900,17.544841796875,-0.0013632721966132522,0.014340057037770748,0.0011829761788249016
1749568132636832800,17.554832763671875,-0.003921238239854574,0.014890266582369804,-0.006098372396081686
1749568132646824000,17.564823974609375,-0.0012189288390800357,0.008509598672389984,-0.01182416919618845
1749568132656814800,17.57481494140625,-0.000862864195369184,0.0012333098566159606,-0.018508436158299446
1749568132666806800,17.584806884765626,0.00035686357296071947,-0.008490423671901226,-0.01932363025844097
1749568132676797000,17.594796875,0.006806507240980864,-0.022363096475601196,-0.021706627681851387
1749568132686787800,17.604787841796874,0.008874185383319855,-0.024661671370267868,-0.023551931604743004
1749568132696779000,17.614779052734374,0.007314638234674931,-0.022899722680449486,-0.02142566256225109
1749568132706771000,17.62477099609375,0.003910053055733442,-0.020771058276295662,-0.020194483920931816
1749568132716761900,17.634761962890625,0.001505484920926392,-0.013511015102267265,-0.01932602748274803
1749568132726753000,17.6447529296875,-0.0012884372845292091,0.00019361180602572858,-0.022250976413488388
1749568132736744000,17.654743896484376,0.0004519384237937629,0.009371929802000523,-0.02906174585223198
1749568132746735900,17.66473583984375,0.00019361180602572858,0.014191718772053719,-0.032337699085474014
1749568132756727000,17.67472705078125,-0.002313754288479686,0.003745203372091055,-0.0329853817820549
1749568132766718000,17.684718017578124,-0.0024748756550252438,-0.007922638207674026,-0.037214212119579315
1749568132776710000,17.6947099609375,-0.00279099284671247,-0.017856495454907417,-0.03205620497465134
1749568132786701000,17.704701171875,-0.004517253953963518,-0.027065705507993698,-0.035891953855752945
1749568132796692000,17.71469189453125,-0.005027515348047018,-0.028727252036333084,-0.034263163805007935
1749568132806683000,17.724682861328127,-0.00433136522769928,-0.02166321687400341,-0.03574681282043457
1749568132816675000,17.734675048828127,-0.007589476183056831,-0.015144864097237587,-0.04200311005115509
1749568132826666000,17.744666015625,-0.011891013942658901,-0.010067814029753208,-0.04037538543343544
1749568132836657000,17.754656982421874,-0.015020494349300861,-0.016888435930013657,-0.04326038807630539
1749568132846648000,17.76464794921875,-0.015570437535643578,-0.019689815118908882,-0.03754018619656563
1749568132856639700,17.7746396484375,-0.01506896410137415,-0.024949558079242706,-0.03809864819049835
1749568132866631000,17.784630859375,-0.012180766090750694,-0.03370443359017372,-0.02901407517492771
1749568132876622000,17.7946220703125,-0.013363742269575596,-0.036010731011629105,-0.025724537670612335
1749568132886613000,17.804613037109377,-0.020132698118686676,-0.02576315402984619,-0.01823359914124012
1749568132896605000,17.81460498046875,-0.019589945673942566,-0.01685354858636856,-0.01890365034341812
1749568132906595800,17.824595947265625,-0.023782826960086823,-0.006895456463098526,-0.02041020058095455
1749568132916586800,17.834586669921876,-0.030586937442421913,0.007275223266333342,-0.024689633399248123
1749568132926578000,17.844577880859376,-0.03634362667798996,0.00304638990201056,-0.02887505665421486
1749568132936569900,17.85456982421875,-0.038059767335653305,-0.008097341284155846,-0.03310761973261833
1749568132946560800,17.864560791015624,-0.03609222546219826,-0.023501597344875336,-0.030238596722483635
1749568132956551700,17.8745517578125,-0.03568609058856964,-0.04554138705134392,-0.02966335415840149
1749568132966544000,17.8845439453125,-0.034977689385414124,-0.055394016206264496,-0.02852192334830761
1749568132976534800,17.89453466796875,-0.03664562851190567,-0.05024879053235054,-0.02990756556391716
1749568132986526000,17.90452587890625,-0.03934314474463463,-0.03951811417937279,-0.035345740616321564
1749568132996516900,17.914516845703126,-0.0427091158926487,-0.014431137591600418,-0.03982411324977875
1749568133006508800,17.9245087890625,-0.05054999142885208,-0.00016698020044714212,-0.03899506852030754
1749568133016500000,17.9345,-0.05377694591879845,-0.00310497940517962,-0.04728362709283829
1749568133026491000,17.944490966796874,-0.04959391802549362,-0.030429277569055557,-0.048416003584861755
1749568133036481800,17.954481689453125,-0.033778734505176544,-0.05697327107191086,-0.041611358523368835
1749568133046474000,17.964473876953125,-0.025946112349629402,-0.0766763985157013,-0.04934065043926239
1749568133056465000,17.97446484375,-0.0253951046615839,-0.09299945086240768,-0.04687483236193657
1749568133066455800,17.984455810546876,-0.029694246128201485,-0.08499664813280106,-0.04387637600302696
1749568133076447000,17.994447021484376,-0.03278271481394768,-0.061405304819345474,-0.04416000470519066
1749568133086439000,18.00443896484375,-0.03364051878452301,-0.034517765045166016,-0.05095905438065529
1749568133096429800,18.014429931640624,-0.03623070940375328,-0.020799288526177406,-0.043780501931905746
1749568133106421000,18.0244208984375,-0.039023034274578094,-0.013784521259367466,-0.04513418674468994
1749568133116412000,18.034411865234375,-0.04144331440329552,-0.003891677362844348,-0.04435920715332031
1749568133126403800,18.04440380859375,-0.046183738857507706,0.0049500176683068275,-0.04652116447687149
1749568133136395000,18.05439501953125,-0.04800480976700783,0.006611830089241266,-0.045471612364053726
1749568133146386000,18.064385986328126,-0.045341115444898605,0.00788269005715847,-0.04923705384135246
1749568133156376800,18.074376953125,-0.04706098511815071,0.007752728182822466,-0.06084603816270828
1749568133166369000,18.084369140625,-0.04964984580874443,0.0001603222917765379,-0.06087586656212807
1749568133176360000,18.09435986328125,-0.0501803457736969,-0.007979895919561386,-0.0642455667257309
1749568133186350800,18.104350830078126,-0.050632018595933914,-0.016715331003069878,-0.07404333353042603
1749568133196343000,18.114343017578125,-0.04651343822479248,-0.03142530098557472,-0.08327757567167282
1749568133206334000,18.124333984375,-0.050287406891584396,-0.042162634432315826,-0.09378987550735474
1749568133216324900,18.134324951171877,-0.05372421443462372,-0.042273689061403275,-0.10429897159337997
1749568133226316000,18.14431591796875,-0.05536472052335739,-0.03696068003773689,-0.11424774676561356
1749568133236308000,18.154307861328125,-0.057191915810108185,-0.03514866530895233,-0.12660615146160126
1749568133246299000,18.164298828125,-0.05819246545433998,-0.027703532949090004,-0.13673654198646545
1749568133256290000,18.1742900390625,-0.05626673623919487,-0.021870411932468414,-0.15008936822414398
1749568133266281000,18.184281005859376,-0.05534235015511513,-0.024829449132084846,-0.16597086191177368
1749568133276273000,18.19427294921875,-0.05653864145278931,-0.03123728185892105,-0.17745546996593475
1749568133286264000,18.20426416015625,-0.05560467392206192,-0.0440705232322216,-0.18923144042491913
1749568133296255000,18.2142548828125,-0.051359329372644424,-0.06137361377477646,-0.20390892028808594
1749568133306246000,18.224245849609375,-0.050984885543584824,-0.07274024933576584,-0.21367153525352478
1749568133316237800,18.23423779296875,-0.05530373379588127,-0.07656028866767883,-0.23056210577487946
1749568133326228700,18.244228759765626,-0.0522293820977211,-0.07134795188903809,-0.2390541285276413
1749568133336220000,18.254219970703126,-0.05330050736665726,-0.06582668423652649,-0.2523752450942993
1749568133346211000,18.264211181640626,-0.04745513200759888,-0.04171255975961685,-0.26481515169143677
1749568133356202800,18.27420263671875,-0.050033338367938995,-0.035834696143865585,-0.28561151027679443
1749568133366194000,18.28419384765625,-0.04694407433271408,-0.05384991690516472,-0.30058327317237854
1749568133376184800,18.294184814453125,-0.04409528896212578,-0.07465452700853348,-0.31499016284942627
1749568133386176800,18.3041767578125,-0.036440033465623856,-0.10049278289079666,-0.3274766802787781
1749568133396168000,18.31416796875,-0.03191399201750755,-0.12526044249534607,-0.33815380930900574
1749568133406158800,18.324158935546876,-0.03166951239109039,-0.15132135152816772,-0.3540768623352051
1749568133416149800,18.334149658203124,-0.02839409001171589,-0.15851721167564392,-0.36020317673683167
1749568133426142000,18.344141845703124,-0.02480175346136093,-0.15390141308307648,-0.36300376057624817
1749568133436132900,18.3541328125,-0.02858157642185688,-0.14355184137821198,-0.3712444007396698
1749568133446123800,18.364123779296875,-0.0294343214482069,-0.14409992098808289,-0.3757938742637634
1749568133456115000,18.374114990234375,-0.032880451530218124,-0.14740464091300964,-0.38310369849205017
1749568133466107000,18.38410693359375,-0.021694377064704895,-0.15986129641532898,-0.38284432888031006
1749568133476097800,18.394097900390626,-0.010882209055125713,-0.18478582799434662,-0.3803611993789673
1749568133486089000,18.4040888671875,-0.006133259739726782,-0.2018478959798813,-0.37269848585128784
1749568133496080000,18.414079833984374,-0.00812264159321785,-0.21281905472278595,-0.3659513592720032
1749568133506071800,18.42407177734375,-0.013381052762269974,-0.22390100359916687,-0.3526741564273834
1749568133516063000,18.43406298828125,-0.007250456139445305,-0.2296755313873291,-0.34246519207954407
1749568133526054000,18.444053955078125,0.0018378474051132798,-0.21706093847751617,-0.3308125436306
1749568133536045800,18.4540458984375,0.00259418529458344,-0.20305004715919495,-0.31737130880355835
1749568133546037000,18.464037109375,-0.0015518239233642817,-0.18417276442050934,-0.30657723546028137
1749568133556028000,18.47402783203125,-0.008320514112710953,-0.17280426621437073,-0.2990628778934479
1749568133566018800,18.484018798828124,-0.013105948455631733,-0.15830494463443756,-0.28945285081863403
1749568133576011000,18.494010986328124,-0.010788199491798878,-0.14009718596935272,-0.2799384295940399
1749568133586002000,18.504001953125,-0.010422547347843647,-0.12963415682315826,-0.2720682621002197
1749568133595992800,18.513992919921876,-0.008873919025063515,-0.11938871443271637,-0.2612912654876709
1749568133605984000,18.52398388671875,-0.012887302786111832,-0.11024501174688339,-0.2530897855758667
1749568133615976000,18.533975830078123,-0.013015933334827423,-0.10830223560333252,-0.24520576000213623
1749568133625966800,18.543966796875,-0.010784204117953777,-0.10820183902978897,-0.24049650132656097
1749568133635958000,18.5539580078125,-0.007213171571493149,-0.09356217831373215,-0.23241779208183289
1749568133645949000,18.563948974609374,-0.006385195069015026,-0.08327145129442215,-0.2278749793767929
1749568133655941000,18.573941162109374,-0.010423346422612667,-0.0733242779970169,-0.21966418623924255
1749568133665932000,18.58393212890625,-0.013859356753528118,-0.06686398386955261,-0.20992474257946014
1749568133675923500,18.59392333984375,-0.010573281906545162,-0.04705432802438736,-0.2025347352027893
1749568133685914400,18.603914306640625,-0.008585232309997082,-0.03656706586480141,-0.19352233409881592
1749568133695906300,18.61390625,-0.011284079402685165,-0.025960227474570274,-0.19062453508377075
1749568133705897200,18.623897216796873,-0.00794447585940361,-0.0015584818320348859,-0.18182413280010223
1749568133715888400,18.633888427734377,-0.005656820256263018,0.019353989511728287,-0.18335570394992828
1749568133725879600,18.643879638671876,-0.006336725316941738,0.01587856560945511,-0.18641647696495056
1749568133735871200,18.653871337890624,-0.005977198481559753,0.0007323693134821951,-0.18137724697589874
1749568133745862100,18.663862060546876,-0.006096241995692253,-0.00848270021378994,-0.18703699111938477
1749568133755853300,18.673853271484376,-0.05210474506020546,-0.0013962953817099333,-0.19428345561027527
1749568133765845200,18.68384521484375,-0.03658277913928032,0.010547716170549393,-0.19688697159290314
1749568133775836200,18.693836181640624,0.08695700019598007,0.08766806870698929,-0.24167068302631378
1749568133785827300,18.703827392578123,0.1485615074634552,0.05750430375337601,-0.29451099038124084
1749568133795818200,18.713818359375,-0.003959854133427143,-0.08545444905757904,-0.2128792405128479
1749568133805810200,18.72381005859375,-0.10107841342687607,-0.04228274151682854,-0.23560959100723267
1749568133815801300,18.73380126953125,0.009442769922316074,0.0065199509263038635,-0.27208930253982544
1749568133825792300,18.743792236328126,0.045828208327293396,-0.10469711571931839,-0.2122424840927124
1749568133835783200,18.753783203125,0.04050854593515396,-0.16205894947052002,-0.24696052074432373
1749568133845775400,18.763775390625,0.08272337913513184,-0.21276819705963135,-0.2790955603122711
1749568133855766300,18.773766357421874,-0.1410047858953476,-0.2149738222360611,-0.24559804797172546
1749568133865757200,18.783757080078125,-0.16312606632709503,0.027416709810495377,-0.15188220143318176
1749568133875748400,18.793748291015625,-0.1419491469860077,0.32731661200523376,-0.2003251016139984
1749568133885740300,18.803740234375,-0.12835131585597992,0.39240267872810364,-0.1746746003627777
1749568133895731200,18.813731201171876,-0.1393914520740509,0.2939019203186035,-0.061475612223148346
1749568133905722400,18.823722412109376,-0.1767587959766388,0.17350627481937408,-0.012081963010132313
1749568133915713300,18.83371337890625,-0.1416197121143341,0.15392005443572998,-0.0367438979446888
1749568133925705200,18.843705322265624,-0.09791804105043411,0.15819096565246582,-0.0217170137912035
1749568133935696400,18.8536962890625,-0.12393605709075928,0.10887295752763748,-0.009094694629311562
1749568133945687300,18.863687255859375,-0.10903780162334442,0.0009060074225999415,-0.016536632552742958
1749568133955679500,18.873679443359375,-0.02803456410765648,-0.1048521101474762,-0.03313345089554787
1749568133965670400,18.88367041015625,0.045932870358228683,-0.24575915932655334,-0.03470658138394356
1749568133975661300,18.893661376953126,0.02497192844748497,-0.3078869879245758,-0.04015620797872543
1749568133985652200,18.90365234375,0.06301065534353256,-0.3948242664337158,0.0003890878288075328
1749568133995644400,18.91364453125,0.09994843602180481,-0.38014572858810425,0.025742115452885628
1749568134005635300,18.92363525390625,-0.004546282347291708,-0.2652393877506256,-0.014905179850757122
1749568134015626500,18.93362646484375,-0.02004348300397396,-0.30659401416778564,0.03261306881904602
1749568134025617400,18.943617431640625,0.13126081228256226,-0.3170546591281891,0.05579455569386482
1749568134035609300,18.953609375,0.21785642206668854,-0.22546134889125824,-0.03904726728796959
1749568134045600500,18.9636005859375,0.1478901207447052,-0.20913325250148773,-0.1279478520154953
1749568134055591400,18.97359130859375,0.10759357362985611,-0.30768483877182007,-0.1523440033197403
1749568134065582300,18.983582275390624,-0.05048181489109993,-0.2066730111837387,-0.15382765233516693
1749568134075574300,18.99357421875,-0.29066911339759827,-0.07628411799669266,-0.14688505232334137
1749568134085565400,19.0035654296875,-0.0872797742486,-0.2731945216655731,-0.0881706029176712
1749568134095556400,19.013556396484375,0.136114701628685,-0.29023048281669617,-0.06438697874546051
1749568134105547500,19.023547607421875,0.16328638792037964,-0.12418320029973984,-0.07071997225284576
1749568134115539200,19.033539306640623,0.07870146632194519,-0.05614529550075531,-0.09018714725971222
1749568134125530400,19.0435302734375,0.07107337564229965,0.028366927057504654,-0.09543091803789139
1749568134135521500,19.053521484375,0.11525681614875793,0.04665645211935043,-0.09663625806570053
1749568134145512400,19.063512451171874,0.16473941504955292,0.06838305294513702,-0.06895217299461365
1749568134155504000,19.073504150390626,0.21526117622852325,0.03305169194936752,-0.045038580894470215
1749568134165495300,19.083495361328126,0.21631872653961182,-0.15289872884750366,-0.006891462020576
1749568134175486200,19.093486328125,0.17174485325813293,-0.34310463070869446,0.005608084611594677
1749568134185477400,19.103477294921873,0.2085620015859604,-0.4151926636695862,0.03909680247306824
1749568134195469300,19.11346923828125,0.22574950754642487,-0.4331338405609131,0.10408645123243332
1749568134205460200,19.123460205078125,0.22746804356575012,-0.5016980171203613,0.14904673397541046
1749568134215451100,19.133451171875,0.2490476369857788,-0.5926675796508789,0.14895379543304443
1749568134225443300,19.143443359375,0.24547021090984344,-0.6380345225334167,0.14046283066272736
1749568134235434200,19.153434326171876,0.26067474484443665,-0.658548891544342,0.13488005101680756
1749568134245425200,19.163425048828124,0.2795349657535553,-0.6465603709220886,0.12772014737129211
1749568134255416300,19.173416259765624,0.31174084544181824,-0.7020585536956787,0.09112218767404556
1749568134265408300,19.183408203125,0.3952104449272156,-0.563141942024231,0.058345332741737366
1749568134275399200,19.193399169921875,0.5331723093986511,-0.7261630892753601,0.01483753602951765
1749568134285390300,19.203390380859375,0.5244166254997253,-0.737903892993927,0.08443871885538101
1749568134295381200,19.21338134765625,0.48083001375198364,-0.7720485329627991,0.13558392226696014
1749568134305373400,19.22337353515625,0.32111889123916626,-0.643243134021759,0.05060512199997902
1749568134315364400,19.2333642578125,-0.12106756865978241,-0.5916244387626648,0.025861958041787148
1749568134325355300,19.243355224609374,0.04639759287238121,-0.4966566264629364,0.0651899203658104
1749568134335346200,19.25334619140625,0.2155168354511261,-0.17917375266551971,0.013775200583040714
1749568134345338400,19.26333837890625,0.1021905466914177,-0.28740862011909485,0.14378805458545685
1749568134355329300,19.273329345703125,0.026263827458024025,-0.16893735527992249,0.1623241901397705
1749568134365320200,19.2833203125,-0.07468728721141815,-0.013594372197985649,0.09792976081371307
1749568134375311400,19.293311279296876,-0.1590154767036438,0.06196323782205582,0.013630857691168785
1749568134385303300,19.30330322265625,-0.22775806486606598,0.12892761826515198,-0.046659648418426514
1749568134395294500,19.31329443359375,-0.07451391220092773,0.15056313574314117,-0.14342346787452698
1749568134405285400,19.323285400390624,-0.09160688519477844,0.20412063598632812,-0.2612345218658447
1749568134415276300,19.3332763671875,-0.2135612815618515,0.0752745121717453,-0.23760776221752167
1749568134425268500,19.3432685546875,-0.28098079562187195,0.012375443242490292,-0.1594114899635315
1749568134435259400,19.35325927734375,-0.2578730881214142,0.044013530015945435,-0.1341109275817871
1749568134445250300,19.363250244140627,-0.18348807096481323,0.11168445646762848,-0.09417629987001419
1749568134455241200,19.3732412109375,-0.1865570992231369,0.10785748809576035,-0.02630803734064102
1749568134465233400,19.3832333984375,-0.17403544485569,0.04180976375937462,-0.0037297571543604136
1749568134475224300,19.393224365234374,-0.20465967059135437,-0.016391756013035774,-0.0087218526750803
1749568134485215500,19.403215576171874,-0.16975201666355133,0.03381894901394844,-0.07939203083515167
1749568134495206400,19.413206298828126,-0.09430040419101715,0.11618679016828537,-0.15918992459774017
1749568134505198300,19.4231982421875,-0.02905348874628544,0.08854638040065765,-0.18449927866458893
1749568134515189500,19.433189453125,-0.014997591264545918,0.030915837734937668,-0.1558484584093094
1749568134525180400,19.443180419921877,0.016410132870078087,-0.011977300979197025,-0.13078810274600983
1749568134535172400,19.45317236328125,0.04723036289215088,-0.0758521556854248,-0.11520728468894958
1749568134545163500,19.46316357421875,0.06317391246557236,-0.0883018970489502,-0.07654031366109848
1749568134555154400,19.473154541015624,0.10807240754365921,-0.033792316913604736,-0.08764276653528214
1749568134565145300,19.483145263671876,0.14671674370765686,-0.07996354252099991,-0.1081075593829155
1749568134575137300,19.49313720703125,0.16290023922920227,-0.1396617591381073,-0.11641715466976166
1749568134585128200,19.503128173828124,0.15048111975193024,-0.145586758852005,-0.09029687196016312
1749568134595119400,19.513119384765623,0.16593970358371735,-0.14309777319431305,-0.09062311053276062
1749568134605110500,19.523110595703123,0.16066211462020874,-0.1253291517496109,-0.11306823045015335
1749568134615102200,19.533102294921875,0.16722680628299713,-0.09322874993085861,-0.12058980017900467
1749568134625093000,19.543093017578126,0.13365019857883453,-0.08320700377225876,-0.08049830794334412
1749568134635084300,19.553084228515626,0.08791494369506836,-0.06221091002225876,-0.046490270644426346
1749568134645075200,19.5630751953125,0.04538718983530998,-0.001716673607006669,-0.06751485913991928
1749568134655067100,19.573067138671874,-0.011715511791408062,0.09201834350824356,-0.11178378760814667
1749568134665058300,19.583058349609374,-0.06245219334959984,0.21412880718708038,-0.14205753803253174
1749568134675048700,19.593048583984373,-0.0909498780965805,0.3231210708618164,-0.1403121054172516
1749568134685039900,19.603039794921877,-0.10584600269794464,0.4258604943752289,-0.1449129730463028
1749568134695031600,19.613031494140625,-0.09448149800300598,0.46053218841552734,-0.1336989402770996
1749568134705022500,19.6230224609375,-0.25348764657974243,0.579802393913269,-0.10245367139577866
1749568134715013600,19.633013671875,-0.6198049187660217,0.5218099355697632,-0.030474286526441574
1749568134725004800,19.6430048828125,-0.50995272397995,0.26669880747795105,0.0002902845444623381
1749568134734996500,19.65299658203125,-0.10670993477106094,0.4235920011997223,-0.037524472922086716
1749568134744987600,19.662987548828124,0.11375799030065536,0.6300546526908875,-0.10932409018278122
1749568134754978600,19.672978515625,0.04461007937788963,0.4099385142326355,-0.03726321458816528
1749568134764969500,19.682969482421875,0.06378377228975296,0.15335093438625336,-0.04633314535021782
1749568134774961700,19.692961669921875,0.07038521766662598,0.00427277572453022,-0.06306552141904831
1749568134784952600,19.70295263671875,0.05199688673019409,-0.12743838131427765,-0.05402781441807747
1749568134794943500,19.712943603515626,0.050507914274930954,-0.15675099194049835,-0.023790284991264343
1749568134804934700,19.7229345703125,0.05697726458311081,-0.1418924182653427,-0.0032716933637857437
1749568134814926600,19.732926513671874,0.06292890012264252,-0.14179494976997375,-0.001538241864182055
1749568134824917500,19.74291748046875,0.0703391432762146,-0.12954548001289368,-0.014763765968382359
1749568134834908700,19.75290869140625,0.07009333372116089,-0.0941280946135521,-0.026211630553007126
1749568134844899600,19.762899658203125,0.07083742320537567,-0.053218480199575424,-0.037515684962272644
1749568134854891500,19.7728916015625,0.078463114798069,-0.026881948113441467,-0.04098311811685562
1749568134864882700,19.782882568359376,0.06357285380363464,-0.024412132799625397,-0.036559343338012695
1749568134874873600,19.79287353515625,0.05197052285075188,-0.005469067487865686,-0.03725282847881317
1749568134884864500,19.802864501953124,0.05037795379757881,0.030899858102202415,-0.055272843688726425
1749568134894856700,19.812856689453124,0.045886266976594925,0.04625857621431351,-0.057558100670576096
1749568134904847600,19.82284765625,0.03702379763126373,0.056950632482767105,-0.04117060452699661
1749568134914838500,19.832838623046875,0.029290510341525078,0.06190731003880501,-0.011728295125067234
1749568134924829700,19.84282958984375,0.006641124840825796,0.04502712935209274,0.007022489327937365
1749568134934821600,19.852821533203127,-0.00697828084230423,0.02377563714981079,0.015457785688340664
1749568134944812500,19.8628125,-0.010003631934523582,0.005307679995894432,0.028170917183160782
1749568134954803700,19.8728037109375,-0.010550645180046558,-0.003117762738838792,0.0467536561191082
1749568134964794600,19.882794677734374,-0.007163636852055788,-0.004058391321450472,0.04809002950787544
1749568134974786800,19.892786865234374,0.006423544604331255,0.007497597485780716,0.036439765244722366
1749568134984777700,19.90277783203125,0.004910602699965239,0.0046754456125199795,0.032474320381879807
1749568134994768600,19.9127685546875,0.005486910697072744,0.003157443832606077,0.03027028776705265
1749568135004760800,19.9227607421875,0.012684902176260948,0.012955745682120323,0.03623417019844055
1749568135014751700,19.932751708984377,0.00908723846077919,0.008884837850928307,0.02219611592590809
1749568135024742700,19.94274267578125,0.001845038030296564,-0.009970609098672867,-0.00669465446844697
1749568135034733600,19.952733642578124,0.0015941682504490018,-0.018187526613473892,-0.007889081723988056
1749568135044725800,19.962725830078124,-0.0024647556710988283,-0.025900838896632195,-0.003976898267865181
1749568135054716700,19.972716552734376,0.003186205867677927,-0.050882887095212936,-0.004484230652451515
1749568135064707800,19.982707763671876,0.002407231368124485,-0.07941999286413193,-0.009408415295183659
1749568135074698800,19.99269873046875,0.02123977430164814,-0.05981060117483139,-0.04151015728712082
1749568135084690700,20.002690673828123,0.06745201349258423,0.020669326186180115,-0.05987052246928215
1749568135094681900,20.012681884765627,0.07493309676647186,0.07151013612747192,-0.03074459731578827
1749568135104672800,20.0226728515625,0.03465678170323372,0.04318368807435036,0.00962892547249794
1749568135114663700,20.03266357421875,-0.02954324521124363,-0.04581489413976669,0.011272627860307693
1749568135124655600,20.042655517578126,-0.06469617038965225,-0.1288842111825943,-0.003713778220117092
1749568135134646500,20.052646484375,-0.06090542674064636,-0.14989842474460602,0.00917245913296938
1749568135144637700,20.0626376953125,-0.057375140488147736,-0.15991243720054626,0.020421652123332024
1749568135154628900,20.07262890625,-0.03382081538438797,-0.17136269807815552,0.046356845647096634
1749568135164620500,20.08262060546875,-0.015733955428004265,-0.19232763350009918,0.10593681782484055
1749568135174611500,20.092611572265625,-0.016163257881999016,-0.18025925755500793,0.12047528475522995
1749568135184602600,20.1026025390625,-0.009676596149802208,-0.1535663902759552,0.08927235752344131
1749568135194593800,20.11259375,-0.015668442472815514,-0.1695365607738495,0.057129330933094025
1749568135204585500,20.12258544921875,-0.03645095229148865,-0.1826166808605194,0.08452766388654709
1749568135214576600,20.13257666015625,-0.06588074564933777,-0.15500955283641815,0.11298327893018723
1749568135224567600,20.142567626953124,-0.08348344266414642,-0.097514308989048,0.13056732714176178
1749568135234558500,20.152558349609375,-0.07088056206703186,-0.020600883290171623,0.09340052306652069
1749568135244550700,20.162550537109375,-0.07567931711673737,0.043236952275037766,0.030606644228100777
1749568135254541600,20.17254150390625,-0.05074493587017059,0.09701762348413467,0.011021492071449757
1749568135264532500,20.182532470703126,-0.014359764754772186,0.12559548020362854,0.017781127244234085
1749568135274523600,20.192523681640626,0.010350908152759075,0.1551230102777481,0.01631239429116249
1749568135284515600,20.202515625,0.05722467228770256,0.15844237804412842,0.0017121462151408195
1749568135294506500,20.212506591796874,0.15148992836475372,0.012568788602948189,-0.07093355804681778
1749568135304497700,20.22249755859375,0.12243510037660599,0.01082681491971016,0.0038128476589918137
1749568135314488600,20.232488525390625,-0.0020354539155960083,-0.14499686658382416,0.050698865205049515
1749568135324480500,20.24248046875,-0.10501936078071594,-0.3985857367515564,0.03418433666229248
1749568135334471700,20.2524716796875,-0.022374814376235008,-0.3452117145061493,0.07084514200687408
1749568135344462600,20.262462646484376,-0.007497597485780716,-0.3047095537185669,0.09220422804355621
1749568135354453500,20.27245361328125,0.006617156323045492,-0.3577970266342163,0.10533787310123444
1749568135364445700,20.28244580078125,-0.026872361078858376,-0.32845166325569153,0.12689509987831116
1749568135374436600,20.2924365234375,-0.026791932061314583,-0.37760746479034424,0.14117683470249176
1749568135384427500,20.302427490234376,-0.027570640668272972,-0.35014256834983826,0.16486218571662903
1749568135394418700,20.312418701171875,-0.030700387433171272,-0.2935445308685303,0.15947142243385315
1749568135404410600,20.32241064453125,-0.04295066371560097,-0.20870687067508698,0.14278404414653778
1749568135414401500,20.332401611328127,-0.058995675295591354,-0.18305876851081848,0.12484019994735718
1749568135424392700,20.342392822265627,-0.07199669629335403,-0.19516336917877197,0.1689770370721817
1749568135434383600,20.352383544921874,-0.062493737787008286,-0.17754203081130981,0.21447527408599854
1749568135444375800,20.362375732421874,-0.03492336347699165,-0.12274482846260071,0.20972633361816406
1749568135454366700,20.37236669921875,-0.01065157912671566,-0.10230400413274765,0.17315234243869781
1749568135464357600,20.382357666015626,-0.017140638083219528,-0.16861671209335327,0.14464320242404938
1749568135474348500,20.3923486328125,-0.03371375426650047,-0.2061486393213272,0.14865738153457642
1749568135484340700,20.4023408203125,-0.002641855739057064,-0.16429360210895538,0.13925296068191528
1749568135494331600,20.41233154296875,0.03226073458790779,-0.15711158514022827,0.10620632767677307
1749568135504322600,20.422322509765625,0.003430950455367565,-0.20189370214939117,0.11718574166297913
1749568135514313700,20.432313720703124,-0.07241667807102203,-0.27377215027809143,0.07593497633934021
1749568135524305700,20.4423056640625,-0.10351733863353729,-0.12727859616279602,-0.012884905561804771
1749568135534296800,20.452296875,-0.0852280780673027,-0.04021826013922691,-0.1120208129286766
1749568135544287700,20.462287841796876,-0.05318945273756981,-0.0894680991768837,-0.3299393057823181
1749568135554278700,20.472278564453124,0.036494363099336624,-0.2895878851413727,-1.0775253772735596
1749568135564270800,20.482270751953124,0.09169183671474457,-0.3902897238731384,-1.4530396461486816
1749568135574261800,20.49226171875,-0.31924962997436523,-1.4907344579696655,-0.7494401335716248
1749568135584252700,20.502252685546875,-0.13951528072357178,-2.076998233795166,-0.4457327425479889
1749568135594243800,20.512243896484375,0.43592217564582825,-0.9244809746742249,0.8315927982330322
1749568135604235800,20.52223583984375,1.0055824518203735,0.4112996757030487,1.7507729530334473
1749568135614226700,20.532226806640626,1.2442392110824585,0.7206423282623291,1.2471423149108887
1749568135624217900,20.5422177734375,1.1434165239334106,0.3718997836112976,0.04200071468949318
1749568135634208800,20.552208740234374,1.0206786394119263,-0.2247588038444519,-0.5289162993431091
1749568135644200400,20.562200439453125,0.9314059615135193,-0.42200449109077454,-0.6085410714149475
1749568135654191600,20.572191650390625,0.7748081088066101,-0.2991560697555542,-0.3588274121284485
1749568135664182800,20.582182861328125,0.6352640390396118,-0.1308341771364212,0.16643664240837097
1749568135674174200,20.59217431640625,0.3304644525051117,0.0014498248929157853,0.7717446684837341
1749568135684166400,20.60216650390625,-0.15220950543880463,0.3861309289932251,0.9913260340690613
1749568135694157300,20.6121572265625,-0.3487987220287323,0.7355800271034241,0.5456148386001587
1749568135704148200,20.622148193359376,-0.28639981150627136,0.5781658887863159,0.214847594499588
1749568135714139100,20.63213916015625,-0.532805323600769,0.18761835992336273,0.12109419703483582
1749568135724131300,20.64213134765625,-0.736264705657959,-0.46060967445373535,-0.004036020487546921
1749568135734122200,20.652122314453123,-0.8735786080360413,-0.6047053337097168,0.08403950929641724
1749568135744113200,20.662113037109375,-0.8928971886634827,-0.330774188041687,0.37278130650520325
1749568135754104300,20.672104248046875,-0.8406981825828552,-0.09964137524366379,0.6831184029579163
1749568135764096300,20.68209619140625,-0.8474602103233337,0.049732934683561325,0.8767951726913452
1749568135774087400,20.69208740234375,-0.6928338408470154,0.11498517543077469,0.7742581367492676
1749568135784078300,20.702078369140626,-0.42723867297172546,0.15555709600448608,0.4465399384498596
1749568135794069200,20.7120693359375,-0.350087434053421,0.020250942558050156,0.13567501306533813
1749568135804061400,20.7220615234375,-0.3423869013786316,-0.32679834961891174,-0.018267687410116196
1749568135814052400,20.73205224609375,-0.20351530611515045,-0.4807668924331665,-0.16482463479042053
1749568135824043300,20.742043212890625,-0.03049985133111477,-0.2534751296043396,-0.3783941864967346
1749568135834034200,20.7520341796875,0.16274097561836243,0.008586297743022442,-0.6136950850486755
1749568135844026400,20.7620263671875,0.32726654410362244,0.09148357808589935,-0.8389015793800354
1749568135854017300,20.772017333984376,0.421596497297287,0.05347361043095589,-1.0111180543899536
1749568135864008400,20.782008544921876,0.5095572471618652,-0.007160973735153675,-1.1224720478057861
1749568135873999400,20.791999267578124,0.6153561472892761,-0.045891325920820236,-1.163877248764038
1749568135883991300,20.8019912109375,0.7038710713386536,-0.059298209846019745,-1.1296226978302002
1749568135893982500,20.811982421875,0.7635951042175293,-0.0897464007139206,-1.0547153949737549
1749568135903973400,20.821973388671875,0.7792555689811707,-0.11912239342927933,-1.0153945684432983
1749568135913964300,20.83196435546875,0.766671359539032,-0.16306109726428986,-1.0025328397750854
1749568135923956500,20.84195654296875,0.6948272585868835,-0.19397053122520447,-0.9924514889717102
1749568135933947400,20.851947509765626,0.6315497159957886,-0.12909220159053802,-0.9849557280540466
1749568135943938300,20.861938232421874,0.5161539316177368,0.01672545075416565,-0.9046521186828613
1749568135953929500,20.871929443359374,0.31511667370796204,0.1778927743434906,-0.6662176847457886
1749568135963921400,20.88192138671875,0.2981368899345398,0.2024732083082199,-0.5078549385070801
1749568135973912300,20.891912353515625,0.23715263605117798,0.35143500566482544,-0.35283130407333374
1749568135983903500,20.901903564453125,0.19958394765853882,0.3303140103816986,-0.26477760076522827
1749568135993894400,20.911894287109376,0.15453524887561798,0.13549284636974335,-0.3327619731426239
1749568136003886300,20.92188623046875,0.12970207631587982,-0.0822509303689003,-0.5133488178253174
1749568136013877500,20.93187744140625,0.13064296543598175,-0.17808078229427338,-0.7058628797531128
1749568136023868400,20.941868408203124,0.16109248995780945,-0.0953369066119194,-0.8636460900306702
1749568136033859300,20.951859375,0.21435943245887756,0.10617490857839584,-0.9141537547111511
1749568136043851300,20.961851318359376,0.21997924149036407,0.27193164825439453,-0.8945102691650391
1749568136053842400,20.971842529296875,0.11886566877365112,0.32421162724494934,-0.9154648184776306
1749568136063833300,20.981833251953127,0.042628951370716095,0.26201990246772766,-0.9223988652229309
1749568136073824500,20.991824462890627,0.08637909591197968,0.25603070855140686,-0.7299625873565674
1749568136083816200,21.001816162109375,0.07205422222614288,0.2676064074039459,-0.6359007954597473
1749568136093807000,21.01180712890625,0.057799916714429855,0.18791823089122772,-0.613804817199707
1749568136103798300,21.02179833984375,0.05144721269607544,0.04053890332579613,-0.6065921783447266
1749568136113789400,21.03178955078125,0.05019233003258705,-0.059894490987062454,-0.5849215388298035
1749568136123781000,21.041781005859374,0.04180736839771271,-0.08410155773162842,-0.5649062395095825
1749568136133772300,21.051772216796873,0.038548458367586136,-0.06107959896326065,-0.5631797313690186
1749568136143763200,21.06176318359375,0.03742806613445282,-0.0337611585855484,-0.5594132542610168
1749568136153754000,21.071754150390625,0.03363732248544693,0.015296398662030697,-0.5111420750617981
1749568136163746300,21.081746337890625,0.025407088920474052,0.059432435780763626,-0.4634523391723633
1749568136173737200,21.0917373046875,0.03164660930633545,0.10357166826725006,-0.4432187080383301
1749568136183728000,21.10172802734375,0.050089530646800995,0.13271623849868774,-0.4627862870693207
1749568136193719300,21.11171923828125,0.08117501437664032,0.12059885263442993,-0.5120680928230286
1749568136203711200,21.121711181640624,0.10400097072124481,0.07954090088605881,-0.5865359306335449
1749568136213702100,21.1317021484375,0.12126703560352325,0.01673050969839096,-0.6523101329803467
1749568136223693300,21.141693359375,0.12408679723739624,-0.03003646247088909,-0.6665884256362915
1749568136233684200,21.151684326171875,0.13898052275180817,-0.0014026869321241975,-0.6379048228263855
1749568136243676400,21.161676513671875,0.1628698706626892,0.08965318650007248,-0.5842432379722595
1749568136253667300,21.171667236328126,0.16732454299926758,0.1809905618429184,-0.49836450815200806
1749568136263658200,21.181658203125,0.1541472226381302,0.23889753222465515,-0.4083278477191925
1749568136273649200,21.191649169921874,0.12592090666294098,0.2523480951786041,-0.33497026562690735
1749568136283641300,21.201641357421874,0.09758514910936356,0.21400204300880432,-0.29812997579574585
1749568136293632300,21.21163232421875,0.07984796166419983,0.14133529365062714,-0.2824029326438904
1749568136303623200,21.221623046875,0.07216367870569229,0.06143539771437645,-0.2724509537220001
1749568136313614300,21.2316142578125,0.06738143414258957,-0.011149323545396328,-0.22655804455280304
1749568136323606300,21.241606201171876,0.06708023697137833,-0.015083079226315022,-0.16327787935733795
1749568136333597400,21.251597412109376,0.08617083728313446,0.031732894480228424,-0.09049101918935776
1749568136343588400,21.26158837890625,0.10175912082195282,0.08989979326725006,-0.030594659969210625
1749568136353579300,21.271579345703124,0.08887847512960434,0.12790337204933167,-0.021952437236905098
1749568136363571500,21.281571533203124,0.05807608738541603,0.1393168866634369,-0.050583016127347946
1749568136373562400,21.291562255859375,0.03217577934265137,0.12818486988544464,-0.08300300687551498
1749568136383553300,21.30155322265625,0.004310858901590109,0.07881864905357361,-0.09876519441604614
1749568136393544200,21.311544189453127,-0.0059966398403048515,0.002808836055919528,-0.11207939684391022
1749568136403536400,21.321536376953127,0.012108061462640762,-0.07659304141998291,-0.11599131673574448
1749568136413527300,21.33152734375,0.06186922639608383,-0.11264239251613617,-0.1446639746427536
1749568136423518500,21.3415185546875,0.11541793495416641,-0.09537205845117569,-0.25065910816192627
1749568136433509400,21.35150927734375,0.15356984734535217,-0.01834571734070778,-0.3785720765590668
1749568136443501300,21.361501220703126,0.17273209989070892,0.0572182834148407,-0.4373091459274292
1749568136453492500,21.371492431640625,0.1571270376443863,0.09921260178089142,-0.4096229374408722
1749568136463483400,21.3814833984375,0.13187946379184723,0.14812715351581573,-0.34036582708358765
